number,value,datetime_start,datetime_complete,duration,params_episode_length,params_epsilon_max,params_epsilon_min,params_gamma,params_learning_rate,params_num_episodes,user_attrs_base_seed,user_attrs_collective_reward_mean,user_attrs_collective_reward_std,user_attrs_individual_reward_agent0_mean,user_attrs_individual_reward_agent0_std,user_attrs_num_episodes_mean,user_attrs_num_parallel_runs,user_attrs_run_0_collective_reward,user_attrs_run_0_individual_rewards,user_attrs_run_0_seed,user_attrs_run_0_total_individual_rewards,user_attrs_run_0_training_time_per_episode,user_attrs_run_0_training_time_total,user_attrs_run_1_collective_reward,user_attrs_run_1_individual_rewards,user_attrs_run_1_seed,user_attrs_run_1_total_individual_rewards,user_attrs_run_1_training_time_per_episode,user_attrs_run_1_training_time_total,user_attrs_run_2_collective_reward,user_attrs_run_2_individual_rewards,user_attrs_run_2_seed,user_attrs_run_2_total_individual_rewards,user_attrs_run_2_training_time_per_episode,user_attrs_run_2_training_time_total,user_attrs_run_3_collective_reward,user_attrs_run_3_individual_rewards,user_attrs_run_3_seed,user_attrs_run_3_total_individual_rewards,user_attrs_run_3_training_time_per_episode,user_attrs_run_3_training_time_total,user_attrs_solution_concept,user_attrs_total_individual_reward_agent0_mean,user_attrs_total_individual_reward_agent0_std,user_attrs_training_time_per_episode_mean,user_attrs_training_time_per_episode_std,user_attrs_training_time_total_mean,user_attrs_training_time_total_std,state
0,5.52,2025-06-12 21:36:50.987578,2025-06-12 21:36:55.922661,0 days 00:00:04.935083,20,0.8177272672756405,0.1882089769188977,0.9603695745733436,0.000493296539680495,464,7011,5.52,1.8106214402795515,0.6247499999999999,0.1623058455509228,460.0,4,4.33,"[0.623, -0.19]",7011,"[6.23, -1.9]",0.010426987772402556,4.796414375305176,3.2600000000000007,"[0.3979999999999999, -0.07200000000000004]",8011,"[3.979999999999999, -0.7200000000000004]",0.00998798712440159,4.5944740772247314,7.809999999999998,"[0.857, -0.07600000000000004]",9011,"[8.57, -0.7600000000000005]",0.009539299944172734,4.388077974319458,6.680000000000001,"[0.6209999999999999, 0.046999999999999986]",10011,"[6.209999999999999, 0.46999999999999986]",0.009951872929282811,4.577861547470093,NashSolutionConcept,6.2475000000000005,1.6230584555092282,0.009976536942564923,0.00031417414083581726,4.5892069935798645,0.1445201047844759,COMPLETE
1,7.2425,2025-06-12 21:36:55.997502,2025-06-12 21:37:02.255067,0 days 00:00:06.257565,39,0.535162522675715,0.17655893275285542,0.9770244044091081,0.021039600593849534,319,17016,7.2425,0.8758246114377014,0.7689999999999999,0.14388015846530056,310.0,4,8.37,"[0.9559999999999998, -0.11900000000000015]",17016,"[9.559999999999999, -1.1900000000000015]",0.01864978882574266,5.781434535980225,7.329999999999999,"[0.841, -0.10800000000000014]",18016,"[8.41, -1.0800000000000014]",0.019780099776483352,6.131830930709839,5.909999999999998,"[0.7070000000000001, -0.11600000000000013]",19016,"[7.07, -1.1600000000000013]",0.01918305504706598,5.946747064590454,7.359999999999999,"[0.5719999999999998, 0.16399999999999992]",20016,"[5.719999999999999, 1.6399999999999992]",0.016760256213526573,5.195679426193237,NashSolutionConcept,7.6899999999999995,1.4388015846530056,0.018593299965704642,0.001131320603936319,5.763922989368439,0.35070938722025896,COMPLETE
2,3.432499999999999,2025-06-12 21:37:02.269932,2025-06-12 21:37:05.183693,0 days 00:00:02.913761,26,0.7798922026461708,0.11080995683624105,0.9021893606100168,0.0006693083647608237,194,27022,3.432499999999999,2.945567644784278,0.44575,0.2361857055369778,190.0,4,3.4899999999999993,"[0.351, -0.002000000000000041]",27022,"[3.51, -0.020000000000000406]",0.014642173365542762,2.782012939453125,0.8599999999999993,"[0.336, -0.25000000000000006]",28022,"[3.3600000000000003, -2.5000000000000004]",0.014484794516312448,2.7521109580993652,1.1599999999999993,"[0.24699999999999997, -0.13100000000000006]",29022,"[2.4699999999999998, -1.3100000000000005]",0.014309383693494295,2.718782901763916,8.219999999999999,"[0.8489999999999999, -0.02700000000000004]",30022,"[8.489999999999998, -0.2700000000000004]",0.01307338789889687,2.4839437007904053,NashSolutionConcept,4.4575,2.3618570553697777,0.014127434868561594,0.0006198350642043462,2.684212625026703,0.11776866219882588,COMPLETE
3,5.342499999999999,2025-06-12 21:37:05.198030,2025-06-12 21:37:11.747316,0 days 00:00:06.549286,24,0.6222869892324101,0.05242360963928187,0.9283975446202757,0.004990219243925309,484,37025,5.342499999999999,1.614657471416151,0.6137499999999999,0.08450850548909268,480.0,4,6.199999999999999,"[0.617, 0.002999999999999936]",37025,"[6.17, 0.02999999999999936]",0.012389099101225536,5.946767568588257,7.559999999999999,"[0.74, 0.01599999999999995]",38025,"[7.4, 0.15999999999999948]",0.012272303799788158,5.890705823898315,3.959999999999999,"[0.5029999999999999, -0.10700000000000003]",39025,"[5.029999999999999, -1.0700000000000003]",0.012759414811929068,6.124519109725952,3.65,"[0.5949999999999999, -0.23000000000000004]",40025,"[5.949999999999998, -2.3000000000000003]",0.013329501450061797,6.398160696029663,NashSolutionConcept,6.1375,0.8450850548909268,0.012687579790751139,0.0004119370575857883,6.090038299560547,0.1977297876411786,COMPLETE
4,2.1924999999999972,2025-06-12 21:37:11.761432,2025-06-12 21:37:16.515266,0 days 00:00:04.753834,50,0.9795400964462069,0.047297046543815446,0.9403501460562818,0.0002665355300188989,212,47031,2.1924999999999972,1.7620353997579052,0.44299999999999995,0.16013900212003324,210.0,4,0.08999999999999658,"[0.24299999999999988, -0.23400000000000026]",47031,"[2.429999999999999, -2.3400000000000025]",0.02146718842642648,4.5081095695495605,2.719999999999997,"[0.4779999999999999, -0.20600000000000018]",48031,"[4.779999999999999, -2.060000000000002]",0.020551602045694988,4.315836429595947,4.779999999999998,"[0.6799999999999999, -0.20200000000000023]",49031,"[6.799999999999999, -2.0200000000000022]",0.0220002844220116,4.6200597286224365,1.179999999999997,"[0.3709999999999999, -0.2530000000000002]",50031,"[3.709999999999999, -2.530000000000002]",0.021933513595944358,4.606037855148315,NashSolutionConcept,4.43,1.6013900212003322,0.021488147122519355,0.0005784012139181823,4.512510895729065,0.12146425492281848,COMPLETE
5,5.807499999999999,2025-06-12 21:37:16.529252,2025-06-12 21:37:20.883058,0 days 00:00:04.353806,24,0.6905640425709694,0.10380365933002172,0.9180136199284025,0.008112984246843173,333,57036,5.807499999999999,1.1977557138248185,0.5529999999999999,0.12983065893693985,330.0,4,6.029999999999999,"[0.601, 0.0019999999999999406]",57036,"[6.01, 0.019999999999999407]",0.012802087899410364,4.22468900680542,6.15,"[0.381, 0.23399999999999999]",58036,"[3.81, 2.34]",0.011469963102629691,3.785087823867798,7.169999999999999,"[0.733, -0.016000000000000063]",59036,"[7.33, -0.16000000000000064]",0.012682131564978397,4.185103416442871,3.879999999999999,"[0.497, -0.10900000000000003]",60036,"[4.97, -1.0900000000000003]",0.012345716447541209,4.074086427688599,NashSolutionConcept,5.529999999999999,1.2983065893693986,0.012324974753639913,0.0005212180644849068,4.067241668701172,0.17200196128001927,COMPLETE
6,5.432500000000001,2025-06-12 21:37:20.971665,2025-06-12 21:37:23.125706,0 days 00:00:02.154041,26,0.7204773616427389,0.10016083277408509,0.990501874023598,0.09887627225869942,140,67040,5.432500000000001,1.3398017577238812,0.6092500000000001,0.1473641323389108,140.0,4,3.579999999999999,"[0.367, -0.00900000000000003]",67040,"[3.67, -0.0900000000000003]",0.014188602992466519,1.9864044189453125,6.109999999999999,"[0.7370000000000001, -0.12600000000000006]",68040,"[7.370000000000001, -1.2600000000000007]",0.014386406966618128,2.014096975326538,7.160000000000002,"[0.7180000000000002, -0.0020000000000000516]",69040,"[7.1800000000000015, -0.020000000000000517]",0.013825728212084089,1.9356019496917725,4.880000000000001,"[0.615, -0.12700000000000003]",70040,"[6.15, -1.2700000000000002]",0.014136896814618792,1.9791655540466309,NashSolutionConcept,6.092500000000001,1.4736413233891081,0.014134408746446883,0.00020107833178194544,1.9788172245025635,0.028150966449472375,COMPLETE
7,3.777499999999999,2025-06-12 21:37:23.141947,2025-06-12 21:37:26.399972,0 days 00:00:03.258025,33,0.7488517782963049,0.04013040636574117,0.9389055761646042,0.020944235827144837,174,77043,3.777499999999999,0.9114377378625486,0.5734999999999999,0.08857059331403397,170.0,4,5.159999999999998,"[0.7099999999999999, -0.1940000000000001]",77043,"[7.099999999999999, -1.9400000000000008]",0.01595133192398969,2.711726427078247,3.6299999999999994,"[0.5619999999999999, -0.1990000000000001]",78043,"[5.619999999999999, -1.9900000000000009]",0.01834713571211871,3.1190130710601807,2.5999999999999988,"[0.4619999999999999, -0.2020000000000001]",79043,"[4.619999999999999, -2.020000000000001]",0.017872012362760654,3.0382421016693115,3.719999999999999,"[0.5599999999999999, -0.1880000000000001]",80043,"[5.6, -1.8800000000000012]",0.018042411523706774,3.0672099590301514,NashSolutionConcept,5.734999999999999,0.8857059331403396,0.017553222880643957,0.0009403834966917557,2.9840478897094727,0.15986519443759858,COMPLETE
8,7.885,2025-06-12 21:37:26.414019,2025-06-12 21:37:30.292534,0 days 00:00:03.878515,21,0.6783311851511961,0.15689136105248103,0.9242951375117997,0.0009884329407157631,338,87046,7.885,1.841609350540989,0.61725,0.13868016260446195,330.0,4,10.940000000000001,"[0.7329999999999999, 0.361]",87046,"[7.329999999999998, 3.61]",0.011252316561612215,3.7132644653320312,6.39,"[0.7190000000000001, -0.08000000000000004]",88046,"[7.190000000000001, -0.8000000000000005]",0.011044664093942353,3.6447391510009766,6.479999999999999,"[0.3869999999999999, 0.26099999999999995]",89046,"[3.869999999999999, 2.6099999999999994]",0.011371658065102317,3.7526471614837646,7.729999999999999,"[0.63, 0.143]",90046,"[6.3, 1.43]",0.011029540408741344,3.6397483348846436,NashSolutionConcept,6.1725,1.3868016260446194,0.011174544782349558,0.00014387264982779804,3.687599778175354,0.04747797444317332,COMPLETE
9,4.737499999999999,2025-06-12 21:37:30.307491,2025-06-12 21:37:33.279293,0 days 00:00:02.971802,11,0.6629618006584221,0.13185256672599915,0.9568845211129835,0.0010308643780336999,418,97050,4.737499999999999,1.2309422204149145,0.5215000000000001,0.12126520523216874,410.0,4,4.459999999999999,"[0.546, -0.09999999999999999]",97050,"[5.460000000000001, -0.9999999999999999]",0.00691356542633801,2.834561824798584,4.52,"[0.552, -0.09999999999999999]",98050,"[5.5200000000000005, -0.9999999999999999]",0.006921408816081722,2.837777614593506,3.2799999999999994,"[0.32699999999999996, 0.0010000000000000148]",99050,"[3.2699999999999996, 0.010000000000000148]",0.006932295241006991,2.842241048812866,6.6899999999999995,"[0.661, 0.008000000000000007]",100050,"[6.61, 0.08000000000000007]",0.006849608770230922,2.8083395957946777,NashSolutionConcept,5.215,1.2126520523216875,0.006904219563414411,3.222343078204003e-05,2.8307300209999084,0.013211606620636432,COMPLETE
10,3.5625,2025-06-12 21:37:33.293615,2025-06-12 21:37:35.818542,0 days 00:00:02.524927,10,0.8865354187687676,0.15052800461767435,0.9049633474184919,0.00011536751877159783,395,107053,3.5625,1.3208212407438034,0.39300000000000007,0.11986450684001503,390.0,4,3.5499999999999994,"[0.34, 0.015000000000000008]",107053,"[3.4000000000000004, 0.15000000000000008]",0.005742122576786922,2.2394278049468994,4.62,"[0.5520000000000002, -0.08999999999999998]",108053,"[5.520000000000001, -0.8999999999999998]",0.005961811848175832,2.325106620788574,1.4100000000000001,"[0.231, -0.08999999999999998]",109053,"[2.31, -0.8999999999999998]",0.006074923735398512,2.36922025680542,4.67,"[0.449, 0.018000000000000016]",110053,"[4.49, 0.18000000000000016]",0.005952798403226412,2.321591377258301,NashSolutionConcept,3.9300000000000006,1.1986450684001502,0.00593291414089692,0.00012020670451394547,2.3138365149497986,0.04688061476043878,COMPLETE
11,4.334999999999999,2025-06-12 21:37:35.928995,2025-06-12 21:37:41.512269,0 days 00:00:05.583274,38,0.5653273426281695,0.1967232870328553,0.9808370613369175,0.02836060865708581,290,117055,4.334999999999999,0.5680889014934195,0.60375,0.11617739668283157,290.0,4,4.629999999999998,"[0.42899999999999994, 0.03399999999999989]",117055,"[4.289999999999999, 0.3399999999999989]",0.016825994951971648,4.879538536071777,3.3599999999999985,"[0.706, -0.37000000000000016]",118055,"[7.06, -3.7000000000000015]",0.018708898281228955,5.4255805015563965,4.5699999999999985,"[0.568, -0.11100000000000013]",119055,"[5.68, -1.1100000000000012]",0.016201239618761788,4.698359489440918,4.779999999999999,"[0.712, -0.23400000000000015]",120055,"[7.119999999999999, -2.3400000000000016]",0.018176847490771062,5.271285772323608,NashSolutionConcept,6.0375,1.1617739668283156,0.017478245085683363,0.001007313978803957,5.068691074848175,0.29212105385314774,COMPLETE
12,5.282499999999998,2025-06-12 21:37:41.526312,2025-06-12 21:37:48.027691,0 days 00:00:06.501379,41,0.5067774486999865,0.16023091248663532,0.9700434891130376,0.0020246575860117144,292,127061,5.282499999999998,2.5548911424951157,0.6227499999999999,0.06670972567774508,290.0,4,8.089999999999998,"[0.6589999999999999, 0.14999999999999986]",127061,"[6.589999999999999, 1.4999999999999987]",0.01946531821941507,5.644942283630371,7.209999999999997,"[0.714, 0.006999999999999862]",128061,"[7.14, 0.06999999999999862]",0.016496345914643388,4.783940315246582,1.629999999999998,"[0.563, -0.40000000000000024]",129061,"[5.629999999999999, -4.000000000000003]",0.019604886811355065,5.685417175292969,4.199999999999998,"[0.5549999999999999, -0.13500000000000015]",130061,"[5.549999999999999, -1.3500000000000014]",0.02190393332777352,6.352140665054321,NashSolutionConcept,6.227499999999999,0.667097256777451,0.019367621068296762,0.0019198268575398244,5.616610109806061,0.5567497886865493,COMPLETE
13,4.892499999999997,2025-06-12 21:37:48.042228,2025-06-12 21:37:56.155231,0 days 00:00:08.113003,46,0.5803008752486787,0.166835168432653,0.9967395671792663,0.013848058470024464,358,137068,4.892499999999997,0.5975104601594855,0.7989999999999998,0.06480354928551367,350.0,4,5.369999999999998,"[0.842, -0.3050000000000002]",137068,"[8.42, -3.050000000000002]",0.022675966535295758,7.936588287353516,5.109999999999997,"[0.8299999999999998, -0.31900000000000023]",138068,"[8.299999999999999, -3.190000000000002]",0.02055547169276646,7.194415092468262,3.8699999999999974,"[0.837, -0.4500000000000003]",139068,"[8.37, -4.500000000000003]",0.020697760581970214,7.244216203689575,5.219999999999998,"[0.6869999999999999, -0.16500000000000017]",140068,"[6.869999999999999, -1.6500000000000017]",0.0204325498853411,7.151392459869385,NashSolutionConcept,7.989999999999998,0.6480354928551368,0.021090437173843384,0.0009202040551080846,7.381653010845184,0.32207141928782973,COMPLETE
14,3.8374999999999986,2025-06-12 21:37:56.170391,2025-06-12 21:38:00.919357,0 days 00:00:04.748966,33,0.5293390530587541,0.13297024742231778,0.9738007275400911,0.002139121100503409,251,147076,3.8374999999999986,2.692140180228362,0.5187499999999999,0.1191057828151094,250.0,4,5.179999999999999,"[0.45299999999999985, 0.06499999999999992]",147076,"[4.5299999999999985, 0.6499999999999992]",0.017677331924438478,4.419332981109619,7.599999999999998,"[0.725, 0.03499999999999991]",148076,"[7.25, 0.34999999999999915]",0.017276921272277833,4.319230318069458,1.2599999999999985,"[0.4459999999999999, -0.3200000000000002]",149076,"[4.459999999999999, -3.200000000000002]",0.01838270664215088,4.59567666053772,1.3099999999999987,"[0.4509999999999999, -0.3200000000000002]",150076,"[4.509999999999999, -3.200000000000002]",0.018392650604248047,4.598162651062012,NashSolutionConcept,5.187499999999998,1.1910578281510942,0.01793240261077881,0.00047679103816964665,4.483100652694702,0.1191977595424117,COMPLETE
15,6.0825,2025-06-12 21:38:00.933964,2025-06-12 21:38:04.798508,0 days 00:00:03.864544,18,0.6295896927059312,0.17759265131128027,0.917564125428808,0.06973524203504315,363,157080,6.0825,1.0425539554382783,0.69075,0.13617337294787116,360.0,4,4.5,"[0.503, -0.053000000000000005]",157080,"[5.03, -0.53]",0.010255889760123359,3.692120313644409,7.02,"[0.639, 0.06299999999999997]",158080,"[6.390000000000001, 0.6299999999999997]",0.010119380553563435,3.642976999282837,5.79,"[0.749, -0.16999999999999998]",159080,"[7.49, -1.6999999999999997]",0.010323413875367907,3.7164289951324463,7.02,"[0.8720000000000001, -0.16999999999999998]",160080,"[8.72, -1.6999999999999997]",0.009681492381625705,3.485337257385254,NashSolutionConcept,6.907500000000001,1.3617337294787113,0.0100950441426701,0.00024982061935740894,3.6342158913612366,0.0899354229686671,COMPLETE
16,5.139999999999998,2025-06-12 21:38:04.924985,2025-06-12 21:38:09.580500,0 days 00:00:04.655515,39,0.8475970042473568,0.07995423750816592,0.9453256606135523,0.003928971776798248,248,167084,5.139999999999998,2.301227933082683,0.5924999999999999,0.06686366726406802,240.0,4,7.299999999999999,"[0.708, 0.02199999999999988]",167084,"[7.08, 0.2199999999999988]",0.01687593162059784,4.0502235889434814,1.699999999999998,"[0.5499999999999999, -0.3800000000000002]",168084,"[5.499999999999999, -3.8000000000000025]",0.01875790556271871,4.50189733505249,4.389999999999999,"[0.5499999999999999, -0.11100000000000014]",169084,"[5.499999999999999, -1.1100000000000014]",0.018745025992393492,4.4988062381744385,7.169999999999996,"[0.5619999999999999, 0.15499999999999986]",170084,"[5.619999999999999, 1.5499999999999985]",0.01857560078303019,4.458144187927246,NashSolutionConcept,5.924999999999999,0.6686366726406805,0.01823861598968506,0.0007900285109103844,4.377267837524414,0.18960684261849248,COMPLETE
17,5.455,2025-06-12 21:38:09.595909,2025-06-12 21:38:13.763139,0 days 00:00:04.167230,16,0.5952792877028378,0.14553137572736916,0.9300791493666227,0.04499687843056023,433,177089,5.455,1.2580242445994434,0.639,0.08042698552103023,430.0,4,3.79,"[0.5289999999999999, -0.14999999999999997]",177089,"[5.289999999999999, -1.4999999999999996]",0.008854696362517601,3.8075194358825684,5.92,"[0.6299999999999999, -0.038]",178089,"[6.299999999999999, -0.38]",0.009218332379363304,3.9638829231262207,4.91,"[0.641, -0.14999999999999997]",179089,"[6.41, -1.4999999999999996]",0.009048935978911644,3.891042470932007,7.2,"[0.756, -0.03599999999999999]",180089,"[7.5600000000000005, -0.3599999999999999]",0.009318528618923454,4.006967306137085,NashSolutionConcept,6.390000000000001,0.8042698552103024,0.009110123334929,0.00017615957997355844,3.91735303401947,0.07574861938863019,COMPLETE
18,3.9149999999999987,2025-06-12 21:38:13.777161,2025-06-12 21:38:19.143127,0 days 00:00:05.365966,32,0.6901195469815491,0.19740018699545803,0.9550240728552148,0.008436556498743088,329,187093,3.9149999999999987,2.389618170336006,0.483,0.1910916010713187,320.0,4,6.449999999999999,"[0.5890000000000001, 0.05599999999999994]",187093,"[5.890000000000001, 0.5599999999999994]",0.015758253633975983,5.0426411628723145,0.08999999999999853,"[0.19299999999999998, -0.18400000000000008]",188093,"[1.9299999999999997, -1.8400000000000007]",0.016296789795160294,5.214972734451294,3.8699999999999983,"[0.44499999999999995, -0.05800000000000007]",189093,"[4.449999999999999, -0.5800000000000007]",0.015689514577388763,5.020644664764404,5.249999999999998,"[0.705, -0.1800000000000001]",190093,"[7.05, -1.8000000000000012]",0.01566900685429573,5.014082193374634,NashSolutionConcept,4.83,1.910916010713187,0.015853391215205192,0.0002581213886131645,5.073085188865662,0.08259884435621254,COMPLETE
19,2.6199999999999974,2025-06-12 21:38:19.157695,2025-06-12 21:38:21.987352,0 days 00:00:02.829657,44,0.5484248031873771,0.012321257491208978,0.9660816729146608,0.0015868182598412666,102,197099,2.6199999999999974,3.754230946545511,0.3162499999999999,0.2684374927240977,100.0,4,-0.4000000000000027,"[-0.01500000000000017, -0.025000000000000154]",197099,"[-0.1500000000000017, -0.25000000000000155]",0.026581745147705078,2.658174514770508,-1.5600000000000032,"[0.1309999999999999, -0.2870000000000002]",198099,"[1.309999999999999, -2.870000000000002]",0.024739205837249756,2.4739205837249756,7.609999999999998,"[0.6479999999999999, 0.1129999999999999]",199099,"[6.479999999999999, 1.129999999999999]",0.025334956645965575,2.5334956645965576,4.829999999999997,"[0.501, -0.018000000000000137]",200099,"[5.01, -0.18000000000000138]",0.02327023983001709,2.327023983001709,NashSolutionConcept,3.1624999999999988,2.6843749272409774,0.024981536865234376,0.001190885590492163,2.4981536865234375,0.11908855904921639,COMPLETE
20,5.454999999999999,2025-06-12 21:38:22.001464,2025-06-12 21:38:25.559444,0 days 00:00:03.557980,29,0.9365569338448555,0.1720035177812418,0.9830305425452909,0.00024948450743617675,245,207102,5.454999999999999,1.5690522617172438,0.4964999999999999,0.05344857341407722,240.0,4,3.9899999999999993,"[0.46899999999999986, -0.07000000000000006]",207102,"[4.689999999999999, -0.7000000000000006]",0.01341327726840973,3.219186544418335,7.929999999999998,"[0.589, 0.2039999999999999]",208102,"[5.89, 2.039999999999999]",0.013114771246910096,3.147545099258423,5.68,"[0.46499999999999997, 0.10299999999999995]",209102,"[4.6499999999999995, 1.0299999999999996]",0.013786943753560384,3.308866500854492,4.22,"[0.4629999999999999, -0.04100000000000007]",210102,"[4.629999999999999, -0.4100000000000007]",0.013959547877311707,3.3502914905548096,NashSolutionConcept,4.964999999999999,0.5344857341407723,0.013568635036547979,0.0003281005641045626,3.256472408771515,0.07874413538509507,COMPLETE
21,6.35,2025-06-12 21:38:25.704578,2025-06-12 21:38:29.774691,0 days 00:00:04.070113,18,0.6345208565692892,0.17770001935796131,0.9158516151613404,0.07799795024420733,386,217105,6.35,1.8574713995106353,0.6639999999999999,0.22062978040146802,380.0,4,5.75,"[0.398, 0.17700000000000005]",217105,"[3.9800000000000004, 1.7700000000000005]",0.009745816180580541,3.7034101486206055,8.030000000000001,"[0.756, 0.046999999999999986]",218105,"[7.5600000000000005, 0.46999999999999986]",0.009446902651535838,3.589823007583618,8.049999999999997,"[0.975, -0.16999999999999998]",219105,"[9.75, -1.6999999999999997]",0.010020020760987935,3.807607889175415,3.5700000000000003,"[0.5269999999999999, -0.16999999999999998]",220105,"[5.27, -1.6999999999999997]",0.010287064627597207,3.9090845584869385,NashSolutionConcept,6.64,2.2062978040146803,0.009874951055175381,0.0003125636206493837,3.7524814009666443,0.11877417584676574,COMPLETE
22,6.407499999999999,2025-06-12 21:38:29.788763,2025-06-12 21:38:33.287214,0 days 00:00:03.498451,15,0.6456798939204784,0.13271481634340565,0.9122485791196463,0.041507139470085726,372,227109,6.407499999999999,1.4313695364929346,0.53125,0.0767931474807486,370.0,4,3.9300000000000006,"[0.42099999999999993, -0.028000000000000004]",227109,"[4.209999999999999, -0.28]",0.00853895818864977,3.159414529800415,7.319999999999999,"[0.537, 0.195]",228109,"[5.37, 1.9500000000000002]",0.008853959392856907,3.2759649753570557,7.1899999999999995,"[0.529, 0.19]",229109,"[5.29, 1.9]",0.00847549309601655,3.135932445526123,7.1899999999999995,"[0.638, 0.081]",230109,"[6.38, 0.81]",0.008725172120171624,3.228313684463501,NashSolutionConcept,5.312499999999999,0.7679314748074859,0.008648395699423713,0.00015001910700818073,3.1999064087867737,0.055507069593027036,COMPLETE
23,6.157500000000001,2025-06-12 21:38:33.301322,2025-06-12 21:38:36.033480,0 days 00:00:02.732158,13,0.6692091497577518,0.13413257415325724,0.9276565888357088,0.034373928831760756,324,237113,6.157500000000001,1.7942878113613765,0.5702499999999999,0.09117942476238818,320.0,4,3.1600000000000006,"[0.43599999999999994, -0.11999999999999997]",237113,"[4.359999999999999, -1.1999999999999997]",0.007607758045196533,2.4344825744628906,7.63,"[0.661, 0.10200000000000005]",238113,"[6.61, 1.0200000000000005]",0.007406505197286606,2.370081663131714,7.45,"[0.5369999999999999, 0.20800000000000002]",239113,"[5.369999999999999, 2.08]",0.008071237802505493,2.582796096801758,6.39,"[0.647, -0.007999999999999993]",240113,"[6.470000000000001, -0.07999999999999993]",0.008010906726121902,2.563490152359009,NashSolutionConcept,5.702499999999999,0.911794247623882,0.007774101942777634,0.00027711183848268137,2.4877126216888428,0.08867578831445813,COMPLETE
24,6.342499999999999,2025-06-12 21:38:36.047770,2025-06-12 21:38:38.610071,0 days 00:00:02.562301,15,0.7553088640329877,0.12220098748051961,0.911558126063527,0.013685310778709481,278,247116,6.342499999999999,2.095284885164783,0.5015,0.16067436012008884,270.0,4,8.34,"[0.7459999999999999, 0.088]",247116,"[7.459999999999999, 0.8799999999999999]",0.008801313682838723,2.376354694366455,7.1099999999999985,"[0.417, 0.29399999999999993]",248116,"[4.17, 2.9399999999999995]",0.008391639921400282,2.265742778778076,7.099999999999999,"[0.53, 0.18]",249116,"[5.300000000000001, 1.7999999999999998]",0.008820862240261502,2.3816328048706055,2.8200000000000003,"[0.31299999999999994, -0.030999999999999993]",250116,"[3.1299999999999994, -0.30999999999999994]",0.008895569377475314,2.401803731918335,NashSolutionConcept,5.015,1.6067436012008884,0.008727346305493955,0.0001969861551193419,2.356383502483368,0.0531862618822223,COMPLETE
25,9.017499999999998,2025-06-12 21:38:38.624908,2025-06-12 21:38:42.981169,0 days 00:00:04.356261,21,0.5028887367080673,0.1541396709063002,0.9250402037293983,0.05159802168920513,360,257118,9.017499999999998,1.6184464001010348,0.8049999999999999,0.17363323414600104,360.0,4,9.089999999999998,"[0.5129999999999999, 0.396]",257118,"[5.129999999999999, 3.96]",0.011658792363272772,4.197165250778198,9.13,"[0.873, 0.03999999999999996]",258118,"[8.73, 0.3999999999999996]",0.010739765564600627,3.8663156032562256,11.209999999999997,"[0.9700000000000001, 0.15099999999999997]",259118,"[9.700000000000001, 1.5099999999999998]",0.011476963096194797,4.131706714630127,6.639999999999999,"[0.8639999999999999, -0.2]",260118,"[8.639999999999999, -2.0]",0.011617989010281033,4.182476043701172,NashSolutionConcept,8.05,1.7363323414600103,0.011373377508587308,0.00037198470921482587,4.094415903091431,0.13391449531733735,COMPLETE
26,6.6949999999999985,2025-06-12 21:38:43.148616,2025-06-12 21:38:47.194767,0 days 00:00:04.046151,20,0.5100629954304884,0.14872219962599426,0.9364176930007757,0.01658738517660744,322,267123,6.6949999999999985,2.2576370390299676,0.6864999999999999,0.17372176029501885,320.0,4,3.059999999999999,"[0.395, -0.08900000000000001]",267123,"[3.95, -0.8900000000000001]",0.012161466479301452,3.891669273376465,6.77,"[0.748, -0.07100000000000001]",268123,"[7.48, -0.7100000000000001]",0.011069420725107193,3.5422146320343018,9.12,"[0.7489999999999999, 0.16299999999999998]",269123,"[7.489999999999998, 1.63]",0.011049865931272506,3.535957098007202,7.829999999999999,"[0.8539999999999999, -0.07100000000000004]",270123,"[8.54, -0.7100000000000004]",0.009623338282108308,3.079468250274658,NashSolutionConcept,6.864999999999999,1.7372176029501885,0.010976022854447366,0.0009012779957080514,3.5123273134231567,0.2884089586265766,COMPLETE
27,4.759999999999998,2025-06-12 21:38:47.208892,2025-06-12 21:38:55.285693,0 days 00:00:08.076801,37,0.5934782293373422,0.15968074038924546,0.949372737581825,0.008122628002284919,449,277127,4.759999999999998,1.5129771974487916,0.6077499999999999,0.25158037979937936,440.0,4,5.889999999999998,"[0.8239999999999998, -0.23500000000000015]",277127,"[8.239999999999998, -2.3500000000000014]",0.017938957972960037,7.893141508102417,6.009999999999998,"[0.7149999999999999, -0.11400000000000014]",278127,"[7.149999999999999, -1.1400000000000015]",0.016918239268389614,7.444025278091431,4.889999999999998,"[0.7129999999999999, -0.22400000000000012]",279127,"[7.129999999999999, -2.240000000000001]",0.017006602070548316,7.48290491104126,2.2499999999999982,"[0.1789999999999999, 0.04599999999999992]",280127,"[1.7899999999999991, 0.45999999999999924]",0.0174603901126168,7.682571649551392,NashSolutionConcept,6.077499999999999,2.515803797993794,0.01733104735612869,0.0004068046605406379,7.625660836696625,0.17899405063788063,COMPLETE
28,6.924999999999999,2025-06-12 21:38:55.301343,2025-06-12 21:38:59.644507,0 days 00:00:04.343164,22,0.5392753862446693,0.17997660155792705,0.9235725834277294,0.0053126584978859135,349,287135,6.924999999999999,1.8128085944191674,0.6449999999999999,0.12763032555000395,340.0,4,9.939999999999998,"[0.8469999999999999, 0.14699999999999996]",287135,"[8.469999999999999, 1.4699999999999998]",0.01148376324597527,3.904479503631592,6.24,"[0.6200000000000001, 0.003999999999999953]",288135,"[6.200000000000001, 0.039999999999999536]",0.012086621452780331,4.1094512939453125,6.419999999999999,"[0.6199999999999999, 0.021999999999999967]",289135,"[6.199999999999999, 0.21999999999999967]",0.011377298130708582,3.868281364440918,5.1,"[0.493, 0.016999999999999953]",290135,"[4.93, 0.16999999999999954]",0.012312639460844151,4.186297416687012,NashSolutionConcept,6.449999999999999,1.2763032555000395,0.011815080572577085,0.00039456429584734193,4.0171273946762085,0.13415186058809636,COMPLETE
29,7.114999999999999,2025-06-12 21:38:59.658638,2025-06-12 21:39:05.643315,0 days 00:00:05.984677,29,0.799158479727412,0.08636757509331458,0.9634645875643059,0.0006516573835280777,411,297139,7.114999999999999,0.9246215442006529,0.6575,0.1785518132083794,410.0,4,5.739999999999999,"[0.485, 0.08899999999999994]",297139,"[4.85, 0.8899999999999995]",0.013235534691229098,5.426569223403931,6.799999999999999,"[0.835, -0.15500000000000005]",298139,"[8.35, -1.5500000000000005]",0.013626283552588487,5.586776256561279,7.989999999999998,"[0.837, -0.03800000000000007]",299139,"[8.37, -0.38000000000000067]",0.012970478941754597,5.317896366119385,7.93,"[0.47299999999999986, 0.31999999999999995]",300139,"[4.729999999999999, 3.1999999999999993]",0.014218508906480742,5.8295886516571045,NashSolutionConcept,6.574999999999999,1.7855181320837938,0.013512701523013232,0.0004695454504804936,5.540207624435425,0.19251363469700233,COMPLETE
30,6.524999999999999,2025-06-12 21:39:05.657522,2025-06-12 21:39:10.368875,0 days 00:00:04.711353,36,0.840905212348231,0.18972482087653195,0.9349595175439899,0.05179185995079904,273,307145,6.524999999999999,0.37319565913874264,0.73775,0.10220414619769592,270.0,4,6.269999999999998,"[0.712, -0.08500000000000012]",307145,"[7.119999999999999, -0.8500000000000012]",0.014764077575118453,3.9863009452819824,6.329999999999998,"[0.583, 0.049999999999999906]",308145,"[5.83, 0.49999999999999906]",0.01561050326735885,4.21483588218689,6.329999999999998,"[0.849, -0.21600000000000014]",309145,"[8.49, -2.1600000000000015]",0.01584438306313974,4.2779834270477295,7.17,"[0.807, -0.09000000000000011]",310145,"[8.07, -0.900000000000001]",0.016873021479006167,4.555715799331665,NashSolutionConcept,7.3774999999999995,1.0220414619769593,0.015772996346155803,0.0007515770824527304,4.258709013462067,0.20292581226223722,COMPLETE
31,4.049999999999999,2025-06-12 21:39:10.553221,2025-06-12 21:39:16.352049,0 days 00:00:05.798828,27,0.812847013896332,0.08681515997510243,0.9645134427693484,0.0004941571248484608,406,317150,4.049999999999999,1.9811991318390991,0.5097499999999999,0.09942930905925074,400.0,4,4.7,"[0.604, -0.13400000000000004]",317150,"[6.04, -1.3400000000000003]",0.013447993993759155,5.379197597503662,2.229999999999999,"[0.357, -0.13400000000000006]",318150,"[3.57, -1.3400000000000007]",0.013940880298614502,5.576352119445801,2.259999999999999,"[0.48599999999999993, -0.2600000000000001]",319150,"[4.859999999999999, -2.6000000000000014]",0.014130778312683105,5.652311325073242,7.009999999999999,"[0.592, 0.10899999999999996]",320150,"[5.92, 1.0899999999999996]",0.01295535147190094,5.182140588760376,NashSolutionConcept,5.0975,0.9942930905925075,0.013618751019239424,0.00045694533125466513,5.44750040769577,0.18277813250186617,COMPLETE
32,5.1575,2025-06-12 21:39:16.366128,2025-06-12 21:39:23.295509,0 days 00:00:06.929381,30,0.8144479417398706,0.06908319464173339,0.975334279602798,0.0008709457187484872,468,327156,5.1575,1.760914180191641,0.5822499999999999,0.1475811217602035,460.0,4,7.839999999999999,"[0.691, 0.09299999999999997]",327156,"[6.909999999999999, 0.9299999999999997]",0.012695027434307596,5.839712619781494,4.39,"[0.6, -0.1610000000000001]",328156,"[6.0, -1.6100000000000008]",0.013450406945270041,6.187187194824219,5.379999999999999,"[0.7020000000000001, -0.16400000000000006]",329156,"[7.0200000000000005, -1.6400000000000006]",0.01473258111787879,6.776987314224243,3.019999999999999,"[0.33599999999999997, -0.03400000000000007]",330156,"[3.3599999999999994, -0.34000000000000075]",0.013833438831826915,6.363381862640381,NashSolutionConcept,5.8225,1.4758112176020348,0.013677863582320836,0.0007338828506056472,6.291817247867584,0.33758611127859767,COMPLETE
33,3.634999999999999,2025-06-12 21:39:23.310078,2025-06-12 21:39:29.412046,0 days 00:00:06.101968,23,0.7829341869530834,0.11633088236660244,0.9612372188336236,0.00031669681283485606,499,337163,3.634999999999999,3.735809818499866,0.40274999999999994,0.2849634845028394,490.0,4,-2.1400000000000006,"[0.005999999999999972, -0.22000000000000003]",337163,"[0.05999999999999972, -2.2]",0.01214405565845723,5.950587272644043,7.499999999999999,"[0.729, 0.020999999999999942]",338163,"[7.29, 0.2099999999999994]",0.010975605614331304,5.378046751022339,6.279999999999999,"[0.609, 0.01899999999999993]",339163,"[6.09, 0.1899999999999993]",0.011491968193832709,5.631064414978027,2.899999999999999,"[0.267, 0.022999999999999944]",340163,"[2.67, 0.22999999999999943]",0.0119448793177702,5.8529908657073975,NashSolutionConcept,4.0275,2.8496348450283944,0.011639127196097861,0.0004500982596682092,5.703172326087952,0.22054814723742247,COMPLETE
34,6.077500000000001,2025-06-12 21:39:29.426162,2025-06-12 21:39:33.672692,0 days 00:00:04.246530,20,0.8815036405346552,0.0946786495362685,0.9516000537956872,0.0010911903800823746,383,347169,6.077500000000001,3.406988222756281,0.57025,0.24208301778522182,380.0,4,10.05,"[0.736, 0.269]",347169,"[7.359999999999999, 2.6900000000000004]",0.00987588418157477,3.752835988998413,7.909999999999999,"[0.8720000000000001, -0.08100000000000003]",348169,"[8.72, -0.8100000000000003]",0.010717048770502995,4.072478532791138,0.8899999999999992,"[0.279, -0.19]",349169,"[2.79, -1.9]",0.009988405829981754,3.7955942153930664,5.46,"[0.394, 0.152]",350169,"[3.9400000000000004, 1.52]",0.01040465141597547,3.9537675380706787,NashSolutionConcept,5.7025,2.420830177852218,0.010246497549508748,0.00033555800587875876,3.893669068813324,0.12751204223392817,COMPLETE
35,8.259999999999998,2025-06-12 21:39:33.687024,2025-06-12 21:39:38.166287,0 days 00:00:04.479263,28,0.7281787955987579,0.06548664034430567,0.9436855336446153,0.0005021520515001474,307,357173,8.259999999999998,1.2313813381727048,0.7615000000000001,0.04886972477925373,300.0,4,7.049999999999999,"[0.734, -0.029000000000000054]",357173,"[7.34, -0.29000000000000054]",0.014361920356750489,4.3085761070251465,9.57,"[0.737, 0.21999999999999997]",358173,"[7.37, 2.1999999999999997]",0.013031837145487467,3.9095511436462402,7.01,"[0.8460000000000001, -0.14500000000000005]",359173,"[8.46, -1.4500000000000004]",0.013432192007700601,4.029657602310181,9.41,"[0.7289999999999999, 0.21199999999999997]",360173,"[7.289999999999999, 2.1199999999999997]",0.012791628042856853,3.8374884128570557,NashSolutionConcept,7.615,0.4886972477925372,0.013404394388198852,0.0005983122473218342,4.021318316459656,0.17949367419655018,COMPLETE
36,4.124999999999998,2025-06-12 21:39:38.367444,2025-06-12 21:39:42.761030,0 days 00:00:04.393586,25,0.7255329774140545,0.06829000256114957,0.9235935875801684,0.00019130678395770222,308,367178,4.124999999999998,2.217143432437333,0.38649999999999995,0.15236551447095897,300.0,4,7.129999999999998,"[0.59, 0.123]",367178,"[5.8999999999999995, 1.23]",0.01355093002319336,4.065279006958008,0.9799999999999984,"[0.23499999999999993, -0.13700000000000007]",368178,"[2.349999999999999, -1.3700000000000006]",0.012404158115386962,3.721247434616089,4.799999999999999,"[0.2439999999999999, 0.23599999999999993]",369178,"[2.439999999999999, 2.3599999999999994]",0.013061874707539877,3.918562412261963,3.589999999999999,"[0.477, -0.11800000000000006]",370178,"[4.77, -1.1800000000000006]",0.013974122206370036,4.192236661911011,NashSolutionConcept,3.8649999999999993,1.5236551447095896,0.013247771263122559,0.0005843225990354198,3.9743313789367676,0.17529677971062585,COMPLETE
37,8.52,2025-06-12 21:39:42.775356,2025-06-12 21:39:48.005865,0 days 00:00:05.230509,27,0.5635169844877799,0.039425286423188446,0.9451867131343515,0.0005234750680657038,343,377182,8.52,1.8012773245672087,0.603,0.08592147577875973,340.0,4,10.72,"[0.6039999999999999, 0.46799999999999986]",377182,"[6.039999999999999, 4.679999999999999]",0.012526566140791949,4.259032487869263,9.5,"[0.48199999999999993, 0.46799999999999997]",378182,"[4.819999999999999, 4.68]",0.013304244770723232,4.523443222045898,7.960000000000001,"[0.601, 0.19499999999999995]",379182,"[6.01, 1.9499999999999995]",0.01493680617388557,5.078514099121094,5.8999999999999995,"[0.7249999999999999, -0.13500000000000006]",380182,"[7.249999999999998, -1.3500000000000005]",0.014442854769089642,4.9105706214904785,NashSolutionConcept,6.029999999999999,0.8592147577875971,0.013802617963622598,0.0009451150931664752,4.692890107631683,0.3213391316766016,COMPLETE
38,3.9074999999999993,2025-06-12 21:39:48.020167,2025-06-12 21:39:50.906450,0 days 00:00:02.886283,21,0.6062954357402368,0.028280550528449466,0.9448584904099682,0.0003574925486583724,225,387188,3.9074999999999993,0.48612626960492483,0.38224999999999987,0.08317263672626951,220.0,4,3.9299999999999997,"[0.35499999999999987, 0.03799999999999996]",387188,"[3.549999999999999, 0.37999999999999956]",0.012105546214363792,2.663220167160034,4.359999999999999,"[0.27599999999999997, 0.15999999999999998]",388188,"[2.76, 1.5999999999999996]",0.01161500107158314,2.555300235748291,4.229999999999999,"[0.5069999999999999, -0.08400000000000005]",389188,"[5.0699999999999985, -0.8400000000000005]",0.01240946271202781,2.730081796646118,3.109999999999999,"[0.3909999999999999, -0.08000000000000002]",390188,"[3.9099999999999993, -0.8000000000000002]",0.01238520470532504,2.724745035171509,NashSolutionConcept,3.822499999999999,0.831726367262695,0.012128803675824945,0.0003197831328300115,2.668336808681488,0.07035228922260248,COMPLETE
39,5.555,2025-06-12 21:39:50.921220,2025-06-12 21:39:55.825593,0 days 00:00:04.904373,27,0.7135679533876849,0.05460616298246125,0.9327456709079706,0.0005464160299525203,348,397190,5.555,1.321183181848755,0.51075,0.18425848013049498,340.0,4,5.919999999999999,"[0.484, 0.10799999999999998]",397190,"[4.84, 1.0799999999999998]",0.013636732802671544,4.636489152908325,3.38,"[0.225, 0.11299999999999996]",398190,"[2.25, 1.1299999999999997]",0.01277478302226347,4.34342622756958,5.97,"[0.619, -0.022000000000000058]",399190,"[6.1899999999999995, -0.22000000000000058]",0.013159211944131291,4.474132061004639,6.95,"[0.7150000000000001, -0.020000000000000046]",400190,"[7.15, -0.20000000000000046]",0.013923752307891845,4.7340757846832275,NashSolutionConcept,5.1075,1.8425848013049497,0.013373620019239536,0.0004405821272595218,4.547030806541443,0.14979792326823746,COMPLETE
40,3.719999999999999,2025-06-12 21:39:55.839584,2025-06-12 21:40:00.314926,0 days 00:00:04.475342,24,0.5590078138254347,0.03750409870230606,0.9448160021477624,0.00010596683982172408,308,407195,3.719999999999999,2.196417537719092,0.48675,0.2234752503075005,300.0,4,3.549999999999999,"[0.469, -0.11400000000000006]",407195,"[4.6899999999999995, -1.1400000000000006]",0.013584098815917968,4.075229644775391,0.2599999999999988,"[0.13299999999999995, -0.10700000000000007]",408195,"[1.3299999999999996, -1.0700000000000007]",0.01366843303044637,4.100529909133911,6.129999999999999,"[0.6209999999999999, -0.008000000000000063]",409195,"[6.209999999999999, -0.08000000000000063]",0.01347093423207601,4.041280269622803,4.939999999999999,"[0.7240000000000001, -0.23000000000000004]",410195,"[7.240000000000001, -2.3000000000000003]",0.01438942035039266,4.316826105117798,NashSolutionConcept,4.8675,2.234752503075005,0.013778221607208251,0.00035976611300662866,4.133466482162476,0.10792983390198863,COMPLETE
41,6.542499999999999,2025-06-12 21:40:00.535821,2025-06-12 21:40:07.261574,0 days 00:00:06.725753,34,0.5032901389152556,0.017762972507095652,0.924320104169926,0.0003887553104031736,345,417200,6.542499999999999,1.266123512932289,0.5085,0.06928383649885449,340.0,4,6.179999999999999,"[0.58, 0.03799999999999991]",417200,"[5.8, 0.3799999999999991]",0.01798627166187062,6.115332365036011,8.549999999999999,"[0.43099999999999994, 0.42400000000000004]",418200,"[4.31, 4.24]",0.016938608534195845,5.759126901626587,5.049999999999999,"[0.575, -0.0700000000000001]",419200,"[5.75, -0.7000000000000011]",0.019362395651200237,6.583214521408081,6.389999999999999,"[0.44799999999999995, 0.19099999999999992]",420200,"[4.4799999999999995, 1.9099999999999993]",0.017323986221762264,5.89015531539917,NashSolutionConcept,5.085,0.692838364988545,0.01790281551725724,0.0009222360808088071,6.086957275867462,0.31356026747499466,COMPLETE
42,4.5875,2025-06-12 21:40:07.275482,2025-06-12 21:40:12.158488,0 days 00:00:04.883006,27,0.5289618114723592,0.05835932295575527,0.9008180280868082,0.0013440098583686554,309,427207,4.5875,2.941023418811894,0.5647500000000001,0.2868678920688058,300.0,4,-0.3900000000000009,"[0.09499999999999997, -0.13400000000000006]",427207,"[0.9499999999999997, -1.3400000000000007]",0.015601473649342855,4.6804420948028564,5.630000000000001,"[0.5820000000000001, -0.019000000000000055]",428207,"[5.82, -0.19000000000000056]",0.013097584247589111,3.9292752742767334,7.26,"[0.737, -0.011000000000000027]",429207,"[7.37, -0.11000000000000026]",0.014220956166585287,4.266286849975586,5.85,"[0.845, -0.2600000000000001]",430207,"[8.45, -2.6000000000000014]",0.015779354572296143,4.733806371688843,NashSolutionConcept,5.6475,2.8686789206880574,0.01467484215895335,0.001092285288196131,4.402452647686005,0.3276855864588392,COMPLETE
43,4.322499999999999,2025-06-12 21:40:12.172461,2025-06-12 21:40:17.043146,0 days 00:00:04.870685,31,0.5771246791771135,0.04002772072911174,0.9406595060479658,0.0001754024205405565,270,437212,4.322499999999999,1.0341028720586747,0.5555,0.10729748366108131,270.0,4,5.229999999999999,"[0.7090000000000001, -0.18600000000000008]",437212,"[7.090000000000001, -1.8600000000000008]",0.016693143491391782,4.507148742675781,2.6599999999999993,"[0.45099999999999996, -0.18500000000000008]",438212,"[4.51, -1.8500000000000008]",0.01735643634089717,4.686237812042236,4.249999999999999,"[0.603, -0.17800000000000007]",439212,"[6.029999999999999, -1.7800000000000007]",0.0163726047233299,4.420603275299072,5.1499999999999995,"[0.45899999999999996, 0.05599999999999998]",440212,"[4.59, 0.5599999999999998]",0.01703095171186659,4.5983569622039795,NashSolutionConcept,5.555000000000001,1.0729748366108127,0.016863284066871362,0.00036777222507887827,4.553086698055267,0.09929850077129733,COMPLETE
44,3.9524999999999975,2025-06-12 21:40:17.057534,2025-06-12 21:40:25.676075,0 days 00:00:08.618541,47,0.6682278766691667,0.029262374734737202,0.9419651801451185,0.0027006389262034707,374,447217,3.9524999999999975,0.5362077489182714,0.5774999999999999,0.07245860887430837,370.0,4,3.429999999999997,"[0.5109999999999999, -0.16800000000000018]",447217,"[5.109999999999999, -1.6800000000000017]",0.02138418184744345,7.912147283554077,3.7399999999999975,"[0.5509999999999999, -0.1770000000000002]",448217,"[5.51, -1.7700000000000022]",0.02216278346809181,8.20022988319397,4.849999999999997,"[0.7, -0.21500000000000022]",449217,"[7.0, -2.150000000000002]",0.022891964783539644,8.470026969909668,3.789999999999997,"[0.548, -0.1690000000000002]",450217,"[5.48, -1.6900000000000022]",0.01941731813791636,7.184407711029053,NashSolutionConcept,5.7749999999999995,0.7245860887430837,0.021464062059247814,0.0012964045785326954,7.941702961921692,0.47966969405709714,COMPLETE
45,4.372499999999999,2025-06-12 21:40:25.690263,2025-06-12 21:40:31.555181,0 days 00:00:05.864918,35,0.6143807621636683,0.1594371232727338,0.9502548773009253,0.02569652444598441,333,457225,4.372499999999999,2.0966088691026754,0.6154999999999999,0.14459339542316585,330.0,4,4.9499999999999975,"[0.44099999999999995, 0.05399999999999994]",457225,"[4.409999999999999, 0.5399999999999994]",0.016230311538233903,5.3560028076171875,2.459999999999999,"[0.586, -0.3400000000000002]",458225,"[5.859999999999999, -3.400000000000002]",0.017282089320096103,5.703089475631714,2.5199999999999987,"[0.5919999999999999, -0.3400000000000002]",459225,"[5.919999999999998, -3.400000000000002]",0.017273374037309126,5.700213432312012,7.56,"[0.843, -0.08700000000000012]",460225,"[8.43, -0.8700000000000012]",0.017129933472835656,5.652878046035767,NashSolutionConcept,6.154999999999999,1.4459339542316587,0.016978927092118696,0.00043641566039146455,5.60304594039917,0.1440171679291835,COMPLETE
46,4.3775,2025-06-12 21:40:31.798563,2025-06-12 21:40:34.994069,0 days 00:00:03.195506,18,0.7494450624200664,0.10884392249865865,0.9063626948546895,0.0007633635456868675,290,467231,4.3775,3.3445281804762836,0.377,0.2745632896073326,290.0,4,6.949999999999999,"[0.748, -0.05299999999999998]",467231,"[7.48, -0.5299999999999998]",0.010052316764305378,2.9151718616485596,-0.010000000000000342,"[0.059999999999999984, -0.06100000000000002]",468231,"[0.5999999999999999, -0.6100000000000002]",0.010470275221199825,3.036379814147949,8.22,"[0.526, 0.296]",469231,"[5.26, 2.96]",0.009601492717348297,2.784432888031006,2.35,"[0.17400000000000002, 0.061]",470231,"[1.7400000000000002, 0.61]",0.010469693973146637,3.0362112522125244,NashSolutionConcept,3.77,2.7456328960733263,0.010148444669000034,0.00035887777557983724,2.9430489540100098,0.10407455491815282,COMPLETE
47,3.997499999999998,2025-06-12 21:40:35.010008,2025-06-12 21:40:38.792228,0 days 00:00:03.782220,41,0.5241321414808077,0.14227940909059084,0.9581291149449017,0.09568211442755237,173,477235,3.997499999999998,1.4150507941413273,0.5287499999999999,0.24544487670350756,170.0,4,1.6599999999999977,"[0.1569999999999999, 0.008999999999999897]",477235,"[1.569999999999999, 0.08999999999999897]",0.019749790079453412,3.35746431350708,5.469999999999998,"[0.5499999999999999, -0.0030000000000001414]",478235,"[5.499999999999999, -0.030000000000001414]",0.02118832363801844,3.6020150184631348,4.469999999999999,"[0.8470000000000001, -0.40000000000000024]",479235,"[8.47, -4.000000000000003]",0.021328004668740665,3.625760793685913,4.389999999999998,"[0.5609999999999999, -0.12200000000000014]",480235,"[5.609999999999999, -1.2200000000000013]",0.0193554583717795,3.2904279232025146,NashSolutionConcept,5.2875,2.4544487670350756,0.020405394189498004,0.0008655013847771232,3.4689170122146606,0.14713523541211104,COMPLETE
48,5.872499999999999,2025-06-12 21:40:38.806643,2025-06-12 21:40:43.370287,0 days 00:00:04.563644,22,0.5648650000011832,0.18800661098534235,0.9889217798273102,0.0015521519222484246,362,487238,5.872499999999999,3.8268418767960615,0.61925,0.23011342311999095,360.0,4,0.38999999999999907,"[0.24900000000000003, -0.21000000000000002]",487238,"[2.49, -2.1]",0.012260419130325318,4.413750886917114,9.03,"[0.8709999999999999, 0.03199999999999995]",488238,"[8.709999999999999, 0.3199999999999995]",0.011184780465232,4.0265209674835205,4.22,"[0.632, -0.21000000000000002]",489238,"[6.32, -2.1]",0.012129109435611301,4.366479396820068,9.85,"[0.7250000000000001, 0.25999999999999995]",490238,"[7.250000000000001, 2.5999999999999996]",0.011497856511010065,4.139228343963623,NashSolutionConcept,6.1925,2.3011342311999097,0.011768041385544672,0.00044328296491221575,4.2364948987960815,0.15958186736839752,COMPLETE
49,5.2574999999999985,2025-06-12 21:40:43.384321,2025-06-12 21:40:48.652794,0 days 00:00:05.268473,25,0.7239552771358435,0.06654502274419224,0.9983666661367155,0.005529858502287362,397,497243,5.2574999999999985,1.7574751065093352,0.64375,0.09801116007884002,390.0,4,2.509999999999999,"[0.49099999999999994, -0.24000000000000007]",497243,"[4.909999999999999, -2.400000000000001]",0.01241290324773544,4.841032266616821,7.239999999999998,"[0.718, 0.005999999999999941]",498243,"[7.18, 0.059999999999999415]",0.012995518782199957,5.068252325057983,5.099999999999999,"[0.626, -0.11600000000000006]",499243,"[6.26, -1.1600000000000006]",0.013125071770105606,5.1187779903411865,6.179999999999999,"[0.74, -0.12200000000000004]",500243,"[7.4, -1.2200000000000004]",0.012807613152724046,4.994969129562378,NashSolutionConcept,6.4375,0.9801116007884004,0.012835276738191261,0.000268711421692053,5.005757927894592,0.10479745445990073,COMPLETE
50,7.5775,2025-06-12 21:40:48.666892,2025-06-12 21:40:54.779685,0 days 00:00:06.112793,29,0.6843437851255977,0.15501287023719332,0.9292175998937646,0.05847318286723982,423,507248,7.5775,1.4622307444449392,0.8182499999999999,0.11257969399496522,420.0,4,5.68,"[0.8479999999999999, -0.28000000000000014]",507248,"[8.479999999999999, -2.8000000000000016]",0.014209749017442977,5.96809458732605,8.079999999999998,"[0.7149999999999999, 0.09299999999999994]",508248,"[7.149999999999999, 0.9299999999999995]",0.013874358222598122,5.827230453491211,6.909999999999999,"[0.72, -0.029000000000000064]",509248,"[7.199999999999999, -0.29000000000000065]",0.01405452433086577,5.902900218963623,9.64,"[0.99, -0.02600000000000006]",510248,"[9.9, -0.2600000000000006]",0.013913137572152274,5.843517780303955,NashSolutionConcept,8.1825,1.1257969399496524,0.014012942285764786,0.00013193604466908286,5.88543576002121,0.055413138761014766,COMPLETE
51,5.4725,2025-06-12 21:40:55.039433,2025-06-12 21:41:01.358895,0 days 00:00:06.319462,28,0.692339359291996,0.1676182440635365,0.9296696760210941,0.06231378119012602,430,517255,5.4725,0.5048452733263926,0.72425,0.08753963388088849,430.0,4,5.71,"[0.714, -0.14300000000000007]",517255,"[7.14, -1.4300000000000006]",0.012430789304334064,5.3452394008636475,5.779999999999999,"[0.603, -0.02500000000000006]",518255,"[6.029999999999999, -0.2500000000000006]",0.014366220873455668,6.1774749755859375,5.8,"[0.85, -0.2700000000000001]",519255,"[8.5, -2.7000000000000006]",0.014136647069176961,6.078758239746094,4.6,"[0.73, -0.2700000000000001]",520255,"[7.3, -2.7000000000000006]",0.013921004117921342,5.986031770706177,NashSolutionConcept,7.2425,0.8753963388088852,0.013713665341222009,0.0007572157154960874,5.896876096725464,0.32560275766331775,COMPLETE
52,6.77,2025-06-12 21:41:01.373143,2025-06-12 21:41:06.529143,0 days 00:00:05.156000,31,0.7066435086817932,0.15396282252313215,0.919480784747488,0.024402382438064692,337,527261,6.77,3.719267400981005,0.7237499999999999,0.23777129242194062,330.0,4,11.969999999999999,"[0.9799999999999999, 0.21699999999999994]",527261,"[9.799999999999999, 2.1699999999999995]",0.013462120113950787,4.44249963760376,5.439999999999999,"[0.716, -0.17200000000000007]",528261,"[7.16, -1.7200000000000006]",0.015183972589897387,5.010710954666138,7.92,"[0.8539999999999999, -0.062000000000000076]",529261,"[8.54, -0.6200000000000008]",0.014337564237190015,4.731396198272705,1.7499999999999991,"[0.3449999999999999, -0.17000000000000007]",530261,"[3.4499999999999993, -1.7000000000000006]",0.014916485728639545,4.92244029045105,NashSolutionConcept,7.2375,2.377712924219406,0.014475035667419433,0.0006599935661034445,4.776761770248413,0.21779787681413673,COMPLETE
53,8.4925,2025-06-12 21:41:06.543235,2025-06-12 21:41:10.860341,0 days 00:00:04.317106,25,0.7666746584456755,0.14166133924069335,0.9387714458671388,0.017380416657164922,313,537266,8.4925,2.6106644269227712,0.845,0.11723693957110962,310.0,4,12.24,"[0.73, 0.49399999999999994]",537266,"[7.3, 4.9399999999999995]",0.011478590965270995,3.558363199234009,8.639999999999999,"[0.9800000000000001, -0.11600000000000006]",538266,"[9.8, -1.1600000000000006]",0.012145454652847783,3.7650909423828125,8.219999999999999,"[0.943, -0.12100000000000007]",539266,"[9.43, -1.2100000000000006]",0.013311759887203093,4.126645565032959,4.869999999999999,"[0.727, -0.24000000000000007]",540266,"[7.27, -2.400000000000001]",0.013277693717710433,4.116085052490234,NashSolutionConcept,8.45,1.172369395711096,0.012553374805758076,0.0007780335746117784,3.8915461897850037,0.2411904081296513,COMPLETE
54,7.2799999999999985,2025-06-12 21:41:10.874564,2025-06-12 21:41:16.369970,0 days 00:00:05.495406,25,0.7676616582816855,0.13931491557469866,0.9380613801279609,0.032151797283281984,428,547270,7.2799999999999985,2.131841926597748,0.7925,0.060060386279144035,420.0,4,4.959999999999999,"[0.736, -0.24000000000000007]",547270,"[7.359999999999999, -2.400000000000001]",0.012673202015104749,5.322744846343994,10.669999999999998,"[0.7290000000000001, 0.3379999999999999]",548270,"[7.290000000000001, 3.379999999999999]",0.010842029253641765,4.553652286529541,6.139999999999999,"[0.8540000000000001, -0.24000000000000007]",549270,"[8.540000000000001, -2.400000000000001]",0.012608860220227922,5.2957212924957275,7.349999999999999,"[0.8509999999999998, -0.11600000000000006]",550270,"[8.509999999999998, -1.1600000000000006]",0.011316426595052083,4.752899169921875,NashSolutionConcept,7.925,0.6006038627914405,0.01186012952100663,0.0007990346623763085,4.981254398822784,0.3355945581980496,COMPLETE
55,5.8475,2025-06-12 21:41:16.384679,2025-06-12 21:41:20.171903,0 days 00:00:03.787224,23,0.7359948270579146,0.12190133907204442,0.9325707721894081,0.019322326461441414,296,557276,5.8475,1.2936262018063795,0.5047499999999999,0.08248446823493502,290.0,4,7.569999999999999,"[0.619, 0.13799999999999996]",557276,"[6.1899999999999995, 1.3799999999999994]",0.012100533781380488,3.509154796600342,6.439999999999999,"[0.502, 0.14199999999999996]",558276,"[5.02, 1.4199999999999995]",0.011841985275005473,3.434175729751587,4.1,"[0.3859999999999999, 0.023999999999999935]",559276,"[3.859999999999999, 0.23999999999999935]",0.012551568294393606,3.6399548053741455,5.279999999999999,"[0.5119999999999999, 0.015999999999999938]",560276,"[5.119999999999999, 0.15999999999999936]",0.012011556789792818,3.483351469039917,NashSolutionConcept,5.047499999999999,0.8248446823493502,0.012126411035143097,0.00026244896554403983,3.516659200191498,0.07611020000777152,COMPLETE
56,4.294999999999999,2025-06-12 21:41:20.517650,2025-06-12 21:41:24.805910,0 days 00:00:04.288260,29,0.6888499229769155,0.12569644662615845,0.927908852344259,0.011262351153686904,264,567280,4.294999999999999,1.4732532029491738,0.593,0.15014992507490638,260.0,4,5.43,"[0.72, -0.17700000000000005]",567280,"[7.199999999999999, -1.7700000000000005]",0.014876110737140362,3.867788791656494,5.689999999999999,"[0.722, -0.15300000000000008]",568280,"[7.22, -1.5300000000000007]",0.014661553272834192,3.8120038509368896,4.089999999999999,"[0.576, -0.16700000000000004]",569280,"[5.76, -1.6700000000000004]",0.01476504527605497,3.838911771774292,1.9699999999999993,"[0.3539999999999999, -0.15700000000000006]",570280,"[3.539999999999999, -1.5700000000000005]",0.015942609310150145,4.145078420639038,NashSolutionConcept,5.93,1.501499250749064,0.015061329649044917,0.0005144330537249425,3.9159457087516785,0.13375259396848527,COMPLETE
57,7.5325,2025-06-12 21:41:24.820441,2025-06-12 21:41:27.904017,0 days 00:00:03.083576,17,0.6532217345385821,0.16707684556212168,0.9327520418677064,0.05629060578792784,314,577284,7.5325,1.9096121988508556,0.7235,0.1514092137222831,310.0,4,4.67,"[0.5229999999999999, -0.055999999999999994]",577284,"[5.229999999999999, -0.5599999999999999]",0.008954966452813918,2.7760396003723145,9.149999999999999,"[0.873, 0.04199999999999998]",578284,"[8.73, 0.4199999999999998]",0.009068533682054089,2.8112454414367676,9.38,"[0.867, 0.07099999999999998]",579284,"[8.67, 0.7099999999999997]",0.009023527945241621,2.7972936630249023,6.93,"[0.631, 0.062]",580284,"[6.3100000000000005, 0.62]",0.009464390816227082,2.9339611530303955,NashSolutionConcept,7.234999999999999,1.5140921372228313,0.009127854724084178,0.00019846281671186892,2.829634964466095,0.06152347318067947,COMPLETE
58,6.819999999999999,2025-06-12 21:41:27.918097,2025-06-12 21:41:32.696655,0 days 00:00:04.778558,19,0.7814978522038839,0.15310874205912534,0.9481100032752444,0.03740031087250692,454,587287,6.819999999999999,1.1204463396343436,0.74625,0.1623797632095823,450.0,4,7.959999999999999,"[0.9760000000000002, -0.18]",587287,"[9.760000000000002, -1.7999999999999998]",0.009850143326653375,4.4325644969940186,7.919999999999999,"[0.7379999999999999, 0.05399999999999997]",588287,"[7.379999999999999, 0.5399999999999997]",0.009174934493170844,4.12872052192688,5.660000000000001,"[0.517, 0.04899999999999997]",589287,"[5.17, 0.48999999999999966]",0.009570132891337077,4.306559801101685,5.739999999999999,"[0.7540000000000001, -0.18]",590287,"[7.540000000000001, -1.7999999999999998]",0.010237171385023329,4.606727123260498,NashSolutionConcept,7.4625,1.6237976320958232,0.009708095524046155,0.00038839194693064964,4.36864298582077,0.17477637611879226,COMPLETE
59,6.2075,2025-06-12 21:41:32.712073,2025-06-12 21:41:38.813444,0 days 00:00:06.101371,32,0.6757231286106592,0.1375860892020991,0.9209209343915594,0.0036634179920626763,366,597292,6.2075,1.7292538130650454,0.55175,0.04696474741761103,360.0,4,5.369999999999999,"[0.587, -0.050000000000000065]",597292,"[5.869999999999999, -0.5000000000000007]",0.015114402108722263,5.441184759140015,8.899999999999999,"[0.578, 0.31199999999999994]",598292,"[5.779999999999999, 3.119999999999999]",0.014521503448486328,5.227741241455078,6.35,"[0.571, 0.06399999999999992]",599292,"[5.709999999999999, 0.6399999999999992]",0.01644653148121304,5.920751333236694,4.209999999999999,"[0.4709999999999999, -0.050000000000000086]",600292,"[4.709999999999999, -0.5000000000000009]",0.01369856595993042,4.931483745574951,NashSolutionConcept,5.5175,0.46964747417611014,0.014945250749588013,0.0010020280382055306,5.380290269851685,0.36073009375399107,COMPLETE
60,5.3999999999999995,2025-06-12 21:41:38.827657,2025-06-12 21:41:44.194335,0 days 00:00:05.366678,26,0.6362877690132414,0.1580932785010311,0.9532180384212857,0.0021604065934482672,386,607298,5.3999999999999995,4.062511538445153,0.52225,0.3059185961984005,380.0,4,7.360000000000001,"[0.7380000000000001, -0.0020000000000000295]",607298,"[7.380000000000001, -0.020000000000000295]",0.012875668626082571,4.892754077911377,10.719999999999999,"[0.734, 0.33799999999999997]",608298,"[7.34, 3.38]",0.012423975844132273,4.721110820770264,3.68,"[0.618, -0.25000000000000006]",609298,"[6.18, -2.5000000000000004]",0.012792752918444181,4.861246109008789,-0.1600000000000007,"[-0.0010000000000000343, -0.01500000000000003]",610298,"[-0.010000000000000342, -0.1500000000000003]",0.013726364311419036,5.216018438339233,NashSolutionConcept,5.222499999999999,3.0591859619840047,0.012954690425019514,0.0004768665311332744,4.922782361507416,0.1812092818306442,COMPLETE
61,6.335,2025-06-12 21:41:44.492905,2025-06-12 21:41:47.532783,0 days 00:00:03.039878,16,0.6537152954137052,0.16892965155515374,0.9339766625616595,0.05494643983634344,315,617304,6.335,0.9188171744150196,0.61425,0.09630777486786826,310.0,4,4.92,"[0.528, -0.03600000000000001]",617304,"[5.28, -0.3600000000000001]",0.00897875524336292,2.783414125442505,7.15,"[0.529, 0.186]",618304,"[5.29, 1.8599999999999999]",0.008768916899158109,2.7183642387390137,6.119999999999999,"[0.762, -0.14999999999999997]",619304,"[7.62, -1.4999999999999996]",0.00928687664770311,2.878931760787964,7.150000000000001,"[0.6379999999999999, 0.07699999999999999]",620304,"[6.379999999999999, 0.7699999999999998]",0.009162892064740582,2.84049654006958,NashSolutionConcept,6.1425,0.9630777486786826,0.00904936021374118,0.0001955358356732828,2.8053016662597656,0.060616109058717685,COMPLETE
62,5.119999999999999,2025-06-12 21:41:47.548295,2025-06-12 21:41:50.450954,0 days 00:00:02.902659,17,0.7020633712231611,0.14659098828243486,0.9414833870914212,0.08138999667275416,283,627307,5.119999999999999,0.919701038381495,0.5565,0.1679382326928565,280.0,4,5.97,"[0.757, -0.15999999999999998]",627307,"[7.57, -1.5999999999999996]",0.009358216183526176,2.620300531387329,5.9399999999999995,"[0.64, -0.04600000000000002]",628307,"[6.4, -0.4600000000000002]",0.009763881138392856,2.73388671875,4.829999999999999,"[0.5269999999999999, -0.04400000000000002]",629307,"[5.27, -0.44000000000000017]",0.009701346499579294,2.716377019882202,3.7399999999999998,"[0.30199999999999994, 0.07200000000000004]",630307,"[3.0199999999999996, 0.7200000000000004]",0.009822986807141986,2.750436305999756,NashSolutionConcept,5.565,1.6793823269285648,0.009661607657160077,0.00018036674921041056,2.7052501440048218,0.050502689778915005,COMPLETE
63,6.677499999999999,2025-06-12 21:41:50.465438,2025-06-12 21:41:53.129328,0 days 00:00:02.663890,13,0.76276647031651,0.16290728715177705,0.9262046466857301,0.04909977125896636,323,637310,6.677499999999999,2.515058398924367,0.542,0.1371987609273495,320.0,4,4.180000000000001,"[0.426, -0.007999999999999993]",637310,"[4.26, -0.07999999999999993]",0.007853133976459504,2.513002872467041,6.379999999999999,"[0.545, 0.09300000000000003]",638310,"[5.45, 0.9300000000000003]",0.007516226172447205,2.4051923751831055,10.82,"[0.765, 0.31699999999999995]",639310,"[7.65, 3.1699999999999995]",0.007135610282421112,2.283395290374756,5.329999999999999,"[0.43199999999999994, 0.10100000000000005]",640310,"[4.319999999999999, 1.0100000000000005]",0.007594691216945648,2.4303011894226074,NashSolutionConcept,5.42,1.3719876092734953,0.007524915412068367,0.00025701657330418927,2.4079729318618774,0.08224530345734056,COMPLETE
64,8.032499999999999,2025-06-12 21:41:53.143203,2025-06-12 21:41:57.344402,0 days 00:00:04.201199,21,0.7414247276489475,0.18363010029185084,0.9141132255120746,0.06832551989048737,351,647313,8.032499999999999,3.024403866880215,0.826,0.1542579009321727,350.0,4,12.329999999999998,"[0.962, 0.271]",647313,"[9.62, 2.71]",0.009958910260881696,3.4856185913085938,4.119999999999999,"[0.6119999999999999, -0.2]",648313,"[6.119999999999999, -2.0]",0.01149388245173863,4.0228588581085205,6.67,"[0.7470000000000001, -0.08000000000000004]",649313,"[7.470000000000001, -0.8000000000000005]",0.010872864723205566,3.8055026531219482,9.009999999999998,"[0.983, -0.08200000000000005]",650313,"[9.83, -0.8200000000000005]",0.00985185010092599,3.4481475353240967,NashSolutionConcept,8.26,1.5425790093217269,0.01054437688418797,0.00067672549747534,3.69053190946579,0.23685392411636902,COMPLETE
65,5.084999999999999,2025-06-12 21:41:57.359503,2025-06-12 21:42:01.517709,0 days 00:00:04.158206,21,0.7380934866513247,0.18489207223014892,0.9111646270565397,0.07927731080288794,351,657317,5.084999999999999,1.884747993764684,0.53475,0.15134294664767173,350.0,4,1.909999999999999,"[0.3909999999999999, -0.2]",657317,"[3.9099999999999993, -2.0]",0.011423608234950474,3.998262882232666,6.55,"[0.736, -0.08100000000000004]",658317,"[7.359999999999999, -0.8100000000000005]",0.01119352204459054,3.9177327156066895,5.429999999999999,"[0.6260000000000001, -0.08300000000000005]",659317,"[6.260000000000002, -0.8300000000000005]",0.010793070793151855,3.7775747776031494,6.45,"[0.38599999999999995, 0.259]",660317,"[3.8599999999999994, 2.59]",0.010345946039472307,3.6210811138153076,NashSolutionConcept,5.3475,1.5134294664767172,0.010939036778041294,0.00041007162199510237,3.828662872314453,0.14352506769828585,COMPLETE
66,4.492499999999999,2025-06-12 21:42:01.840469,2025-06-12 21:42:05.883933,0 days 00:00:04.043464,23,0.8319800047600318,0.1746353499034468,0.9162794663471323,0.0006337518832260282,338,667321,4.492499999999999,3.186333119747526,0.46574999999999994,0.23452331973601262,330.0,4,0.4699999999999989,"[0.2669999999999999, -0.22000000000000003]",667321,"[2.669999999999999, -2.2]",0.01163947798989036,3.8410277366638184,8.809999999999999,"[0.866, 0.014999999999999939]",668321,"[8.66, 0.14999999999999938]",0.01152272874658758,3.8025004863739014,2.649999999999999,"[0.364, -0.09900000000000006]",669321,"[3.6399999999999997, -0.9900000000000007]",0.011784729813084458,3.888960838317871,6.039999999999998,"[0.36599999999999994, 0.23799999999999993]",670321,"[3.6599999999999993, 2.3799999999999994]",0.01130256074847597,3.7298450469970703,NashSolutionConcept,4.6575,2.3452331973601264,0.011562374324509591,0.00017639572320117753,3.8155835270881653,0.05821058865638846,COMPLETE
67,6.15,2025-06-12 21:42:05.898306,2025-06-12 21:42:10.885038,0 days 00:00:04.986732,26,0.7710959507140681,0.19854375185156234,0.9133779649264668,0.0004338691048392138,377,677325,6.15,1.2497399729543741,0.6864999999999999,0.15109682326243665,370.0,4,5.51,"[0.576, -0.025000000000000057]",677325,"[5.76, -0.25000000000000056]",0.012858019003996978,4.757467031478882,6.04,"[0.612, -0.008000000000000045]",678325,"[6.12, -0.08000000000000046]",0.012605800499787202,4.664146184921265,8.19,"[0.9470000000000001, -0.12800000000000003]",679325,"[9.47, -1.2800000000000002]",0.013054588678720835,4.830197811126709,4.859999999999999,"[0.611, -0.12500000000000003]",680325,"[6.109999999999999, -1.2500000000000002]",0.012663680153924066,4.685561656951904,NashSolutionConcept,6.865,1.5109682326243663,0.01279552208410727,0.00017635046041314978,4.73434317111969,0.0652496703528654,COMPLETE
68,4.1325,2025-06-12 21:42:10.899274,2025-06-12 21:42:16.675187,0 days 00:00:05.775913,28,0.8024514013268809,0.17909932284222985,0.9058990010612487,0.0002756535078276472,401,687330,4.1325,2.48176726346368,0.5587499999999999,0.13548316316059347,400.0,4,0.6699999999999989,"[0.337, -0.2700000000000001]",687330,"[3.37, -2.7000000000000006]",0.013430935740470886,5.3723742961883545,7.24,"[0.6159999999999999, 0.10799999999999994]",688330,"[6.159999999999998, 1.0799999999999994]",0.01175911545753479,4.703646183013916,5.52,"[0.702, -0.15000000000000008]",689330,"[7.02, -1.5000000000000009]",0.013628214001655578,5.4512856006622314,3.0999999999999996,"[0.5799999999999998, -0.2700000000000001]",690330,"[5.799999999999999, -2.7000000000000006]",0.014020618796348572,5.608247518539429,NashSolutionConcept,5.587499999999999,1.3548316316059346,0.013209720999002455,0.000863985536596252,5.283888399600983,0.34559421463850076,COMPLETE
69,3.1624999999999996,2025-06-12 21:42:16.689421,2025-06-12 21:42:20.555992,0 days 00:00:03.866571,20,0.9670758354225524,0.046578017508275095,0.9372276347803755,0.0009531509972472692,358,697336,3.1624999999999996,2.1363564192334574,0.36249999999999993,0.22180340394141834,350.0,4,-0.26000000000000073,"[0.046999999999999965, -0.07300000000000004]",697336,"[0.46999999999999964, -0.7300000000000004]",0.010493659973144531,3.672780990600586,3.21,"[0.5109999999999999, -0.19]",698336,"[5.109999999999999, -1.9]",0.01026745251246861,3.5936083793640137,5.5,"[0.621, -0.07100000000000004]",699336,"[6.21, -0.7100000000000004]",0.01052849428994315,3.6849730014801025,4.199999999999999,"[0.271, 0.14899999999999997]",700336,"[2.71, 1.4899999999999998]",0.010450105667114257,3.6575369834899902,NashSolutionConcept,3.625,2.2180340394141833,0.010434928110667638,0.00010060131185282118,3.652224838733673,0.03521045914848745,COMPLETE
70,7.467499999999999,2025-06-12 21:42:20.570416,2025-06-12 21:42:24.552722,0 days 00:00:03.982306,24,0.7925414317669992,0.1301725306923689,0.9222395278343939,0.06630342138036412,300,707340,7.467499999999999,3.0694818373790715,0.68275,0.2642455061112677,300.0,4,3.829999999999999,"[0.25799999999999995, 0.12499999999999996]",707340,"[2.5799999999999996, 1.2499999999999996]",0.012101289431254068,3.6303868293762207,7.429999999999999,"[0.748, -0.005000000000000065]",708340,"[7.48, -0.050000000000000655]",0.01257073720296224,3.771221160888672,6.329999999999998,"[0.7399999999999999, -0.10700000000000007]",709340,"[7.399999999999999, -1.0700000000000007]",0.012759174505869548,3.8277523517608643,12.28,"[0.985, 0.24299999999999997]",710340,"[9.85, 2.4299999999999997]",0.011600235303243,3.4800705909729004,NashSolutionConcept,6.827500000000001,2.6424550611126763,0.012257859110832214,0.00044894124412547023,3.6773577332496643,0.13468237323764098,COMPLETE
71,5.307499999999999,2025-06-12 21:42:24.891733,2025-06-12 21:42:28.959618,0 days 00:00:04.067885,22,0.6515768453741524,0.16400250392888877,0.9308586253802315,0.041547661329444506,323,717344,5.307499999999999,1.535584172228927,0.5617500000000001,0.1382685340198557,320.0,4,6.569999999999999,"[0.6300000000000001, 0.026999999999999934]",717344,"[6.300000000000001, 0.26999999999999935]",0.011057166755199433,3.5382933616638184,5.369999999999999,"[0.5080000000000001, 0.02899999999999996]",718344,"[5.080000000000001, 0.2899999999999996]",0.01203807070851326,3.852182626724243,2.7800000000000002,"[0.36900000000000005, -0.09100000000000005]",719344,"[3.6900000000000004, -0.9100000000000006]",0.011881171911954879,3.8019750118255615,6.509999999999999,"[0.74, -0.08900000000000005]",720344,"[7.4, -0.8900000000000006]",0.011181718856096267,3.5781500339508057,NashSolutionConcept,5.6175000000000015,1.3826853401985573,0.01153953205794096,0.00042601794230653537,3.692650258541107,0.13632574153809135,COMPLETE
72,7.154999999999999,2025-06-12 21:42:28.977004,2025-06-12 21:42:32.589371,0 days 00:00:03.612367,19,0.6789439403001455,0.17224346404735139,0.926217040864306,0.05793178528789117,339,727349,7.154999999999999,0.9754101701335707,0.7505000000000001,0.08347903928532,330.0,4,8.040000000000001,"[0.867, -0.06300000000000003]",727349,"[8.67, -0.6300000000000003]",0.009682684233694366,3.1952857971191406,8.03,"[0.7550000000000001, 0.047999999999999966]",728349,"[7.550000000000001, 0.47999999999999965]",0.009992863192702785,3.297644853591919,5.679999999999999,"[0.631, -0.06300000000000003]",729349,"[6.3100000000000005, -0.6300000000000003]",0.010147704500140567,3.3487424850463867,6.869999999999998,"[0.7490000000000001, -0.062000000000000034]",730349,"[7.490000000000001, -0.6200000000000003]",0.01030330007726496,3.4000890254974365,NashSolutionConcept,7.505000000000001,0.8347903928531998,0.010031638000950669,0.00022942533283108467,3.3104405403137207,0.07571035983425799,COMPLETE
73,4.5150000000000015,2025-06-12 21:42:32.603803,2025-06-12 21:42:34.894928,0 days 00:00:02.291125,13,0.7330954879085776,0.1546876797539489,0.9356827671137354,0.03227099178567158,254,737352,4.5150000000000015,1.2201331894510534,0.40474999999999994,0.1790270580107934,250.0,4,3.1500000000000012,"[0.10400000000000005, 0.21100000000000002]",737352,"[1.0400000000000005, 2.1100000000000003]",0.008010072708129883,2.0025181770324707,4.160000000000001,"[0.5359999999999999, -0.11999999999999997]",738352,"[5.359999999999999, -1.1999999999999997]",0.008162511825561523,2.040627956390381,4.260000000000001,"[0.4339999999999999, -0.007999999999999983]",739352,"[4.339999999999999, -0.07999999999999982]",0.007925084114074707,1.9812710285186768,6.490000000000001,"[0.545, 0.10400000000000002]",740352,"[5.45, 1.0400000000000003]",0.008003328323364258,2.0008320808410645,NashSolutionConcept,4.047499999999999,1.7902705801079342,0.008025249242782593,8.600134236222706e-05,2.006312310695648,0.02150033559055683,COMPLETE
74,8.0525,2025-06-12 21:42:34.909543,2025-06-12 21:42:39.723959,0 days 00:00:04.814416,21,0.5918116030984508,0.19234781830396208,0.9456383969754723,0.04670486978517531,418,747354,8.0525,2.541774724478942,0.7715,0.09434643607471348,410.0,4,7.749999999999999,"[0.748, 0.02699999999999998]",747354,"[7.48, 0.2699999999999998]",0.010365970541791218,4.250047922134399,4.27,"[0.627, -0.2]",748354,"[6.27, -2.0]",0.010907059181027296,4.471894264221191,11.34,"[0.861, 0.27299999999999996]",749354,"[8.61, 2.7299999999999995]",0.009962704705029,4.08470892906189,8.85,"[0.85, 0.03499999999999999]",750354,"[8.5, 0.34999999999999987]",0.011332121709497963,4.646169900894165,NashSolutionConcept,7.715,0.943464360747135,0.010641964034336369,0.000520614708244472,4.363205254077911,0.21345203038023378,COMPLETE
75,6.942499999999999,2025-06-12 21:42:39.738431,2025-06-12 21:42:44.679411,0 days 00:00:04.940980,21,0.590291899928197,0.19472782150542867,0.9467984012815475,0.0971687036436782,417,757359,6.942499999999999,2.282206991050549,0.6875,0.10490352710943524,410.0,4,7.709999999999999,"[0.6229999999999999, 0.14799999999999996]",757359,"[6.229999999999999, 1.4799999999999995]",0.011331996103612388,4.646118402481079,4.349999999999999,"[0.635, -0.2]",758359,"[6.35, -2.0]",0.011672764871178604,4.7858335971832275,10.29,"[0.8690000000000001, 0.15999999999999998]",759359,"[8.690000000000001, 1.5999999999999996]",0.009946798115241818,4.0781872272491455,5.419999999999999,"[0.623, -0.08100000000000004]",760359,"[6.23, -0.8100000000000005]",0.011116033647118545,4.5575737953186035,NashSolutionConcept,6.875,1.0490352710943525,0.011016898184287837,0.0006489202199613382,4.516928255558014,0.2660572901841486,COMPLETE
76,5.869999999999999,2025-06-12 21:42:45.037091,2025-06-12 21:42:51.372541,0 days 00:00:06.335450,24,0.5451559670949621,0.18122873628028216,0.9392819391444289,0.0213869394678775,469,767365,5.869999999999999,3.3807913274853267,0.67225,0.19962762208672433,460.0,4,1.3799999999999986,"[0.3679999999999999, -0.23000000000000004]",767365,"[3.679999999999999, -2.3000000000000003]",0.012962222617605459,5.962622404098511,8.509999999999998,"[0.8440000000000001, 0.006999999999999942]",768365,"[8.440000000000001, 0.06999999999999942]",0.012011398958123249,5.525243520736694,3.889999999999999,"[0.619, -0.23000000000000004]",769365,"[6.1899999999999995, -2.3000000000000003]",0.013423855408378269,6.174973487854004,9.7,"[0.858, 0.11199999999999995]",770365,"[8.58, 1.1199999999999994]",0.011556295208309008,5.3158957958221436,NashSolutionConcept,6.7225,1.9962762208672433,0.012488443048103997,0.0007409342115280713,5.744683802127838,0.34082973730291294,COMPLETE
77,5.6899999999999995,2025-06-12 21:42:51.386927,2025-06-12 21:42:57.023987,0 days 00:00:05.637060,28,0.6048643766655375,0.19084488145913797,0.9446015927472166,0.00022187929904161235,386,777371,5.6899999999999995,1.5619378988935504,0.5349999999999999,0.20218679482102686,380.0,4,7.099999999999998,"[0.607, 0.10299999999999995]",777371,"[6.07, 1.0299999999999996]",0.014360179399189196,5.4568681716918945,5.25,"[0.19699999999999993, 0.32799999999999996]",778371,"[1.9699999999999993, 3.2799999999999994]",0.014215995763477526,5.40207839012146,7.09,"[0.734, -0.025000000000000057]",779371,"[7.34, -0.25000000000000056]",0.014417103089784321,5.478499174118042,3.3199999999999994,"[0.602, -0.2700000000000001]",780371,"[6.02, -2.7000000000000006]",0.013002323476891769,4.940882921218872,NashSolutionConcept,5.35,2.0218679482102684,0.013998900432335704,0.000580024129996609,5.319582164287567,0.22040916939871144,COMPLETE
78,8.445,2025-06-12 21:42:57.038690,2025-06-12 21:43:01.105073,0 days 00:00:04.066383,19,0.5129473757796997,0.07606359114154876,0.9435949675408101,0.04568575297406631,351,787377,8.445,2.545049115439622,0.7757499999999999,0.10108999703234736,350.0,4,6.72,"[0.624, 0.047999999999999966]",787377,"[6.24, 0.47999999999999965]",0.010970003264290946,3.839501142501831,9.16,"[0.869, 0.04699999999999997]",788377,"[8.69, 0.46999999999999975]",0.010985894884381975,3.8450632095336914,12.26,"[0.866, 0.35999999999999993]",789377,"[8.66, 3.599999999999999]",0.010987368992396763,3.845579147338867,5.639999999999999,"[0.744, -0.18]",790377,"[7.4399999999999995, -1.7999999999999998]",0.0101435238974435,3.5502333641052246,NashSolutionConcept,7.7575,1.0108999703234736,0.010771697759628295,0.0003627402525252351,3.7700942158699036,0.12695908838383244,COMPLETE
79,6.174999999999999,2025-06-12 21:43:01.119590,2025-06-12 21:43:05.195698,0 days 00:00:04.076108,19,0.5185718941904384,0.09871516549850005,0.9087666756485266,0.04107166246483966,350,797381,6.174999999999999,2.0264069186616984,0.6572500000000001,0.0905300364519975,350.0,4,9.049999999999999,"[0.743, 0.16199999999999998]",797381,"[7.43, 1.6199999999999997]",0.011206459999084473,3.9222609996795654,3.38,"[0.518, -0.18]",798381,"[5.18, -1.7999999999999998]",0.01122953142438616,3.9303359985351562,5.719999999999999,"[0.6360000000000001, -0.064]",799381,"[6.360000000000001, -0.64]",0.010795361655099051,3.778376579284668,6.549999999999999,"[0.732, -0.07700000000000001]",800381,"[7.32, -0.7700000000000001]",0.010996847833905901,3.8488967418670654,NashSolutionConcept,6.5725,0.9053003645199752,0.011057050228118896,0.0001761946936232136,3.8699675798416138,0.06166814276812469,COMPLETE
80,6.8149999999999995,2025-06-12 21:43:05.210148,2025-06-12 21:43:10.147044,0 days 00:00:04.936896,22,0.5525257139927059,0.07636708434892542,0.9572868743303689,0.027704707278793667,369,807385,6.8149999999999995,3.1841286092116317,0.6849999999999999,0.2604169733331528,360.0,4,10.08,"[0.748, 0.25999999999999995]",807385,"[7.48, 2.5999999999999996]",0.010246488120820787,3.6887357234954834,8.919999999999998,"[0.9860000000000001, -0.09400000000000006]",808385,"[9.860000000000001, -0.9400000000000006]",0.012450585100385879,4.482210636138916,6.48,"[0.738, -0.09000000000000005]",809385,"[7.38, -0.9000000000000006]",0.011852035257551406,4.266732692718506,1.7799999999999991,"[0.26799999999999996, -0.09000000000000001]",810385,"[2.6799999999999997, -0.9000000000000001]",0.01326441764831543,4.775190353393555,NashSolutionConcept,6.8500000000000005,2.604169733331528,0.011953381531768375,0.0011056427170621976,4.303217351436615,0.3980313781423911,COMPLETE
81,5.899999999999999,2025-06-12 21:43:10.583744,2025-06-12 21:43:15.995320,0 days 00:00:05.411576,30,0.5027415252343218,0.061029068923559415,0.943442417394071,0.047570827779516454,328,817390,5.899999999999999,1.3927849798156209,0.72175,0.2031949494943218,320.0,4,4.27,"[0.589, -0.16200000000000006]",817390,"[5.89, -1.6200000000000006]",0.01627691388130188,5.208612442016602,5.599999999999999,"[0.85, -0.2900000000000001]",818390,"[8.5, -2.900000000000001]",0.016390490531921386,5.244956970214844,5.609999999999999,"[0.46799999999999997, 0.09299999999999994]",819390,"[4.68, 0.9299999999999995]",0.014661841839551926,4.691789388656616,8.12,"[0.9799999999999999, -0.1680000000000001]",820390,"[9.799999999999999, -1.680000000000001]",0.016134601831436158,5.16307258605957,NashSolutionConcept,7.217499999999999,2.031949494943218,0.015865962021052837,0.0007010856490787517,5.077107846736908,0.2243474077052007,COMPLETE
82,6.35,2025-06-12 21:43:16.009756,2025-06-12 21:43:20.135635,0 days 00:00:04.125879,20,0.5315073569849214,0.08883127252805716,0.950881929809712,0.00013902106275525273,357,827396,6.35,1.6857490916503564,0.5407500000000001,0.17109555078960997,350.0,4,6.829999999999999,"[0.638, 0.04499999999999997]",827396,"[6.38, 0.44999999999999973]",0.009853884833199638,3.448859691619873,5.459999999999999,"[0.502, 0.043999999999999984]",828396,"[5.02, 0.43999999999999984]",0.01088965892791748,3.811380624771118,4.289999999999999,"[0.283, 0.14599999999999996]",829396,"[2.8299999999999996, 1.4599999999999995]",0.011349883079528809,3.972459077835083,8.82,"[0.74, 0.142]",830396,"[7.4, 1.42]",0.011016280310494559,3.8556981086730957,NashSolutionConcept,5.4075,1.7109555078960998,0.01077742678778512,0.0005590802729541407,3.7720993757247925,0.19567809553394935,COMPLETE
83,6.432499999999999,2025-06-12 21:43:20.150461,2025-06-12 21:43:24.296626,0 days 00:00:04.146165,25,0.5780366311138405,0.029282418786773887,0.9541021275207668,0.07970340678127025,300,837400,6.432499999999999,1.0444944949591646,0.7619999999999999,0.099732141258473,300.0,4,6.159999999999998,"[0.6159999999999999, -7.216449660063518e-17]",837400,"[6.159999999999998, -7.216449660063518e-16]",0.013295908768971762,3.9887726306915283,4.839999999999999,"[0.724, -0.24000000000000007]",838400,"[7.24, -2.400000000000001]",0.01330387036005656,3.9911611080169678,7.449999999999999,"[0.861, -0.11600000000000008]",839400,"[8.61, -1.1600000000000008]",0.011895279089609781,3.5685837268829346,7.279999999999999,"[0.8470000000000001, -0.11900000000000006]",840400,"[8.47, -1.1900000000000006]",0.0130562424659729,3.91687273979187,NashSolutionConcept,7.619999999999999,0.99732141258473,0.01288782517115275,0.0005816222853364017,3.866347551345825,0.17448668560092037,COMPLETE
84,6.885,2025-06-12 21:43:24.310848,2025-06-12 21:43:30.677857,0 days 00:00:06.367009,26,0.5142760589311551,0.07413488057380901,0.9466931426570261,0.0011963747110473701,449,847404,6.885,1.7658071808665865,0.60975,0.12125670084576771,440.0,4,9.56,"[0.732, 0.22399999999999992]",847404,"[7.32, 2.2399999999999993]",0.014130063490434126,6.217227935791016,4.76,"[0.487, -0.011000000000000032]",848404,"[4.87, -0.11000000000000032]",0.013750093633478339,6.050041198730469,6.039999999999999,"[0.7300000000000001, -0.12600000000000006]",849404,"[7.300000000000001, -1.2600000000000007]",0.01361375017599626,5.9900500774383545,7.18,"[0.49000000000000005, 0.22800000000000004]",850404,"[4.9, 2.2800000000000002]",0.013900829445232044,6.1163649559021,NashSolutionConcept,6.0975,1.212567008457677,0.013848684186285192,0.00019157735195422576,6.093421041965485,0.08429403485985952,COMPLETE
85,5.124999999999998,2025-06-12 21:43:30.692264,2025-06-12 21:43:36.116136,0 days 00:00:05.423872,23,0.5405293279508536,0.11411292534858661,0.9395792047473309,0.0005530024289992909,413,857410,5.124999999999998,0.846300773956872,0.61175,0.12379494133445036,410.0,4,6.329999999999999,"[0.7330000000000001, -0.10000000000000005]",857410,"[7.330000000000001, -1.0000000000000004]",0.012842750549316407,5.265527725219727,5.179999999999999,"[0.7380000000000001, -0.22000000000000003]",858410,"[7.380000000000001, -2.2]",0.012453342065578554,5.105870246887207,5.049999999999999,"[0.4840000000000001, 0.020999999999999974]",859410,"[4.840000000000001, 0.20999999999999974]",0.012600161971115485,5.166066408157349,3.939999999999998,"[0.492, -0.09800000000000006]",860410,"[4.92, -0.9800000000000006]",0.012421017158322218,5.092617034912109,NashSolutionConcept,6.1175,1.2379494133445035,0.012579317936083165,0.00016640332906859063,5.157520353794098,0.06822536491812208,COMPLETE
86,5.262499999999999,2025-06-12 21:43:36.512062,2025-06-12 21:43:39.998921,0 days 00:00:03.486859,21,0.6262529382868816,0.1455380610461748,0.9427517197500875,0.0008232858817827141,287,867416,5.262499999999999,4.525242396822518,0.465,0.20367253128490348,280.0,4,0.6599999999999993,"[0.26599999999999996, -0.2]",867416,"[2.6599999999999997, -2.0]",0.010915476935250419,3.056333541870117,12.190000000000001,"[0.728, 0.49099999999999994]",868416,"[7.279999999999999, 4.909999999999999]",0.011029947655541557,3.0883853435516357,1.859999999999999,"[0.267, -0.08100000000000004]",869416,"[2.67, -0.8100000000000005]",0.011771161215645927,3.2959251403808594,6.339999999999998,"[0.599, 0.03499999999999996]",870416,"[5.99, 0.34999999999999964]",0.011471448625837053,3.212005615234375,NashSolutionConcept,4.65,2.0367253128490352,0.011297008608068738,0.00034356148823737787,3.163162410259247,0.09619721670646586,COMPLETE
87,6.025,2025-06-12 21:43:40.013277,2025-06-12 21:43:44.580197,0 days 00:00:04.566920,18,0.7534577871177579,0.04713648545537415,0.918047901272204,0.00032144314070090284,438,877420,6.025,3.3584259705999187,0.6015,0.24548981648940144,430.0,4,4.72,"[0.525, -0.053000000000000026]",877420,"[5.25, -0.5300000000000002]",0.009446114717527878,4.061829328536987,5.65,"[0.63, -0.06500000000000002]",878420,"[6.3, -0.6500000000000001]",0.009744902544243391,4.190308094024658,2.29,"[0.28400000000000003, -0.05500000000000003]",879420,"[2.8400000000000003, -0.5500000000000003]",0.010187775589698968,4.380743503570557,11.440000000000001,"[0.967, 0.177]",880420,"[9.67, 1.77]",0.010038496172705361,4.316553354263306,NashSolutionConcept,6.015000000000001,2.4548981648940145,0.0098543222560439,0.0002844807661055125,4.237358570098877,0.12232672942537058,COMPLETE
88,8.110000000000001,2025-06-12 21:43:44.594515,2025-06-12 21:43:50.310334,0 days 00:00:05.715819,30,0.7144199207826056,0.08213179208201357,0.925115952981392,0.013007753627640395,377,887424,8.110000000000001,2.6816506110975764,0.788,0.13871193171461504,370.0,4,10.710000000000003,"[0.857, 0.21399999999999997]",887424,"[8.57, 2.1399999999999997]",0.011996557905867292,4.438726425170898,4.31,"[0.721, -0.2900000000000001]",888424,"[7.21, -2.900000000000001]",0.014290023494411159,5.287308692932129,10.56,"[0.9710000000000003, 0.08499999999999996]",889424,"[9.710000000000003, 0.8499999999999996]",0.013599743714203706,5.031905174255371,6.86,"[0.603, 0.08299999999999996]",890424,"[6.029999999999999, 0.8299999999999996]",0.014926006342913653,5.522622346878052,NashSolutionConcept,7.880000000000001,1.3871193171461507,0.013703082864348954,0.0010912089111985133,5.0701406598091125,0.4037472971434499,COMPLETE
89,5.612499999999999,2025-06-12 21:43:50.324531,2025-06-12 21:43:56.899693,0 days 00:00:06.575162,33,0.7154982846935751,0.09008766083313091,0.9144092426294492,0.006488037553385731,395,897430,5.612499999999999,2.017143710795044,0.59075,0.09852506026387403,390.0,4,2.569999999999999,"[0.44499999999999995, -0.1880000000000001]",897430,"[4.449999999999999, -1.8800000000000012]",0.016463413605323204,6.42073130607605,6.719999999999999,"[0.599, 0.07299999999999993]",898430,"[5.99, 0.7299999999999993]",0.013386927506862543,5.220901727676392,7.979999999999999,"[0.7230000000000001, 0.07499999999999993]",899430,"[7.23, 0.7499999999999993]",0.013867856906010554,5.408464193344116,5.179999999999999,"[0.5959999999999999, -0.0780000000000001]",900430,"[5.959999999999999, -0.7800000000000009]",0.014593231983673878,5.6913604736328125,NashSolutionConcept,5.907500000000001,0.9852506026387402,0.014577857500467545,0.001170253529485128,5.6853644251823425,0.4563988764992,COMPLETE
90,5.622499999999999,2025-06-12 21:43:56.913740,2025-06-12 21:44:02.570730,0 days 00:00:05.656990,27,0.5706476616108296,0.07974359138558948,0.9485226105858642,0.013076184662252011,376,907436,5.622499999999999,1.8388498443320493,0.6980000000000001,0.15695381486284427,370.0,4,5.84,"[0.844, -0.2600000000000001]",907436,"[8.44, -2.6000000000000014]",0.014825573483028927,5.485462188720703,4.669999999999999,"[0.6010000000000001, -0.13400000000000006]",908436,"[6.010000000000001, -1.3400000000000007]",0.01470394263396392,5.44045877456665,8.47,"[0.8559999999999999, -0.009000000000000053]",909436,"[8.559999999999999, -0.09000000000000052]",0.013119783916988889,4.854320049285889,3.5099999999999993,"[0.49099999999999994, -0.14000000000000007]",910436,"[4.909999999999999, -1.4000000000000008]",0.014460133217476509,5.350249290466309,NashSolutionConcept,6.9799999999999995,1.5695381486284425,0.014277358312864561,0.0006811569576002621,5.282622575759888,0.252028074312097,COMPLETE
91,5.9425,2025-06-12 21:44:02.991080,2025-06-12 21:44:09.824351,0 days 00:00:06.833271,30,0.6957465881957959,0.1036160649793424,0.9252421709542739,0.03553354778747447,422,917443,5.9425,2.8921564186606505,0.7322500000000001,0.20493093348735814,420.0,4,3.089999999999999,"[0.476, -0.16700000000000007]",917443,"[4.76, -1.6700000000000006]",0.01553307714916411,6.523892402648926,9.469999999999999,"[0.993, -0.046000000000000076]",918443,"[9.93, -0.46000000000000074]",0.011478819733574277,4.821104288101196,8.12,"[0.861, -0.04900000000000008]",919443,"[8.61, -0.49000000000000077]",0.01488354489916847,6.251088857650757,3.089999999999999,"[0.599, -0.2900000000000001]",920443,"[5.99, -2.900000000000001]",0.015908526238941012,6.681581020355225,NashSolutionConcept,7.3225,2.049309334873581,0.014450992005211967,0.0017547239326754604,6.069416642189026,0.7369840517236933,COMPLETE
92,6.784999999999999,2025-06-12 21:44:09.838407,2025-06-12 21:44:15.342109,0 days 00:00:05.503702,31,0.7077045706899139,0.06128271618216053,0.9203106684162342,0.06616478543123581,341,927449,6.784999999999999,2.008762056591074,0.7862500000000001,0.06444910782935637,340.0,4,5.479999999999999,"[0.719, -0.1710000000000001]",927449,"[7.1899999999999995, -1.7100000000000009]",0.014371829173144172,4.8864219188690186,4.249999999999999,"[0.725, -0.30000000000000016]",928449,"[7.25, -3.0000000000000018]",0.01573419641045963,5.349626779556274,8.139999999999999,"[0.857, -0.04300000000000008]",929449,"[8.57, -0.4300000000000008]",0.015719955107745,5.344784736633301,9.27,"[0.8440000000000001, 0.08299999999999992]",930449,"[8.440000000000001, 0.8299999999999992]",0.015213594717137954,5.172622203826904,NashSolutionConcept,7.8625,0.6444910782935639,0.01525989385212169,0.000553945340200479,5.1883639097213745,0.1883414156681629,COMPLETE
93,6.934999999999999,2025-06-12 21:44:15.356252,2025-06-12 21:44:20.214271,0 days 00:00:04.858019,29,0.7420467147985691,0.08358377834179898,0.930907540694613,0.010026631665422881,332,937455,6.934999999999999,1.472625206900928,0.72575,0.008011710179480982,330.0,4,5.839999999999999,"[0.736, -0.15200000000000008]",937455,"[7.359999999999999, -1.520000000000001]",0.013441638513044878,4.43574070930481,5.77,"[0.7289999999999999, -0.15200000000000008]",938455,"[7.289999999999999, -1.520000000000001]",0.014127451000791607,4.6620588302612305,6.729999999999999,"[0.7140000000000001, -0.04100000000000007]",939455,"[7.140000000000001, -0.4100000000000007]",0.013756832931980942,4.539754867553711,9.4,"[0.7240000000000001, 0.21599999999999991]",940455,"[7.240000000000001, 2.1599999999999993]",0.01132354230591745,3.736768960952759,NashSolutionConcept,7.2575,0.08011710179480978,0.013162366187933719,0.0010890415173942436,4.343580842018127,0.3593837007401003,COMPLETE
94,5.914999999999999,2025-06-12 21:44:20.228436,2025-06-12 21:44:26.098482,0 days 00:00:05.870046,32,0.5554487925644157,0.09333121409019968,0.936281401125252,0.017458806119056064,355,947460,5.914999999999999,2.5483769344427842,0.62075,0.19139145095850027,350.0,4,5.379999999999999,"[0.8480000000000001, -0.3100000000000001]",947460,"[8.48, -3.100000000000001]",0.016324023519243513,5.7134082317352295,10.22,"[0.708, 0.31399999999999995]",948460,"[7.08, 3.1399999999999997]",0.014942803382873536,5.229981184005737,4.1899999999999995,"[0.601, -0.1820000000000001]",949460,"[6.01, -1.8200000000000012]",0.015334615707397461,5.367115497589111,3.8699999999999988,"[0.32599999999999996, 0.06099999999999992]",950460,"[3.26, 0.6099999999999992]",0.015510086332048688,5.428530216217041,NashSolutionConcept,6.2075,1.9139145095850025,0.015527882235390799,0.0005034448461688544,5.43475878238678,0.17620569615909915,COMPLETE
95,5.055,2025-06-12 21:44:26.112967,2025-06-12 21:44:30.212757,0 days 00:00:04.099790,17,0.6847992824232951,0.06973597212029013,0.9282016302207203,0.04718400488264396,403,957466,5.055,2.064830501518224,0.5825,0.20610980083440966,400.0,4,2.46,"[0.29899999999999993, -0.05299999999999999]",957466,"[2.9899999999999993, -0.5299999999999999]",0.009652486443519593,3.860994577407837,4.79,"[0.526, -0.04700000000000002]",958466,"[5.26, -0.4700000000000002]",0.009548463821411134,3.819385528564453,8.24,"[0.8720000000000001, -0.04800000000000001]",959466,"[8.72, -0.4800000000000001]",0.009175499081611633,3.6701996326446533,4.7299999999999995,"[0.6329999999999999, -0.15999999999999998]",960466,"[6.329999999999999, -1.5999999999999996]",0.009635587930679321,3.8542351722717285,NashSolutionConcept,5.824999999999999,2.0610980083440964,0.009503009319305419,0.0001931641571391355,3.801203727722168,0.07726566285565405,COMPLETE
96,7.569999999999999,2025-06-12 21:44:30.648994,2025-06-12 21:44:35.461132,0 days 00:00:04.812138,28,0.7258247597396228,0.1411801934651141,0.9231562775996138,0.024000340664336626,310,967470,7.569999999999999,1.019926467937762,0.8475000000000001,0.006062177826491064,310.0,4,6.84,"[0.8440000000000001, -0.16000000000000006]",967470,"[8.440000000000001, -1.6000000000000005]",0.014903622288857736,4.620122909545898,9.329999999999998,"[0.8400000000000001, 0.09299999999999994]",968470,"[8.4, 0.9299999999999995]",0.012696130814090852,3.935800552368164,7.05,"[0.85, -0.14500000000000005]",969470,"[8.5, -1.4500000000000004]",0.013242656953873173,4.105223655700684,7.06,"[0.8560000000000001, -0.15000000000000005]",970470,"[8.56, -1.5000000000000004]",0.013821208092474169,4.284574508666992,NashSolutionConcept,8.475000000000001,0.06062177826491059,0.013665904537323983,0.0008178728534855611,4.236430406570435,0.25354058458052403,COMPLETE
97,7.925000000000001,2025-06-12 21:44:35.475569,2025-06-12 21:44:41.071812,0 days 00:00:05.596243,26,0.5003905080592232,0.14990578173765384,0.9182048912000779,0.00045727995921752794,390,977475,7.925000000000001,2.616682059402709,0.75425,0.05591679085927591,390.0,4,5.96,"[0.725, -0.12900000000000003]",977475,"[7.25, -1.2900000000000003]",0.01394352484972049,5.437974691390991,10.559999999999999,"[0.718, 0.33799999999999997]",978475,"[7.18, 3.38]",0.01286011781447973,5.015445947647095,4.729999999999999,"[0.7229999999999999, -0.25000000000000006]",979475,"[7.229999999999999, -2.5000000000000004]",0.013601015775631636,5.304396152496338,10.450000000000001,"[0.851, 0.19399999999999995]",980475,"[8.51, 1.9399999999999995]",0.012612663171230219,4.918938636779785,NashSolutionConcept,7.542499999999999,0.5591679085927591,0.013254330402765519,0.0005390547593385216,5.169188857078552,0.21023135614202337,COMPLETE
98,4.942499999999999,2025-06-12 21:44:41.086179,2025-06-12 21:44:46.270226,0 days 00:00:05.184047,25,0.5220478232836094,0.19453938726702483,0.9031356854581408,0.0005253147108545374,385,987481,4.942499999999999,2.540013533428513,0.5057499999999999,0.10020822072065748,380.0,4,1.1499999999999986,"[0.35499999999999987, -0.24000000000000007]",987481,"[3.549999999999999, -2.400000000000001]",0.012129730299899453,4.609297513961792,5.979999999999999,"[0.593, 0.004999999999999926]",988481,"[5.93, 0.04999999999999927]",0.013180663083728991,5.008651971817017,8.129999999999999,"[0.6, 0.2129999999999999]",989481,"[6.0, 2.129999999999999]",0.012633629849082546,4.800779342651367,4.51,"[0.4749999999999999, -0.02400000000000007]",990481,"[4.749999999999999, -0.2400000000000007]",0.013056135805029618,4.961331605911255,NashSolutionConcept,5.057499999999999,1.0020822072065747,0.012750039759435151,0.00041154171397691255,4.845015108585358,0.1563858513112268,COMPLETE
99,8.817499999999999,2025-06-12 21:44:46.284727,2025-06-12 21:44:50.540802,0 days 00:00:04.256075,19,0.536216069573787,0.03516052883786229,0.9182484974354116,0.006873996770120062,367,997486,8.817499999999999,0.919629680904222,0.7730000000000001,0.05389341332667654,360.0,4,10.22,"[0.7490000000000001, 0.27299999999999996]",997486,"[7.490000000000001, 2.7299999999999995]",0.010795281330744425,3.886301279067993,9.059999999999999,"[0.7360000000000001, 0.16999999999999993]",998486,"[7.360000000000001, 1.6999999999999993]",0.011030509736802844,3.9709835052490234,7.949999999999998,"[0.741, 0.05399999999999997]",999486,"[7.41, 0.5399999999999997]",0.011369801229900785,4.093128442764282,8.04,"[0.866, -0.062000000000000034]",1000486,"[8.66, -0.6200000000000003]",0.011188705099953546,4.027933835983276,NashSolutionConcept,7.73,0.5389341332667654,0.0110960743493504,0.00021111727756969125,3.994586765766144,0.07600221992508874,COMPLETE
100,4.765000000000001,2025-06-12 21:44:50.555197,2025-06-12 21:44:54.201883,0 days 00:00:03.646686,15,0.5057032954595508,0.020864642329695003,0.911121706183048,0.006357506900475783,366,1007490,4.765000000000001,3.011324459436412,0.362,0.16610839834276894,360.0,4,2.7600000000000007,"[0.19, 0.086]",1007490,"[1.9, 0.8599999999999999]",0.009693095419141982,3.4895143508911133,1.7600000000000002,"[0.202, -0.02599999999999999]",1008490,"[2.02, -0.2599999999999999]",0.009123930003907946,3.2846148014068604,4.96,"[0.522, -0.025999999999999978]",1009490,"[5.220000000000001, -0.2599999999999998]",0.009692392084333631,3.4892611503601074,9.58,"[0.534, 0.42400000000000004]",1010490,"[5.34, 4.24]",0.00799563725789388,2.878429412841797,NashSolutionConcept,3.62,1.6610839834276896,0.00912626369131936,0.0006928421795583495,3.2854549288749695,0.2494231846410057,COMPLETE
101,6.045,2025-06-12 21:44:54.716895,2025-06-12 21:44:58.743069,0 days 00:00:04.026174,20,0.5367437750791968,0.043516463047405286,0.9183939904822126,0.0004404075636136822,345,1017494,6.045,3.3464794934378426,0.598,0.1885245342123937,340.0,4,5.58,"[0.63, -0.07200000000000004]",1017494,"[6.3, -0.7200000000000004]",0.011030438367058248,3.7503490447998047,7.72,"[0.7450000000000001, 0.02699999999999998]",1018494,"[7.450000000000001, 0.2699999999999998]",0.011370224111220417,3.8658761978149414,9.969999999999999,"[0.736, 0.261]",1019494,"[7.359999999999999, 2.6100000000000003]",0.010817890307482552,3.6780827045440674,0.9099999999999993,"[0.281, -0.19]",1020494,"[2.8100000000000005, -1.9]",0.010732951584984274,3.6492035388946533,NashSolutionConcept,5.98,1.885245342123937,0.010987876092686373,0.00024590812627642733,3.7358778715133667,0.08360876293398521,COMPLETE
102,6.314999999999999,2025-06-12 21:44:58.757348,2025-06-12 21:45:03.740263,0 days 00:00:04.982915,22,0.5010327106099106,0.05315175116145036,0.9157118355718252,0.004291394999650348,379,1027498,6.314999999999999,2.233433455467165,0.6989999999999998,0.15510802687159683,370.0,4,9.959999999999999,"[0.967, 0.02899999999999995]",1027498,"[9.67, 0.2899999999999995]",0.011546076310647501,4.272048234939575,6.199999999999998,"[0.618, 0.001999999999999952]",1028498,"[6.18, 0.019999999999999518]",0.0127065980756605,4.701441287994385,4.089999999999999,"[0.619, -0.21000000000000002]",1029498,"[6.1899999999999995, -2.1]",0.011749669023462243,4.34737753868103,5.009999999999999,"[0.5919999999999999, -0.09100000000000001]",1030498,"[5.919999999999998, -0.9100000000000001]",0.013003706932067871,4.811371564865112,NashSolutionConcept,6.989999999999999,1.5510802687159684,0.012251512585459529,0.0006169251245085992,4.533059656620026,0.2282622960681817,COMPLETE
103,5.949999999999999,2025-06-12 21:45:03.754987,2025-06-12 21:45:09.552493,0 days 00:00:05.797506,24,0.5192446805164954,0.0346818513203581,0.9216633652051407,0.015885243891410456,392,1037503,5.949999999999999,2.1204126956797826,0.7045,0.1282156386717315,390.0,4,6.179999999999999,"[0.726, -0.10800000000000007]",1037503,"[7.26, -1.0800000000000007]",0.013067888602232321,5.0964765548706055,6.249999999999998,"[0.735, -0.11000000000000006]",1038503,"[7.35, -1.1000000000000005]",0.01256713194724841,4.90118145942688,8.66,"[0.8560000000000001, 0.009999999999999922]",1039503,"[8.56, 0.09999999999999923]",0.012980244709895207,5.062295436859131,2.709999999999999,"[0.501, -0.23000000000000004]",1040503,"[5.01, -2.3000000000000003]",0.014450451655265612,5.635676145553589,NashSolutionConcept,7.045,1.2821563867173147,0.013266429228660389,0.0007092682415027501,5.173907399177551,0.2766146141860726,COMPLETE
104,7.897500000000001,2025-06-12 21:45:09.566993,2025-06-12 21:45:14.845887,0 days 00:00:05.278894,27,0.5598949870741488,0.15096797345818477,0.915848020395138,0.009492933947203774,363,1047509,7.897500000000001,3.7142386501139106,0.66375,0.2784226777760749,360.0,4,11.530000000000001,"[0.9650000000000001, 0.1879999999999999]",1047509,"[9.65, 1.879999999999999]",0.013836840788523356,4.981262683868408,2.129999999999999,"[0.24, -0.02700000000000006]",1048509,"[2.4, -0.2700000000000006]",0.014192267258961996,5.109216213226318,7.170000000000001,"[0.852, -0.13500000000000006]",1049509,"[8.52, -1.3500000000000005]",0.01397226717736986,5.030016183853149,10.76,"[0.598, 0.47800000000000004]",1050509,"[5.9799999999999995, 4.78]",0.014142847723431058,5.091425180435181,NashSolutionConcept,6.6375,2.7842267777607486,0.014036055737071567,0.00014103381154515252,5.052980065345764,0.050772172156254784,COMPLETE
105,5.569999999999999,2025-06-12 21:45:14.864701,2025-06-12 21:45:20.787780,0 days 00:00:05.923079,27,0.5634186820626763,0.01810782875708339,0.9152216584857853,0.009478756094045207,370,1057514,5.569999999999999,1.3160927019021114,0.66425,0.13444771288497248,370.0,4,3.42,"[0.477, -0.13500000000000004]",1057514,"[4.77, -1.3500000000000003]",0.015573276700200261,5.762112379074097,5.899999999999999,"[0.6119999999999999, -0.022000000000000058]",1058514,"[6.119999999999999, -0.22000000000000058]",0.014499175226366198,5.364694833755493,5.96,"[0.7300000000000001, -0.13400000000000006]",1059514,"[7.300000000000001, -1.3400000000000007]",0.015068786853068583,5.575451135635376,7.0,"[0.8379999999999999, -0.13800000000000007]",1060514,"[8.379999999999999, -1.3800000000000008]",0.015521949690741462,5.743121385574341,NashSolutionConcept,6.642499999999999,1.344477128849725,0.015165797117594127,0.00043205323829591713,5.611344933509827,0.1598596981694893,COMPLETE
106,5.5249999999999995,2025-06-12 21:45:21.262985,2025-06-12 21:45:25.406447,0 days 00:00:04.143462,19,0.5460541531208126,0.18375883971187493,0.9129527753198857,0.012281750359068843,364,1067521,5.5249999999999995,1.467063393313322,0.5645,0.06116575839470971,360.0,4,7.949999999999998,"[0.63, 0.16499999999999995]",1067521,"[6.3, 1.6499999999999995]",0.010446661710739135,3.760798215866089,5.43,"[0.49899999999999994, 0.04399999999999996]",1068521,"[4.989999999999999, 0.4399999999999996]",0.011083148585425483,3.989933490753174,4.31,"[0.508, -0.07700000000000003]",1069521,"[5.08, -0.7700000000000002]",0.010696909825007121,3.8508875370025635,4.409999999999999,"[0.621, -0.18]",1070521,"[6.21, -1.7999999999999998]",0.010785893599192301,3.8829216957092285,NashSolutionConcept,5.645,0.6116575839470971,0.01075315343009101,0.00022752430549344892,3.8711352348327637,0.08190874997764151,COMPLETE
107,5.6075,2025-06-12 21:45:25.420567,2025-06-12 21:45:30.908063,0 days 00:00:05.487496,23,0.5880506163177788,0.13636241210278,0.9085866932307818,0.00708041572981705,407,1077525,5.6075,1.2758795985515243,0.6665,0.047018613335571696,400.0,4,6.29,"[0.728, -0.09900000000000006]",1077525,"[7.279999999999999, -0.9900000000000007]",0.012741833329200744,5.096733331680298,7.3199999999999985,"[0.616, 0.11599999999999996]",1078525,"[6.16, 1.1599999999999997]",0.012643519639968872,5.057407855987549,4.06,"[0.626, -0.22000000000000003]",1079525,"[6.26, -2.2]",0.012113091945648193,4.845236778259277,4.76,"[0.6960000000000001, -0.22000000000000003]",1080525,"[6.960000000000001, -2.2]",0.013278390765190124,5.31135630607605,NashSolutionConcept,6.665,0.4701861333557168,0.012694208920001983,0.00041346186450243844,5.0776835680007935,0.16538474580097537,COMPLETE
108,6.8125,2025-06-12 21:45:30.923354,2025-06-12 21:45:36.280157,0 days 00:00:05.356803,26,0.5286228434396857,0.05611525536600295,0.9192371623261845,0.0028961640709458036,357,1087530,6.8125,2.109874107618746,0.6957500000000001,0.2248414719307806,350.0,4,3.4399999999999995,"[0.367, -0.023000000000000055]",1087530,"[3.67, -0.23000000000000054]",0.014867572103227887,5.203650236129761,9.259999999999998,"[0.9410000000000001, -0.01500000000000003]",1088530,"[9.41, -0.1500000000000003]",0.014228877340044294,4.980107069015503,7.36,"[0.861, -0.12500000000000006]",1089530,"[8.61, -1.2500000000000004]",0.012762714794703893,4.466950178146362,7.1899999999999995,"[0.6140000000000001, 0.10499999999999995]",1090530,"[6.140000000000001, 1.0499999999999996]",0.013574801853724889,4.751180648803711,NashSolutionConcept,6.9575,2.2484147193078057,0.01385849152292524,0.0007804863447859548,4.850472033023834,0.27317022067508434,COMPLETE
109,5.9475,2025-06-12 21:45:36.294450,2025-06-12 21:45:41.760660,0 days 00:00:05.466210,27,0.8680877191776382,0.024374280118909915,0.9077786175072535,0.01441661899024624,392,1097536,5.9475,0.9755351095680774,0.6995,0.107658023388877,390.0,4,7.260000000000001,"[0.6139999999999999, 0.11199999999999996]",1097536,"[6.139999999999999, 1.1199999999999997]",0.012564290486849271,4.900073289871216,6.08,"[0.745, -0.13700000000000004]",1098536,"[7.45, -1.3700000000000003]",0.012220975680228991,4.766180515289307,4.51,"[0.5850000000000001, -0.13400000000000006]",1099536,"[5.8500000000000005, -1.3400000000000007]",0.012912508768913073,5.035878419876099,5.9399999999999995,"[0.8539999999999999, -0.2600000000000001]",1100536,"[8.54, -2.6000000000000014]",0.013634933569492438,5.317624092102051,NashSolutionConcept,6.995,1.0765802338887704,0.012833177126370943,0.0005234972634042171,5.004939079284668,0.20416393272764471,COMPLETE
110,7.649999999999999,2025-06-12 21:45:41.774876,2025-06-12 21:45:46.758397,0 days 00:00:04.983521,25,0.5362780951599434,0.14841511965249288,0.9527580761434077,0.008649579894040946,346,1107541,7.649999999999999,2.1040556076301793,0.70375,0.13165176603448972,340.0,4,7.3599999999999985,"[0.4909999999999998, 0.24499999999999994]",1107541,"[4.909999999999998, 2.4499999999999993]",0.01300581693649292,4.421977758407593,4.939999999999999,"[0.7340000000000001, -0.24000000000000007]",1108541,"[7.340000000000001, -2.400000000000001]",0.013239682421964757,4.501492023468018,7.449999999999999,"[0.738, 0.006999999999999932]",1109541,"[7.38, 0.06999999999999931]",0.014164470223819508,4.815919876098633,10.85,"[0.852, 0.23299999999999993]",1110541,"[8.52, 2.329999999999999]",0.013067962141597972,4.4431071281433105,NashSolutionConcept,7.0375,1.316517660344897,0.01336948293096879,0.0004669102456288427,4.545624196529388,0.15874948351380647,COMPLETE
111,6.164999999999999,2025-06-12 21:45:47.314381,2025-06-12 21:45:51.080657,0 days 00:00:03.766276,21,0.5108079893341653,0.15222800060500044,0.9463736546856996,0.0006855956369627759,318,1117547,6.164999999999999,1.3542248705440316,0.5865,0.22223467326229718,310.0,4,6.589999999999999,"[0.514, 0.145]",1117547,"[5.140000000000001, 1.45]",0.011378642820542859,3.527379274368286,7.689999999999998,"[0.849, -0.08000000000000004]",1118547,"[8.49, -0.8000000000000005]",0.01115219900684972,3.457181692123413,3.979999999999999,"[0.26199999999999996, 0.13599999999999998]",1119547,"[2.6199999999999997, 1.3599999999999999]",0.011643623536632907,3.609523296356201,6.3999999999999995,"[0.7209999999999999, -0.081]",1120547,"[7.209999999999999, -0.81]",0.011240788429014145,3.4846444129943848,NashSolutionConcept,5.865,2.2223467326229724,0.01135381344825991,0.000185761556175772,3.5196821689605713,0.0575860824144894,COMPLETE
112,6.449999999999999,2025-06-12 21:45:51.095139,2025-06-12 21:45:54.656759,0 days 00:00:03.561620,18,0.572241113885457,0.1433665616833691,0.9171134523368878,0.0004511309583376005,334,1127551,6.449999999999999,2.084334426141832,0.6234999999999999,0.12163161595572095,330.0,4,6.9799999999999995,"[0.753, -0.05500000000000003]",1127551,"[7.53, -0.5500000000000003]",0.010006867033062559,3.3022661209106445,3.32,"[0.502, -0.16999999999999998]",1128551,"[5.02, -1.6999999999999997]",0.009865033987796668,3.2554612159729004,6.35,"[0.502, 0.13299999999999995]",1129551,"[5.02, 1.3299999999999996]",0.00991458748326157,3.2718138694763184,9.15,"[0.7369999999999999, 0.178]",1130551,"[7.369999999999999, 1.7799999999999998]",0.009948116360288677,3.2828783988952637,NashSolutionConcept,6.234999999999999,1.2163161595572098,0.00993365121610237,5.1578935088999165e-05,3.2781049013137817,0.017021048579369775,COMPLETE
113,6.805,2025-06-12 21:45:54.671613,2025-06-12 21:45:57.730211,0 days 00:00:03.058598,16,0.599587288920517,0.1601951558177788,0.9264718417660713,0.030089024767900492,327,1137554,6.805,2.3710071699596353,0.66425,0.14843917104322565,320.0,4,3.8400000000000003,"[0.534, -0.14999999999999997]",1137554,"[5.34, -1.4999999999999996]",0.009088928997516631,2.9084572792053223,5.800000000000001,"[0.506, 0.074]",1138554,"[5.0600000000000005, 0.74]",0.00909491404891014,2.910372495651245,10.34,"[0.8560000000000001, 0.17800000000000002]",1139554,"[8.56, 1.7800000000000002]",0.009076134115457535,2.904362916946411,7.239999999999999,"[0.7609999999999999, -0.037]",1140554,"[7.609999999999999, -0.37]",0.009014342725276948,2.884589672088623,NashSolutionConcept,6.6425,1.4843917104322564,0.009068579971790313,3.204024992747399e-05,2.9019455909729004,0.010252879976791817,COMPLETE
114,3.859999999999999,2025-06-12 21:45:57.744817,2025-06-12 21:45:59.547987,0 days 00:00:01.803170,28,0.614395662290277,0.1504060762576747,0.9106342378811717,0.00038359819202387545,101,1147557,3.859999999999999,3.324823303575695,0.34424999999999994,0.2319012451454282,100.0,4,-1.6100000000000008,"[-0.018000000000000037, -0.14300000000000007]",1147557,"[-0.18000000000000038, -1.4300000000000006]",0.01655019521713257,1.6550195217132568,4.289999999999999,"[0.44899999999999995, -0.020000000000000066]",1148557,"[4.489999999999999, -0.20000000000000068]",0.015073139667510987,1.5073139667510986,7.22,"[0.614, 0.10799999999999994]",1149557,"[6.14, 1.0799999999999994]",0.014872262477874756,1.4872262477874756,5.539999999999997,"[0.33199999999999996, 0.22199999999999998]",1150557,"[3.3199999999999994, 2.2199999999999998]",0.01648437261581421,1.648437261581421,NashSolutionConcept,3.4425,2.3190124514542823,0.01574499249458313,0.0007758992027611164,1.574499249458313,0.07758992027611164,COMPLETE
115,5.864999999999999,2025-06-12 21:45:59.562366,2025-06-12 21:46:04.317981,0 days 00:00:04.755615,24,0.7734961158506336,0.03664673644134644,0.9412125946927113,0.004554223631529245,374,1157559,5.864999999999999,2.8125122221956653,0.6097499999999999,0.2178340825031749,370.0,4,9.61,"[0.959, 0.0019999999999999406]",1157559,"[9.59, 0.019999999999999407]",0.011241428272144215,4.159328460693359,7.5,"[0.6119999999999999, 0.13799999999999998]",1158559,"[6.119999999999999, 1.38]",0.011974840550809293,4.4306910037994385,2.6899999999999995,"[0.37899999999999995, -0.11000000000000007]",1159559,"[3.7899999999999996, -1.1000000000000008]",0.011992792181066565,4.437333106994629,3.6599999999999993,"[0.4889999999999999, -0.12300000000000004]",1160559,"[4.889999999999999, -1.2300000000000004]",0.012423024950800715,4.596519231796265,NashSolutionConcept,6.0975,2.178340825031749,0.011908021488705197,0.0004246251110330687,4.405967950820923,0.1571112910822354,COMPLETE
116,3.819999999999999,2025-06-12 21:46:04.830403,2025-06-12 21:46:10.673951,0 days 00:00:05.843548,30,0.7440012306066395,0.011265550308769412,0.9245567501541968,0.0006133012849741905,361,1167564,3.819999999999999,2.73367883995176,0.45699999999999996,0.21165538027652403,360.0,4,5.559999999999999,"[0.597, -0.04100000000000008]",1167564,"[5.97, -0.4100000000000008]",0.013659338818656074,4.9173619747161865,6.299999999999999,"[0.563, 0.06699999999999995]",1168564,"[5.629999999999999, 0.6699999999999995]",0.015337601635191175,5.521536588668823,-0.7200000000000011,"[0.09099999999999994, -0.16300000000000006]",1169564,"[0.9099999999999995, -1.6300000000000006]",0.015774935483932495,5.678976774215698,4.139999999999999,"[0.577, -0.1630000000000001]",1170564,"[5.77, -1.6300000000000008]",0.015749251842498778,5.6697306632995605,NashSolutionConcept,4.569999999999999,2.1165538027652406,0.01513028194506963,0.0008667982830721411,5.446901500225067,0.31204738190597087,COMPLETE
117,3.7275,2025-06-12 21:46:10.688878,2025-06-12 21:46:15.445400,0 days 00:00:04.756522,22,0.5534248319084173,0.05035203161454679,0.9206355196762688,0.00030153623973723005,351,1177570,3.7275,1.362999908290533,0.4385,0.20349508593575424,350.0,4,5.300000000000001,"[0.625, -0.09500000000000006]",1177570,"[6.25, -0.9500000000000006]",0.0127957398550851,4.478508949279785,4.159999999999999,"[0.6260000000000001, -0.21000000000000002]",1178570,"[6.260000000000002, -2.1]",0.012495450973510742,4.37340784072876,1.5499999999999992,"[0.365, -0.21000000000000002]",1179570,"[3.65, -2.1]",0.012986677033560616,4.545336961746216,3.8999999999999995,"[0.13799999999999998, 0.25199999999999995]",1180570,"[1.38, 2.5199999999999996]",0.012596746172223772,4.40886116027832,NashSolutionConcept,4.385,2.0349508593575427,0.012718653508595058,0.0001887191597846871,4.45152872800827,0.06605170592464055,COMPLETE
118,4.459999999999999,2025-06-12 21:46:15.459687,2025-06-12 21:46:19.342448,0 days 00:00:03.882761,21,0.5127579305198907,0.16340778596995453,0.9442471998030991,0.0007284287827687222,306,1187575,4.459999999999999,0.9225237124323685,0.55875,0.062451481167383076,300.0,4,3.09,"[0.5089999999999999, -0.2]",1187575,"[5.089999999999999, -2.0]",0.011735929648081461,3.5207788944244385,4.1499999999999995,"[0.615, -0.2]",1188575,"[6.15, -2.0]",0.012374369303385417,3.712310791015625,5.199999999999999,"[0.485, 0.034999999999999955]",1189575,"[4.85, 0.34999999999999953]",0.012010494867960611,3.6031484603881836,5.399999999999999,"[0.626, -0.08600000000000005]",1190575,"[6.26, -0.8600000000000005]",0.012394554615020752,3.7183663845062256,NashSolutionConcept,5.587499999999999,0.6245148116738308,0.01212883710861206,0.0002735292536207437,3.638651132583618,0.08205877608622301,COMPLETE
119,8.84,2025-06-12 21:46:19.357222,2025-06-12 21:46:23.263998,0 days 00:00:03.906776,19,0.5279517782566113,0.12842614498983895,0.9232757792743992,0.01995175045268745,339,1197579,8.84,3.0860087491774872,0.78025,0.12991030559582253,330.0,4,9.16,"[0.7529999999999999, 0.16299999999999998]",1197579,"[7.529999999999999, 1.63]",0.010730421904361609,3.541039228439331,5.61,"[0.7409999999999999, -0.18]",1198579,"[7.409999999999998, -1.7999999999999998]",0.011350035667419434,3.745511770248413,6.88,"[0.636, 0.05199999999999999]",1199579,"[6.36, 0.5199999999999999]",0.010894601995294744,3.5952186584472656,13.71,"[0.991, 0.37999999999999995]",1200579,"[9.91, 3.7999999999999994]",0.009969699744022254,3.2900009155273438,NashSolutionConcept,7.802499999999999,1.2991030559582255,0.01073618982777451,0.0004973533570558456,3.5429426431655884,0.16412660782842906,COMPLETE
120,4.969999999999999,2025-06-12 21:46:23.278434,2025-06-12 21:46:27.157063,0 days 00:00:03.878629,18,0.5287819093196158,0.12451798863962421,0.9384891074211958,0.019799508617509006,340,1207583,4.969999999999999,1.6751567090872423,0.5525000000000001,0.09281837102642992,340.0,4,2.4099999999999997,"[0.41100000000000003, -0.16999999999999998]",1207583,"[4.11, -1.6999999999999997]",0.010935054105870864,3.7179183959960938,5.819999999999999,"[0.5280000000000001, 0.05399999999999997]",1208583,"[5.280000000000001, 0.5399999999999997]",0.010765983777887681,3.6604344844818115,4.71,"[0.6410000000000001, -0.16999999999999998]",1209583,"[6.410000000000001, -1.6999999999999997]",0.01089249148088343,3.703447103500366,6.9399999999999995,"[0.6300000000000001, 0.06399999999999997]",1210583,"[6.300000000000001, 0.6399999999999997]",0.010900418197407441,3.7061421871185303,NashSolutionConcept,5.525,0.9281837102642991,0.010873486890512353,6.409740824956177e-05,3.6969855427742004,0.021793118804851092,COMPLETE
121,5.285,2025-06-12 21:46:27.691996,2025-06-12 21:46:31.497865,0 days 00:00:03.805869,19,0.5454977860846649,0.13382775372077316,0.9225628611170787,0.010507611364847323,331,1217587,5.285,2.636024468778695,0.5667500000000001,0.17494481272675683,330.0,4,5.579999999999998,"[0.7380000000000001, -0.18]",1217587,"[7.380000000000001, -1.7999999999999998]",0.011052490003181226,3.6473217010498047,6.749999999999999,"[0.6300000000000001, 0.04499999999999995]",1218587,"[6.300000000000001, 0.4499999999999995]",0.01050095847158721,3.4653162956237793,7.87,"[0.625, 0.16199999999999998]",1219587,"[6.25, 1.6199999999999997]",0.010905661004962344,3.5988681316375732,0.9399999999999995,"[0.27399999999999997, -0.18]",1220587,"[2.7399999999999998, -1.7999999999999998]",0.01074768051956639,3.546734571456909,NashSolutionConcept,5.6674999999999995,1.7494481272675682,0.010801697499824294,0.0002043692047507369,3.5645601749420166,0.06744183756774315,COMPLETE
122,6.31,2025-06-12 21:46:31.512362,2025-06-12 21:46:35.294836,0 days 00:00:03.782474,20,0.7572525996401266,0.07149280039178332,0.9492453852676281,0.017989384036335942,320,1227591,6.31,2.0565869784669943,0.71025,0.08642446123638847,320.0,4,5.51,"[0.741, -0.19]",1227591,"[7.41, -1.9]",0.011102499067783355,3.552799701690674,4.359999999999999,"[0.6259999999999999, -0.19]",1228591,"[6.259999999999999, -1.9]",0.011197026818990707,3.5830485820770264,5.6,"[0.6359999999999999, -0.07600000000000004]",1229591,"[6.359999999999999, -0.7600000000000005]",0.010204928368330002,3.2655770778656006,9.77,"[0.8380000000000001, 0.139]",1230591,"[8.38, 1.3900000000000001]",0.010849864780902862,3.471956729888916,NashSolutionConcept,7.102499999999999,0.8642446123638846,0.010838579759001732,0.00038722704353584217,3.468345522880554,0.12391265393146957,COMPLETE
123,5.6175,2025-06-12 21:46:35.309476,2025-06-12 21:46:38.980127,0 days 00:00:03.670651,17,0.5233426238383598,0.12805602140308817,0.9177026484274131,0.04148041800659343,352,1237595,5.6175,1.4700233841677481,0.61125,0.1261256813658503,350.0,4,3.56,"[0.40599999999999997, -0.05000000000000001]",1237595,"[4.06, -0.5000000000000001]",0.010035362924848284,3.5123770236968994,7.05,"[0.75, -0.045000000000000005]",1238595,"[7.5, -0.45000000000000007]",0.009993885585239955,3.4978599548339844,6.969999999999999,"[0.6399999999999999, 0.05699999999999998]",1239595,"[6.399999999999999, 0.5699999999999998]",0.008859713418143136,3.1008996963500977,4.89,"[0.649, -0.15999999999999998]",1240595,"[6.49, -1.5999999999999996]",0.009759751047406878,3.4159128665924072,NashSolutionConcept,6.112499999999999,1.2612568136585032,0.009662178243909563,0.0004750702092729239,3.381762385368347,0.16627457324552344,COMPLETE
124,9.32,2025-06-12 21:46:38.994222,2025-06-12 21:46:43.964339,0 days 00:00:04.970117,23,0.5836070459372132,0.12062059344700561,0.9137912576483725,0.022195118092644957,382,1247599,9.32,1.2568213874691974,0.8254999999999999,0.05823443998185267,380.0,4,11.099999999999998,"[0.851, 0.2589999999999999]",1247599,"[8.51, 2.589999999999999]",0.012093506988726164,4.595532655715942,7.66,"[0.8640000000000001, -0.09800000000000006]",1248599,"[8.64, -0.9800000000000006]",0.01159444859153346,4.405890464782715,9.700000000000001,"[0.725, 0.24499999999999997]",1249599,"[7.25, 2.4499999999999997]",0.012646474336322985,4.805660247802734,8.819999999999999,"[0.8619999999999999, 0.019999999999999955]",1250599,"[8.62, 0.19999999999999957]",0.01193795266904329,4.53642201423645,NashSolutionConcept,8.254999999999999,0.5823443998185266,0.012068095646406473,0.000379620327569159,4.5858763456344604,0.14425572447628043,COMPLETE
125,6.2775,2025-06-12 21:46:43.978936,2025-06-12 21:46:49.224399,0 days 00:00:05.245463,23,0.5870181348178505,0.11570517762530992,0.9154406251582438,0.022938833901345268,383,1257604,6.2775,3.543891752015007,0.5805,0.25209968266540916,380.0,4,11.989999999999998,"[0.952, 0.24699999999999994]",1257604,"[9.52, 2.4699999999999993]",0.01143960388083207,4.3470494747161865,6.339999999999999,"[0.6130000000000002, 0.020999999999999956]",1258604,"[6.130000000000003, 0.20999999999999958]",0.013123900639383417,4.987082242965698,2.7099999999999995,"[0.24899999999999994, 0.021999999999999933]",1259604,"[2.4899999999999993, 0.21999999999999933]",0.013328604321730764,5.06486964225769,4.069999999999999,"[0.508, -0.10100000000000006]",1260604,"[5.08, -1.0100000000000007]",0.012134339307483874,4.611048936843872,NashSolutionConcept,5.805,2.5209968266540916,0.012506612037357532,0.000763840612506897,4.752512574195862,0.29025943275262084,COMPLETE
126,2.8725,2025-06-12 21:46:49.845382,2025-06-12 21:46:51.992665,0 days 00:00:02.147283,26,0.5616876073287969,0.13036193088592482,0.9142236531111511,0.011677999501173198,120,1267609,2.8725,3.804158086883352,0.35775,0.22051573073139252,120.0,4,1.1299999999999994,"[0.363, -0.25000000000000006]",1267609,"[3.63, -2.5000000000000004]",0.015315890312194824,1.837906837463379,1.1099999999999999,"[0.23600000000000004, -0.12500000000000003]",1268609,"[2.3600000000000003, -1.2500000000000002]",0.015798312425613404,1.8957974910736084,-0.1500000000000008,"[0.12199999999999997, -0.13700000000000004]",1269609,"[1.2199999999999998, -1.3700000000000003]",0.016547369956970214,1.9856843948364258,9.400000000000002,"[0.7100000000000001, 0.23000000000000004]",1270609,"[7.1000000000000005, 2.3000000000000003]",0.015380165974299113,1.8456199169158936,NashSolutionConcept,3.5775,2.2051573073139252,0.01576043466726939,0.0004906439231346069,1.8912521600723267,0.05887727077615285,COMPLETE
127,8.0025,2025-06-12 21:46:52.006896,2025-06-12 21:46:57.148373,0 days 00:00:05.141477,24,0.5003257752870063,0.1180191973404197,0.9204765550944068,0.007816525170509627,371,1277612,8.0025,2.4124404137719133,0.7277499999999999,0.13649427643677964,370.0,4,10.81,"[0.9490000000000001, 0.13199999999999998]",1277612,"[9.49, 1.3199999999999998]",0.013198626363599622,4.88349175453186,4.989999999999999,"[0.6069999999999999, -0.10800000000000007]",1278612,"[6.0699999999999985, -1.0800000000000007]",0.01338995598457955,4.954283714294434,6.329999999999998,"[0.6229999999999999, 0.009999999999999922]",1279612,"[6.229999999999999, 0.09999999999999923]",0.012486961725595835,4.620175838470459,9.879999999999997,"[0.732, 0.256]",1280612,"[7.32, 2.56]",0.01239946597331279,4.587802410125732,NashSolutionConcept,7.2775,1.3649427643677965,0.012868752511771948,0.00043199070527451304,4.761438429355621,0.15983656095156978,COMPLETE
128,8.4325,2025-06-12 21:46:57.162692,2025-06-12 21:47:02.356809,0 days 00:00:05.194117,24,0.5119892131618051,0.11803988678922937,0.9206574119552269,0.02681090730879785,372,1287617,8.4325,1.3656751993061897,0.7987499999999998,0.10818358239585156,370.0,4,9.98,"[0.738, 0.25999999999999995]",1287617,"[7.38, 2.5999999999999996]",0.011704988737364074,4.330845832824707,8.759999999999998,"[0.7409999999999999, 0.13499999999999995]",1288617,"[7.409999999999998, 1.3499999999999996]",0.013313666549888817,4.926056623458862,6.229999999999999,"[0.73, -0.10700000000000007]",1289617,"[7.3, -1.0700000000000007]",0.013600795333449905,5.032294273376465,8.759999999999998,"[0.986, -0.11000000000000007]",1290617,"[9.86, -1.1000000000000008]",0.012756636980417612,4.719955682754517,NashSolutionConcept,7.9875,1.0818358239585155,0.012844021900280101,0.000724276327878312,4.752288103103638,0.2679822413149755,COMPLETE
129,5.412499999999999,2025-06-12 21:47:02.371310,2025-06-12 21:47:07.422000,0 days 00:00:05.050690,23,0.5410286014430046,0.11904130030606813,0.9334855541168875,0.014746738118739777,377,1297622,5.412499999999999,2.5424729595415565,0.5575,0.19077539149481515,370.0,4,8.6,"[0.8409999999999999, 0.01899999999999994]",1297622,"[8.409999999999998, 0.1899999999999994]",0.01237864687636092,4.58009934425354,6.419999999999999,"[0.623, 0.01899999999999994]",1298622,"[6.23, 0.1899999999999994]",0.013011318928486592,4.814188003540039,5.029999999999999,"[0.3859999999999999, 0.11699999999999995]",1299622,"[3.859999999999999, 1.1699999999999995]",0.013217568397521973,4.89050030708313,1.599999999999999,"[0.37999999999999995, -0.22000000000000003]",1300622,"[3.7999999999999994, -2.2]",0.01320423564395389,4.8855671882629395,NashSolutionConcept,5.574999999999999,1.9077539149481515,0.012952942461580843,0.0003414668287591727,4.792588710784912,0.12634272664089402,COMPLETE
130,6.574999999999999,2025-06-12 21:47:07.436467,2025-06-12 21:47:12.407780,0 days 00:00:04.971313,22,0.5144803993203975,0.10886234261903376,0.9239090060140783,0.028794296581909264,370,1307627,6.574999999999999,1.2838321541385391,0.67025,0.10198621230342851,370.0,4,6.299999999999999,"[0.722, -0.09200000000000005]",1307627,"[7.22, -0.9200000000000006]",0.012916607470125765,4.779144763946533,5.069999999999999,"[0.49400000000000005, 0.012999999999999947]",1308627,"[4.94, 0.12999999999999948]",0.012251437676919474,4.533031940460205,8.620000000000001,"[0.74, 0.12199999999999997]",1309627,"[7.4, 1.2199999999999998]",0.012269243034156593,4.5396199226379395,6.309999999999999,"[0.725, -0.09400000000000006]",1310627,"[7.25, -0.9400000000000006]",0.012684369731593776,4.693216800689697,NashSolutionConcept,6.702500000000001,1.0198621230342853,0.0125304144781989,0.0002823498830779588,4.636253356933594,0.10446945673884495,COMPLETE
131,5.637499999999999,2025-06-12 21:47:13.042594,2025-06-12 21:47:18.643932,0 days 00:00:05.601338,24,0.5011968916206695,0.1130651083057057,0.9206514172818926,0.037574983549761236,398,1317633,5.637499999999999,2.6140330430199232,0.6725,0.1324131791023839,390.0,4,2.6299999999999986,"[0.493, -0.23000000000000004]",1317633,"[4.93, -2.3000000000000003]",0.013919433569296813,5.428579092025757,5.109999999999999,"[0.618, -0.10700000000000003]",1318633,"[6.18, -1.0700000000000003]",0.013200922501392853,5.148359775543213,9.829999999999998,"[0.851, 0.13199999999999998]",1319633,"[8.51, 1.3199999999999998]",0.010888330141703288,4.246448755264282,4.979999999999999,"[0.728, -0.23000000000000004]",1320633,"[7.279999999999999, -2.3000000000000003]",0.013454314378591684,5.247182607650757,NashSolutionConcept,6.725,1.324131791023839,0.012865750147746161,0.0011703831630740776,5.017642557621002,0.45644943359889023,COMPLETE
132,6.759999999999999,2025-06-12 21:47:18.659116,2025-06-12 21:47:24.429388,0 days 00:00:05.770272,25,0.5000198324774812,0.12227842718118428,0.9192796953885136,0.025404291615180107,408,1327638,6.759999999999999,0.987598096393467,0.765,0.1733450316565203,400.0,4,6.22,"[0.739, -0.11700000000000008]",1327638,"[7.39, -1.1700000000000008]",0.0139774090051651,5.59096360206604,6.199999999999999,"[0.86, -0.24000000000000007]",1328638,"[8.6, -2.400000000000001]",0.013631627559661866,5.452651023864746,8.469999999999999,"[0.9630000000000001, -0.11600000000000003]",1329638,"[9.63, -1.1600000000000004]",0.01307918608188629,5.231674432754517,6.149999999999999,"[0.4979999999999999, 0.11699999999999995]",1330638,"[4.979999999999999, 1.1699999999999995]",0.013106286525726318,5.242514610290527,NashSolutionConcept,7.649999999999999,1.733450316565203,0.013448627293109893,0.00037642502776956356,5.3794509172439575,0.15057001110782522,COMPLETE
133,8.67,2025-06-12 21:47:24.444344,2025-06-12 21:47:29.011372,0 days 00:00:04.567028,20,0.5138357441954987,0.10168733477362144,0.9429770782613554,0.019283280529506553,389,1337644,8.67,1.5022649566571145,0.7685,0.17456302586744998,380.0,4,7.709999999999999,"[0.7329999999999999, 0.03799999999999999]",1337644,"[7.329999999999998, 0.3799999999999999]",0.01062609961158351,4.037917852401733,7.83,"[0.857, -0.07400000000000004]",1338644,"[8.57, -0.7400000000000004]",0.01154012303603323,4.385246753692627,11.270000000000001,"[0.9780000000000001, 0.14899999999999997]",1339644,"[9.780000000000001, 1.4899999999999998]",0.010724621697476035,4.0753562450408936,7.87,"[0.506, 0.281]",1340644,"[5.0600000000000005, 2.8100000000000005]",0.01078894577528301,4.099799394607544,NashSolutionConcept,7.6850000000000005,1.7456302586744998,0.010919947530093947,0.00036272506738278614,4.1495800614356995,0.13783552560545864,COMPLETE
134,7.257499999999999,2025-06-12 21:47:29.027604,2025-06-12 21:47:33.182958,0 days 00:00:04.155354,20,0.5289618023178024,0.10422486323872723,0.9505400728344037,0.02063822728340938,345,1347649,7.257499999999999,3.601231560174935,0.629,0.21369019631232508,340.0,4,5.499999999999999,"[0.627, -0.07700000000000004]",1347649,"[6.27, -0.7700000000000005]",0.011748854552998263,3.994610548019409,13.45,"[0.9730000000000001, 0.37200000000000005]",1348649,"[9.73, 3.7200000000000006]",0.011581308000227985,3.9376447200775146,4.489999999999999,"[0.4039999999999999, 0.04499999999999997]",1349649,"[4.039999999999999, 0.44999999999999973]",0.011679436879999497,3.971008539199829,5.59,"[0.5119999999999999, 0.04700000000000001]",1350649,"[5.119999999999999, 0.4700000000000001]",0.011235956584706027,3.820225238800049,NashSolutionConcept,6.289999999999999,2.136901963123251,0.011561389004482942,0.00019709240157060316,3.9308722615242004,0.06701141653400515,COMPLETE
135,6.735,2025-06-12 21:47:33.199353,2025-06-12 21:47:38.314266,0 days 00:00:05.114913,19,0.5160722056679827,0.0995501045764039,0.9427448372186238,0.01658293060485701,437,1357653,6.735,2.6106752000201023,0.738,0.18203433742016917,430.0,4,10.290000000000001,"[0.865, 0.16399999999999998]",1357653,"[8.65, 1.6399999999999997]",0.009809254491051963,4.217979431152344,3.2199999999999998,"[0.502, -0.18]",1358653,"[5.02, -1.7999999999999998]",0.011470586200093114,4.932352066040039,7.78,"[0.958, -0.18]",1359653,"[9.58, -1.7999999999999998]",0.010537720281024312,4.531219720840454,5.6499999999999995,"[0.627, -0.06200000000000001]",1360653,"[6.27, -0.6200000000000001]",0.011132296296053154,4.7868874073028564,NashSolutionConcept,7.38,1.8203433742016921,0.010737464317055636,0.0006314331215669965,4.617109656333923,0.2715162422738087,COMPLETE
136,6.754999999999999,2025-06-12 21:47:38.971653,2025-06-12 21:47:43.738343,0 days 00:00:04.766690,21,0.5351561865100555,0.11949103860722778,0.946658332500452,0.02119338650588563,383,1367659,6.754999999999999,1.2114970078378242,0.73275,0.011431863365173673,380.0,4,5.489999999999998,"[0.749, -0.2]",1367659,"[7.49, -2.0]",0.011772424296328896,4.4735212326049805,8.75,"[0.7220000000000001, 0.15299999999999997]",1368659,"[7.220000000000001, 1.5299999999999998]",0.011092286360891242,4.215068817138672,6.279999999999999,"[0.722, -0.094]",1369659,"[7.22, -0.94]",0.012043805498825876,4.576646089553833,6.5,"[0.7380000000000001, -0.08800000000000004]",1370659,"[7.380000000000001, -0.8800000000000003]",0.011514587778794138,4.3755433559417725,NashSolutionConcept,7.327500000000001,0.11431863365173683,0.011605775983710038,0.000350581088219866,4.4101948738098145,0.1332208135235492,COMPLETE
137,6.554999999999999,2025-06-12 21:47:43.752584,2025-06-12 21:47:48.340954,0 days 00:00:04.588370,21,0.5177242468179022,0.1113925164359651,0.9555850850380581,0.05359310918471242,368,1377663,6.554999999999999,1.6199459867538801,0.6824999999999999,0.06353148825582476,360.0,4,6.3599999999999985,"[0.6079999999999999, 0.02799999999999998]",1377663,"[6.079999999999998, 0.2799999999999998]",0.012306313382254706,4.430272817611694,6.669999999999999,"[0.7469999999999999, -0.08000000000000004]",1378663,"[7.469999999999999, -0.8000000000000005]",0.011111900541517469,4.000284194946289,8.88,"[0.744, 0.14400000000000002]",1379663,"[7.4399999999999995, 1.4400000000000002]",0.011356414026684232,4.088309049606323,4.309999999999999,"[0.631, -0.2]",1380663,"[6.3100000000000005, -2.0]",0.011404105027516683,4.105477809906006,NashSolutionConcept,6.824999999999999,0.6353148825582476,0.011544683244493273,0.0004534834253322519,4.156085968017578,0.16325403311961068,COMPLETE
138,7.284999999999998,2025-06-12 21:47:48.355748,2025-06-12 21:47:52.657367,0 days 00:00:04.301619,20,0.5479850695379925,0.08247158059875012,0.94088056850109,0.03134144170329357,358,1387668,7.284999999999998,3.743811560428756,0.6565,0.22583788433298788,350.0,4,10.179999999999998,"[0.865, 0.15299999999999997]",1387668,"[8.65, 1.5299999999999998]",0.010549497604370118,3.692324161529541,9.12,"[0.747, 0.16499999999999998]",1388668,"[7.47, 1.65]",0.011135589054652622,3.897456169128418,8.989999999999998,"[0.739, 0.16]",1389668,"[7.39, 1.6]",0.011358519962855747,3.9754819869995117,0.8499999999999994,"[0.27499999999999997, -0.19]",1390668,"[2.7499999999999996, -1.9]",0.011843514442443848,4.145230054855347,NashSolutionConcept,6.565,2.258378843329879,0.011221780266080582,0.0004649311865470521,3.9276230931282043,0.16272591529146824,COMPLETE
139,8.087499999999999,2025-06-12 21:47:52.671562,2025-06-12 21:47:57.252623,0 days 00:00:04.581061,23,0.789462934055316,0.09566325130592067,0.9451706214244195,0.07174035985751509,379,1397672,8.087499999999999,2.783463445062644,0.75875,0.1529564889110626,370.0,4,6.179999999999999,"[0.8380000000000001, -0.22000000000000003]",1397672,"[8.38, -2.2]",0.011555640761916702,4.27558708190918,5.129999999999999,"[0.49399999999999994, 0.01899999999999994]",1398672,"[4.9399999999999995, 0.1899999999999994]",0.011537935927107527,4.269036293029785,12.36,"[0.853, 0.383]",1399672,"[8.53, 3.83]",0.010725732751794764,3.9685211181640625,8.679999999999998,"[0.85, 0.017999999999999954]",1400672,"[8.5, 0.17999999999999955]",0.011919653093492662,4.410271644592285,NashSolutionConcept,7.5875,1.5295648891106257,0.011434740633577915,0.00043677751196982445,4.230854034423828,0.16160767942883508,COMPLETE
140,6.229999999999999,2025-06-12 21:47:57.267390,2025-06-12 21:48:01.841269,0 days 00:00:04.573879,22,0.7929276576730937,0.09466593409165759,0.9437671852349394,0.08999310797537562,398,1407677,6.229999999999999,2.1107936895869286,0.65675,0.28436365361979726,390.0,4,8.809999999999999,"[0.9810000000000001, -0.10000000000000005]",1407677,"[9.81, -1.0000000000000004]",0.011000882662259615,4.29034423828125,7.81,"[0.8720000000000001, -0.09100000000000001]",1408677,"[8.72, -0.9100000000000001]",0.010898805275941507,4.2505340576171875,4.239999999999999,"[0.27199999999999996, 0.15199999999999997]",1409677,"[2.7199999999999998, 1.5199999999999996]",0.011228818771166679,4.379239320755005,4.06,"[0.502, -0.09600000000000006]",1410677,"[5.02, -0.9600000000000006]",0.010695498417585323,4.171244382858276,NashSolutionConcept,6.5675,2.8436365361979723,0.010956001281738282,0.00019207865977673944,4.27284049987793,0.07491067731292836,COMPLETE
141,5.432499999999998,2025-06-12 21:48:02.514106,2025-06-12 21:48:07.281508,0 days 00:00:04.767402,24,0.8213868400625844,0.07728387013092583,0.9482444820368997,0.07057096078538289,378,1417682,5.432499999999998,2.318365534164102,0.71375,0.19791585964747754,370.0,4,1.5099999999999985,"[0.3809999999999999, -0.23000000000000004]",1417682,"[3.8099999999999987, -2.3000000000000003]",0.012244838637274665,4.530590295791626,7.549999999999999,"[0.8620000000000001, -0.10700000000000005]",1418682,"[8.620000000000001, -1.0700000000000005]",0.012060418000092377,4.46235466003418,6.3199999999999985,"[0.7470000000000001, -0.11500000000000003]",1419682,"[7.470000000000001, -1.1500000000000004]",0.012430979754473713,4.599462509155273,6.349999999999999,"[0.865, -0.23000000000000004]",1420682,"[8.65, -2.3000000000000003]",0.012200016588778109,4.5140061378479,NashSolutionConcept,7.137499999999999,1.9791585964747755,0.012234063245154716,0.00013248025009497035,4.526603400707245,0.04901769253513891,COMPLETE
142,6.369999999999999,2025-06-12 21:48:07.297069,2025-06-12 21:48:11.627629,0 days 00:00:04.330560,23,0.8068540221744811,0.10600862001937564,0.9394980848415009,0.0747371495603808,361,1427687,6.369999999999999,1.420880009008502,0.68225,0.10408259941027606,360.0,4,6.399999999999999,"[0.74, -0.10000000000000005]",1427687,"[7.4, -1.0000000000000004]",0.011308726337220933,4.071141481399536,7.499999999999999,"[0.745, 0.004999999999999938]",1428687,"[7.45, 0.04999999999999938]",0.011282615529166328,4.061741590499878,7.539999999999999,"[0.742, 0.011999999999999936]",1429687,"[7.42, 0.11999999999999936]",0.0114649322297838,4.127375602722168,4.039999999999998,"[0.502, -0.09800000000000006]",1430687,"[5.02, -0.9800000000000006]",0.010539232359992132,3.794123649597168,NashSolutionConcept,6.822500000000001,1.0408259941027609,0.0111488766140408,0.0003588158650885443,4.0135955810546875,0.1291737114318758,COMPLETE
143,7.9174999999999995,2025-06-12 21:48:11.641967,2025-06-12 21:48:15.808210,0 days 00:00:04.166243,22,0.7850107226410319,0.12631506491373407,0.9376681782311234,0.06288059194138135,352,1437691,7.9174999999999995,2.5929845255997956,0.61725,0.18154389964964396,350.0,4,10.95,"[0.843, 0.252]",1437691,"[8.43, 2.52]",0.011180898121425083,3.9133143424987793,10.029999999999998,"[0.7369999999999999, 0.26599999999999996]",1438691,"[7.369999999999999, 2.6599999999999997]",0.010263551984514509,3.592243194580078,5.35,"[0.503, 0.03199999999999995]",1439691,"[5.03, 0.3199999999999995]",0.01136054175240653,3.976189613342285,5.34,"[0.38599999999999995, 0.14799999999999996]",1440691,"[3.8599999999999994, 1.4799999999999995]",0.010639989716666085,3.72399640083313,NashSolutionConcept,6.172499999999999,1.8154389964964397,0.010861245393753051,0.0004352201184926992,3.801435887813568,0.1523270414724447,COMPLETE
144,7.334999999999998,2025-06-12 21:48:15.822842,2025-06-12 21:48:19.912300,0 days 00:00:04.089458,19,0.727285392138822,0.09989149029633504,0.9455851903146976,0.04633641103012054,371,1447695,7.334999999999998,1.575539590108735,0.807,0.056129314978894985,370.0,4,6.779999999999999,"[0.8580000000000002, -0.18]",1447695,"[8.580000000000002, -1.7999999999999998]",0.010275061710460765,3.8017728328704834,9.95,"[0.749, 0.2459999999999999]",1448695,"[7.49, 2.459999999999999]",0.0101120916572777,3.741473913192749,5.729999999999999,"[0.753, -0.18]",1449695,"[7.53, -1.7999999999999998]",0.01025932995048729,3.795952081680298,6.879999999999999,"[0.868, -0.18]",1450695,"[8.68, -1.7999999999999998]",0.010280519562798577,3.8037922382354736,NashSolutionConcept,8.07,0.5612931497889496,0.010231750720256082,6.952184399247363e-05,3.785747766494751,0.025723082277215245,COMPLETE
145,6.667499999999999,2025-06-12 21:48:19.926904,2025-06-12 21:48:25.023350,0 days 00:00:05.096446,23,0.5104098135530475,0.09148118349901159,0.9273815812748384,0.027368396350900992,389,1457699,6.667499999999999,2.2533683121052355,0.7685,0.15240160760306956,380.0,4,9.879999999999997,"[0.9719999999999999, 0.015999999999999938]",1457699,"[9.719999999999999, 0.15999999999999936]",0.012344170244116532,4.690784692764282,5.109999999999998,"[0.615, -0.10400000000000006]",1458699,"[6.15, -1.0400000000000007]",0.012996629037355122,4.938719034194946,7.6,"[0.859, -0.09900000000000006]",1459699,"[8.59, -0.9900000000000007]",0.011327915442617315,4.30460786819458,4.079999999999999,"[0.6279999999999999, -0.22000000000000003]",1460699,"[6.279999999999999, -2.2]",0.012560979943526418,4.773172378540039,NashSolutionConcept,7.6850000000000005,1.5240160760306956,0.012307423666903848,0.0006123890716806153,4.676820993423462,0.23270784723863372,COMPLETE
146,6.53,2025-06-12 21:48:25.659007,2025-06-12 21:48:29.173686,0 days 00:00:03.514679,18,0.7634533806747893,0.08631277935037591,0.9304301528199458,0.013560181599905108,339,1467705,6.53,2.1084710099975292,0.767,0.1718371321920847,330.0,4,6.88,"[0.7510000000000001, -0.06300000000000001]",1467705,"[7.510000000000002, -0.6300000000000001]",0.010072949438384085,3.324073314666748,9.3,"[0.983, -0.05300000000000001]",1468705,"[9.83, -0.5300000000000001]",0.009627901424061168,3.1772074699401855,3.3699999999999997,"[0.507, -0.16999999999999998]",1469705,"[5.07, -1.6999999999999997]",0.010048957304521041,3.3161559104919434,6.57,"[0.827, -0.16999999999999998]",1470705,"[8.27, -1.6999999999999997]",0.010131297689495665,3.3433282375335693,NashSolutionConcept,7.670000000000001,1.718371321920847,0.00997027646411549,0.00019992555950103984,3.2901912331581116,0.06597543463534301,COMPLETE
147,4.312499999999999,2025-06-12 21:48:29.193735,2025-06-12 21:48:33.757035,0 days 00:00:04.563300,20,0.5258926435649788,0.11851009198959304,0.9520478486150618,0.019189565659336723,379,1477709,4.312499999999999,3.225030038619795,0.4215,0.17283590483461472,370.0,4,4.359999999999999,"[0.626, -0.19]",1477709,"[6.26, -1.9]",0.011231389561214963,4.155614137649536,-0.3100000000000006,"[0.15899999999999997, -0.19]",1478709,"[1.5899999999999999, -1.9]",0.011909166542259422,4.406391620635986,8.809999999999999,"[0.391, 0.48999999999999994]",1479709,"[3.91, 4.8999999999999995]",0.011482197529560811,4.2484130859375,4.39,"[0.5099999999999999, -0.071]",1480709,"[5.099999999999999, -0.71]",0.01125086513725487,4.162820100784302,NashSolutionConcept,4.215,1.728359048346147,0.011468404692572518,0.00027292896562651877,4.243309736251831,0.10098371728181206,COMPLETE
148,6.167499999999999,2025-06-12 21:48:33.771198,2025-06-12 21:48:38.416535,0 days 00:00:04.645337,24,0.9243198036231458,0.10746017996933044,0.9352851612294247,0.007339812791928697,364,1487713,6.167499999999999,1.7650123937241913,0.69875,0.05840537218441465,360.0,4,6.219999999999999,"[0.7289999999999999, -0.10700000000000007]",1487713,"[7.289999999999999, -1.0700000000000007]",0.01166252162721422,4.198507785797119,6.08,"[0.72, -0.11200000000000007]",1488713,"[7.199999999999999, -1.1200000000000008]",0.012477256192101372,4.491812229156494,3.6899999999999986,"[0.599, -0.23000000000000004]",1489713,"[5.99, -2.3000000000000003]",0.012179274691475762,4.384538888931274,8.679999999999998,"[0.7469999999999999, 0.12099999999999995]",1490713,"[7.469999999999999, 1.2099999999999995]",0.011653043826421102,4.195095777511597,NashSolutionConcept,6.987499999999999,0.5840537218441463,0.011993024084303115,0.0003514215676314701,4.317488670349121,0.1265117643473293,COMPLETE
149,5.237499999999999,2025-06-12 21:48:38.430545,2025-06-12 21:48:44.149607,0 days 00:00:05.719062,25,0.5745934227224745,0.0317160893751181,0.9420014920845653,0.05216381980248316,416,1497718,5.237499999999999,1.3946034382576291,0.55375,0.13966634347615753,410.0,4,7.4399999999999995,"[0.613, 0.13099999999999995]",1497718,"[6.13, 1.3099999999999996]",0.01245625251676978,5.10706353187561,5.019999999999999,"[0.742, -0.24000000000000007]",1498718,"[7.42, -2.400000000000001]",0.012513363652113007,5.130479097366333,4.919999999999999,"[0.495, -0.003000000000000064]",1499718,"[4.95, -0.030000000000000637]",0.013424919291240412,5.504216909408569,3.569999999999999,"[0.3649999999999999, -0.008000000000000057]",1500718,"[3.6499999999999986, -0.08000000000000057]",0.013546192355272246,5.553938865661621,NashSolutionConcept,5.5375,1.3966634347615754,0.012985181953848863,0.0005026132846590748,5.3239246010780334,0.2060714467102207,COMPLETE
150,7.31,2025-06-12 21:48:44.164024,2025-06-12 21:48:48.457565,0 days 00:00:04.293541,22,0.7771628558581398,0.06290046789606035,0.9703856666121022,0.016462152208819605,346,1507724,7.31,2.1045545847043265,0.6122500000000001,0.14369477199954075,340.0,4,9.989999999999998,"[0.7300000000000001, 0.269]",1507724,"[7.300000000000001, 2.6900000000000004]",0.01138466526480282,3.870786190032959,7.68,"[0.7369999999999999, 0.03099999999999996]",1508724,"[7.369999999999999, 0.3099999999999996]",0.011627380286946017,3.9533092975616455,7.479999999999999,"[0.6000000000000001, 0.14799999999999996]",1509724,"[6.000000000000001, 1.4799999999999995]",0.011571440977208755,3.9342899322509766,4.089999999999999,"[0.38199999999999995, 0.026999999999999958]",1510724,"[3.8199999999999994, 0.2699999999999996]",0.012053581546334659,4.098217725753784,NashSolutionConcept,6.1225000000000005,1.4369477199954077,0.011659267018823062,0.0002447551057552852,3.9641507863998413,0.0832167359567971,COMPLETE
151,7.032500000000001,2025-06-12 21:48:49.177061,2025-06-12 21:48:55.848521,0 days 00:00:06.671460,29,0.5060387768715503,0.1377800602424342,0.9220975583687956,0.03370050808023871,400,1517729,7.032500000000001,2.41351791996662,0.7637499999999999,0.1089366214824014,400.0,4,8.32,"[0.734, 0.09799999999999995]",1517729,"[7.34, 0.9799999999999995]",0.015406870245933534,6.162748098373413,3.1799999999999997,"[0.5980000000000001, -0.28000000000000014]",1518729,"[5.98, -2.8000000000000016]",0.016269288063049316,6.507715225219727,9.639999999999999,"[0.8620000000000001, 0.10199999999999995]",1519729,"[8.620000000000001, 1.0199999999999996]",0.014432514905929566,5.773005962371826,6.99,"[0.861, -0.1620000000000001]",1520729,"[8.61, -1.620000000000001]",0.01477373719215393,5.909494876861572,NashSolutionConcept,7.6375,1.089366214824014,0.015220602601766588,0.000699143716021117,6.0882410407066345,0.279657486408447,COMPLETE
152,5.82,2025-06-12 21:48:55.864940,2025-06-12 21:49:02.952722,0 days 00:00:07.087782,28,0.5183941797498874,0.04151969251344688,0.9132518066429943,0.024201591938115857,391,1527735,5.82,2.9238502013612124,0.6625,0.18308536260444197,390.0,4,6.949999999999999,"[0.8379999999999999, -0.14300000000000007]",1527735,"[8.379999999999999, -1.4300000000000006]",0.016508752871782353,6.438413619995117,7.09,"[0.726, -0.01700000000000006]",1528735,"[7.26, -0.1700000000000006]",0.015916474660237632,6.207425117492676,0.8499999999999991,"[0.3549999999999999, -0.2700000000000001]",1529735,"[3.5499999999999994, -2.7000000000000006]",0.017732511422572993,6.915679454803467,8.39,"[0.731, 0.10799999999999996]",1530735,"[7.31, 1.0799999999999996]",0.015514648877657376,6.050713062286377,NashSolutionConcept,6.624999999999999,1.8308536260444195,0.016418096958062588,0.0008372196908323394,6.403057813644409,0.3265156794246122,COMPLETE
153,7.099999999999999,2025-06-12 21:49:02.967365,2025-06-12 21:49:07.749952,0 days 00:00:04.782587,21,0.5310060389741087,0.1916196575038055,0.9178184573650111,0.005684150998850159,372,1537743,7.099999999999999,1.7885608739989816,0.6755,0.10829011958622999,370.0,4,9.02,"[0.8629999999999999, 0.038999999999999965]",1537743,"[8.629999999999999, 0.3899999999999997]",0.011133161750999657,4.119269847869873,7.519999999999999,"[0.609, 0.14299999999999996]",1538743,"[6.09, 1.4299999999999997]",0.011921823991311564,4.411074876785278,7.6899999999999995,"[0.613, 0.15599999999999997]",1539743,"[6.13, 1.5599999999999996]",0.011715096396368902,4.334585666656494,4.169999999999999,"[0.617, -0.2]",1540743,"[6.17, -2.0]",0.012429897849624222,4.599062204360962,NashSolutionConcept,6.754999999999999,1.0829011958622998,0.011799994997076086,0.00046462195868242486,4.365998148918152,0.17191012471249714,COMPLETE
154,6.587500000000001,2025-06-12 21:49:07.765668,2025-06-12 21:49:13.166029,0 days 00:00:05.400361,26,0.7477686127388146,0.1856632755858122,0.91059412077162,0.038615683273589496,387,1547747,6.587500000000001,3.449821553356058,0.70375,0.23575344642231644,380.0,4,11.940000000000001,"[0.978, 0.21599999999999997]",1547747,"[9.78, 2.1599999999999997]",0.012276667670199746,4.665133714675903,6.110000000000001,"[0.8610000000000001, -0.25000000000000006]",1548747,"[8.610000000000001, -2.5000000000000004]",0.013233078780927157,5.028569936752319,2.2999999999999994,"[0.36699999999999994, -0.13700000000000004]",1549747,"[3.6699999999999995, -1.3700000000000003]",0.013774192333221436,5.2341930866241455,6.0,"[0.609, -0.009000000000000036]",1550747,"[6.09, -0.09000000000000036]",0.012629024606002005,4.799029350280762,NashSolutionConcept,7.0375,2.357534464223164,0.012978240847587585,0.000572852085264762,4.9317315220832825,0.2176837924006096,COMPLETE
155,8.2025,2025-06-12 21:49:13.180324,2025-06-12 21:49:18.565372,0 days 00:00:05.385048,26,0.5090609285680339,0.08214463318259563,0.9450605387996596,0.06366410205247505,356,1557753,8.2025,1.1164312562804757,0.8327500000000001,0.05078570172794698,350.0,4,7.16,"[0.8619999999999999, -0.14600000000000005]",1557753,"[8.62, -1.4600000000000004]",0.013963094438825334,4.887083053588867,9.940000000000001,"[0.7450000000000001, 0.24900000000000003]",1558753,"[7.450000000000001, 2.49]",0.01315488542829241,4.604209899902344,7.29,"[0.857, -0.12800000000000003]",1559753,"[8.57, -1.2800000000000002]",0.014890661920819963,5.211731672286987,8.42,"[0.8670000000000002, -0.025000000000000043]",1560753,"[8.670000000000002, -0.25000000000000044]",0.013821517399379184,4.837531089782715,NashSolutionConcept,8.3275,0.5078570172794699,0.013957539796829222,0.0006191736186781503,4.885138928890228,0.21671076653735255,COMPLETE
156,4.857499999999999,2025-06-12 21:49:19.348724,2025-06-12 21:49:24.067101,0 days 00:00:04.718377,23,0.5396782283541727,0.07910429757601818,0.9477704420239389,0.08481414822942367,353,1567759,4.857499999999999,3.3236303570042196,0.5267499999999999,0.25203112407002437,350.0,4,8.579999999999998,"[0.844, 0.013999999999999934]",1567759,"[8.44, 0.13999999999999935]",0.01289590631212507,4.513567209243774,2.8599999999999994,"[0.506, -0.22000000000000003]",1568759,"[5.0600000000000005, -2.2]",0.013013975279671805,4.554891347885132,7.519999999999999,"[0.6119999999999999, 0.13999999999999996]",1569759,"[6.119999999999999, 1.3999999999999995]",0.012432616778782437,4.3514158725738525,0.46999999999999886,"[0.14499999999999996, -0.09800000000000006]",1570759,"[1.4499999999999997, -0.9800000000000006]",0.012504275866917202,4.3764965534210205,NashSolutionConcept,5.267499999999999,2.5203112407002433,0.012711693559374128,0.0002481000429825546,4.449092745780945,0.08683501504389422,COMPLETE
157,6.5375000000000005,2025-06-12 21:49:24.081519,2025-06-12 21:49:27.577853,0 days 00:00:03.496334,16,0.5113685757477685,0.08253889600756958,0.9448570183590266,0.0033863131205387723,327,1577764,6.5375000000000005,0.5784191819087604,0.61175,0.09563570201551302,320.0,4,7.08,"[0.527, 0.18100000000000005]",1577764,"[5.2700000000000005, 1.8100000000000005]",0.010222356021404266,3.2711539268493652,5.93,"[0.632, -0.039]",1578764,"[6.32, -0.39]",0.010397050529718399,3.3270561695098877,7.1499999999999995,"[0.76, -0.045]",1579764,"[7.6, -0.44999999999999996]",0.010253985226154328,3.2812752723693848,5.990000000000001,"[0.5279999999999999, 0.07099999999999998]",1580764,"[5.279999999999999, 0.7099999999999997]",0.009761156886816025,3.123570203781128,NashSolutionConcept,6.1175,0.95635702015513,0.010158637166023254,0.00023873774808820837,3.2507638931274414,0.0763960793882267,COMPLETE
158,6.7349999999999985,2025-06-12 21:49:27.593399,2025-06-12 21:49:32.444602,0 days 00:00:04.851203,25,0.55380584976754,0.09627505783799166,0.9436647103882885,0.06058476838310252,336,1587767,6.7349999999999985,1.2913655563007709,0.7,0.09487887014504343,330.0,4,8.499999999999998,"[0.8480000000000001, 0.001999999999999938]",1587767,"[8.48, 0.01999999999999938]",0.013720622929659757,4.52780556678772,6.219999999999999,"[0.618, 0.003999999999999929]",1588767,"[6.18, 0.039999999999999286]",0.01384374950871323,4.568437337875366,7.229999999999999,"[0.718, 0.00499999999999994]",1589767,"[7.18, 0.049999999999999406]",0.013851620934226296,4.571034908294678,4.989999999999998,"[0.6159999999999999, -0.11700000000000008]",1590767,"[6.159999999999998, -1.1700000000000008]",0.01422175999843713,4.693180799484253,NashSolutionConcept,7.0,0.9487887014504341,0.013909438342759104,0.00018765257290875113,4.590114653110504,0.06192534905988784,COMPLETE
159,4.2475,2025-06-12 21:49:32.459118,2025-06-12 21:49:36.731917,0 days 00:00:04.272799,19,0.5271442973388869,0.08757906622066366,0.940410814495029,0.09935194955053449,359,1597772,4.2475,2.8080987785332616,0.5457500000000001,0.20993734184275087,350.0,4,5.709999999999999,"[0.7510000000000001, -0.18]",1597772,"[7.510000000000002, -1.7999999999999998]",0.011732029233660016,4.106210231781006,1.0099999999999993,"[0.28099999999999997, -0.18]",1598772,"[2.8099999999999996, -1.7999999999999998]",0.011682602337428502,4.088910818099976,8.079999999999998,"[0.7520000000000001, 0.05599999999999998]",1599772,"[7.520000000000001, 0.5599999999999998]",0.01027585302080427,3.596548557281494,2.19,"[0.3989999999999999, -0.18]",1600772,"[3.9899999999999993, -1.7999999999999998]",0.011668294497898647,4.083903074264526,NashSolutionConcept,5.4575000000000005,2.099373418427509,0.01133969477244786,0.0006146643351622944,3.9688931703567505,0.21513251730680313,COMPLETE
160,7.5,2025-06-12 21:49:36.746854,2025-06-12 21:49:41.471836,0 days 00:00:04.724982,27,0.5202187639354371,0.06717441555127815,0.9491690634037508,0.06623700562607944,296,1607776,7.5,2.486342695607345,0.7967500000000001,0.10611638657624942,290.0,4,9.61,"[0.86, 0.10099999999999995]",1607776,"[8.6, 1.0099999999999996]",0.013454886962627543,3.9019172191619873,3.5299999999999994,"[0.613, -0.2600000000000001]",1608776,"[6.13, -2.6000000000000014]",0.015282725465708765,4.431990385055542,9.61,"[0.8540000000000001, 0.10699999999999996]",1609776,"[8.540000000000001, 1.0699999999999996]",0.013678593471132476,3.966792106628418,7.25,"[0.8600000000000001, -0.13500000000000004]",1610776,"[8.600000000000001, -1.3500000000000003]",0.015605906782479122,4.525712966918945,NashSolutionConcept,7.967500000000001,1.0611638657624942,0.014505528170486975,0.000949017474823129,4.206603169441223,0.27521506769870746,COMPLETE
