number,value,datetime_start,datetime_complete,duration,params_episode_length,params_epsilon_max,params_epsilon_min,params_gamma,params_learning_rate,params_num_episodes,user_attrs_base_seed,user_attrs_collective_reward_mean,user_attrs_collective_reward_std,user_attrs_individual_reward_agent0_mean,user_attrs_individual_reward_agent0_std,user_attrs_num_episodes_mean,user_attrs_num_parallel_runs,user_attrs_run_0_collective_reward,user_attrs_run_0_individual_rewards,user_attrs_run_0_seed,user_attrs_run_0_total_individual_rewards,user_attrs_run_0_training_time_per_episode,user_attrs_run_0_training_time_total,user_attrs_run_1_collective_reward,user_attrs_run_1_individual_rewards,user_attrs_run_1_seed,user_attrs_run_1_total_individual_rewards,user_attrs_run_1_training_time_per_episode,user_attrs_run_1_training_time_total,user_attrs_run_2_collective_reward,user_attrs_run_2_individual_rewards,user_attrs_run_2_seed,user_attrs_run_2_total_individual_rewards,user_attrs_run_2_training_time_per_episode,user_attrs_run_2_training_time_total,user_attrs_run_3_collective_reward,user_attrs_run_3_individual_rewards,user_attrs_run_3_seed,user_attrs_run_3_total_individual_rewards,user_attrs_run_3_training_time_per_episode,user_attrs_run_3_training_time_total,user_attrs_solution_concept,user_attrs_total_individual_reward_agent0_mean,user_attrs_total_individual_reward_agent0_std,user_attrs_training_time_per_episode_mean,user_attrs_training_time_per_episode_std,user_attrs_training_time_total_mean,user_attrs_training_time_total_std,state
0,5.747499999999999,2025-06-12 21:15:08.650301,2025-06-12 21:15:12.996989,0 days 00:00:04.346688,32,0.9887847884950868,0.09387492526406599,0.9075642898508821,0.00023278492423252036,294,5708,5.747499999999999,2.17284807338203,0.28574999999999984,0.24148330687647954,290.0,4,6.669999999999999,"[0.2619999999999999, 0.40499999999999997]",5708,"[2.619999999999999, 4.05]",0.013753964983183762,3.988649845123291,1.9999999999999996,"[-0.09000000000000005, 0.2899999999999999]",6708,"[-0.9000000000000006, 2.8999999999999995]",0.014477663204587739,4.198522329330444,7.159999999999998,"[0.5619999999999998, 0.15399999999999997]",7708,"[5.619999999999998, 1.5399999999999996]",0.014321451351560396,4.153220891952515,7.159999999999999,"[0.4089999999999998, 0.30699999999999994]",8708,"[4.089999999999998, 3.0699999999999994]",0.013874669732718631,4.023654222488403,MinimaxSolutionConcept,2.857499999999999,2.414833068764795,0.014106937318012634,0.00030082871118739646,4.091011822223663,0.08724032624434491,COMPLETE
1,7.552499999999998,2025-06-12 21:15:13.076174,2025-06-12 21:15:16.434546,0 days 00:00:03.358372,44,0.761123937064424,0.06545484027718933,0.9808076840406005,0.052462044198878996,159,15713,7.552499999999998,1.23124682740708,0.18324999999999989,0.14012561329036174,150.0,4,9.529999999999998,"[0.3169999999999999, 0.636]",15713,"[3.169999999999999, 6.36]",0.020710460344950356,3.1065690517425537,6.699999999999998,"[0.2019999999999999, 0.46799999999999997]",16713,"[2.019999999999999, 4.68]",0.021155759493509927,3.1733639240264893,7.619999999999997,"[0.2629999999999999, 0.49899999999999994]",17713,"[2.629999999999999, 4.989999999999999]",0.020478458404541017,3.0717687606811523,6.359999999999998,"[-0.049000000000000155, 0.6849999999999999]",18713,"[-0.49000000000000155, 6.85]",0.02145268758138021,3.2179031372070312,MinimaxSolutionConcept,1.8324999999999987,1.4012561329036177,0.020949341456095377,0.0003790648894029737,3.1424012184143066,0.05685973341044604,COMPLETE
2,5.2574999999999985,2025-06-12 21:15:16.450060,2025-06-12 21:15:21.658219,0 days 00:00:05.208159,42,0.5398526284450775,0.19121328217278494,0.9621935665484118,0.013220249197941571,244,25716,5.2574999999999985,0.955781748099429,0.2352499999999999,0.10391673349369679,240.0,4,4.579999999999999,"[0.2339999999999999, 0.22399999999999992]",25716,"[2.339999999999999, 2.2399999999999993]",0.019586270054181416,4.70070481300354,6.839999999999999,"[0.3229999999999999, 0.36099999999999993]",26716,"[3.229999999999999, 3.6099999999999994]",0.019971556464831033,4.793173551559448,5.179999999999998,"[0.06599999999999986, 0.45199999999999985]",27716,"[0.6599999999999986, 4.519999999999999]",0.02115327715873718,5.076786518096924,4.429999999999998,"[0.3179999999999999, 0.12499999999999989]",28716,"[3.179999999999999, 1.249999999999999]",0.020032360156377157,4.807766437530518,MinimaxSolutionConcept,2.352499999999999,1.039167334936968,0.020185865958531696,0.0005841430195555689,4.844607830047607,0.14019432469333656,COMPLETE
3,5.179999999999997,2025-06-12 21:15:21.673176,2025-06-12 21:15:27.710427,0 days 00:00:06.037251,50,0.9957622991290881,0.09722849124378356,0.9750881255876402,0.0426091736445318,275,35721,5.179999999999997,1.901499408361728,0.21274999999999986,0.1375979196790417,270.0,4,2.8499999999999965,"[0.22999999999999984, 0.05499999999999985]",35721,"[2.2999999999999985, 0.5499999999999985]",0.021587611127782753,5.828655004501343,6.009999999999998,"[0.42499999999999993, 0.17599999999999985]",36721,"[4.249999999999999, 1.7599999999999985]",0.0202056884765625,5.455535888671875,7.829999999999998,"[0.14299999999999985, 0.64]",37721,"[1.4299999999999984, 6.4]",0.017625455503110534,4.758872985839844,4.029999999999998,"[0.052999999999999825, 0.3499999999999999]",38721,"[0.5299999999999983, 3.499999999999999]",0.01855318104779279,5.009358882904053,MinimaxSolutionConcept,2.127499999999998,1.375979196790417,0.019492984038812142,0.0015220301205156276,5.263105690479279,0.41094813253921947,COMPLETE
4,6.059999999999999,2025-06-12 21:15:27.725639,2025-06-12 21:15:32.353657,0 days 00:00:04.628018,26,0.9618136578685657,0.1383742012000133,0.9797794308468376,0.006405746270196109,356,45727,6.059999999999999,3.3652785917365007,0.2485,0.1666080730336919,350.0,4,4.369999999999999,"[0.344, 0.09299999999999997]",45727,"[3.4399999999999995, 0.9299999999999997]",0.011711579731532506,4.099052906036377,2.7699999999999987,"[0.10099999999999998, 0.176]",46727,"[1.0099999999999998, 1.7599999999999998]",0.012667785372052874,4.433724880218506,5.449999999999999,"[0.07599999999999993, 0.469]",47727,"[0.7599999999999993, 4.6899999999999995]",0.012835554395403181,4.492444038391113,11.65,"[0.47300000000000003, 0.692]",48727,"[4.73, 6.92]",0.011598244394574847,4.059385538101196,MinimaxSolutionConcept,2.485,1.666080730336919,0.012203290973390851,0.0005530310545326461,4.271151840686798,0.19356086908642622,COMPLETE
5,4.679999999999999,2025-06-12 21:15:32.369252,2025-06-12 21:15:38.933790,0 days 00:00:06.564538,34,0.8214402419420638,0.0905284340120768,0.905351389762245,0.0012865949445196602,359,55732,4.679999999999999,2.293654289556297,0.31449999999999995,0.10582414658290422,350.0,4,7.739999999999998,"[0.3849999999999999, 0.3889999999999999]",55732,"[3.8499999999999988, 3.889999999999999]",0.01691483633858817,5.920192718505859,5.869999999999999,"[0.44099999999999995, 0.1459999999999999]",56732,"[4.409999999999999, 1.459999999999999]",0.017194863046918595,6.018202066421509,1.7699999999999982,"[0.2629999999999999, -0.0860000000000001]",57732,"[2.629999999999999, -0.860000000000001]",0.018291827610560824,6.402139663696289,3.339999999999999,"[0.16899999999999996, 0.16499999999999995]",58732,"[1.6899999999999995, 1.6499999999999995]",0.0172201258795602,6.027044057846069,MinimaxSolutionConcept,3.144999999999999,1.0582414658290422,0.01740541321890695,0.0005256089140893965,6.091894626617432,0.18396311993128903,COMPLETE
6,5.937499999999997,2025-06-12 21:15:39.035900,2025-06-12 21:15:48.353882,0 days 00:00:09.317982,41,0.5858811210746874,0.14118331624873265,0.9016116573395061,0.030616635086526945,398,65739,5.937499999999997,0.33236839500770843,0.25074999999999986,0.14686962756131708,390.0,4,5.619999999999997,"[0.07799999999999989, 0.4839999999999999]",65739,"[0.7799999999999989, 4.839999999999999]",0.023550111819536257,9.18454360961914,6.409999999999998,"[0.17799999999999988, 0.4629999999999999]",66739,"[1.779999999999999, 4.629999999999999]",0.0230681150387495,8.996564865112305,5.629999999999998,"[0.4759999999999998, 0.08699999999999986]",67739,"[4.759999999999998, 0.8699999999999986]",0.023446856400905512,9.14427399635315,6.089999999999997,"[0.2709999999999999, 0.33799999999999986]",68739,"[2.709999999999999, 3.3799999999999986]",0.021885206760504306,8.53523063659668,MinimaxSolutionConcept,2.5074999999999985,1.468696275613171,0.022987572504923896,0.0006612657392866732,8.965153276920319,0.25789363832180245,COMPLETE
7,4.2924999999999995,2025-06-12 21:15:48.367886,2025-06-12 21:15:52.315829,0 days 00:00:03.947943,15,0.9243445293550596,0.040364358297530864,0.9017339821804679,0.0012702280439038055,476,75748,4.2924999999999995,1.2336404459971309,0.21350000000000002,0.08909685740810389,470.0,4,5.9399999999999995,"[0.294, 0.3]",75748,"[2.94, 3.0]",0.007830169860352862,3.6801798343658447,4.879999999999999,"[0.079, 0.409]",76748,"[0.79, 4.09]",0.00808714247764425,3.800956964492798,2.6599999999999997,"[0.294, -0.02799999999999999]",77748,"[2.94, -0.2799999999999999]",0.008018357703026304,3.7686281204223633,3.6900000000000004,"[0.187, 0.18200000000000002]",78748,"[1.87, 1.8200000000000003]",0.00802246611169044,3.770559072494507,MinimaxSolutionConcept,2.135,0.890968574081039,0.007989534038178463,9.59683199681479e-05,3.755080997943878,0.04510511038502959,COMPLETE
8,4.867499999999999,2025-06-12 21:15:52.330148,2025-06-12 21:15:55.958229,0 days 00:00:03.628081,31,0.7201382653107257,0.13419849009066984,0.9233291380234709,0.012539367930640113,221,85752,4.867499999999999,2.3566435347756776,0.27374999999999994,0.18444291122187378,220.0,4,4.6099999999999985,"[0.05799999999999994, 0.4029999999999999]",85752,"[0.5799999999999994, 4.029999999999999]",0.015866814960132945,3.490699291229248,3.719999999999999,"[0.18299999999999994, 0.18899999999999995]",86752,"[1.8299999999999994, 1.8899999999999995]",0.015393681959672407,3.3866100311279297,8.719999999999999,"[0.558, 0.3139999999999999]",87752,"[5.58, 3.139999999999999]",0.014306599443609064,3.147451877593994,2.419999999999999,"[0.29599999999999993, -0.05400000000000008]",88752,"[2.959999999999999, -0.5400000000000008]",0.01555338664488359,3.4217450618743896,MinimaxSolutionConcept,2.7374999999999994,1.8444291122187377,0.015280120752074501,0.0005872657464575608,3.3616265654563904,0.1291984642206634,COMPLETE
9,4.457499999999999,2025-06-12 21:15:55.972541,2025-06-12 21:16:02.428031,0 days 00:00:06.455490,32,0.6552123189604357,0.06474403409707341,0.9303604951525387,0.005226829350238677,392,95755,4.457499999999999,3.5678941618271134,0.33999999999999997,0.16898224758831915,390.0,4,10.379999999999999,"[0.6169999999999999, 0.421]",95755,"[6.169999999999999, 4.21]",0.01592411077939547,6.210403203964233,0.8299999999999983,"[0.2729999999999999, -0.19000000000000009]",96755,"[2.729999999999999, -1.9000000000000008]",0.01623251621539776,6.330681324005127,3.4699999999999984,"[0.309, 0.03799999999999992]",97755,"[3.09, 0.3799999999999992]",0.015165376663208007,5.914496898651123,3.1499999999999986,"[0.16099999999999995, 0.15399999999999997]",98755,"[1.6099999999999994, 1.5399999999999996]",0.015907824345124073,6.204051494598389,MinimaxSolutionConcept,3.3999999999999995,1.6898224758831917,0.015807457000781327,0.0003926271143540589,6.164908230304718,0.15312457459808293,COMPLETE
10,5.474999999999997,2025-06-12 21:16:02.441860,2025-06-12 21:16:05.019617,0 days 00:00:02.577757,49,0.8312228507021375,0.01730800163280613,0.9966762959115218,0.09667804439835093,107,105762,5.474999999999997,3.4333693363808098,0.24499999999999983,0.32843340268614585,100.0,4,5.959999999999998,"[0.03699999999999985, 0.5589999999999999]",105762,"[0.36999999999999855, 5.59]",0.021113297939300536,2.1113297939300537,10.029999999999998,"[0.722, 0.28099999999999986]",106762,"[7.22, 2.8099999999999987]",0.020468125343322752,2.0468125343322754,5.549999999999997,"[0.3599999999999998, 0.1949999999999999]",107762,"[3.5999999999999983, 1.9499999999999988]",0.022857773303985595,2.2857773303985596,0.3599999999999967,"[-0.1390000000000002, 0.17499999999999985]",108762,"[-1.3900000000000021, 1.7499999999999984]",0.02417587995529175,2.417587995529175,MinimaxSolutionConcept,2.4499999999999984,3.2843340268614587,0.02215376913547516,0.0014584691752819452,2.215376913547516,0.14584691752819443,COMPLETE
11,5.15,2025-06-12 21:16:05.128442,2025-06-12 21:16:06.737956,0 days 00:00:01.609514,20,0.8439619278947432,0.15327360088556974,0.987471896023543,0.003063654153914557,120,115765,5.15,0.6498076638513892,0.284,0.04575478117093338,120.0,4,6.06,"[0.252, 0.35400000000000004]",115765,"[2.52, 3.5400000000000005]",0.011877298355102539,1.4252758026123047,5.24,"[0.363, 0.16099999999999998]",116765,"[3.63, 1.6099999999999999]",0.011536945899327597,1.3844335079193115,4.2299999999999995,"[0.259, 0.16399999999999998]",117765,"[2.59, 1.6399999999999997]",0.01181174119313558,1.4174089431762695,5.069999999999999,"[0.26199999999999996, 0.24500000000000002]",118765,"[2.6199999999999997, 2.45]",0.012215658028920492,1.465878963470459,MinimaxSolutionConcept,2.84,0.45754781170933384,0.01186041086912155,0.0002416009394499303,1.4232493042945862,0.028992112733991646,COMPLETE
12,6.332499999999999,2025-06-12 21:16:06.752238,2025-06-12 21:16:09.422642,0 days 00:00:02.670404,24,0.7348283324887521,0.06219129971416665,0.9563115908077499,0.09788226320135264,181,125766,6.332499999999999,3.065871613424149,0.28575,0.18596824325674535,180.0,4,3.54,"[0.10200000000000001, 0.25199999999999995]",125766,"[1.02, 2.5199999999999996]",0.013462469312879774,2.4232444763183594,4.639999999999999,"[0.12999999999999998, 0.33399999999999996]",126766,"[1.2999999999999998, 3.34]",0.012763387627071805,2.297409772872925,11.479999999999997,"[0.562, 0.5860000000000001]",127766,"[5.620000000000001, 5.860000000000001]",0.013103364573584662,2.3586056232452393,5.669999999999999,"[0.349, 0.21800000000000003]",128766,"[3.4899999999999998, 2.18]",0.013138658470577665,2.3649585247039795,MinimaxSolutionConcept,2.8575000000000004,1.8596824325674535,0.013116969996028476,0.00024751048817669833,2.3610545992851257,0.044551887871805786,COMPLETE
13,5.402499999999999,2025-06-12 21:16:09.437004,2025-06-12 21:16:11.903285,0 days 00:00:02.466281,24,0.7161584755105976,0.06004731846470959,0.949946277897367,0.09841255506874624,178,135769,5.402499999999999,2.679751620952957,0.28274999999999995,0.1844198674221408,170.0,4,2.509999999999999,"[0.01599999999999996, 0.23499999999999996]",135769,"[0.1599999999999996, 2.3499999999999996]",0.01365373555351706,2.3211350440979004,3.209999999999999,"[0.20599999999999996, 0.11499999999999995]",136769,"[2.0599999999999996, 1.1499999999999995]",0.013202695285572726,2.2444581985473633,6.799999999999999,"[0.4549999999999999, 0.225]",137769,"[4.549999999999999, 2.25]",0.01301593500025132,2.2127089500427246,9.09,"[0.4539999999999999, 0.45499999999999996]",138769,"[4.539999999999999, 4.55]",0.01312865509706385,2.2318713665008545,MinimaxSolutionConcept,2.8274999999999992,1.844198674221408,0.013250255234101237,0.00024225548609831338,2.2525433897972107,0.0411834326367133,COMPLETE
14,3.080000000000001,2025-06-12 21:16:11.917554,2025-06-12 21:16:13.625028,0 days 00:00:01.707474,12,0.6373244177000172,0.0642817603909227,0.9608369229263192,0.03275364620027209,173,145771,3.080000000000001,1.981136037731887,0.1525,0.15650798701663757,170.0,4,5.15,"[0.413, 0.10200000000000001]",145771,"[4.13, 1.02]",0.008506162026349236,1.4460475444793701,-0.12999999999999978,"[-0.004999999999999993, -0.007999999999999985]",146771,"[-0.04999999999999993, -0.07999999999999985]",0.008536023252150592,1.4511239528656006,4.130000000000002,"[0.099, 0.3140000000000001]",147771,"[0.99, 3.140000000000001]",0.008673474367927102,1.4744906425476074,3.170000000000001,"[0.10300000000000001, 0.21400000000000005]",148771,"[1.03, 2.1400000000000006]",0.008374678387361414,1.4236953258514404,MinimaxSolutionConcept,1.5250000000000001,1.5650798701663757,0.008522584508447086,0.00010617705507675771,1.4488393664360046,0.018050099363048782,COMPLETE
15,5.0074999999999985,2025-06-12 21:16:13.639591,2025-06-12 21:16:16.910228,0 days 00:00:03.270637,38,0.7771678617206323,0.010062922124459112,0.9670214278378714,0.00013935992426213333,166,155773,5.0074999999999985,2.6396720913780185,0.15499999999999994,0.13936104190196058,160.0,4,7.599999999999999,"[0.13199999999999995, 0.6279999999999999]",155773,"[1.3199999999999994, 6.279999999999999]",0.018411825597286224,2.945892095565796,6.4399999999999995,"[0.13299999999999995, 0.5109999999999999]",156773,"[1.3299999999999996, 5.109999999999999]",0.01862235963344574,2.9795775413513184,0.6499999999999975,"[-0.017000000000000137, 0.08199999999999989]",157773,"[-0.17000000000000137, 0.819999999999999]",0.019525216519832612,3.1240346431732178,5.339999999999998,"[0.372, 0.16199999999999992]",158773,"[3.7199999999999998, 1.6199999999999992]",0.018398799002170563,2.94380784034729,MinimaxSolutionConcept,1.5499999999999994,1.3936104190196057,0.01873955018818378,0.00046220125190622535,2.9983280301094055,0.07395220030499593,COMPLETE
16,3.4699999999999998,2025-06-12 21:16:17.036387,2025-06-12 21:16:19.462222,0 days 00:00:02.425835,18,0.6732067161067092,0.035994365117783186,0.9451175152942252,0.050952334611835695,215,165777,3.4699999999999998,1.489462990476769,0.07200000000000001,0.13640197945777768,210.0,4,3.2399999999999993,"[-0.06399999999999997, 0.388]",165777,"[-0.6399999999999997, 3.88]",0.010483057158333914,2.201442003250122,1.16,"[-0.05900000000000003, 0.17500000000000004]",166777,"[-0.5900000000000003, 1.7500000000000004]",0.010837101936340332,2.2757914066314697,4.38,"[0.166, 0.272]",167777,"[1.6600000000000001, 2.72]",0.010868868373689198,2.2824623584747314,5.1000000000000005,"[0.24500000000000002, 0.265]",168777,"[2.45, 2.6500000000000004]",0.010326139132181804,2.1684892177581787,MinimaxSolutionConcept,0.7200000000000001,1.3640197945777768,0.010628791650136311,0.0002312288353857476,2.2320462465286255,0.048558055431006976,COMPLETE
17,6.702499999999999,2025-06-12 21:16:19.476379,2025-06-12 21:16:21.742823,0 days 00:00:02.266444,25,0.7650864294052654,0.11821037547592406,0.9506591121529393,0.015653838790585257,154,175779,6.702499999999999,0.7253404373120255,0.24599999999999994,0.18126637857032396,150.0,4,5.809999999999998,"[0.238, 0.34299999999999997]",175779,"[2.38, 3.4299999999999997]",0.01406693935394287,2.1100409030914307,6.459999999999997,"[0.08499999999999992, 0.5609999999999999]",176779,"[0.8499999999999992, 5.609999999999999]",0.012988707224527996,1.9483060836791992,6.719999999999999,"[0.11699999999999995, 0.5549999999999999]",177779,"[1.1699999999999995, 5.549999999999999]",0.01288197676340739,1.9322965145111084,7.8199999999999985,"[0.5439999999999999, 0.23799999999999993]",178779,"[5.4399999999999995, 2.3799999999999994]",0.013921453158060709,2.0882179737091064,MinimaxSolutionConcept,2.4599999999999995,1.8126637857032397,0.013464769124984741,0.0005332567769117924,2.019715368747711,0.07998851653676894,COMPLETE
18,6.254999999999998,2025-06-12 21:16:21.757704,2025-06-12 21:16:24.753457,0 days 00:00:02.995753,44,0.905962288020644,0.1121051018273505,0.9353137459349126,0.014662370645974152,135,185781,6.254999999999998,2.678829035231626,0.22499999999999987,0.16056929968085432,130.0,4,3.019999999999997,"[0.017999999999999867, 0.2839999999999999]",185781,"[0.17999999999999866, 2.839999999999999]",0.019554943304795486,2.542142629623413,4.949999999999998,"[0.21199999999999988, 0.28299999999999986]",186781,"[2.1199999999999988, 2.8299999999999987]",0.02106638321509728,2.7386298179626465,6.759999999999998,"[0.2009999999999999, 0.4749999999999999]",187781,"[2.009999999999999, 4.749999999999999]",0.02186440687913161,2.8423728942871094,10.29,"[0.46899999999999986, 0.5599999999999998]",188781,"[4.689999999999999, 5.599999999999998]",0.02023913493523231,2.6310875415802,MinimaxSolutionConcept,2.249999999999999,1.605692996808543,0.02068121708356417,0.000867787458400775,2.6885582208633423,0.11281236959210078,COMPLETE
19,6.999999999999998,2025-06-12 21:16:24.767475,2025-06-12 21:16:29.122480,0 days 00:00:04.355005,37,0.7775297237244283,0.1674743427051457,0.9956589669812391,0.02101819431811991,242,195784,6.999999999999998,1.3287776337672155,0.37624999999999986,0.09586024984319624,240.0,4,4.769999999999998,"[0.23799999999999982, 0.23899999999999988]",195784,"[2.379999999999998, 2.389999999999999]",0.016607590516408286,3.9858217239379883,7.469999999999998,"[0.5079999999999999, 0.23899999999999993]",196784,"[5.079999999999999, 2.3899999999999992]",0.017339004079500835,4.1613609790802,8.279999999999998,"[0.3909999999999999, 0.43699999999999983]",197784,"[3.9099999999999993, 4.369999999999998]",0.016613508264223736,3.9872419834136963,7.4799999999999995,"[0.3679999999999999, 0.3799999999999999]",198784,"[3.679999999999999, 3.799999999999999]",0.01695470909277598,4.069130182266235,MinimaxSolutionConcept,3.7624999999999993,0.9586024984319625,0.01687870298822721,0.0003006177957853684,4.05088871717453,0.07214827098848854,COMPLETE
20,5.752499999999998,2025-06-12 21:16:29.138188,2025-06-12 21:16:33.712667,0 days 00:00:04.574479,37,0.8668596745011512,0.1990412483918814,0.9944288552215444,0.002176569712014347,262,205789,5.752499999999998,1.285133747903307,0.3492499999999999,0.14247346244125603,260.0,4,5.7799999999999985,"[0.33999999999999986, 0.2379999999999999]",205789,"[3.3999999999999986, 2.379999999999999]",0.01678264324481671,4.363487243652344,4.619999999999997,"[0.47599999999999987, -0.014000000000000113]",206789,"[4.759999999999999, -0.14000000000000112]",0.016140962564028225,4.196650266647339,7.839999999999998,"[0.46099999999999985, 0.32299999999999984]",207789,"[4.6099999999999985, 3.2299999999999986]",0.016763418454390305,4.3584887981414795,4.769999999999998,"[0.11999999999999993, 0.3569999999999999]",208789,"[1.1999999999999993, 3.5699999999999985]",0.015756984857412486,4.096816062927246,MinimaxSolutionConcept,3.492499999999999,1.4247346244125603,0.01636100228016193,0.0004338704887454019,4.253860592842102,0.1128063270738045,COMPLETE
21,6.619999999999998,2025-06-12 21:16:33.924880,2025-06-12 21:16:38.251337,0 days 00:00:04.326457,46,0.7875138577492213,0.17481382639179396,0.978851037553675,0.02083828460679319,214,215793,6.619999999999998,3.3311184307976816,0.3842499999999999,0.29078030796462134,210.0,4,8.009999999999998,"[0.4549999999999999, 0.346]",215793,"[4.549999999999999, 3.46]",0.018296559651692707,3.8422775268554688,11.38,"[0.8240000000000001, 0.3139999999999999]",216793,"[8.24, 3.139999999999999]",0.01785700207664853,3.7499704360961914,4.209999999999997,"[0.1979999999999999, 0.22299999999999986]",217793,"[1.979999999999999, 2.2299999999999986]",0.019741792905898323,4.1457765102386475,2.879999999999997,"[0.059999999999999845, 0.2279999999999999]",218793,"[0.5999999999999984, 2.279999999999999]",0.01957302661169143,4.1103355884552,MinimaxSolutionConcept,3.842499999999999,2.907803079646213,0.018867095311482746,0.0008076562022978314,3.962090015411377,0.1696078024825445,COMPLETE
22,4.8024999999999975,2025-06-12 21:16:38.266022,2025-06-12 21:16:41.002685,0 days 00:00:02.736663,37,0.7822193844937256,0.11875939739137639,0.9870916098226211,0.00652284580563289,145,225798,4.8024999999999975,3.6359549983463766,0.23024999999999987,0.13023704350145546,140.0,4,-0.9800000000000025,"[0.028999999999999908, -0.1270000000000001]",225798,"[0.2899999999999991, -1.2700000000000011]",0.01736893824168614,2.4316513538360596,5.089999999999997,"[0.26899999999999985, 0.23999999999999985]",226798,"[2.6899999999999986, 2.3999999999999986]",0.016572483948298862,2.320147752761841,9.009999999999998,"[0.3909999999999999, 0.5099999999999999]",227798,"[3.9099999999999993, 5.099999999999999]",0.01789987768445696,2.5059828758239746,6.089999999999996,"[0.2319999999999999, 0.37699999999999984]",228798,"[2.319999999999999, 3.7699999999999982]",0.01824531044278826,2.5543434619903564,MinimaxSolutionConcept,2.302499999999999,1.3023704350145546,0.017521652579307555,0.0006306698210135008,2.453031361103058,0.08829377494189002,COMPLETE
23,3.6674999999999986,2025-06-12 21:16:41.016655,2025-06-12 21:16:46.904415,0 days 00:00:05.887760,40,0.6861037969272462,0.16878981360504242,0.9982658124163059,0.04840778877800187,315,235801,3.6674999999999986,2.326073676821094,0.1457499999999999,0.12609594561285467,310.0,4,5.589999999999999,"[0.2059999999999999, 0.35299999999999987]",235801,"[2.059999999999999, 3.5299999999999985]",0.0180963070161881,5.6098551750183105,-0.31000000000000266,"[-0.00400000000000012, -0.027000000000000125]",236801,"[-0.0400000000000012, -0.27000000000000124]",0.01855678019985076,5.752601861953735,4.779999999999998,"[0.06099999999999989, 0.4169999999999999]",237801,"[0.6099999999999989, 4.169999999999999]",0.01803357985711867,5.590409755706787,4.6099999999999985,"[0.31999999999999995, 0.14099999999999988]",238801,"[3.1999999999999993, 1.4099999999999988]",0.01796924683355516,5.5704665184021,MinimaxSolutionConcept,1.4574999999999991,1.2609594561285469,0.01816397847667817,0.00023119084816911853,5.630833327770233,0.07166916293242676,COMPLETE
24,6.949999999999999,2025-06-12 21:16:46.918462,2025-06-12 21:16:50.012025,0 days 00:00:03.093563,28,0.7692137520596941,0.08128174020798802,0.9857374302604328,0.021879121470708814,218,245806,6.949999999999999,2.288394633798987,0.36324999999999996,0.1162247284359056,210.0,4,3.0599999999999996,"[0.207, 0.09899999999999995]",245806,"[2.07, 0.9899999999999995]",0.0137383120400565,2.8850455284118652,8.59,"[0.433, 0.426]",246806,"[4.33, 4.26]",0.013667288280668714,2.8701305389404297,8.62,"[0.509, 0.353]",247806,"[5.09, 3.53]",0.013256599789574032,2.783885955810547,7.529999999999999,"[0.30399999999999994, 0.449]",248806,"[3.039999999999999, 4.49]",0.014045399711245582,2.9495339393615723,MinimaxSolutionConcept,3.6325,1.1622472843590559,0.013676899955386207,0.0002812063867893947,2.8721489906311035,0.05905334122577288,COMPLETE
25,6.6075,2025-06-12 21:16:50.026412,2025-06-12 21:16:53.359535,0 days 00:00:03.333123,28,0.8713915016181577,0.07895086757399516,0.9714423818912015,0.008387872438478739,240,255810,6.6075,3.087267197700905,0.26149999999999995,0.1815082642746605,240.0,4,2.8499999999999996,"[0.31299999999999994, -0.02800000000000006]",255810,"[3.1299999999999994, -0.2800000000000006]",0.013201375802357992,3.168330192565918,4.359999999999999,"[-0.03700000000000005, 0.473]",256810,"[-0.37000000000000044, 4.7299999999999995]",0.012905368208885193,3.0972883701324463,10.29,"[0.4539999999999999, 0.575]",257810,"[4.539999999999999, 5.75]",0.01310809353987376,3.145942449569702,8.93,"[0.31599999999999995, 0.577]",258810,"[3.1599999999999993, 5.77]",0.013062432408332825,3.134983777999878,MinimaxSolutionConcept,2.6149999999999993,1.815082642746605,0.013069317489862443,0.00010708612309057504,3.136636197566986,0.025700669541737917,COMPLETE
26,7.909999999999997,2025-06-12 21:16:53.528968,2025-06-12 21:16:57.780117,0 days 00:00:04.251149,47,0.8049130657550474,0.08182562499142908,0.9863438964742504,0.027088007619331837,200,265813,7.909999999999997,2.746079022897921,0.3427499999999999,0.12898522202174947,200.0,4,3.959999999999997,"[0.16799999999999987, 0.22799999999999984]",265813,"[1.6799999999999988, 2.2799999999999985]",0.020555096864700317,4.1110193729400635,9.629999999999997,"[0.4149999999999999, 0.5479999999999999]",266813,"[4.1499999999999995, 5.4799999999999995]",0.017984073162078857,3.5968146324157715,6.889999999999997,"[0.28099999999999986, 0.4079999999999998]",267813,"[2.8099999999999987, 4.079999999999998]",0.019697272777557374,3.9394545555114746,11.159999999999997,"[0.5069999999999999, 0.6089999999999999]",268813,"[5.0699999999999985, 6.089999999999999]",0.01854543447494507,3.7090868949890137,MinimaxSolutionConcept,3.427499999999999,1.2898522202174947,0.019195469319820406,0.0009988017472872235,3.839093863964081,0.1997603494574447,COMPLETE
27,6.079999999999997,2025-06-12 21:16:57.793888,2025-06-12 21:17:02.313371,0 days 00:00:04.519483,46,0.6151397471013982,0.04324401900519356,0.9898729394625531,0.05566465805423089,193,275817,6.079999999999997,0.8837137545608308,0.32774999999999993,0.07040019531222909,190.0,4,7.209999999999997,"[0.2739999999999999, 0.4469999999999999]",275817,"[2.7399999999999993, 4.469999999999999]",0.020941608830502157,3.97890567779541,6.179999999999998,"[0.44799999999999995, 0.16999999999999987]",276817,"[4.4799999999999995, 1.6999999999999988]",0.023061733496816533,4.381729364395142,4.729999999999997,"[0.3059999999999999, 0.1669999999999999]",277817,"[3.0599999999999987, 1.669999999999999]",0.02179059856816342,4.14021372795105,6.199999999999998,"[0.2829999999999999, 0.33699999999999997]",278817,"[2.829999999999999, 3.3699999999999997]",0.021564336826926784,4.097223997116089,MinimaxSolutionConcept,3.277499999999999,0.7040019531222909,0.02183956943060222,0.0007710657195679771,4.149518191814423,0.14650248671791566,COMPLETE
28,6.504999999999997,2025-06-12 21:17:02.327177,2025-06-12 21:17:09.137751,0 days 00:00:06.810574,47,0.694810939172688,0.0784521239207786,0.9817431347151637,0.0004911530019097562,316,285822,6.504999999999997,0.9087766502282069,0.2702499999999998,0.13968245236965163,310.0,4,6.119999999999998,"[0.40999999999999986, 0.20199999999999982]",285822,"[4.099999999999999, 2.0199999999999982]",0.021512309197456607,6.668815851211548,6.339999999999997,"[0.28899999999999976, 0.34499999999999986]",286822,"[2.8899999999999975, 3.4499999999999984]",0.020494544890619092,6.353308916091919,7.999999999999998,"[0.3419999999999999, 0.4579999999999999]",287822,"[3.419999999999999, 4.579999999999999]",0.01964882496864565,6.091135740280151,5.559999999999997,"[0.039999999999999855, 0.5159999999999998]",288822,"[0.3999999999999986, 5.159999999999998]",0.02150595034322431,6.666844606399536,MinimaxSolutionConcept,2.702499999999999,1.3968245236965164,0.02079040734998641,0.0007784421913031272,6.445026278495789,0.24131707930396923,COMPLETE
29,6.209999999999999,2025-06-12 21:17:09.151653,2025-06-12 21:17:14.206826,0 days 00:00:05.055173,35,0.8044369900805368,0.10714737486695607,0.9698403061015838,0.02569757948707222,294,295829,6.209999999999999,2.2181185721236822,0.29499999999999993,0.17471405209656152,290.0,4,8.76,"[0.492, 0.38399999999999995]",295829,"[4.92, 3.8399999999999994]",0.01632250999582225,4.733527898788452,7.659999999999998,"[0.37599999999999995, 0.3899999999999998]",296829,"[3.7599999999999993, 3.8999999999999977]",0.014839209359267662,4.303370714187622,5.449999999999998,"[0.29399999999999993, 0.2509999999999999]",297829,"[2.9399999999999995, 2.509999999999999]",0.016857455516683644,4.888662099838257,2.969999999999998,"[0.017999999999999898, 0.2789999999999999]",298829,"[0.179999999999999, 2.789999999999999]",0.016919084252982303,4.906534433364868,MinimaxSolutionConcept,2.9499999999999997,1.7471405209656152,0.016234564781188964,0.0008383482107530567,4.7080237865448,0.2431209811183864,COMPLETE
30,4.352499999999997,2025-06-12 21:17:14.220911,2025-06-12 21:17:19.731262,0 days 00:00:05.510351,43,0.7423727882405543,0.04938371479349307,0.9922371218920839,0.06102833942138073,265,305834,4.352499999999997,2.8329434780807046,0.12374999999999989,0.20684822334262387,260.0,4,1.2899999999999978,"[0.09599999999999989, 0.03299999999999987]",305834,"[0.9599999999999989, 0.3299999999999987]",0.019274899592766397,5.011473894119263,7.259999999999998,"[0.1959999999999999, 0.5299999999999999]",306834,"[1.959999999999999, 5.299999999999999]",0.01934567139698909,5.029874563217163,7.099999999999997,"[0.38799999999999985, 0.32199999999999984]",307834,"[3.8799999999999986, 3.2199999999999984]",0.02050520548453698,5.331353425979614,1.7599999999999971,"[-0.18500000000000016, 0.36099999999999993]",308834,"[-1.8500000000000016, 3.6099999999999994]",0.019712013464707596,5.125123500823975,MinimaxSolutionConcept,1.237499999999999,2.0684822334262383,0.019709447484750016,0.0004884675759280607,5.124456346035004,0.12700156974129584,COMPLETE
31,8.534999999999998,2025-06-12 21:17:19.918818,2025-06-12 21:17:23.978764,0 days 00:00:04.059946,39,0.7572466138363064,0.0797696007851266,0.9836659205579739,0.02217140806944671,206,315839,8.534999999999998,2.0867977860827827,0.38124999999999987,0.18128896132969596,200.0,4,9.679999999999998,"[0.35099999999999987, 0.617]",315839,"[3.509999999999999, 6.17]",0.01937462329864502,3.874924659729004,10.23,"[0.6519999999999999, 0.3709999999999999]",316839,"[6.52, 3.709999999999999]",0.017268152236938478,3.4536304473876953,4.969999999999997,"[0.37999999999999995, 0.11699999999999991]",317839,"[3.7999999999999994, 1.169999999999999]",0.01859362840652466,3.7187256813049316,9.259999999999998,"[0.1419999999999999, 0.7839999999999999]",318839,"[1.419999999999999, 7.839999999999999]",0.017150505781173705,3.430101156234741,MinimaxSolutionConcept,3.812499999999999,1.8128896132969599,0.018096727430820466,0.0009302957447548142,3.619345486164093,0.18605914895096287,COMPLETE
32,5.742499999999998,2025-06-12 21:17:23.992838,2025-06-12 21:17:27.960850,0 days 00:00:03.968012,40,0.8106411756025456,0.09263496640059855,0.9823518885215416,0.009562560861395513,197,325844,5.742499999999998,2.095249090203836,0.36649999999999994,0.19586794020461853,190.0,4,4.269999999999998,"[0.42899999999999994, -0.0020000000000001406]",325844,"[4.289999999999999, -0.020000000000001406]",0.020053086782756604,3.810086488723755,7.929999999999998,"[0.634, 0.1589999999999999]",326844,"[6.34, 1.589999999999999]",0.018754507365979646,3.563356399536133,3.1099999999999977,"[0.09299999999999989, 0.2179999999999999]",327844,"[0.9299999999999988, 2.179999999999999]",0.019109961861058285,3.630892753601074,7.659999999999999,"[0.30999999999999994, 0.45599999999999985]",328844,"[3.0999999999999996, 4.559999999999999]",0.019486328175193385,3.702402353286743,MinimaxSolutionConcept,3.6649999999999996,1.958679402046185,0.01935097104624698,0.0004809216175829581,3.6766844987869263,0.09137510734076208,COMPLETE
33,4.709999999999997,2025-06-12 21:17:27.974940,2025-06-12 21:17:33.667854,0 days 00:00:05.692914,44,0.501993751618822,0.026712851225335142,0.9749528829706178,0.03429945990879077,257,335848,4.709999999999997,2.6210112552219234,0.24099999999999988,0.25839214384342263,250.0,4,3.059999999999998,"[0.08099999999999982, 0.22499999999999992]",335848,"[0.8099999999999983, 2.249999999999999]",0.022073097229003906,5.518274307250977,8.159999999999998,"[0.5979999999999999, 0.2179999999999999]",336848,"[5.979999999999999, 2.179999999999999]",0.02066337776184082,5.165844440460205,1.4399999999999973,"[-0.07500000000000018, 0.21899999999999992]",337848,"[-0.7500000000000018, 2.189999999999999]",0.022165823936462402,5.541455984115601,6.179999999999998,"[0.35999999999999993, 0.2579999999999999]",338848,"[3.599999999999999, 2.579999999999999]",0.02102617359161377,5.256543397903442,MinimaxSolutionConcept,2.409999999999999,2.5839214384342264,0.02148211812973022,0.0006509476049935843,5.370529532432556,0.16273690124839613,COMPLETE
34,6.599999999999997,2025-06-12 21:17:33.682139,2025-06-12 21:17:38.828834,0 days 00:00:05.146695,49,0.7503535785408614,0.07382511087858117,0.9643528872606134,0.021227047250477634,232,345853,6.599999999999997,2.2995543046425317,0.3594999999999998,0.2146398145731588,230.0,4,9.089999999999996,"[0.2869999999999998, 0.6219999999999999]",345853,"[2.8699999999999983, 6.219999999999999]",0.02049370537633481,4.713552236557007,8.569999999999997,"[0.5479999999999998, 0.30899999999999983]",346853,"[5.479999999999999, 3.089999999999998]",0.020104252773782482,4.623978137969971,5.119999999999997,"[0.03999999999999984, 0.47199999999999986]",347853,"[0.3999999999999984, 4.719999999999999]",0.020418801514998725,4.696324348449707,3.6199999999999974,"[0.5629999999999998, -0.20100000000000023]",348853,"[5.629999999999998, -2.0100000000000025]",0.02170340703881305,4.991783618927002,MinimaxSolutionConcept,3.594999999999999,2.146398145731588,0.020680041675982266,0.0006086413484177749,4.756409585475922,0.13998751013608832,COMPLETE
35,8.299999999999999,2025-06-12 21:17:38.844899,2025-06-12 21:17:42.017860,0 days 00:00:03.172961,35,0.8672508985957269,0.10066852063968569,0.9757057284922735,0.06225658224850022,197,355858,8.299999999999999,0.692603782836912,0.4212499999999999,0.1277798399592049,190.0,4,7.969999999999999,"[0.3899999999999999, 0.4069999999999999]",355858,"[3.899999999999999, 4.069999999999999]",0.015595171326085141,2.9630825519561768,8.09,"[0.2639999999999998, 0.5449999999999999]",356858,"[2.639999999999998, 5.449999999999999]",0.015812852508143373,3.004441976547241,9.469999999999999,"[0.41099999999999987, 0.536]",357858,"[4.1099999999999985, 5.36]",0.015516429198415655,2.9481215476989746,7.669999999999997,"[0.62, 0.14699999999999994]",358858,"[6.2, 1.4699999999999993]",0.0155800367656507,2.960206985473633,MinimaxSolutionConcept,4.212499999999999,1.2777983995920492,0.015626122449573718,0.00011178392821746585,2.9689632654190063,0.021238946361318616,COMPLETE
36,8.502499999999998,2025-06-12 21:17:42.228200,2025-06-12 21:17:44.184690,0 days 00:00:01.956490,35,0.9048794662022043,0.09948646171095735,0.975349255545094,0.0687351612857536,105,365862,8.502499999999998,1.4665669947193,0.41999999999999993,0.1464974402506747,100.0,4,7.479999999999999,"[0.22699999999999995, 0.5209999999999999]",365862,"[2.2699999999999996, 5.209999999999999]",0.017965209484100342,1.7965209484100342,7.349999999999999,"[0.34999999999999987, 0.3849999999999999]",366862,"[3.4999999999999987, 3.8499999999999988]",0.017778959274291992,1.7778959274291992,10.979999999999999,"[0.619, 0.4789999999999999]",367862,"[6.1899999999999995, 4.789999999999999]",0.01709977149963379,1.709977149963379,8.2,"[0.484, 0.33599999999999997]",368862,"[4.84, 3.3599999999999994]",0.017783679962158204,1.7783679962158203,MinimaxSolutionConcept,4.199999999999999,1.464974402506747,0.01765690505504608,0.00033030990336721365,1.7656905055046082,0.033030990336721334,COMPLETE
37,4.759999999999998,2025-06-12 21:17:44.198986,2025-06-12 21:17:46.173586,0 days 00:00:01.974600,34,0.9566748534528906,0.09952557171798923,0.9754381678390974,0.06764543407333005,105,375864,4.759999999999998,2.5275976736814747,0.20899999999999994,0.1345418150613407,100.0,4,2.699999999999998,"[0.13899999999999996, 0.13099999999999992]",375864,"[1.3899999999999997, 1.3099999999999992]",0.017698395252227783,1.7698395252227783,6.639999999999999,"[0.2759999999999999, 0.388]",376864,"[2.759999999999999, 3.88]",0.0176830530166626,1.7683053016662598,1.8699999999999983,"[0.03299999999999991, 0.15399999999999991]",377864,"[0.3299999999999991, 1.5399999999999991]",0.018156883716583253,1.8156883716583252,7.83,"[0.38799999999999996, 0.39499999999999996]",378864,"[3.8799999999999994, 3.9499999999999997]",0.015594782829284668,1.5594782829284668,MinimaxSolutionConcept,2.0899999999999994,1.3454181506134069,0.017283278703689575,0.0009932705178624152,1.7283278703689575,0.09932705178624149,COMPLETE
38,5.089999999999999,2025-06-12 21:17:46.188009,2025-06-12 21:17:48.718189,0 days 00:00:02.530180,35,0.8996864287240027,0.08960156892261421,0.9593814174852926,0.038072844026081576,134,385866,5.089999999999999,3.8676866470798803,0.4207499999999999,0.16873999970368617,130.0,4,-0.8300000000000023,"[0.25699999999999995, -0.3400000000000002]",385866,"[2.5699999999999994, -3.400000000000002]",0.017612559978778544,2.289632797241211,8.43,"[0.663, 0.17999999999999983]",386866,"[6.630000000000001, 1.7999999999999983]",0.01597125897040734,2.076263666152954,8.649999999999999,"[0.4939999999999999, 0.37099999999999994]",387866,"[4.939999999999999, 3.7099999999999995]",0.01737802578852727,2.259143352508545,4.1099999999999985,"[0.2689999999999999, 0.1419999999999999]",388866,"[2.689999999999999, 1.419999999999999]",0.018262316630436825,2.374101161956787,MinimaxSolutionConcept,4.207499999999999,1.687399997036862,0.017306040342037494,0.0008359488384494403,2.2497852444648743,0.10867334899842725,COMPLETE
39,5.8625,2025-06-12 21:17:48.732621,2025-06-12 21:17:52.955899,0 days 00:00:04.223278,29,0.8603217751963234,0.12137467528328597,0.9142862443143719,0.0703077862667867,292,395868,5.8625,2.422595457355602,0.3047499999999999,0.11192491903057157,290.0,4,2.679999999999999,"[0.18699999999999997, 0.08099999999999999]",395868,"[1.8699999999999997, 0.8099999999999998]",0.013921919362298373,4.037356615066528,6.27,"[0.42299999999999993, 0.2039999999999999]",396868,"[4.2299999999999995, 2.039999999999999]",0.013957812868315598,4.047765731811523,9.409999999999998,"[0.41, 0.5309999999999999]",397868,"[4.1, 5.309999999999999]",0.01393785230044661,4.041977167129517,5.089999999999999,"[0.1989999999999999, 0.30999999999999994]",398868,"[1.9899999999999989, 3.0999999999999996]",0.014039563310557399,4.0714733600616455,MinimaxSolutionConcept,3.0474999999999994,1.1192491903057158,0.013964286960404493,4.528312979766589e-05,4.0496432185173035,0.01313210764132302,COMPLETE
40,3.8499999999999988,2025-06-12 21:17:52.970164,2025-06-12 21:17:59.915408,0 days 00:00:06.945244,32,0.9514697691221065,0.13294263413838953,0.975637755421567,0.004205146116094219,463,405873,3.8499999999999988,2.139310636630408,0.24774999999999997,0.16232586824040096,460.0,4,3.259999999999999,"[0.15099999999999994, 0.17499999999999996]",405873,"[1.5099999999999993, 1.7499999999999996]",0.013529184071914009,6.223424673080444,4.279999999999999,"[0.285, 0.14299999999999993]",406873,"[2.8499999999999996, 1.4299999999999993]",0.0141381341478099,6.503541707992554,6.909999999999999,"[0.493, 0.19799999999999995]",407873,"[4.93, 1.9799999999999995]",0.013496299411939538,6.2082977294921875,0.9499999999999983,"[0.06199999999999992, 0.03299999999999993]",408873,"[0.6199999999999992, 0.3299999999999993]",0.014690571245939836,6.757662773132324,MinimaxSolutionConcept,2.4774999999999996,1.6232586824040094,0.01396354721940082,0.00049143575068577,6.423231720924377,0.22606044531545402,COMPLETE
41,6.329999999999998,2025-06-12 21:18:00.140168,2025-06-12 21:18:03.468256,0 days 00:00:03.328088,42,0.9081553789061237,0.09871415308531449,0.9830774427357981,0.03996304317420432,161,415880,6.329999999999998,2.9724568962392044,0.29149999999999987,0.19288532862817742,160.0,4,9.82,"[0.4919999999999999, 0.48999999999999994]",415880,"[4.919999999999999, 4.8999999999999995]",0.019832664728164674,3.1732263565063477,5.459999999999997,"[0.3279999999999999, 0.21799999999999992]",416880,"[3.279999999999999, 2.1799999999999993]",0.019224768877029418,3.075963020324707,8.099999999999998,"[0.3719999999999999, 0.4379999999999999]",417880,"[3.719999999999999, 4.379999999999999]",0.019843988120555878,3.1750380992889404,1.9399999999999982,"[-0.026000000000000145, 0.21999999999999992]",418880,"[-0.26000000000000145, 2.1999999999999993]",0.019414539635181426,3.1063263416290283,MinimaxSolutionConcept,2.9149999999999987,1.9288532862817744,0.01957899034023285,0.00026790455299164305,3.132638454437256,0.042864728478662746,COMPLETE
42,6.384999999999998,2025-06-12 21:18:03.482833,2025-06-12 21:18:06.170856,0 days 00:00:02.688023,39,0.8462985370889573,0.0881882425612634,0.9707259111473503,0.07356143786675466,124,425883,6.384999999999998,2.7522127461371877,0.2539999999999999,0.14253596037491734,120.0,4,1.729999999999999,"[0.16999999999999982, 0.0029999999999998804]",425883,"[1.6999999999999982, 0.029999999999998805]",0.02083488702774048,2.5001864433288574,6.969999999999999,"[0.23699999999999993, 0.45999999999999996]",426883,"[2.369999999999999, 4.6]",0.018718475103378297,2.2462170124053955,8.469999999999999,"[0.48999999999999994, 0.35699999999999993]",427883,"[4.8999999999999995, 3.5699999999999994]",0.019513893127441406,2.3416671752929688,8.37,"[0.11899999999999991, 0.718]",428883,"[1.189999999999999, 7.18]",0.019416425625483194,2.3299710750579834,MinimaxSolutionConcept,2.539999999999999,1.4253596037491736,0.019620920221010845,0.0007650809493998182,2.3545104265213013,0.09180971392797815,COMPLETE
43,5.462499999999999,2025-06-12 21:18:06.186620,2025-06-12 21:18:10.038533,0 days 00:00:03.851913,42,0.8845223626347984,0.052812375540215006,0.9788548498684728,0.029346883956162848,189,435886,5.462499999999999,2.558030248061973,0.32074999999999987,0.22332753412868736,180.0,4,1.8399999999999976,"[-0.030000000000000127, 0.2139999999999999]",435886,"[-0.30000000000000127, 2.1399999999999992]",0.018476925955878364,3.3258466720581055,8.639999999999999,"[0.591, 0.27299999999999996]",436886,"[5.91, 2.7299999999999995]",0.019156854682498507,3.4482338428497314,6.879999999999998,"[0.3709999999999999, 0.31699999999999995]",437886,"[3.709999999999999, 3.1699999999999995]",0.01749193138546414,3.148547649383545,4.489999999999998,"[0.35099999999999987, 0.09799999999999984]",438886,"[3.509999999999999, 0.9799999999999984]",0.02045923603905572,3.6826624870300293,MinimaxSolutionConcept,3.2074999999999987,2.2332753412868733,0.018896237015724182,0.001079210774508311,3.401322662830353,0.19425793941149594,COMPLETE
44,8.322499999999998,2025-06-12 21:18:10.053168,2025-06-12 21:18:13.302555,0 days 00:00:03.249387,48,0.8193133914030817,0.06921902920034458,0.9870518604847567,0.044922200670171566,149,445890,8.322499999999998,4.01627548233435,0.4062499999999999,0.2596154608261997,140.0,4,14.090000000000002,"[0.844, 0.5649999999999998]",445890,"[8.44, 5.649999999999999]",0.020964503288269043,2.935030460357666,4.269999999999998,"[0.16399999999999987, 0.2629999999999999]",446890,"[1.6399999999999988, 2.629999999999999]",0.020570545537131172,2.8798763751983643,4.879999999999997,"[0.31799999999999995, 0.16999999999999987]",447890,"[3.1799999999999997, 1.6999999999999988]",0.021253846372876847,2.975538492202759,10.049999999999997,"[0.2989999999999999, 0.706]",448890,"[2.989999999999999, 7.06]",0.021806837831224713,3.05295729637146,MinimaxSolutionConcept,4.062499999999999,2.5961546082619966,0.021148933257375442,0.00045066394312446206,2.9608506560325623,0.06309295203742468,COMPLETE
45,6.662499999999997,2025-06-12 21:18:13.316768,2025-06-12 21:18:15.701724,0 days 00:00:02.384956,50,0.8260734705459922,0.0716430861686777,0.9912434326720848,0.00048036758914415245,105,455893,6.662499999999997,2.1411606081749213,0.2652499999999999,0.15208118719946925,100.0,4,9.559999999999997,"[0.42099999999999993, 0.5349999999999999]",455893,"[4.209999999999999, 5.35]",0.021762382984161378,2.1762382984161377,5.689999999999998,"[0.4119999999999999, 0.15699999999999986]",456893,"[4.119999999999999, 1.5699999999999985]",0.022270562648773192,2.2270562648773193,3.809999999999997,"[0.09199999999999983, 0.28899999999999987]",457893,"[0.9199999999999984, 2.889999999999999]",0.022347118854522705,2.2347118854522705,7.589999999999997,"[0.13599999999999984, 0.6229999999999999]",458893,"[1.3599999999999985, 6.229999999999999]",0.022303390502929687,2.2303390502929688,MinimaxSolutionConcept,2.652499999999999,1.5208118719946926,0.02217086374759674,0.00023739503395663663,2.217086374759674,0.023739503395663712,COMPLETE
46,7.889999999999998,2025-06-12 21:18:15.949972,2025-06-12 21:18:19.116252,0 days 00:00:03.166280,47,0.9922393665511584,0.10489457457558365,0.9864643847873268,0.011624974507504111,148,465895,7.889999999999998,1.2667478044188598,0.3334999999999999,0.1944922877648366,140.0,4,6.799999999999997,"[0.23199999999999985, 0.44799999999999984]",465895,"[2.3199999999999985, 4.479999999999999]",0.02020554201943534,2.8287758827209473,7.849999999999998,"[0.5819999999999999, 0.20299999999999985]",466895,"[5.8199999999999985, 2.0299999999999985]",0.019673904350825718,2.7543466091156006,9.969999999999999,"[0.44499999999999995, 0.5519999999999998]",467895,"[4.449999999999999, 5.519999999999998]",0.02152435609272548,3.0134098529815674,6.939999999999998,"[0.07499999999999984, 0.619]",468895,"[0.7499999999999984, 6.1899999999999995]",0.017848142555781772,2.4987399578094482,MinimaxSolutionConcept,3.3349999999999986,1.9449228776483658,0.019812986254692078,0.001319359815222355,2.773818075656891,0.18471037413112965,COMPLETE
47,6.087499999999999,2025-06-12 21:18:19.130352,2025-06-12 21:18:22.578119,0 days 00:00:03.447767,33,0.9297770745412122,0.08286966041648636,0.9663890936705779,0.07855474467046979,201,475899,6.087499999999999,1.5092444301702754,0.35299999999999987,0.04766025597916986,200.0,4,7.629999999999998,"[0.3689999999999999, 0.3939999999999999]",475899,"[3.6899999999999986, 3.939999999999999]",0.015564591884613036,3.1129183769226074,3.679999999999999,"[0.3109999999999999, 0.05699999999999992]",476899,"[3.109999999999999, 0.5699999999999992]",0.015424771308898926,3.084954261779785,5.989999999999998,"[0.4239999999999998, 0.17499999999999993]",477899,"[4.239999999999998, 1.7499999999999993]",0.015385086536407471,3.077017307281494,7.049999999999999,"[0.30799999999999994, 0.3969999999999999]",478899,"[3.079999999999999, 3.969999999999999]",0.016351752281188965,3.270350456237793,MinimaxSolutionConcept,3.5299999999999985,0.4766025597916987,0.0156815505027771,0.0003926436615793037,3.13631010055542,0.07852873231586074,COMPLETE
48,8.009999999999998,2025-06-12 21:18:22.592976,2025-06-12 21:18:26.331968,0 days 00:00:03.738992,45,0.8038036860342952,0.05452608819921626,0.9898691014628943,0.05255326442309149,170,485902,8.009999999999998,3.716577726888004,0.41849999999999987,0.14080216617651872,170.0,4,6.609999999999998,"[0.4789999999999999, 0.18199999999999986]",485902,"[4.789999999999999, 1.8199999999999985]",0.02108469430138083,3.584398031234741,9.989999999999997,"[0.45299999999999985, 0.5459999999999999]",486902,"[4.5299999999999985, 5.459999999999999]",0.01974317045772777,3.3563389778137207,12.68,"[0.5579999999999998, 0.71]",487902,"[5.579999999999998, 7.1]",0.019314338179195627,3.283437490463257,2.7599999999999976,"[0.1839999999999999, 0.09199999999999986]",488902,"[1.8399999999999992, 0.9199999999999986]",0.020447164423325483,3.476017951965332,MinimaxSolutionConcept,4.184999999999999,1.4080216617651873,0.02014734184040743,0.0006756058065710359,3.4250481128692627,0.11485298711707605,COMPLETE
49,8.092499999999998,2025-06-12 21:18:26.346261,2025-06-12 21:18:28.982366,0 days 00:00:02.636105,41,0.840849116390039,0.05698052242074326,0.9986127957671616,0.04426549687355015,124,495906,8.092499999999998,2.3870104210078344,0.39574999999999994,0.23830377147665963,120.0,4,5.909999999999998,"[0.11899999999999988, 0.47199999999999986]",495906,"[1.1899999999999988, 4.719999999999999]",0.018930983543395997,2.2717180252075195,5.509999999999998,"[0.2039999999999999, 0.34699999999999986]",496906,"[2.039999999999999, 3.469999999999999]",0.020678782463073732,2.4814538955688477,10.419999999999998,"[0.675, 0.3669999999999998]",497906,"[6.75, 3.669999999999998]",0.019397085905075072,2.327650308609009,10.529999999999998,"[0.5849999999999999, 0.46799999999999997]",498906,"[5.849999999999999, 4.68]",0.020140421390533448,2.4168505668640137,MinimaxSolutionConcept,3.9574999999999987,2.3830377147665964,0.019786818325519564,0.0006717476617205266,2.3744181990623474,0.08060971940646312,COMPLETE
50,4.009999999999999,2025-06-12 21:18:28.996508,2025-06-12 21:18:31.257876,0 days 00:00:02.261368,30,0.8398719945426399,0.031109002164448576,0.9989575661467619,0.0975333786369962,134,505909,4.009999999999999,1.0052611600972159,0.19674999999999992,0.0864562750759018,130.0,4,2.4699999999999984,"[0.17999999999999994, 0.06699999999999995]",505909,"[1.7999999999999994, 0.6699999999999995]",0.01580677399268517,2.0548806190490723,4.85,"[0.32399999999999995, 0.16099999999999995]",506909,"[3.2399999999999993, 1.6099999999999994]",0.01604505502260648,2.0858571529388428,4.959999999999998,"[0.08099999999999996, 0.4149999999999999]",507909,"[0.8099999999999996, 4.1499999999999995]",0.016258641389700082,2.1136233806610107,3.759999999999999,"[0.2019999999999999, 0.17399999999999993]",508909,"[2.019999999999999, 1.7399999999999993]",0.01579284301170936,2.053069591522217,MinimaxSolutionConcept,1.9674999999999994,0.8645627507590179,0.015975828354175273,0.0001915975974412488,2.0768576860427856,0.024907687667362347,COMPLETE
51,6.577499999999998,2025-06-12 21:18:31.533258,2025-06-12 21:18:35.084862,0 days 00:00:03.551604,44,0.9301955130210628,0.05582832918891661,0.9931456982665667,0.04231604120477298,168,515911,6.577499999999998,5.185004218898959,0.36349999999999993,0.2493496541004218,160.0,4,13.089999999999998,"[0.7409999999999999, 0.568]",515911,"[7.409999999999998, 5.68]",0.01817721575498581,2.9083545207977295,1.249999999999997,"[0.08699999999999988, 0.03799999999999984]",516911,"[0.8699999999999988, 0.3799999999999984]",0.02119755297899246,3.391608476638794,10.229999999999997,"[0.42399999999999993, 0.5989999999999999]",517911,"[4.239999999999999, 5.989999999999998]",0.01870655417442322,2.993048667907715,1.739999999999998,"[0.20199999999999987, -0.02800000000000017]",518911,"[2.0199999999999987, -0.2800000000000017]",0.019943106174468993,3.190896987915039,MinimaxSolutionConcept,3.634999999999999,2.493496541004218,0.01950610727071762,0.0011680319388076715,3.1209771633148193,0.18688511020922757,COMPLETE
52,6.967499999999998,2025-06-12 21:18:35.099275,2025-06-12 21:18:37.604167,0 days 00:00:02.504892,41,0.8800247481411653,0.06983410245042816,0.9906866820767433,0.049862336508557016,119,525915,6.967499999999998,2.9367616093241216,0.3549999999999999,0.17468256925062672,110.0,4,2.2699999999999974,"[0.12499999999999992, 0.10199999999999987]",525915,"[1.2499999999999991, 1.0199999999999987]",0.020884503017772327,2.297295331954956,10.28,"[0.6169999999999999, 0.4109999999999999]",526915,"[6.169999999999999, 4.109999999999999]",0.017597599463029343,1.9357359409332275,8.159999999999998,"[0.3389999999999999, 0.47699999999999987]",527915,"[3.3899999999999992, 4.769999999999999]",0.020859347690235484,2.2945282459259033,7.1599999999999975,"[0.3389999999999999, 0.3769999999999999]",528915,"[3.3899999999999992, 3.7699999999999987]",0.019756505706093528,2.173215627670288,MinimaxSolutionConcept,3.549999999999999,1.7468256925062673,0.019774488969282668,0.0013368078538502234,2.1751937866210938,0.14704886392352465,COMPLETE
53,6.942499999999997,2025-06-12 21:18:37.618726,2025-06-12 21:18:41.150370,0 days 00:00:03.531644,39,0.7189849400724981,0.04999424827396643,0.9837667312655205,0.016487281949078864,178,535917,6.942499999999997,1.2864947531956756,0.3927499999999999,0.03915593824696327,170.0,4,5.829999999999998,"[0.33099999999999985, 0.2519999999999999]",535917,"[3.3099999999999987, 2.5199999999999987]",0.019594823612886315,3.331120014190674,7.389999999999998,"[0.3949999999999999, 0.34399999999999986]",536917,"[3.9499999999999993, 3.4399999999999986]",0.017650677176082836,3.000615119934082,8.85,"[0.40599999999999986, 0.4789999999999999]",537917,"[4.059999999999999, 4.789999999999999]",0.01961165035472197,3.3339805603027344,5.699999999999997,"[0.4389999999999999, 0.1309999999999999]",538917,"[4.389999999999999, 1.309999999999999]",0.018804731088526108,3.1968042850494385,MinimaxSolutionConcept,3.927499999999999,0.39155938246963257,0.018915470558054308,0.0007997112622046827,3.215629994869232,0.13595091457479605,COMPLETE
54,7.787499999999998,2025-06-12 21:18:41.164670,2025-06-12 21:18:43.628150,0 days 00:00:02.463480,36,0.8486250972490464,0.06112186808840972,0.9766189166415399,0.057192843285229895,122,545921,7.787499999999998,1.1830759696655153,0.47224999999999984,0.14663965186810826,120.0,4,8.899999999999999,"[0.6219999999999998, 0.2679999999999999]",545921,"[6.219999999999998, 2.679999999999999]",0.017304315169652303,2.0765178203582764,6.399999999999999,"[0.3829999999999999, 0.2569999999999999]",546921,"[3.829999999999999, 2.569999999999999]",0.018025539318720498,2.16306471824646,6.829999999999998,"[0.2779999999999999, 0.4049999999999999]",547921,"[2.7799999999999994, 4.049999999999999]",0.019047717253367107,2.2857260704040527,9.019999999999998,"[0.6059999999999999, 0.29599999999999993]",548921,"[6.059999999999999, 2.959999999999999]",0.01663408875465393,1.9960906505584717,MinimaxSolutionConcept,4.722499999999998,1.4663965186810826,0.017752915124098458,0.0008949652045673978,2.130349814891815,0.10739582454808773,COMPLETE
55,7.6324999999999985,2025-06-12 21:18:43.644224,2025-06-12 21:18:46.856601,0 days 00:00:03.212377,45,0.8045734670800653,0.04141143980238205,0.9955076999325151,0.08100215498960507,148,555923,7.6324999999999985,1.0136659952864162,0.41224999999999995,0.07610642219944387,140.0,4,9.259999999999998,"[0.44399999999999984, 0.4819999999999999]",555923,"[4.439999999999999, 4.8199999999999985]",0.02026574100766863,2.8372037410736084,7.429999999999998,"[0.2899999999999999, 0.45299999999999996]",556923,"[2.8999999999999995, 4.529999999999999]",0.019427549839019776,2.7198569774627686,6.469999999999997,"[0.497, 0.14999999999999986]",557923,"[4.97, 1.4999999999999987]",0.021260789462498257,2.976510524749756,7.369999999999997,"[0.41799999999999987, 0.31899999999999984]",558923,"[4.179999999999999, 3.1899999999999986]",0.021723629747118268,3.0413081645965576,MinimaxSolutionConcept,4.1225,0.7610642219944386,0.020669427514076234,0.000889701390559146,2.8937198519706726,0.12455819467828046,COMPLETE
56,7.537499999999999,2025-06-12 21:18:47.137346,2025-06-12 21:18:50.171420,0 days 00:00:03.034074,38,0.8291726296800912,0.0660144885870314,0.989544024096369,0.03595282001187957,159,565927,7.537499999999999,4.409627960497349,0.3407499999999999,0.3824665835076314,150.0,4,2.7799999999999976,"[0.1439999999999999, 0.1339999999999999]",565927,"[1.439999999999999, 1.339999999999999]",0.01887521743774414,2.831282615661621,11.339999999999998,"[0.4929999999999999, 0.6409999999999999]",566927,"[4.929999999999999, 6.409999999999999]",0.018799519538879393,2.819927930831909,12.5,"[0.8739999999999999, 0.37599999999999995]",567927,"[8.739999999999998, 3.7599999999999993]",0.017830920219421387,2.674638032913208,3.529999999999998,"[-0.14800000000000013, 0.501]",568927,"[-1.4800000000000013, 5.01]",0.01921797275543213,2.8826959133148193,MinimaxSolutionConcept,3.407499999999999,3.8246658350763143,0.018680907487869262,0.0005154470470889956,2.8021361231803894,0.07731705706334939,COMPLETE
57,6.149999999999998,2025-06-12 21:18:50.186430,2025-06-12 21:18:52.662769,0 days 00:00:02.476339,48,0.855399030809891,0.11086996781931749,0.9557172857978407,0.04556299996400283,102,575930,6.149999999999998,2.954953468330762,0.3739999999999999,0.14717846309837593,100.0,4,8.389999999999997,"[0.5469999999999999, 0.2919999999999999]",575930,"[5.469999999999999, 2.919999999999999]",0.021421117782592772,2.1421117782592773,4.219999999999998,"[0.4749999999999999, -0.05300000000000016]",576930,"[4.749999999999999, -0.5300000000000016]",0.02203315019607544,2.203315019607544,2.3799999999999972,"[0.3039999999999998, -0.06600000000000021]",577930,"[3.0399999999999983, -0.6600000000000021]",0.02319126605987549,2.319126605987549,9.609999999999998,"[0.16999999999999987, 0.7909999999999999]",578930,"[1.6999999999999988, 7.909999999999999]",0.0205741548538208,2.05741548538208,MinimaxSolutionConcept,3.7399999999999993,1.4717846309837592,0.021804922223091126,0.000953432143265761,2.1804922223091125,0.09534321432657604,COMPLETE
58,7.707499999999999,2025-06-12 21:18:52.677280,2025-06-12 21:18:55.393249,0 days 00:00:02.715969,42,0.8896449317439452,0.09865403357180111,0.9726533241879258,0.016851058441154258,138,585932,7.707499999999999,2.9363359395682234,0.44574999999999987,0.22820317153799594,130.0,4,9.78,"[0.6569999999999998, 0.3209999999999999]",585932,"[6.5699999999999985, 3.209999999999999]",0.019335656899672288,2.5136353969573975,4.639999999999997,"[0.3449999999999999, 0.11899999999999988]",586932,"[3.4499999999999993, 1.1899999999999988]",0.019655843881460338,2.5552597045898438,11.389999999999997,"[0.6619999999999999, 0.47699999999999987]",587932,"[6.619999999999999, 4.769999999999999]",0.017754182448753944,2.3080437183380127,5.019999999999999,"[0.11899999999999986, 0.3829999999999999]",588932,"[1.1899999999999986, 3.829999999999999]",0.019232660073500413,2.5002458095550537,MinimaxSolutionConcept,4.457499999999999,2.282031715379959,0.018994585825846746,0.0007329514954643083,2.469296157360077,0.09528369441036005,COMPLETE
59,8.067499999999999,2025-06-12 21:18:55.408147,2025-06-12 21:18:57.869669,0 days 00:00:02.461522,40,0.9147547015786974,0.08525074976038535,0.9804333734729775,0.0017352196157346413,122,595935,8.067499999999999,2.1279376753091244,0.3042499999999999,0.13211808165425348,120.0,4,9.129999999999999,"[0.3219999999999999, 0.591]",595935,"[3.219999999999999, 5.91]",0.019001108407974244,2.280133008956909,8.12,"[0.3279999999999999, 0.4839999999999999]",596935,"[3.279999999999999, 4.839999999999999]",0.018326598405838012,2.1991918087005615,10.37,"[0.46799999999999986, 0.569]",597935,"[4.679999999999999, 5.6899999999999995]",0.018652073542277017,2.238248825073242,4.649999999999999,"[0.09899999999999994, 0.3659999999999999]",598935,"[0.9899999999999993, 3.659999999999999]",0.019273990392684938,2.3128788471221924,MinimaxSolutionConcept,3.0424999999999986,1.321180816542535,0.01881344268719355,0.0003572044117200972,2.2576131224632263,0.04286452940641155,COMPLETE
60,4.1949999999999985,2025-06-12 21:18:57.885024,2025-06-12 21:18:59.991924,0 days 00:00:02.106900,33,0.9734470399353697,0.12988793651166722,0.9790288272958296,0.0015695888896801104,115,605937,4.1949999999999985,1.1085237931591718,0.1982499999999999,0.10890448796996381,110.0,4,3.1499999999999995,"[0.29399999999999993, 0.0209999999999999]",605937,"[2.9399999999999995, 0.20999999999999902]",0.017093322493813255,1.880265474319458,5.869999999999997,"[0.3029999999999998, 0.2839999999999999]",606937,"[3.0299999999999985, 2.839999999999999]",0.016341077197681773,1.7975184917449951,4.519999999999999,"[0.15799999999999992, 0.29399999999999993]",607937,"[1.5799999999999992, 2.9399999999999995]",0.015146949074485085,1.6661643981933594,3.239999999999999,"[0.037999999999999916, 0.2859999999999999]",608937,"[0.37999999999999917, 2.8599999999999994]",0.01663129979913885,1.8294429779052734,MinimaxSolutionConcept,1.982499999999999,1.0890448796996384,0.01630316214127974,0.0007194257975201167,1.7933478355407715,0.07913683772721276,COMPLETE
61,7.474999999999998,2025-06-12 21:19:00.288056,2025-06-12 21:19:03.600057,0 days 00:00:03.312001,40,0.9187336091132647,0.08833337856171519,0.9887835493468858,0.0007896097031039005,174,615940,7.474999999999998,1.4966880102412796,0.37249999999999994,0.11453056360640158,170.0,4,8.27,"[0.3549999999999999, 0.47199999999999986]",615940,"[3.5499999999999994, 4.719999999999999]",0.01830913319307215,3.1125526428222656,5.669999999999999,"[0.1969999999999999, 0.37]",616940,"[1.9699999999999989, 3.7]",0.017696595191955565,3.0084211826324463,9.489999999999998,"[0.5059999999999999, 0.44299999999999995]",617940,"[5.059999999999999, 4.43]",0.018602892931769876,3.162491798400879,6.469999999999997,"[0.43199999999999983, 0.2149999999999999]",618940,"[4.3199999999999985, 2.149999999999999]",0.01798090373768526,3.056753635406494,MinimaxSolutionConcept,3.7249999999999988,1.1453056360640157,0.018147381263620713,0.0003407995802338162,3.0850548148155212,0.05793592863974869,COMPLETE
62,7.149999999999999,2025-06-12 21:19:03.614294,2025-06-12 21:19:06.073637,0 days 00:00:02.459343,38,0.7911759495411937,0.07303189017963682,0.9375682885796157,0.0026097945052809806,126,625943,7.149999999999999,2.1728207473236254,0.23674999999999988,0.07662367453992269,120.0,4,7.299999999999999,"[0.33799999999999986, 0.3919999999999999]",625943,"[3.3799999999999986, 3.919999999999999]",0.018410770098368327,2.209292411804199,7.309999999999998,"[0.21699999999999992, 0.5139999999999999]",626943,"[2.169999999999999, 5.139999999999999]",0.0191558043162028,2.298696517944336,10.059999999999999,"[0.1269999999999999, 0.8790000000000001]",627943,"[1.269999999999999, 8.790000000000001]",0.01797531048456828,2.1570372581481934,3.9299999999999997,"[0.2649999999999999, 0.12799999999999995]",628943,"[2.649999999999999, 1.2799999999999994]",0.018836933374404907,2.260432004928589,MinimaxSolutionConcept,2.367499999999999,0.766236745399227,0.018594704568386078,0.0004446877111508974,2.2313645482063293,0.05336252533810779,COMPLETE
63,4.129999999999999,2025-06-12 21:19:06.090170,2025-06-12 21:19:09.100726,0 days 00:00:03.010556,36,0.8154509270419035,0.05713479522338782,0.9946545307026546,0.0009976625301060646,154,635946,4.129999999999999,1.898091146388919,0.12649999999999992,0.08415907556526511,150.0,4,6.949999999999999,"[0.22399999999999992, 0.4709999999999999]",635946,"[2.2399999999999993, 4.709999999999999]",0.01904857317606608,2.857285976409912,1.6199999999999988,"[0.13999999999999996, 0.021999999999999926]",636946,"[1.3999999999999995, 0.21999999999999925]",0.01739851792653402,2.6097776889801025,4.209999999999998,"[0.1499999999999999, 0.2709999999999999]",637946,"[1.4999999999999991, 2.709999999999999]",0.01812037150065104,2.7180557250976562,3.7399999999999984,"[-0.008000000000000108, 0.3819999999999999]",638946,"[-0.08000000000000107, 3.819999999999999]",0.018470829327901204,2.7706243991851807,MinimaxSolutionConcept,1.2649999999999992,0.8415907556526511,0.018259572982788085,0.0005974829309011915,2.738935947418213,0.08962243963517878,COMPLETE
64,6.744999999999997,2025-06-12 21:19:09.116312,2025-06-12 21:19:13.670716,0 days 00:00:04.554404,45,0.7555059545465475,0.06687294688298237,0.9847527032612875,0.001919439942454296,209,645949,6.744999999999997,2.233724468236851,0.3797499999999999,0.14648101412811154,200.0,4,3.6599999999999975,"[0.16399999999999987, 0.2019999999999999]",645949,"[1.6399999999999988, 2.019999999999999]",0.02140620946884155,4.2812418937683105,9.309999999999999,"[0.5609999999999999, 0.36999999999999983]",646949,"[5.609999999999999, 3.6999999999999984]",0.020607662200927735,4.121532440185547,5.639999999999997,"[0.3429999999999998, 0.22099999999999992]",647949,"[3.429999999999998, 2.209999999999999]",0.01969792127609253,3.939584255218506,8.37,"[0.45099999999999996, 0.38599999999999984]",648949,"[4.51, 3.8599999999999985]",0.022002192735671996,4.400438547134399,MinimaxSolutionConcept,3.797499999999999,1.4648101412811154,0.020928496420383455,0.0008657775863713074,4.185699284076691,0.17315551727426173,COMPLETE
65,10.114999999999998,2025-06-12 21:19:13.684891,2025-06-12 21:19:17.205760,0 days 00:00:03.520869,41,0.8757073435113013,0.08656027842088836,0.9795812971804339,0.02540779846791281,187,655953,10.114999999999998,1.5896933666591186,0.58175,0.13172200841165457,180.0,4,10.799999999999999,"[0.6129999999999999, 0.4669999999999999]",655953,"[6.129999999999999, 4.669999999999999]",0.01706391970316569,3.071505546569824,11.67,"[0.6469999999999999, 0.5199999999999999]",656953,"[6.469999999999999, 5.199999999999999]",0.015734418233235677,2.832195281982422,7.459999999999997,"[0.36099999999999993, 0.3849999999999999]",657953,"[3.6099999999999994, 3.8499999999999988]",0.018747997283935548,3.3746395111083984,10.53,"[0.706, 0.3469999999999999]",658953,"[7.06, 3.4699999999999993]",0.016530179977416994,2.9754323959350586,MinimaxSolutionConcept,5.817499999999999,1.3172200841165458,0.017019128799438475,0.0011045977380038866,3.063443183898926,0.1988275928406996,COMPLETE
66,6.699999999999998,2025-06-12 21:19:17.588218,2025-06-12 21:19:23.949061,0 days 00:00:06.360843,41,0.9380646607460068,0.08723728143824139,0.9802200165703839,0.004110217831383606,359,665957,6.699999999999998,3.814413454254795,0.3422499999999999,0.23902131181131112,350.0,4,1.8199999999999976,"[-0.047000000000000146, 0.22899999999999981]",665957,"[-0.47000000000000147, 2.2899999999999983]",0.017231027739388602,6.030859708786011,4.329999999999998,"[0.3599999999999999, 0.07299999999999986]",666957,"[3.5999999999999988, 0.7299999999999985]",0.01775271688188825,6.213450908660889,9.209999999999999,"[0.59, 0.3309999999999999]",667957,"[5.8999999999999995, 3.309999999999999]",0.016735360281808036,5.8573760986328125,11.439999999999998,"[0.46599999999999986, 0.6779999999999997]",668957,"[4.659999999999998, 6.779999999999998]",0.01665428365979876,5.828999280929565,MinimaxSolutionConcept,3.422499999999999,2.390213118113111,0.017093347140720912,0.0004400726457786152,5.982671499252319,0.15402542602251573,COMPLETE
67,7.437499999999998,2025-06-12 21:19:23.963311,2025-06-12 21:19:27.172731,0 days 00:00:03.209420,36,0.8980581158931557,0.07763527191584518,0.9696172636732092,0.028599689686961326,185,675964,7.437499999999998,1.2309422204149145,0.4684999999999999,0.09961049141531225,180.0,4,7.279999999999999,"[0.36099999999999993, 0.3669999999999999]",675964,"[3.6099999999999994, 3.669999999999999]",0.015658099121517607,2.818457841873169,5.789999999999998,"[0.41999999999999993, 0.1589999999999999]",676964,"[4.199999999999999, 1.589999999999999]",0.01704235739178128,3.06762433052063,7.419999999999998,"[0.46399999999999986, 0.2779999999999999]",677964,"[4.639999999999999, 2.7799999999999994]",0.015876368681589762,2.8577463626861572,9.259999999999998,"[0.6289999999999999, 0.297]",678964,"[6.289999999999999, 2.9699999999999998]",0.015795103708902993,2.843118667602539,MinimaxSolutionConcept,4.684999999999999,0.9961049141531226,0.016092982225947912,0.0005536446420169603,2.896736800670624,0.09965603556305275,COMPLETE
68,5.952499999999999,2025-06-12 21:19:27.186830,2025-06-12 21:19:30.668930,0 days 00:00:03.482100,31,0.8751631904323064,0.1475969709097478,0.9674360418735456,0.024347960105418145,223,685967,5.952499999999999,0.7029358078800649,0.34524999999999995,0.04269879974893907,220.0,4,6.729999999999998,"[0.285, 0.38799999999999996]",685967,"[2.8499999999999996, 3.8799999999999994]",0.014786363731731068,3.253000020980835,5.689999999999999,"[0.3829999999999999, 0.18599999999999992]",686967,"[3.829999999999999, 1.8599999999999992]",0.014946565844795921,3.2882444858551025,4.929999999999999,"[0.32499999999999996, 0.16799999999999993]",687967,"[3.2499999999999996, 1.6799999999999993]",0.014550639282573352,3.2011406421661377,6.459999999999999,"[0.388, 0.2579999999999999]",688967,"[3.88, 2.579999999999999]",0.014148823781446978,3.112741231918335,MinimaxSolutionConcept,3.4524999999999997,0.42698799748939076,0.01460809816013683,0.00030023884871303326,3.2137815952301025,0.06605254671686735,COMPLETE
69,7.892499999999998,2025-06-12 21:19:30.683185,2025-06-12 21:19:33.182948,0 days 00:00:02.499763,38,0.8614001301724135,0.10491148331823714,0.9725267772258855,0.010934254108330226,139,695970,7.892499999999998,1.992415305602725,0.3667499999999999,0.2274075361548073,130.0,4,7.609999999999998,"[0.2749999999999999, 0.48600000000000004]",695970,"[2.749999999999999, 4.86]",0.0175355287698599,2.279618740081787,10.489999999999998,"[0.7579999999999999, 0.2909999999999999]",696970,"[7.579999999999999, 2.9099999999999993]",0.016750667645381048,2.177586793899536,4.949999999999998,"[0.23299999999999996, 0.2619999999999999]",697970,"[2.3299999999999996, 2.619999999999999]",0.01715093759390024,2.2296218872070312,8.519999999999998,"[0.2009999999999999, 0.6509999999999999]",698970,"[2.009999999999999, 6.509999999999999]",0.0172626623740563,2.2441461086273193,MinimaxSolutionConcept,3.6674999999999995,2.274075361548073,0.01717494909579937,0.00028209157286274215,2.2327433824539185,0.036671904472156555,COMPLETE
70,2.8875,2025-06-12 21:19:33.196775,2025-06-12 21:19:35.351616,0 days 00:00:02.154841,10,0.8336696295316316,0.09481163387143009,0.9771480450527376,0.006784834083716102,337,705973,2.8875,2.4164682389801855,0.16900000000000004,0.09136465399704638,330.0,4,2.35,"[0.217, 0.018000000000000023]",705973,"[2.17, 0.18000000000000022]",0.005840555104342374,1.9273831844329834,5.57,"[0.23000000000000004, 0.327]",706973,"[2.3000000000000003, 3.27]",0.00573723316192627,1.893286943435669,-0.7899999999999996,"[0.011000000000000018, -0.08999999999999998]",707973,"[0.11000000000000018, -0.8999999999999998]",0.005712506987831809,1.885127305984497,4.42,"[0.21800000000000005, 0.22400000000000003]",708973,"[2.1800000000000006, 2.24]",0.005717134475708008,1.8866543769836426,MinimaxSolutionConcept,1.6900000000000004,0.9136465399704636,0.005751857432452115,5.204634354119895e-05,1.898112952709198,0.01717529336859567,COMPLETE
71,7.214999999999998,2025-06-12 21:19:35.700508,2025-06-12 21:19:38.943990,0 days 00:00:03.243482,43,0.9704611323089625,0.08363824352064465,0.9817640847808833,0.05323207040436882,165,715975,7.214999999999998,2.1577360821008678,0.37174999999999997,0.12630394886938417,160.0,4,8.27,"[0.497, 0.32999999999999985]",715975,"[4.97, 3.2999999999999985]",0.019075033068656922,3.0520052909851074,7.499999999999998,"[0.45299999999999996, 0.2969999999999999]",716975,"[4.529999999999999, 2.969999999999999]",0.019321471452713013,3.091435432434082,3.6699999999999977,"[0.16799999999999987, 0.1989999999999999]",717975,"[1.6799999999999988, 1.9899999999999989]",0.01931694895029068,3.090711832046509,9.42,"[0.36899999999999994, 0.573]",718975,"[3.6899999999999995, 5.7299999999999995]",0.018366649746894836,2.938663959503174,MinimaxSolutionConcept,3.7175,1.2630394886938416,0.019020025804638862,0.00039017909512635736,3.043204128742218,0.06242865522021718,COMPLETE
72,6.497499999999999,2025-06-12 21:19:38.958423,2025-06-12 21:19:41.263610,0 days 00:00:02.305187,40,0.918605761535499,0.04594586574245245,0.9875506992050488,0.0327590344818968,113,725979,6.497499999999999,2.162109791384333,0.31399999999999995,0.07399662154450026,110.0,4,8.12,"[0.23099999999999993, 0.5809999999999998]",725979,"[2.309999999999999, 5.809999999999999]",0.01960704109885476,2.1567745208740234,5.2399999999999975,"[0.38, 0.1439999999999999]",726979,"[3.8, 1.439999999999999]",0.019397423484108663,2.133716583251953,3.6299999999999972,"[0.3949999999999999, -0.03200000000000013]",727979,"[3.9499999999999993, -0.32000000000000134]",0.018435278805819424,2.0278806686401367,8.999999999999998,"[0.24999999999999992, 0.65]",728979,"[2.499999999999999, 6.5]",0.01900801658630371,2.090881824493408,MinimaxSolutionConcept,3.1399999999999997,0.7399662154450029,0.01911193999377164,0.00044589695149501325,2.1023133993148804,0.04904866466445142,COMPLETE
73,7.342499999999998,2025-06-12 21:19:41.278093,2025-06-12 21:19:43.765551,0 days 00:00:02.487458,45,0.7884295332429094,0.07498437986419954,0.9926126195838788,0.06269369678085703,100,735981,7.342499999999998,1.9717172084251848,0.3024999999999999,0.14336753467922925,100.0,4,10.299999999999999,"[0.5259999999999999, 0.5039999999999999]",735981,"[5.259999999999999, 5.039999999999999]",0.021108872890472412,2.110887289047241,6.229999999999998,"[0.17499999999999988, 0.44799999999999984]",736981,"[1.7499999999999987, 4.479999999999999]",0.022305641174316406,2.2305641174316406,7.809999999999998,"[0.3299999999999999, 0.4509999999999999]",737981,"[3.299999999999999, 4.509999999999999]",0.021138904094696046,2.1138904094696045,5.029999999999996,"[0.17899999999999988, 0.32399999999999984]",738981,"[1.7899999999999987, 3.2399999999999984]",0.02321195840835571,2.3211958408355713,MinimaxSolutionConcept,3.024999999999999,1.4336753467922927,0.021941344141960143,0.0008780790618956651,2.1941344141960144,0.08780790618956658,COMPLETE
74,5.3024999999999975,2025-06-12 21:19:43.779641,2025-06-12 21:19:48.395933,0 days 00:00:04.616292,43,0.7703081292423755,0.0947682582985798,0.9974357036832394,0.08355358359388464,229,745983,5.3024999999999975,2.376156297468666,0.19249999999999987,0.26418412140020836,220.0,4,2.6499999999999977,"[-0.08500000000000016, 0.3499999999999999]",745983,"[-0.8500000000000016, 3.499999999999999]",0.020314257795160467,4.469136714935303,6.439999999999998,"[0.33799999999999986, 0.30599999999999994]",746983,"[3.3799999999999986, 3.0599999999999996]",0.020123615048148417,4.427195310592651,8.619999999999997,"[0.5519999999999999, 0.3099999999999999]",747983,"[5.52, 3.0999999999999988]",0.019715541059320624,4.337419033050537,3.4999999999999973,"[-0.03500000000000014, 0.38499999999999995]",748983,"[-0.3500000000000014, 3.8499999999999996]",0.018978546966205944,4.175280332565308,MinimaxSolutionConcept,1.924999999999999,2.641841214002083,0.019782990217208862,0.0005123350582917251,4.35225784778595,0.11271371282417948,COMPLETE
75,10.059999999999997,2025-06-12 21:19:48.410505,2025-06-12 21:19:51.227794,0 days 00:00:02.817289,46,0.8698333246336305,0.034825331661210684,0.9849045602863442,0.04316022413872115,129,755988,10.059999999999997,1.9017360489826134,0.589,0.1584960567332828,120.0,4,7.1999999999999975,"[0.43599999999999994, 0.2839999999999999]",755988,"[4.359999999999999, 2.839999999999999]",0.020808180173238117,2.496981620788574,10.619999999999997,"[0.7299999999999999, 0.33199999999999985]",756988,"[7.299999999999999, 3.3199999999999985]",0.020807168881098428,2.4968602657318115,9.919999999999998,"[0.426, 0.5659999999999998]",757988,"[4.26, 5.659999999999998]",0.02184285322825114,2.6211423873901367,12.499999999999998,"[0.764, 0.48599999999999993]",758988,"[7.640000000000001, 4.859999999999999]",0.020456109444300333,2.45473313331604,MinimaxSolutionConcept,5.89,1.5849605673328282,0.020978577931722003,0.000519220947013702,2.5174293518066406,0.0623065136416442,COMPLETE
76,6.724999999999998,2025-06-12 21:19:51.589990,2025-06-12 21:19:54.482424,0 days 00:00:02.892434,49,0.8942828626220799,0.03391866912051016,0.9737438565113117,0.041186036658589935,127,765991,6.724999999999998,1.9197070088948471,0.4659999999999999,0.17672011770027773,120.0,4,6.439999999999998,"[0.34399999999999986, 0.2999999999999999]",765991,"[3.4399999999999986, 2.9999999999999987]",0.019795676072438557,2.375481128692627,8.699999999999998,"[0.638, 0.23199999999999985]",766991,"[6.38, 2.3199999999999985]",0.01779457132021586,2.1353485584259033,8.039999999999997,"[0.6399999999999999, 0.16399999999999987]",767991,"[6.399999999999999, 1.6399999999999988]",0.020072795947392783,2.408735513687134,3.719999999999997,"[0.24199999999999985, 0.12999999999999984]",768991,"[2.4199999999999986, 1.2999999999999985]",0.022787692149480183,2.734523057937622,MinimaxSolutionConcept,4.659999999999999,1.7672011770027771,0.020112683872381847,0.0017770340513647267,2.4135220646858215,0.21324408616376717,COMPLETE
77,5.679999999999999,2025-06-12 21:19:54.496680,2025-06-12 21:19:57.136305,0 days 00:00:02.639625,34,0.9110462793670472,0.018092162217607517,0.984388316661666,0.020613460046518137,145,775994,5.679999999999999,3.3386299585308947,0.21874999999999994,0.2085741774525313,140.0,4,3.9799999999999986,"[0.022999999999999902, 0.3749999999999999]",775994,"[0.22999999999999904, 3.749999999999999]",0.016711083480290004,2.3395516872406006,10.85,"[0.479, 0.606]",776994,"[4.79, 6.06]",0.015404651846204485,2.156651258468628,1.8299999999999983,"[0.00499999999999991, 0.17799999999999994]",777994,"[0.0499999999999991, 1.7799999999999994]",0.017540545122964043,2.455676317214966,6.059999999999998,"[0.368, 0.23799999999999993]",778994,"[3.6799999999999997, 2.3799999999999994]",0.01773585421698434,2.4830195903778076,MinimaxSolutionConcept,2.187499999999999,2.0857417745253133,0.01684803366661072,0.0009178648974466246,2.3587247133255005,0.12850108564252746,COMPLETE
78,6.039999999999998,2025-06-12 21:19:57.150415,2025-06-12 21:20:04.865080,0 days 00:00:07.714665,39,0.9402106683047953,0.11483822394372528,0.9794768789048384,0.06702133913896782,444,785997,6.039999999999998,2.7225447654721866,0.3002499999999999,0.20032021241003115,440.0,4,7.369999999999999,"[0.4839999999999999, 0.25299999999999995]",785997,"[4.839999999999999, 2.5299999999999994]",0.016128273443742232,7.096440315246582,9.86,"[0.47199999999999986, 0.514]",786997,"[4.719999999999999, 5.140000000000001]",0.01628427505493164,7.165081024169922,3.3499999999999974,"[0.2529999999999999, 0.08199999999999988]",787997,"[2.529999999999999, 0.8199999999999987]",0.017045794291929765,7.500149488449097,3.5799999999999983,"[-0.008000000000000096, 0.3659999999999999]",788997,"[-0.08000000000000096, 3.659999999999999]",0.017181176489049738,7.559717655181885,MinimaxSolutionConcept,3.0024999999999995,2.0032021241003113,0.016659879819913345,0.000459446535417113,7.330347120761871,0.20215647558352984,COMPLETE
79,6.169999999999998,2025-06-12 21:20:04.879247,2025-06-12 21:20:08.441928,0 days 00:00:03.562681,48,0.8727186564269843,0.12517670317789742,0.981046968605249,0.029963730037979534,155,796004,6.169999999999998,2.754115102896029,0.31174999999999986,0.18747183121738584,150.0,4,5.079999999999998,"[0.17899999999999988, 0.32899999999999985]",796004,"[1.7899999999999987, 3.2899999999999983]",0.020882344245910643,3.1323516368865967,10.45,"[0.6219999999999999, 0.4229999999999999]",797004,"[6.219999999999999, 4.229999999999999]",0.018367576599121093,2.755136489868164,6.269999999999998,"[0.29699999999999993, 0.3299999999999999]",798004,"[2.9699999999999993, 3.299999999999999]",0.0226874844233195,3.403122663497925,2.879999999999997,"[0.14899999999999985, 0.13899999999999985]",799004,"[1.4899999999999984, 1.3899999999999983]",0.022688064575195312,3.403209686279297,MinimaxSolutionConcept,3.117499999999999,1.8747183121738584,0.021156367460886637,0.0017707949059422394,3.1734551191329956,0.2656192358913359,COMPLETE
80,8.027499999999996,2025-06-12 21:20:08.456027,2025-06-12 21:20:12.585568,0 days 00:00:04.129541,41,0.8602936740749134,0.027161326719418403,0.9774107590592103,0.018173145429331912,208,806008,8.027499999999996,3.130937359641678,0.4232499999999999,0.16965313878617158,200.0,4,7.729999999999998,"[0.576, 0.1969999999999999]",806008,"[5.76, 1.9699999999999989]",0.018684102296829222,3.7368204593658447,13.219999999999999,"[0.6089999999999999, 0.7129999999999999]",807008,"[6.089999999999999, 7.129999999999999]",0.01852044343948364,3.7040886878967285,5.879999999999997,"[0.2549999999999999, 0.33299999999999985]",808008,"[2.549999999999999, 3.3299999999999983]",0.019872578382492064,3.974515676498413,5.279999999999998,"[0.25299999999999995, 0.2749999999999999]",809008,"[2.5299999999999994, 2.749999999999999]",0.019770870208740233,3.954174041748047,MinimaxSolutionConcept,4.232499999999999,1.696531387861716,0.01921199858188629,0.0006135197981791904,3.8423997163772583,0.12270395963583808,COMPLETE
81,6.477499999999997,2025-06-12 21:20:12.961248,2025-06-12 21:20:18.368748,0 days 00:00:05.407500,42,0.8535758862790308,0.023610022339175554,0.9781161793673302,0.018118855619955732,252,816013,6.477499999999997,5.032600595119784,0.3599999999999999,0.3098636797044791,250.0,4,9.169999999999998,"[0.45599999999999985, 0.46099999999999997]",816013,"[4.559999999999999, 4.609999999999999]",0.019420328140258788,4.855082035064697,7.0699999999999985,"[0.48199999999999993, 0.22499999999999992]",817013,"[4.819999999999999, 2.249999999999999]",0.018327457427978516,4.581864356994629,11.479999999999999,"[0.6609999999999999, 0.487]",818013,"[6.609999999999999, 4.87]",0.019758670806884766,4.939667701721191,-1.810000000000003,"[-0.15900000000000014, -0.02200000000000012]",819013,"[-1.5900000000000014, -0.2200000000000012]",0.02097078514099121,5.242696285247803,MinimaxSolutionConcept,3.599999999999999,3.098636797044791,0.01961931037902832,0.0009426536134175701,4.90482759475708,0.23566340335439254,COMPLETE
82,5.662499999999998,2025-06-12 21:20:18.382582,2025-06-12 21:20:22.177937,0 days 00:00:03.795355,37,0.8668538158669509,0.036227624520801596,0.9856585337091593,0.01319573435795019,208,826018,5.662499999999998,2.836920645700193,0.2549999999999999,0.22572881960440935,200.0,4,9.339999999999998,"[0.45599999999999985, 0.4779999999999999]",826018,"[4.559999999999999, 4.779999999999999]",0.017755839824676514,3.5511679649353027,3.969999999999999,"[0.02099999999999988, 0.3759999999999999]",827018,"[0.2099999999999988, 3.759999999999999]",0.016253390312194825,3.250678062438965,2.039999999999998,"[0.038999999999999875, 0.16499999999999987]",828018,"[0.38999999999999874, 1.6499999999999986]",0.018090147972106934,3.6180295944213867,7.299999999999999,"[0.5039999999999998, 0.2259999999999999]",829018,"[5.039999999999997, 2.259999999999999]",0.01660392642021179,3.3207852840423584,MinimaxSolutionConcept,2.5499999999999985,2.2572881960440934,0.017175826132297515,0.0007665437745151703,3.435165226459503,0.15330875490303403,COMPLETE
83,8.844999999999999,2025-06-12 21:20:22.192063,2025-06-12 21:20:25.939094,0 days 00:00:03.747031,41,0.7344478673778748,0.01527243711201592,0.9755077058765218,0.00011360125865411654,189,836022,8.844999999999999,0.7634625072654193,0.5242499999999999,0.05643746539312342,180.0,4,8.439999999999998,"[0.47399999999999987, 0.36999999999999983]",836022,"[4.739999999999998, 3.6999999999999984]",0.019865532716115315,3.575795888900757,7.859999999999997,"[0.595, 0.1909999999999999]",837022,"[5.949999999999999, 1.9099999999999988]",0.0187234534157647,3.3702216148376465,9.879999999999997,"[0.5639999999999998, 0.4239999999999998]",838022,"[5.639999999999999, 4.239999999999998]",0.016850617196824815,3.033111095428467,9.2,"[0.46399999999999986, 0.45599999999999996]",839022,"[4.639999999999999, 4.56]",0.01955627997716268,3.5201303958892822,MinimaxSolutionConcept,5.2425,0.5643746539312341,0.018748970826466878,0.0011729083680787475,3.374814748764038,0.21112350625417453,COMPLETE
84,7.307499999999997,2025-06-12 21:20:25.953327,2025-06-12 21:20:30.063339,0 days 00:00:04.110012,46,0.7338971597131435,0.020781728259854755,0.9643822268157719,0.0007546854460560515,185,846025,7.307499999999997,4.223791987065651,0.3854999999999999,0.22276725522392202,180.0,4,6.939999999999998,"[0.4429999999999999, 0.2509999999999999]",846025,"[4.429999999999999, 2.509999999999999]",0.020170236958397758,3.6306426525115967,13.689999999999998,"[0.705, 0.6639999999999999]",847025,"[7.05, 6.639999999999999]",0.015959444310930042,2.8726999759674072,6.789999999999997,"[0.3019999999999999, 0.3769999999999999]",848025,"[3.0199999999999987, 3.7699999999999987]",0.021048545837402344,3.788738250732422,1.809999999999997,"[0.09199999999999985, 0.08899999999999986]",849025,"[0.9199999999999985, 0.8899999999999986]",0.02201926310857137,3.9634673595428467,MinimaxSolutionConcept,3.8549999999999986,2.2276725522392202,0.019799372553825377,0.0023114355541858085,3.563887059688568,0.4160583997534456,COMPLETE
85,5.917499999999999,2025-06-12 21:20:30.077765,2025-06-12 21:20:32.544046,0 days 00:00:02.466281,39,0.7006001482368238,0.10290202254762995,0.9824812083147524,0.0001617643366785006,111,856030,5.917499999999999,4.0517673612881575,0.3304999999999999,0.23072115204289353,110.0,4,0.7499999999999981,"[-0.0030000000000001024, 0.07799999999999989]",856030,"[-0.030000000000001026, 0.7799999999999989]",0.021031084927645598,2.3134193420410156,10.7,"[0.5879999999999999, 0.4819999999999999]",857030,"[5.879999999999999, 4.8199999999999985]",0.019743358005176893,2.171769380569458,3.279999999999998,"[0.24099999999999988, 0.08699999999999988]",858030,"[2.409999999999999, 0.8699999999999988]",0.020356310497630727,2.23919415473938,8.939999999999998,"[0.496, 0.39799999999999996]",859030,"[4.96, 3.9799999999999995]",0.018704022060741076,2.0574424266815186,MinimaxSolutionConcept,3.304999999999999,2.3072115204289356,0.019958693872798576,0.0008556711469242803,2.195456326007843,0.09412382616167073,COMPLETE
86,5.219999999999998,2025-06-12 21:20:32.948586,2025-06-12 21:20:35.883344,0 days 00:00:02.934758,43,0.8212982311002996,0.08602746616431987,0.9680996780545156,0.0003082436047922865,134,866032,5.219999999999998,1.6536172471282458,0.4099999999999999,0.11123623510349497,130.0,4,3.0999999999999988,"[0.35299999999999987, -0.04300000000000014]",866032,"[3.5299999999999985, -0.43000000000000144]",0.021392482977647048,2.781022787094116,5.419999999999997,"[0.46499999999999997, 0.07699999999999986]",867032,"[4.6499999999999995, 0.7699999999999986]",0.020527008863595816,2.668511152267456,4.669999999999997,"[0.2639999999999999, 0.20299999999999985]",868032,"[2.639999999999999, 2.0299999999999985]",0.020873572276188777,2.713564395904541,7.689999999999997,"[0.5579999999999999, 0.21099999999999985]",869032,"[5.579999999999999, 2.1099999999999985]",0.019683285859914926,2.5588271617889404,MinimaxSolutionConcept,4.099999999999999,1.1123623510349496,0.020619087494336642,0.0006219136296594418,2.6804813742637634,0.08084877185572742,COMPLETE
87,8.219999999999999,2025-06-12 21:20:35.898673,2025-06-12 21:20:39.098136,0 days 00:00:03.199463,41,0.6681921928871042,0.09264766034910021,0.9731604764505878,0.00022617889179439276,147,876035,8.219999999999999,2.2727846356397254,0.4282499999999999,0.27397844349510425,140.0,4,12.129999999999997,"[0.86, 0.35299999999999987]",876035,"[8.6, 3.5299999999999985]",0.01973837273461478,2.7633721828460693,7.179999999999998,"[0.4699999999999999, 0.24799999999999991]",877035,"[4.699999999999999, 2.479999999999999]",0.019806267533983502,2.7728774547576904,6.4899999999999975,"[0.1899999999999999, 0.4589999999999998]",878035,"[1.899999999999999, 4.589999999999998]",0.021726139954158237,3.0416595935821533,7.079999999999998,"[0.1929999999999999, 0.5149999999999999]",879035,"[1.9299999999999988, 5.149999999999999]",0.018740899222237723,2.6237258911132812,MinimaxSolutionConcept,4.282499999999999,2.739784434951042,0.02000291986124856,0.001080606415621098,2.8004087805747986,0.15128489818695376,COMPLETE
88,5.5825,2025-06-12 21:20:39.112168,2025-06-12 21:20:41.570890,0 days 00:00:02.458722,22,0.6328832284237291,0.010595111788715434,0.9744390342175716,0.00011276776913702404,179,886039,5.5825,1.6859622623297355,0.3239999999999999,0.15970597985047397,170.0,4,4.849999999999999,"[0.24599999999999994, 0.23900000000000002]",886039,"[2.4599999999999995, 2.39]",0.013002768684835995,2.210470676422119,7.979999999999999,"[0.576, 0.22199999999999998]",887039,"[5.76, 2.2199999999999998]",0.012924871725194595,2.197228193283081,3.3899999999999992,"[0.32999999999999996, 0.008999999999999944]",888039,"[3.3, 0.08999999999999944]",0.013507345143486471,2.2962486743927,6.109999999999999,"[0.14399999999999996, 0.46699999999999997]",889039,"[1.4399999999999995, 4.67]",0.013257928455577177,2.25384783744812,MinimaxSolutionConcept,3.2399999999999998,1.59705979850474,0.013173228502273558,0.00022888078234472377,2.239448845386505,0.038909732998603064,COMPLETE
89,9.907499999999999,2025-06-12 21:20:41.587715,2025-06-12 21:20:46.090874,0 days 00:00:04.503159,48,0.5868720442416191,0.1088825962284741,0.9620111338267249,0.00018288654058917404,191,896041,9.907499999999999,2.45317523833908,0.5485,0.18206935491729517,190.0,4,12.18,"[0.732, 0.48599999999999993]",896041,"[7.32, 4.859999999999999]",0.02049210824464497,3.893500566482544,11.109999999999998,"[0.7169999999999999, 0.39399999999999985]",897041,"[7.169999999999998, 3.9399999999999986]",0.020775025769283896,3.9472548961639404,10.559999999999999,"[0.4379999999999999, 0.618]",898041,"[4.379999999999999, 6.18]",0.019774327780071058,3.757122278213501,5.7799999999999985,"[0.30699999999999994, 0.2709999999999999]",899041,"[3.0699999999999994, 2.709999999999999]",0.02286347464511269,4.344060182571411,MinimaxSolutionConcept,5.484999999999999,1.8206935491729517,0.020976234109778155,0.0011490341937008641,3.985484480857849,0.21831649680316415,COMPLETE
90,6.824999999999997,2025-06-12 21:20:46.105274,2025-06-12 21:20:51.034684,0 days 00:00:04.929410,50,0.5619696596753426,0.11047027363033148,0.954611158979446,0.00021916725291352005,196,906046,6.824999999999997,3.2270613567144957,0.32149999999999984,0.22619184335426423,190.0,4,5.559999999999997,"[0.3829999999999999, 0.17299999999999988]",906046,"[3.829999999999999, 1.7299999999999986]",0.02362105846405029,4.488001108169556,9.349999999999998,"[0.44299999999999995, 0.4919999999999999]",907046,"[4.43, 4.919999999999999]",0.02040955016487523,3.877814531326294,10.249999999999996,"[0.5209999999999998, 0.5039999999999999]",908046,"[5.209999999999998, 5.039999999999999]",0.023788048091687653,4.519729137420654,2.1399999999999966,"[-0.061000000000000186, 0.2749999999999998]",909046,"[-0.6100000000000019, 2.7499999999999982]",0.025115264089483964,4.771900177001953,MinimaxSolutionConcept,3.2149999999999985,2.2619184335426423,0.023233480202524283,0.0017301339476508968,4.414361238479614,0.3287254500536703,COMPLETE
91,6.664999999999998,2025-06-12 21:20:51.515631,2025-06-12 21:20:55.479477,0 days 00:00:03.963846,47,0.6530571460557251,0.10161659557209775,0.9619553966391405,0.00018832512957961398,163,916051,6.664999999999998,2.073903324651369,0.3727499999999999,0.18567495119159186,160.0,4,5.059999999999998,"[0.33299999999999985, 0.17299999999999988]",916051,"[3.3299999999999983, 1.7299999999999986]",0.02383696287870407,3.8139140605926514,9.239999999999998,"[0.603, 0.32099999999999984]",917051,"[6.029999999999999, 3.209999999999998]",0.022253894805908205,3.5606231689453125,4.2399999999999975,"[0.09699999999999985, 0.32699999999999985]",918051,"[0.9699999999999985, 3.2699999999999987]",0.023078691959381104,3.6925907135009766,8.119999999999997,"[0.4579999999999999, 0.3539999999999999]",919051,"[4.579999999999999, 3.539999999999999]",0.020846031606197357,3.335365056991577,MinimaxSolutionConcept,3.727499999999999,1.8567495119159185,0.022503895312547685,0.0011088814908842485,3.6006232500076294,0.17742103854147978,COMPLETE
92,10.059999999999999,2025-06-12 21:20:55.493576,2025-06-12 21:20:58.680202,0 days 00:00:03.186626,48,0.6778245766383058,0.09512950841785744,0.9594100997964539,0.00010240183926722806,145,926055,10.059999999999999,1.5523691571272606,0.4019999999999999,0.05925791086428886,140.0,4,12.499999999999998,"[0.4189999999999999, 0.8309999999999998]",926055,"[4.189999999999999, 8.309999999999999]",0.021006083488464354,2.9408516883850098,10.069999999999999,"[0.3109999999999999, 0.696]",927055,"[3.109999999999999, 6.959999999999999]",0.020907929965427945,2.927110195159912,8.249999999999996,"[0.476, 0.34899999999999987]",928055,"[4.76, 3.4899999999999984]",0.020999763693128313,2.939966917037964,9.419999999999998,"[0.40199999999999986, 0.5399999999999999]",929055,"[4.019999999999999, 5.3999999999999995]",0.021619069576263427,3.02666974067688,MinimaxSolutionConcept,4.019999999999999,0.5925791086428885,0.02113321168082101,0.0002831870797570388,2.9586496353149414,0.03964619116598548,COMPLETE
93,7.3199999999999985,2025-06-12 21:20:58.695970,2025-06-12 21:21:05.229219,0 days 00:00:06.533249,49,0.6072281613952427,0.09571698239496926,0.9436578694517103,0.00012601801291301878,279,936058,7.3199999999999985,2.3644978325217396,0.3747499999999999,0.31595124228272947,270.0,4,10.09,"[0.776, 0.2329999999999998]",936058,"[7.76, 2.329999999999998]",0.021427527180424445,5.7854323387146,4.919999999999998,"[-0.10900000000000017, 0.601]",937058,"[-1.0900000000000016, 6.01]",0.0235767541108308,6.365723609924316,5.029999999999997,"[0.39499999999999985, 0.10799999999999985]",938058,"[3.9499999999999984, 1.0799999999999985]",0.022634199813560203,6.111233949661255,9.239999999999998,"[0.43699999999999994, 0.4869999999999998]",939058,"[4.369999999999999, 4.869999999999998]",0.02252718342675103,6.082339525222778,MinimaxSolutionConcept,3.747499999999999,3.1595124228272953,0.02254141613289162,0.0007618209613016217,6.086182355880737,0.20569165955143803,COMPLETE
94,7.444999999999997,2025-06-12 21:21:05.244321,2025-06-12 21:21:09.610877,0 days 00:00:04.366556,48,0.6797962352874799,0.09045908182380336,0.952753090909549,0.00029591724995417875,190,946065,7.444999999999997,1.3850361006125436,0.4807499999999999,0.14757265159913607,190.0,4,6.069999999999997,"[0.44799999999999984, 0.15899999999999986]",946065,"[4.479999999999999, 1.5899999999999985]",0.02218155484450491,4.214495420455933,6.049999999999998,"[0.42799999999999994, 0.17699999999999988]",947065,"[4.279999999999999, 1.7699999999999987]",0.021260181226228414,4.039434432983398,8.839999999999996,"[0.7229999999999999, 0.16099999999999987]",948065,"[7.229999999999999, 1.6099999999999985]",0.021309363214593185,4.048779010772705,8.819999999999999,"[0.3239999999999999, 0.558]",949065,"[3.239999999999999, 5.58]",0.021766879684046694,4.135707139968872,MinimaxSolutionConcept,4.807499999999999,1.4757265159913606,0.0216294947423433,0.00037500721554734604,4.109604001045227,0.07125137095399577,COMPLETE
95,7.044999999999998,2025-06-12 21:21:09.624971,2025-06-12 21:21:13.076834,0 days 00:00:03.451863,46,0.5903997725082413,0.10716285869539516,0.9567858393859094,0.00014328631289719766,148,956069,7.044999999999998,1.344925648502549,0.3557499999999999,0.21220199692745587,140.0,4,5.999999999999997,"[0.16499999999999987, 0.43499999999999994]",956069,"[1.6499999999999986, 4.35]",0.0235984206199646,3.303778886795044,6.2799999999999985,"[0.30599999999999994, 0.32199999999999995]",957069,"[3.0599999999999996, 3.2199999999999998]",0.022098139354160853,3.0937395095825195,9.35,"[0.7129999999999999, 0.2219999999999999]",958069,"[7.129999999999999, 2.219999999999999]",0.022756639548710416,3.185929536819458,6.549999999999999,"[0.23899999999999993, 0.4159999999999999]",959069,"[2.3899999999999992, 4.159999999999999]",0.022514235973358155,3.1519930362701416,MinimaxSolutionConcept,3.5574999999999988,2.122019969274559,0.022741858874048504,0.0005477461771006181,3.1838602423667908,0.07668446479408654,COMPLETE
96,6.662499999999998,2025-06-12 21:21:13.518300,2025-06-12 21:21:17.862340,0 days 00:00:04.344040,50,0.52271556267348,0.1177374160549306,0.9703485359749328,0.00010785225686786314,175,966073,6.662499999999998,1.5962827913624826,0.33049999999999985,0.1900427583466416,170.0,4,5.239999999999998,"[0.6569999999999999, -0.1330000000000002]",966073,"[6.569999999999999, -1.330000000000002]",0.022805385028614716,3.876915454864502,5.939999999999999,"[0.18599999999999986, 0.4079999999999999]",967073,"[1.8599999999999985, 4.079999999999999]",0.02453118071836584,4.170300722122192,9.369999999999997,"[0.25399999999999984, 0.683]",968073,"[2.5399999999999983, 6.83]",0.022684592359206255,3.8563807010650635,6.099999999999997,"[0.2249999999999998, 0.3849999999999999]",969073,"[2.2499999999999982, 3.8499999999999988]",0.024136613397037283,4.103224277496338,MinimaxSolutionConcept,3.3049999999999984,1.900427583466416,0.023539442875806022,0.0008077386502679624,4.001705288887024,0.13731557054555343,COMPLETE
97,9.395,2025-06-12 21:21:17.877054,2025-06-12 21:21:22.898449,0 days 00:00:05.021395,44,0.6625480048888568,0.08019300357969807,0.9647016689544372,0.0001713157356698552,201,976077,9.395,2.1435309654866193,0.4559999999999999,0.09297042540507171,200.0,4,6.149999999999999,"[0.3529999999999999, 0.2619999999999999]",976077,"[3.5299999999999994, 2.619999999999999]",0.02318067193031311,4.636134386062622,10.86,"[0.47799999999999987, 0.6079999999999999]",977077,"[4.7799999999999985, 6.079999999999998]",0.023051662445068358,4.610332489013672,8.85,"[0.3959999999999999, 0.4889999999999999]",978077,"[3.959999999999999, 4.889999999999999]",0.024022579193115234,4.804515838623047,11.719999999999997,"[0.597, 0.575]",979077,"[5.97, 5.75]",0.02342397689819336,4.684795379638672,MinimaxSolutionConcept,4.56,0.9297042540507171,0.023419722616672516,0.0003728497255066975,4.683944523334503,0.07456994510133945,COMPLETE
98,7.584999999999997,2025-06-12 21:21:22.912763,2025-06-12 21:21:28.045175,0 days 00:00:05.132412,47,0.7006245759143888,0.011747617236485262,0.9467335922282506,0.00017042429608166165,226,986082,7.584999999999997,2.0153597693712153,0.35199999999999987,0.1707556734050146,220.0,4,9.339999999999996,"[0.4789999999999999, 0.4549999999999999]",986082,"[4.789999999999999, 4.549999999999999]",0.021039043773304334,4.628589630126953,7.299999999999997,"[0.40599999999999986, 0.32399999999999984]",987082,"[4.059999999999999, 3.2399999999999984]",0.02119173461740667,4.662181615829468,4.399999999999998,"[0.05999999999999983, 0.37999999999999984]",988082,"[0.5999999999999983, 3.7999999999999985]",0.022497916221618654,4.9495415687561035,9.299999999999997,"[0.4629999999999999, 0.4669999999999998]",989082,"[4.629999999999999, 4.669999999999998]",0.0208697340705178,4.591341495513916,MinimaxSolutionConcept,3.5199999999999987,1.707556734050146,0.021399607170711866,0.000644256399964471,4.70791357755661,0.14173640799218357,COMPLETE
99,6.722499999999998,2025-06-12 21:21:28.060497,2025-06-12 21:21:32.957610,0 days 00:00:04.897113,44,0.7321271205184328,0.07896245257673724,0.9596895147886881,0.00012062696709571222,234,996088,6.722499999999998,1.6378549233677573,0.3234999999999999,0.1192906115333474,230.0,4,6.769999999999998,"[0.21699999999999992, 0.45999999999999985]",996088,"[2.169999999999999, 4.599999999999999]",0.019544048931287684,4.495131254196167,4.049999999999997,"[0.21699999999999992, 0.18799999999999986]",997088,"[2.169999999999999, 1.8799999999999986]",0.01992135255233101,4.581911087036133,7.769999999999999,"[0.3539999999999999, 0.4229999999999999]",998088,"[3.539999999999999, 4.229999999999999]",0.02047642935877261,4.7095787525177,8.299999999999999,"[0.5059999999999999, 0.3239999999999999]",999088,"[5.059999999999999, 3.239999999999999]",0.01989196901736052,4.57515287399292,MinimaxSolutionConcept,3.234999999999999,1.192906115333474,0.01995844996493796,0.00033385131553606795,4.59044349193573,0.0767858025732957,COMPLETE
100,8.429999999999998,2025-06-12 21:21:32.971788,2025-06-12 21:21:38.205260,0 days 00:00:05.233472,44,0.5639358194214118,0.06974324057052333,0.9642918735575116,0.000280290073295969,244,1006093,8.429999999999998,1.514050857798377,0.3504999999999999,0.10539805501051715,240.0,4,9.649999999999999,"[0.31599999999999995, 0.6489999999999999]",1006093,"[3.1599999999999993, 6.489999999999999]",0.019349280993143717,4.643827438354492,7.979999999999998,"[0.1939999999999999, 0.604]",1007093,"[1.939999999999999, 6.04]",0.02083740532398224,5.000977277755737,6.149999999999998,"[0.4299999999999999, 0.1849999999999999]",1008093,"[4.299999999999999, 1.8499999999999988]",0.021162322163581847,5.0789573192596436,9.939999999999998,"[0.4619999999999999, 0.5319999999999998]",1009093,"[4.619999999999999, 5.3199999999999985]",0.020520998040835063,4.925039529800415,MinimaxSolutionConcept,3.504999999999999,1.0539805501051716,0.020467501630385715,0.0006842666832771005,4.912200391292572,0.16422400398650408,COMPLETE
101,7.844999999999999,2025-06-12 21:21:38.656706,2025-06-12 21:21:43.472439,0 days 00:00:04.815733,44,0.5653435767640071,0.06316735927831503,0.9641660222094375,0.00010117672627698935,201,1016098,7.844999999999999,1.9914379227081114,0.45824999999999994,0.16559042091860263,200.0,4,10.949999999999998,"[0.7419999999999999, 0.35299999999999987]",1016098,"[7.419999999999999, 3.5299999999999985]",0.021228234767913818,4.245646953582764,5.549999999999999,"[0.3669999999999999, 0.18799999999999986]",1017098,"[3.669999999999999, 1.8799999999999986]",0.023303127288818358,4.660625457763672,8.0,"[0.3959999999999999, 0.4039999999999998]",1018098,"[3.959999999999999, 4.039999999999998]",0.02176906704902649,4.353813409805298,6.879999999999999,"[0.32799999999999996, 0.35999999999999993]",1019098,"[3.2799999999999994, 3.599999999999999]",0.020975242853164672,4.195048570632935,MinimaxSolutionConcept,4.5825,1.6559042091860265,0.021818917989730836,0.0009036117479845878,4.363783597946167,0.18072234959691763,COMPLETE
102,6.464999999999997,2025-06-12 21:21:43.487331,2025-06-12 21:21:49.305713,0 days 00:00:05.818382,48,0.5392168768360899,0.06853498804491018,0.9636001581642627,0.0003370764550644451,241,1026103,6.464999999999997,1.3172793932951354,0.3072499999999999,0.09581329500648647,240.0,4,5.169999999999998,"[0.1929999999999999, 0.3239999999999999]",1026103,"[1.9299999999999988, 3.239999999999999]",0.023046053449312844,5.531052827835083,7.969999999999997,"[0.45699999999999996, 0.3399999999999999]",1027103,"[4.569999999999999, 3.399999999999999]",0.023488051692644753,5.637132406234741,7.579999999999998,"[0.3069999999999999, 0.4509999999999999]",1028103,"[3.069999999999999, 4.509999999999999]",0.02110249102115631,5.064597845077515,5.139999999999997,"[0.2719999999999999, 0.24199999999999985]",1029103,"[2.719999999999999, 2.4199999999999986]",0.02354574898878733,5.65097975730896,MinimaxSolutionConcept,3.072499999999999,0.9581329500648648,0.02279558628797531,0.0009964383819116695,5.470940709114075,0.2391452116588008,COMPLETE
103,4.932499999999998,2025-06-12 21:21:49.319801,2025-06-12 21:21:54.338034,0 days 00:00:05.018233,46,0.5757625330982925,0.07651437002619677,0.9665828181577105,0.00013536686074067783,213,1036109,4.932499999999998,3.926050018784784,0.12949999999999987,0.11234878726537283,210.0,4,4.409999999999998,"[0.1039999999999999, 0.3369999999999999]",1036109,"[1.039999999999999, 3.369999999999999]",0.023145494006928943,4.860553741455078,7.619999999999997,"[0.03199999999999985, 0.7299999999999999]",1037109,"[0.3199999999999985, 7.299999999999999]",0.022280960991269066,4.679001808166504,8.94,"[0.31899999999999984, 0.575]",1038109,"[3.1899999999999986, 5.75]",0.02221135866074335,4.6643853187561035,-1.2400000000000033,"[0.06299999999999986, -0.18700000000000017]",1039109,"[0.6299999999999986, -1.8700000000000017]",0.022192547434852238,4.66043496131897,MinimaxSolutionConcept,1.2949999999999986,1.1234878726537283,0.022457590273448402,0.00039852451720254857,4.716093957424164,0.08369014861253526,COMPLETE
104,4.140000000000001,2025-06-12 21:21:54.351979,2025-06-12 21:21:56.575717,0 days 00:00:02.223738,16,0.7136110311746156,0.0809971883630593,0.9575161379030362,0.00015052978549090322,192,1046114,4.140000000000001,0.9732163171669493,0.182,0.13537909735258247,190.0,4,3.6499999999999995,"[0.29100000000000004, 0.074]",1046114,"[2.91, 0.74]",0.0097117449107923,1.845231533050537,5.82,"[0.2899999999999999, 0.29200000000000004]",1047114,"[2.8999999999999995, 2.9200000000000004]",0.00962021601827521,1.82784104347229,3.6399999999999997,"[0.18800000000000003, 0.176]",1048114,"[1.8800000000000003, 1.7599999999999998]",0.009983266027350175,1.8968205451965332,3.450000000000001,"[-0.041, 0.3859999999999999]",1049114,"[-0.41000000000000003, 3.859999999999999]",0.009786221855565122,1.859382152557373,MinimaxSolutionConcept,1.8199999999999998,1.3537909735258247,0.009775362202995703,0.0001336594840777882,1.8573188185691833,0.025395301974779693,COMPLETE
105,8.937499999999998,2025-06-12 21:21:56.591751,2025-06-12 21:22:01.115053,0 days 00:00:04.523302,43,0.6321056487038388,0.10173152292773824,0.9612344537971751,0.0001927191024919307,203,1056116,8.937499999999998,0.7696224723850005,0.4519999999999999,0.12817566071606573,200.0,4,9.479999999999999,"[0.3809999999999999, 0.567]",1056116,"[3.8099999999999987, 5.67]",0.02093268036842346,4.186536073684692,8.399999999999999,"[0.6269999999999999, 0.21299999999999986]",1057116,"[6.269999999999999, 2.1299999999999986]",0.021307579278945922,4.261515855789185,9.879999999999999,"[0.5109999999999999, 0.47699999999999987]",1058116,"[5.109999999999999, 4.769999999999999]",0.021454907655715942,4.2909815311431885,7.9899999999999975,"[0.28899999999999987, 0.51]",1059116,"[2.889999999999999, 5.1]",0.020606632232666015,4.121326446533203,MinimaxSolutionConcept,4.52,1.2817566071606574,0.021075449883937836,0.0003309249844352425,4.215089976787567,0.06618499688704844,COMPLETE
106,6.022499999999997,2025-06-12 21:22:01.658522,2025-06-12 21:22:07.477064,0 days 00:00:05.818542,45,0.6370324179085904,0.10725499946318857,0.9622718150151478,0.00026541000354030807,216,1066121,6.022499999999997,1.8564667381884328,0.2549999999999999,0.053809850399346035,210.0,4,4.469999999999998,"[0.22899999999999987, 0.21799999999999983]",1066121,"[2.2899999999999987, 2.1799999999999984]",0.024733139219738187,5.1939592361450195,9.129999999999997,"[0.29599999999999993, 0.6169999999999999]",1067121,"[2.959999999999999, 6.169999999999999]",0.02479281198410761,5.206490516662598,4.7399999999999975,"[0.31499999999999984, 0.15899999999999986]",1068121,"[3.1499999999999986, 1.5899999999999985]",0.026892375946044923,5.647398948669434,5.749999999999997,"[0.17999999999999985, 0.3949999999999999]",1069121,"[1.7999999999999985, 3.9499999999999993]",0.025940481821695963,5.447501182556152,MinimaxSolutionConcept,2.549999999999999,0.5380985039934604,0.02558970224289667,0.0008928520855903129,5.373837471008301,0.18749893797396572,COMPLETE
107,6.397499999999997,2025-06-12 21:22:07.492131,2025-06-12 21:22:12.057305,0 days 00:00:04.565174,43,0.6022789960927835,0.12282569637687366,0.958396996704351,0.00018500051349437614,203,1076127,6.397499999999997,2.235580181966194,0.4804999999999999,0.1795194975483165,200.0,4,4.999999999999998,"[0.3859999999999999, 0.11399999999999985]",1076127,"[3.859999999999999, 1.1399999999999986]",0.01992226243019104,3.984452486038208,8.319999999999997,"[0.6129999999999999, 0.21899999999999986]",1077127,"[6.129999999999999, 2.1899999999999986]",0.02099241018295288,4.198482036590576,3.469999999999998,"[0.2359999999999999, 0.11099999999999988]",1078127,"[2.359999999999999, 1.1099999999999988]",0.02189530372619629,4.379060745239258,8.799999999999999,"[0.687, 0.19299999999999987]",1079127,"[6.870000000000001, 1.9299999999999986]",0.02056438207626343,4.1128764152526855,MinimaxSolutionConcept,4.805,1.795194975483165,0.02084358960390091,0.0007167724123267016,4.168717920780182,0.1433544824653403,COMPLETE
108,7.137499999999999,2025-06-12 21:22:12.073121,2025-06-12 21:22:17.545904,0 days 00:00:05.472783,42,0.6589831903174019,0.09858553653892162,0.952698954939307,0.00019599917669236986,248,1086132,7.137499999999999,1.3277306767563977,0.2492499999999999,0.07748023941625375,240.0,4,9.14,"[0.3049999999999999, 0.6089999999999999]",1086132,"[3.049999999999999, 6.089999999999999]",0.019963876406351725,4.791330337524414,7.469999999999997,"[0.2439999999999999, 0.5029999999999999]",1087132,"[2.439999999999999, 5.029999999999999]",0.02088908851146698,5.013381242752075,5.649999999999999,"[0.3229999999999999, 0.2419999999999999]",1088132,"[3.229999999999999, 2.419999999999999]",0.022173604369163512,5.321665048599243,6.289999999999998,"[0.12499999999999986, 0.5039999999999999]",1089132,"[1.2499999999999987, 5.039999999999999]",0.021758770942687987,5.222105026245117,MinimaxSolutionConcept,2.492499999999999,0.7748023941625376,0.021196335057417554,0.0008492267364058192,5.087120413780212,0.20381441673739673,COMPLETE
109,7.202499999999997,2025-06-12 21:22:17.560261,2025-06-12 21:22:23.903545,0 days 00:00:06.343284,46,0.5904193897956768,0.11339928603080127,0.9611771746726288,0.0003566557651230359,271,1096137,7.202499999999997,0.7065541380531292,0.41549999999999987,0.1071575942245812,270.0,4,6.399999999999997,"[0.5379999999999999, 0.10199999999999987]",1096137,"[5.379999999999999, 1.0199999999999987]",0.021965111626519096,5.930580139160156,8.059999999999997,"[0.30399999999999994, 0.502]",1097137,"[3.039999999999999, 5.02]",0.022803298632303872,6.156890630722046,7.729999999999998,"[0.3139999999999999, 0.4589999999999999]",1098137,"[3.139999999999999, 4.589999999999999]",0.022001421010052716,5.940383672714233,6.6199999999999966,"[0.5059999999999999, 0.15599999999999986]",1099137,"[5.059999999999999, 1.5599999999999987]",0.02129619739673756,5.749973297119141,MinimaxSolutionConcept,4.154999999999999,1.071575942245812,0.022016507166403312,0.0005340309140684899,5.944456934928894,0.14418834679849252,COMPLETE
110,7.749999999999997,2025-06-12 21:22:23.919994,2025-06-12 21:22:28.345275,0 days 00:00:04.425281,47,0.6289813424336852,0.09106232203920045,0.9684769629166334,0.00037577375197359226,175,1106143,7.749999999999997,2.11303099835284,0.30799999999999983,0.017306068299876767,170.0,4,4.739999999999997,"[0.2979999999999998, 0.17599999999999982]",1106143,"[2.979999999999998, 1.7599999999999982]",0.024450561579535988,4.156595468521118,10.239999999999997,"[0.3209999999999998, 0.703]",1107143,"[3.2099999999999977, 7.029999999999999]",0.025095758718602798,4.266278982162476,6.899999999999999,"[0.32799999999999985, 0.3619999999999999]",1108143,"[3.2799999999999985, 3.6199999999999988]",0.024228150704327753,4.118785619735718,9.119999999999997,"[0.28499999999999986, 0.627]",1109143,"[2.8499999999999988, 6.27]",0.021692260573892033,3.6876842975616455,MinimaxSolutionConcept,3.0799999999999983,0.17306068299876762,0.023866682894089643,0.0012952136026668669,4.057336091995239,0.22018631245336737,COMPLETE
111,8.454999999999998,2025-06-12 21:22:28.899319,2025-06-12 21:22:34.533471,0 days 00:00:05.634152,44,0.6618002267432143,0.10306299561525152,0.9757016595623036,0.0004388083571856997,221,1116148,8.454999999999998,2.0665127630866453,0.4124999999999999,0.13353744793128258,220.0,4,5.029999999999998,"[0.22899999999999993, 0.2739999999999999]",1116148,"[2.289999999999999, 2.7399999999999993]",0.02265770218589089,4.984694480895996,8.649999999999999,"[0.3459999999999999, 0.5189999999999999]",1117148,"[3.459999999999999, 5.1899999999999995]",0.024226086789911443,5.329739093780518,10.29,"[0.569, 0.45999999999999985]",1118148,"[5.6899999999999995, 4.599999999999999]",0.024151970039714466,5.313433408737183,9.849999999999998,"[0.506, 0.4789999999999999]",1119148,"[5.0600000000000005, 4.789999999999999]",0.024863071875138715,5.469875812530518,MinimaxSolutionConcept,4.125,1.335374479312826,0.023974707722663878,0.0008090593018730824,5.2744356989860535,0.1779930464120782,COMPLETE
112,5.5749999999999975,2025-06-12 21:22:34.549824,2025-06-12 21:22:39.895522,0 days 00:00:05.345698,44,0.6216140264101885,0.07035565601143322,0.9654890755390463,0.0002487770416941389,232,1126154,5.5749999999999975,3.1481859856113967,0.15199999999999989,0.151438106168824,230.0,4,2.9799999999999978,"[-0.05500000000000016, 0.35299999999999987]",1126154,"[-0.5500000000000016, 3.5299999999999985]",0.022549985802691914,5.186496734619141,1.9999999999999971,"[0.08099999999999988, 0.11899999999999986]",1127154,"[0.8099999999999987, 1.1899999999999986]",0.02184872938239056,5.025207757949829,9.399999999999999,"[0.3419999999999999, 0.598]",1128154,"[3.419999999999999, 5.9799999999999995]",0.020588271514229154,4.735302448272705,7.919999999999998,"[0.23999999999999985, 0.5519999999999999]",1129154,"[2.3999999999999986, 5.52]",0.019634467622508173,4.51592755317688,MinimaxSolutionConcept,1.5199999999999987,1.5143810616882398,0.02115536358045495,0.00112477166622009,4.865733623504639,0.2586974832306208,COMPLETE
113,6.147499999999997,2025-06-12 21:22:39.909911,2025-06-12 21:22:45.132732,0 days 00:00:05.222821,49,0.6572999992565332,0.09778265980741936,0.9708640164968928,0.00020890723016045063,221,1136159,6.147499999999997,0.46900826218735214,0.4797499999999999,0.06328260029423566,220.0,4,6.689999999999997,"[0.4799999999999997, 0.18899999999999986]",1136159,"[4.799999999999997, 1.8899999999999986]",0.02121644995429299,4.667618989944458,6.099999999999998,"[0.42899999999999994, 0.18099999999999988]",1137159,"[4.289999999999999, 1.8099999999999987]",0.023001568967645818,5.06034517288208,6.379999999999996,"[0.5829999999999999, 0.05499999999999985]",1138159,"[5.829999999999998, 0.5499999999999985]",0.022557154568758876,4.962574005126953,5.419999999999996,"[0.42699999999999994, 0.11499999999999984]",1139159,"[4.27, 1.1499999999999984]",0.02177172682502053,4.789779901504517,MinimaxSolutionConcept,4.7974999999999985,0.6328260029423566,0.022136725078929553,0.0006900807811679538,4.870079517364502,0.15181777185694986,COMPLETE
114,8.517499999999998,2025-06-12 21:22:45.146918,2025-06-12 21:22:49.335282,0 days 00:00:04.188364,45,0.6499303820111708,0.1094384902576816,0.9600012954826898,0.0004842757678913329,187,1146165,8.517499999999998,2.7244483386550025,0.4197499999999999,0.1491297673169244,180.0,4,6.639999999999997,"[0.17699999999999985, 0.48699999999999993]",1146165,"[1.7699999999999985, 4.869999999999999]",0.021668292416466606,3.9002926349639893,10.839999999999998,"[0.44899999999999995, 0.635]",1147165,"[4.489999999999999, 6.35]",0.019517623053656685,3.513172149658203,5.0799999999999965,"[0.4699999999999999, 0.037999999999999874]",1148165,"[4.699999999999999, 0.3799999999999987]",0.022273423936631946,4.00921630859375,11.509999999999998,"[0.583, 0.568]",1149165,"[5.83, 5.68]",0.021553264723883733,3.8795876502990723,MinimaxSolutionConcept,4.1975,1.491297673169244,0.021253151032659744,0.001038680022996914,3.8255671858787537,0.1869624041394445,COMPLETE
115,7.507499999999997,2025-06-12 21:22:49.351109,2025-06-12 21:22:53.437420,0 days 00:00:04.086311,45,0.6450258602530792,0.11590752613095866,0.9604302024871271,0.00042703659097766974,184,1156169,7.507499999999997,3.220375560396644,0.3652499999999999,0.2969902144852588,180.0,4,10.309999999999997,"[0.45299999999999985, 0.5779999999999998]",1156169,"[4.5299999999999985, 5.7799999999999985]",0.019038710329267714,3.4269678592681885,2.229999999999997,"[-0.10300000000000017, 0.32599999999999985]",1157169,"[-1.0300000000000018, 3.2599999999999985]",0.02129677799012926,3.8334200382232666,9.909999999999997,"[0.7190000000000001, 0.27199999999999985]",1158169,"[7.190000000000001, 2.7199999999999984]",0.020392457644144695,3.670642375946045,7.579999999999998,"[0.3919999999999999, 0.3659999999999998]",1159169,"[3.919999999999999, 3.6599999999999984]",0.02168610625796848,3.903499126434326,MinimaxSolutionConcept,3.652499999999999,2.9699021448525884,0.020603513055377536,0.001018058970578795,3.7086323499679565,0.18325061470418302,COMPLETE
116,8.0475,2025-06-12 21:22:54.036404,2025-06-12 21:22:58.317496,0 days 00:00:04.281092,43,0.6680484684776853,0.11148312918091313,0.9500055459982595,0.0002828850705849453,206,1166174,8.0475,0.7137357704360914,0.2984999999999999,0.06219525705389442,200.0,4,6.9499999999999975,"[0.2049999999999999, 0.48999999999999994]",1166174,"[2.049999999999999, 4.8999999999999995]",0.020628334283828736,4.125666856765747,8.029999999999998,"[0.29299999999999987, 0.5099999999999999]",1167174,"[2.929999999999999, 5.099999999999999]",0.019557139873504638,3.9114279747009277,8.93,"[0.3179999999999999, 0.575]",1168174,"[3.179999999999999, 5.75]",0.01960766077041626,3.921532154083252,8.279999999999998,"[0.378, 0.44999999999999984]",1169174,"[3.7800000000000002, 4.499999999999998]",0.019482237100601197,3.8964474201202393,MinimaxSolutionConcept,2.9849999999999994,0.6219525705389444,0.019818843007087708,0.00046948539131004373,3.9637686014175415,0.09389707826200867,COMPLETE
117,5.884999999999998,2025-06-12 21:22:58.331728,2025-06-12 21:23:02.966270,0 days 00:00:04.634542,44,0.6876815282681084,0.10310657226529957,0.9623428562968762,0.0006272658109225445,216,1176178,5.884999999999998,1.2202151449641985,0.37849999999999984,0.10033070317704343,210.0,4,3.9099999999999984,"[0.32799999999999985, 0.06299999999999988]",1176178,"[3.2799999999999985, 0.6299999999999988]",0.01998773870014009,4.197425127029419,6.719999999999999,"[0.5089999999999998, 0.16299999999999987]",1177178,"[5.089999999999998, 1.6299999999999986]",0.02043554215204148,4.291463851928711,5.859999999999998,"[0.43199999999999983, 0.15399999999999986]",1178178,"[4.3199999999999985, 1.5399999999999987]",0.021211598032996767,4.454435586929321,7.049999999999998,"[0.24499999999999988, 0.45999999999999996]",1179178,"[2.449999999999999, 4.6]",0.020143734841119674,4.230184316635132,MinimaxSolutionConcept,3.784999999999999,1.0033070317704345,0.020444653431574502,0.00047106531047949894,4.293377220630646,0.09892371520069482,COMPLETE
118,7.664999999999999,2025-06-12 21:23:02.982135,2025-06-12 21:23:07.020164,0 days 00:00:04.038029,42,0.6444285930898381,0.10923157525564264,0.9547795479721101,0.00016430770596516077,195,1186183,7.664999999999999,1.6394130047062583,0.46324999999999994,0.1330439307146328,190.0,4,7.389999999999999,"[0.24799999999999986, 0.49099999999999994]",1186183,"[2.4799999999999986, 4.909999999999999]",0.020407623993723017,3.877448558807373,5.929999999999998,"[0.47400000000000003, 0.11899999999999988]",1187183,"[4.74, 1.1899999999999988]",0.01970015701494719,3.743029832839966,6.9899999999999975,"[0.607, 0.09199999999999986]",1188183,"[6.07, 0.9199999999999986]",0.020346123293826453,3.8657634258270264,10.35,"[0.5239999999999999, 0.5109999999999999]",1189183,"[5.239999999999999, 5.109999999999999]",0.019163188181425397,3.641005754470825,MinimaxSolutionConcept,4.632499999999999,1.330439307146328,0.019904273120980514,0.0005097705240380827,3.7818118929862976,0.09685639956723577,COMPLETE
119,10.004999999999999,2025-06-12 21:23:07.034806,2025-06-12 21:23:14.908199,0 days 00:00:07.873393,45,0.6122040000431869,0.09249966244050495,0.9242237825706168,0.0005796386854446476,380,1196187,10.004999999999999,3.0576175365797473,0.4417499999999999,0.3101188280320949,380.0,4,13.819999999999999,"[0.875, 0.5069999999999999]",1196187,"[8.75, 5.0699999999999985]",0.01854581456435354,7.047409534454346,8.549999999999997,"[0.23199999999999982, 0.623]",1197187,"[2.319999999999998, 6.23]",0.01875225305557251,7.125856161117554,5.829999999999997,"[0.07699999999999985, 0.506]",1198187,"[0.7699999999999985, 5.0600000000000005]",0.020292805370531585,7.711266040802002,11.819999999999999,"[0.583, 0.599]",1199187,"[5.83, 5.99]",0.019347715377807616,7.3521318435668945,MinimaxSolutionConcept,4.417499999999999,3.1011882803209487,0.019234647092066313,0.0006781735834587298,7.309165894985199,0.25770596171431703,COMPLETE
120,7.177499999999998,2025-06-12 21:23:14.922257,2025-06-12 21:23:23.244882,0 days 00:00:08.322625,46,0.6177732895592698,0.10065875319512285,0.9308333434716427,0.0004555822299141231,377,1206194,7.177499999999998,1.2893481880392128,0.4452499999999999,0.1717328958004261,370.0,4,9.04,"[0.599, 0.3049999999999999]",1206194,"[5.99, 3.049999999999999]",0.02040231163437302,7.548855304718018,5.689999999999998,"[0.15899999999999986, 0.40999999999999986]",1207194,"[1.5899999999999985, 4.099999999999999]",0.0220506983834344,8.158758401870728,7.659999999999998,"[0.469, 0.2969999999999999]",1208194,"[4.6899999999999995, 2.969999999999999]",0.02004501690735688,7.416656255722046,6.3199999999999985,"[0.5539999999999999, 0.07799999999999989]",1209194,"[5.539999999999999, 0.7799999999999989]",0.02037331671328158,7.538127183914185,MinimaxSolutionConcept,4.452499999999999,1.7173289580042612,0.02071783590961147,0.0007822174935439609,7.665599286556244,0.2894204726112652,COMPLETE
121,7.8249999999999975,2025-06-12 21:23:23.788613,2025-06-12 21:23:32.431937,0 days 00:00:08.643324,45,0.5994669808703219,0.09458754866954026,0.903666913214649,0.0005020682322308556,407,1216203,7.8249999999999975,1.4284694606466044,0.37624999999999986,0.14590129368857568,400.0,4,9.569999999999999,"[0.3459999999999999, 0.6109999999999999]",1216203,"[3.459999999999999, 6.1099999999999985]",0.019815433025360107,7.926173210144043,8.099999999999998,"[0.608, 0.20199999999999982]",1217203,"[6.08, 2.0199999999999982]",0.020127362012863158,8.050944805145264,5.589999999999997,"[0.20399999999999982, 0.3549999999999998]",1218203,"[2.0399999999999983, 3.549999999999998]",0.02115963101387024,8.463852405548096,8.039999999999997,"[0.3469999999999998, 0.45699999999999996]",1219203,"[3.469999999999998, 4.569999999999999]",0.016963900327682496,6.785560131072998,MinimaxSolutionConcept,3.7624999999999993,1.4590129368857572,0.019516581594944,0.001555486896572654,7.8066326379776,0.6221947586290618,COMPLETE
122,6.952499999999999,2025-06-12 21:23:32.447190,2025-06-12 21:23:39.365109,0 days 00:00:06.917919,43,0.577829230860463,0.0846054957036909,0.9000325338288316,0.000128321139513936,313,1226212,6.952499999999999,3.5737471580961073,0.34224999999999994,0.2286354904646259,310.0,4,4.639999999999999,"[0.2539999999999999, 0.20999999999999988]",1226212,"[2.539999999999999, 2.0999999999999988]",0.020686083455239573,6.412685871124268,8.26,"[0.4589999999999999, 0.3669999999999999]",1227212,"[4.589999999999999, 3.669999999999999]",0.02007312390112108,6.222668409347534,2.7899999999999974,"[0.02199999999999986, 0.25699999999999995]",1228212,"[0.21999999999999859, 2.5699999999999994]",0.02181992684641192,6.764177322387695,12.12,"[0.6340000000000001, 0.578]",1229212,"[6.340000000000002, 5.779999999999999]",0.017597475359516758,5.455217361450195,MinimaxSolutionConcept,3.4224999999999994,2.286354904646259,0.020044152390572334,0.001545357422452456,6.213687241077423,0.4790608009602613,COMPLETE
123,8.259999999999998,2025-06-12 21:23:39.379306,2025-06-12 21:23:46.363192,0 days 00:00:06.983886,41,0.6128003703005918,0.08951248685270513,0.9590984504888915,0.0006121991856680272,349,1236219,8.259999999999998,3.2043720133592486,0.39649999999999996,0.2511637911801779,340.0,4,5.939999999999998,"[0.37199999999999994, 0.2219999999999999]",1236219,"[3.7199999999999993, 2.219999999999999]",0.01806025645312141,6.140487194061279,11.019999999999998,"[0.5749999999999998, 0.5269999999999999]",1237219,"[5.749999999999998, 5.27]",0.01875107358483707,6.3753650188446045,4.299999999999997,"[-0.00300000000000013, 0.43299999999999994]",1238219,"[-0.030000000000001303, 4.329999999999999]",0.01971681468627032,6.703716993331909,11.78,"[0.642, 0.5359999999999999]",1239219,"[6.42, 5.359999999999999]",0.02001115784925573,6.803793668746948,MinimaxSolutionConcept,3.964999999999999,2.511637911801779,0.019134825643371135,0.0007759887190205078,6.505840718746185,0.26383616446697256,COMPLETE
124,6.7299999999999995,2025-06-12 21:23:46.379408,2025-06-12 21:23:54.565499,0 days 00:00:08.186091,40,0.6256646120733217,0.10724042570021039,0.975182668546263,0.0003999056800726468,419,1246226,6.7299999999999995,2.6732283853049306,0.37524999999999986,0.060643940340317594,410.0,4,2.4599999999999977,"[0.2879999999999999, -0.04200000000000014]",1246226,"[2.879999999999999, -0.4200000000000014]",0.019389691003939,7.94977331161499,7.99,"[0.40999999999999986, 0.3889999999999999]",1247226,"[4.099999999999999, 3.889999999999999]",0.018433544112414848,7.557753086090088,9.690000000000001,"[0.3539999999999999, 0.615]",1248226,"[3.539999999999999, 6.15]",0.017780805797111696,7.290130376815796,6.779999999999998,"[0.44899999999999995, 0.22899999999999993]",1249226,"[4.489999999999999, 2.289999999999999]",0.0195150416071822,8.001167058944702,MinimaxSolutionConcept,3.7524999999999986,0.606439403403176,0.018779770630161938,0.0007124657555383021,7.699705958366394,0.2921109597707038,COMPLETE
125,5.254999999999997,2025-06-12 21:23:54.583214,2025-06-12 21:24:00.028595,0 days 00:00:05.445381,44,0.6503370735088442,0.0821724350966897,0.9687246556719684,0.0005971982320340648,258,1256234,5.254999999999997,2.373367860235745,0.4002499999999999,0.17385967761387344,250.0,4,5.809999999999998,"[0.3459999999999999, 0.23499999999999988]",1256234,"[3.459999999999999, 2.3499999999999988]",0.0202461519241333,5.061537981033325,7.989999999999997,"[0.6799999999999999, 0.11899999999999988]",1257234,"[6.799999999999999, 1.1899999999999988]",0.019930752754211425,4.9826881885528564,5.769999999999998,"[0.37199999999999994, 0.2049999999999999]",1258234,"[3.7199999999999993, 2.049999999999999]",0.020758216857910156,5.189554214477539,1.4499999999999975,"[0.2029999999999999, -0.05800000000000016]",1259234,"[2.029999999999999, -0.5800000000000016]",0.020968722343444823,5.242180585861206,MinimaxSolutionConcept,4.002499999999999,1.7385967761387342,0.020475960969924926,0.00041004461755542594,5.118990242481232,0.10251115438885658,COMPLETE
126,5.317499999999998,2025-06-12 21:24:00.649245,2025-06-12 21:24:04.717665,0 days 00:00:04.068420,42,0.5430506996342336,0.09468897333593582,0.971580710875784,0.00032553071735484136,182,1266240,5.317499999999998,3.8870449894489263,0.25024999999999986,0.2663788420652061,180.0,4,-1.0000000000000027,"[-0.1810000000000002, 0.08099999999999985]",1266240,"[-1.8100000000000018, 0.8099999999999985]",0.02100948492685954,3.781707286834717,5.369999999999997,"[0.3049999999999999, 0.23199999999999993]",1267240,"[3.049999999999999, 2.3199999999999994]",0.02178135183122423,3.9206433296203613,9.12,"[0.32899999999999985, 0.583]",1268240,"[3.2899999999999983, 5.83]",0.02111242214838664,3.8002359867095947,7.779999999999998,"[0.5479999999999999, 0.2299999999999999]",1269240,"[5.4799999999999995, 2.299999999999999]",0.020165687137179904,3.629823684692383,MinimaxSolutionConcept,2.5024999999999986,2.663788420652061,0.021017236510912578,0.0005740489855570168,3.783102571964264,0.10332881740026303,COMPLETE
127,8.312499999999998,2025-06-12 21:24:04.734191,2025-06-12 21:24:15.114732,0 days 00:00:10.380541,47,0.6610582681300086,0.10436197641212883,0.909602200366134,0.0002593863028243429,482,1276244,8.312499999999998,0.5905664653533931,0.5077499999999999,0.06711696879329399,480.0,4,8.639999999999999,"[0.4309999999999999, 0.43299999999999994]",1276244,"[4.309999999999999, 4.329999999999999]",0.020403586824735007,9.793721675872803,9.059999999999999,"[0.45199999999999996, 0.4539999999999999]",1277244,"[4.52, 4.539999999999999]",0.02128982444604238,10.219115734100342,8.049999999999997,"[0.563, 0.24199999999999985]",1278244,"[5.629999999999999, 2.4199999999999986]",0.020928674936294557,10.045763969421387,7.499999999999998,"[0.5849999999999999, 0.16499999999999984]",1279244,"[5.849999999999999, 1.6499999999999984]",0.021208625535170236,10.180140256881714,MinimaxSolutionConcept,5.077499999999999,0.6711696879329399,0.020957677935560543,0.00034682637415478734,10.059685409069061,0.1664766595942983,COMPLETE
128,6.134999999999998,2025-06-12 21:24:15.129734,2025-06-12 21:24:19.585879,0 days 00:00:04.456145,46,0.7099811111178691,0.08731970078967258,0.9655681611830782,0.00023000788777518386,190,1286255,6.134999999999998,2.033599026356966,0.3129999999999999,0.12124149454704032,190.0,4,9.519999999999998,"[0.49799999999999994, 0.4539999999999999]",1286255,"[4.9799999999999995, 4.539999999999999]",0.020282087827983655,3.8535966873168945,4.089999999999997,"[0.20299999999999985, 0.20599999999999988]",1287255,"[2.0299999999999985, 2.0599999999999987]",0.021833421054639316,4.14835000038147,5.509999999999997,"[0.20599999999999988, 0.3449999999999999]",1288255,"[2.0599999999999987, 3.4499999999999993]",0.022580061460796157,4.2902116775512695,5.419999999999998,"[0.3449999999999999, 0.19699999999999987]",1289255,"[3.4499999999999993, 1.9699999999999986]",0.02152216685445685,4.089211702346802,MinimaxSolutionConcept,3.129999999999999,1.2124149454704032,0.021554434299468996,0.0008291036447756825,4.095342516899109,0.1575296925073795,COMPLETE
129,7.282499999999997,2025-06-12 21:24:19.600147,2025-06-12 21:24:24.722700,0 days 00:00:05.122553,45,0.6807042752983996,0.09785543684179263,0.9219366177653435,0.001215647780336044,239,1296259,7.282499999999997,1.2179362668054512,0.4244999999999998,0.20361299074469685,230.0,4,8.669999999999996,"[0.7749999999999999, 0.0919999999999999]",1296259,"[7.749999999999999, 0.919999999999999]",0.017655931348386018,4.060864210128784,5.329999999999997,"[0.3419999999999999, 0.19099999999999986]",1297259,"[3.419999999999999, 1.9099999999999986]",0.021485291356625764,4.941617012023926,7.429999999999997,"[0.2789999999999998, 0.46399999999999986]",1298259,"[2.7899999999999983, 4.639999999999999]",0.02076801528101382,4.776643514633179,7.699999999999998,"[0.3019999999999999, 0.4679999999999998]",1299259,"[3.0199999999999987, 4.679999999999998]",0.02043188136556874,4.6993327140808105,MinimaxSolutionConcept,4.244999999999999,2.0361299074469685,0.020085279837898585,0.0014532744613746241,4.619614362716675,0.3342531261161636,COMPLETE
130,9.854999999999999,2025-06-12 21:24:24.738328,2025-06-12 21:24:28.146949,0 days 00:00:03.408621,42,0.6718331590855477,0.12099766951529427,0.9767117545124118,0.00014513271374438452,166,1306264,9.854999999999999,0.6745554091399754,0.6717500000000001,0.07680291335620021,160.0,4,9.699999999999998,"[0.729, 0.24099999999999994]",1306264,"[7.29, 2.4099999999999993]",0.01879206895828247,3.0067310333251953,8.98,"[0.553, 0.3449999999999999]",1307264,"[5.53, 3.4499999999999993]",0.0201288178563118,3.2206108570098877,10.87,"[0.749, 0.3379999999999999]",1308264,"[7.49, 3.379999999999999]",0.019340984523296356,3.094557523727417,9.87,"[0.6559999999999999, 0.3309999999999999]",1309264,"[6.559999999999999, 3.309999999999999]",0.01894797682762146,3.0316762924194336,MinimaxSolutionConcept,6.7175,0.7680291335620023,0.019302462041378022,0.0005173269712019265,3.0883939266204834,0.08277231539230807,COMPLETE
131,7.037499999999998,2025-06-12 21:24:28.725710,2025-06-12 21:24:32.867239,0 days 00:00:04.141529,42,0.6744537279324855,0.11914353253719043,0.9767240890509736,0.00015490678662748668,199,1316268,7.037499999999998,1.8417026768726814,0.2994999999999999,0.16370781899469555,190.0,4,4.089999999999998,"[0.1089999999999999, 0.29999999999999993]",1316268,"[1.089999999999999, 2.999999999999999]",0.019469340224015086,3.699174642562866,7.849999999999999,"[0.46399999999999986, 0.3209999999999999]",1317268,"[4.639999999999999, 3.209999999999999]",0.019666514898601332,3.736637830734253,7.119999999999997,"[0.16499999999999987, 0.5469999999999999]",1318268,"[1.6499999999999986, 5.469999999999999]",0.020841825635809646,3.959946870803833,9.089999999999998,"[0.45999999999999996, 0.44899999999999995]",1319268,"[4.6, 4.489999999999999]",0.020102492131684954,3.8194735050201416,MinimaxSolutionConcept,2.994999999999999,1.6370781899469555,0.020020043222527754,0.0005268729035046524,3.8038082122802734,0.10010585166588415,COMPLETE
132,6.917499999999999,2025-06-12 21:24:32.885215,2025-06-12 21:24:36.650347,0 days 00:00:03.765132,43,0.6444171587637286,0.12671481672560683,0.9205648717378482,0.00010390582649725878,169,1326272,6.917499999999999,1.5829936039036934,0.39049999999999996,0.16736860518030255,160.0,4,8.639999999999999,"[0.6649999999999999, 0.1989999999999999]",1326272,"[6.6499999999999995, 1.9899999999999989]",0.021340031921863557,3.414405107498169,4.729999999999997,"[0.3689999999999999, 0.10399999999999991]",1327272,"[3.6899999999999986, 1.0399999999999991]",0.022540800273418427,3.6065280437469482,6.109999999999998,"[0.30999999999999994, 0.3009999999999999]",1328272,"[3.0999999999999996, 3.009999999999999]",0.021128201484680177,3.380512237548828,8.19,"[0.2179999999999999, 0.601]",1329272,"[2.179999999999999, 6.01]",0.020781292021274565,3.3250067234039307,MinimaxSolutionConcept,3.9049999999999994,1.6736860518030257,0.021447581425309184,0.0006619364512469636,3.431613028049469,0.10590983219951415,COMPLETE
133,6.4049999999999985,2025-06-12 21:24:36.664658,2025-06-12 21:24:40.094814,0 days 00:00:03.430156,39,0.6910717585084275,0.12123721783542563,0.9404626367119806,0.0001387544462094892,161,1336276,6.4049999999999985,2.239034390088728,0.2839999999999999,0.12810347380145473,160.0,4,8.04,"[0.24799999999999991, 0.5559999999999998]",1336276,"[2.479999999999999, 5.559999999999999]",0.01847105473279953,2.955368757247925,8.68,"[0.49499999999999994, 0.3729999999999999]",1337276,"[4.949999999999999, 3.7299999999999986]",0.01857151836156845,2.971442937850952,2.939999999999998,"[0.14899999999999994, 0.1449999999999999]",1338276,"[1.4899999999999993, 1.449999999999999]",0.01949596554040909,3.119354486465454,5.959999999999997,"[0.24399999999999983, 0.3519999999999998]",1339276,"[2.439999999999998, 3.5199999999999982]",0.020371267199516298,3.2594027519226074,MinimaxSolutionConcept,2.839999999999999,1.2810347380145475,0.019227451458573342,0.000771815796657588,3.0763922333717346,0.12349052746521397,COMPLETE
134,4.8249999999999975,2025-06-12 21:24:40.108819,2025-06-12 21:24:44.094724,0 days 00:00:03.985905,44,0.5536432163145074,0.11389555156678179,0.9825250534214756,0.00018343449666127169,171,1346280,4.8249999999999975,2.0903887198317923,0.1884999999999999,0.08200152437607487,170.0,4,3.3999999999999977,"[0.2709999999999999, 0.06899999999999988]",1346280,"[2.709999999999999, 0.6899999999999988]",0.022418633629294003,3.8111677169799805,2.9799999999999978,"[0.2159999999999999, 0.08199999999999988]",1347280,"[2.159999999999999, 0.8199999999999987]",0.02167213103350471,3.684262275695801,8.289999999999997,"[0.2149999999999999, 0.614]",1348280,"[2.149999999999999, 6.14]",0.020934392424190745,3.5588467121124268,4.629999999999997,"[0.051999999999999866, 0.41099999999999987]",1349280,"[0.5199999999999987, 4.1099999999999985]",0.020901674382826863,3.5532846450805664,MinimaxSolutionConcept,1.8849999999999987,0.8200152437607487,0.02148170786745408,0.0006225118278176325,3.6518903374671936,0.10582701072899756,COMPLETE
135,8.147499999999999,2025-06-12 21:24:44.109318,2025-06-12 21:24:48.211835,0 days 00:00:04.102517,41,0.7447251231232375,0.09198297531566944,0.9526176545962697,0.00012059551048607138,209,1356284,8.147499999999999,2.133264810097425,0.4277499999999999,0.10410661602415097,200.0,4,7.829999999999998,"[0.3159999999999999, 0.4669999999999999]",1356284,"[3.159999999999999, 4.669999999999999]",0.018453404903411866,3.690680980682373,4.829999999999997,"[0.3639999999999999, 0.11899999999999988]",1357284,"[3.639999999999999, 1.1899999999999988]",0.01852385640144348,3.7047712802886963,9.469999999999999,"[0.591, 0.35599999999999987]",1358284,"[5.91, 3.5599999999999987]",0.019590003490447996,3.9180006980895996,10.459999999999999,"[0.43999999999999995, 0.6059999999999999]",1359284,"[4.3999999999999995, 6.059999999999999]",0.019125150442123415,3.8250300884246826,MinimaxSolutionConcept,4.277499999999999,1.0410661602415099,0.01892310380935669,0.0004651864092552681,3.784620761871338,0.0930372818510537,COMPLETE
136,9.902499999999998,2025-06-12 21:24:48.810161,2025-06-12 21:24:52.583831,0 days 00:00:03.773670,48,0.6388793944391159,0.0745625072720271,0.9794178807292993,0.00020968183770518853,155,1366288,9.902499999999998,1.266932811951764,0.56075,0.12893675775355917,150.0,4,11.37,"[0.708, 0.4289999999999998]",1366288,"[7.08, 4.289999999999998]",0.021902146339416503,3.2853219509124756,9.499999999999998,"[0.4039999999999999, 0.5459999999999999]",1367288,"[4.039999999999999, 5.459999999999999]",0.023597806294759115,3.539670944213867,8.039999999999996,"[0.46499999999999997, 0.33899999999999986]",1368288,"[4.6499999999999995, 3.389999999999999]",0.024100979169209797,3.6151468753814697,10.7,"[0.6659999999999998, 0.4039999999999999]",1369288,"[6.659999999999998, 4.039999999999999]",0.02087539513905843,3.1313092708587646,MinimaxSolutionConcept,5.6075,1.2893675775355917,0.02261908173561096,0.0012950252001119537,3.3928622603416443,0.19425378001679297,COMPLETE
137,4.454999999999997,2025-06-12 21:24:52.598323,2025-06-12 21:24:56.367501,0 days 00:00:03.769178,48,0.6657846258745556,0.1791533334403591,0.9791884363808062,0.00016835771356640128,156,1376292,4.454999999999997,1.8653484929095694,0.1852499999999999,0.1633820293055513,150.0,4,5.959999999999998,"[0.2719999999999999, 0.32399999999999984]",1376292,"[2.719999999999999, 3.2399999999999984]",0.021179904937744142,3.176985740661621,5.859999999999998,"[0.41, 0.17599999999999988]",1377292,"[4.1, 1.759999999999999]",0.02297742525736491,3.4466137886047363,1.3499999999999965,"[0.018999999999999805, 0.11599999999999984]",1378292,"[0.18999999999999806, 1.1599999999999984]",0.02407678763071696,3.611518144607544,4.649999999999997,"[0.039999999999999855, 0.4249999999999998]",1379292,"[0.3999999999999986, 4.249999999999998]",0.023474621772766113,3.521193265914917,MinimaxSolutionConcept,1.8524999999999987,1.6338202930555128,0.02292718489964803,0.0010812937769340046,3.4390777349472046,0.16219406654010074,COMPLETE
138,5.339999999999998,2025-06-12 21:24:56.381761,2025-06-12 21:25:00.094207,0 days 00:00:03.712446,50,0.6770045347333968,0.14218393406523566,0.9741266429677989,0.00021439370955888282,142,1386296,5.339999999999998,2.2459630451100487,0.15749999999999983,0.22041948643438952,140.0,4,7.869999999999997,"[0.31899999999999984, 0.46799999999999986]",1386296,"[3.1899999999999986, 4.679999999999999]",0.022898132460457937,3.2057385444641113,6.839999999999999,"[0.3449999999999999, 0.3389999999999999]",1387296,"[3.4499999999999993, 3.3899999999999992]",0.023453639234815325,3.2835094928741455,4.629999999999997,"[0.17299999999999988, 0.2899999999999999]",1388296,"[1.7299999999999986, 2.8999999999999995]",0.023818532058170864,3.334594488143921,2.0199999999999965,"[-0.2070000000000002, 0.4089999999999998]",1389296,"[-2.070000000000002, 4.089999999999998]",0.02539177962711879,3.554849147796631,MinimaxSolutionConcept,1.5749999999999988,2.204194864343895,0.02389052084514073,0.0009266418622382495,3.344672918319702,0.129729860713355,COMPLETE
139,5.174999999999996,2025-06-12 21:25:00.108766,2025-06-12 21:25:04.666033,0 days 00:00:04.557267,47,0.6383412830814827,0.10318242262580134,0.9844124154170001,0.00014268518181683953,178,1396300,5.174999999999996,1.5403489864313222,0.2597499999999999,0.11062182198824977,170.0,4,7.619999999999998,"[0.44800000000000006, 0.3139999999999999]",1396300,"[4.48, 3.139999999999999]",0.02468896332909079,4.197123765945435,4.9599999999999955,"[0.2219999999999999, 0.27399999999999985]",1397300,"[2.219999999999999, 2.7399999999999984]",0.023204853955437154,3.9448251724243164,4.759999999999996,"[0.20399999999999988, 0.2719999999999999]",1398300,"[2.0399999999999987, 2.719999999999999]",0.025818436286028694,4.389134168624878,3.359999999999997,"[0.16499999999999984, 0.17099999999999987]",1399300,"[1.6499999999999984, 1.7099999999999986]",0.025622129440307617,4.355762004852295,MinimaxSolutionConcept,2.5974999999999993,1.1062182198824975,0.024833595752716063,0.0010326440132845023,4.221711277961731,0.17554948225836528,COMPLETE
140,9.117499999999998,2025-06-12 21:25:04.681135,2025-06-12 21:25:08.211561,0 days 00:00:03.530426,49,0.6993521891320378,0.13719273927942324,0.9806679426795822,0.00011949620063027096,132,1406304,9.117499999999998,3.6652924508148055,0.4547499999999999,0.2588130357999767,130.0,4,5.669999999999997,"[0.26599999999999985, 0.3009999999999998]",1406304,"[2.6599999999999984, 3.009999999999998]",0.025229112918560323,3.279784679412842,8.469999999999997,"[0.5689999999999998, 0.27799999999999986]",1407304,"[5.689999999999999, 2.7799999999999985]",0.02275830598977896,2.9585797786712646,7.099999999999998,"[0.16299999999999987, 0.5469999999999999]",1408304,"[1.6299999999999986, 5.469999999999999]",0.025674137702355018,3.3376379013061523,15.229999999999999,"[0.8210000000000001, 0.7019999999999998]",1409304,"[8.21, 7.019999999999999]",0.022560677161583532,2.9328880310058594,MinimaxSolutionConcept,4.547499999999999,2.5881303579997677,0.02405555844306946,0.00140664164758115,3.1272225975990295,0.18286341418554947,COMPLETE
141,7.327499999999997,2025-06-12 21:25:08.940425,2025-06-12 21:25:11.744517,0 days 00:00:02.804092,49,0.7247397631206591,0.15335577236713904,0.9813138842743044,0.00010796915860452041,127,1416308,7.327499999999997,0.5812647847582039,0.27849999999999986,0.14000089285429576,120.0,4,7.809999999999998,"[0.17299999999999985, 0.6079999999999999]",1416308,"[1.7299999999999984, 6.079999999999998]",0.020283786455790202,2.434054374694824,6.4199999999999955,"[0.32499999999999984, 0.3169999999999999]",1417308,"[3.2499999999999982, 3.169999999999999]",0.021956227223078408,2.634747266769409,7.859999999999998,"[0.4859999999999999, 0.2999999999999998]",1418308,"[4.8599999999999985, 2.9999999999999982]",0.020655937989552817,2.478712558746338,7.219999999999997,"[0.12999999999999984, 0.5919999999999999]",1419308,"[1.2999999999999985, 5.919999999999998]",0.021832712491353354,2.6199254989624023,MinimaxSolutionConcept,2.784999999999999,1.4000089285429576,0.021182166039943693,0.0007256692150903881,2.5418599247932434,0.08708030581084662,COMPLETE
142,8.639999999999997,2025-06-12 21:25:11.758777,2025-06-12 21:25:14.944665,0 days 00:00:03.185888,49,0.7061997729975357,0.12789274019517255,0.9762680017969464,0.00012692896032030627,132,1426311,8.639999999999997,2.714986187810171,0.46299999999999986,0.07743384273042378,130.0,4,12.499999999999998,"[0.5529999999999999, 0.697]",1426311,"[5.529999999999999, 6.97]",0.02050018310546875,2.6650238037109375,6.799999999999995,"[0.34499999999999986, 0.33499999999999985]",1427311,"[3.4499999999999984, 3.3499999999999988]",0.020608197725736178,2.679065704345703,9.769999999999996,"[0.44899999999999984, 0.5279999999999999]",1428311,"[4.489999999999998, 5.279999999999999]",0.022513930614177998,2.9268109798431396,5.489999999999997,"[0.5049999999999998, 0.04399999999999983]",1429311,"[5.049999999999998, 0.4399999999999983]",0.023144793510437012,3.0088231563568115,MinimaxSolutionConcept,4.629999999999998,0.7743384273042379,0.021691776238954984,0.0011598743033195927,2.819930911064148,0.15078365943154703,COMPLETE
143,8.129999999999997,2025-06-12 21:25:14.959444,2025-06-12 21:25:18.150596,0 days 00:00:03.191152,48,0.7037044966686713,0.13012266610376189,0.9779879390630277,0.0001219152285815753,132,1436315,8.129999999999997,1.4327072275939705,0.36174999999999985,0.18010188088967868,130.0,4,9.719999999999999,"[0.6579999999999999, 0.3139999999999999]",1436315,"[6.579999999999999, 3.139999999999999]",0.022140114124004656,2.8782148361206055,7.549999999999998,"[0.3249999999999999, 0.4299999999999999]",1437315,"[3.249999999999999, 4.299999999999999]",0.020617761978736292,2.6803090572357178,6.069999999999997,"[0.2909999999999998, 0.3159999999999999]",1438315,"[2.9099999999999984, 3.159999999999999]",0.023148281757648173,3.0092766284942627,9.179999999999996,"[0.17299999999999988, 0.7449999999999999]",1439315,"[1.7299999999999986, 7.449999999999999]",0.022463774681091307,2.92029070854187,MinimaxSolutionConcept,3.617499999999999,1.801018808896787,0.022092483135370107,0.0009259642735589186,2.872022807598114,0.12037535556265955,COMPLETE
144,6.2499999999999964,2025-06-12 21:25:18.167037,2025-06-12 21:25:21.142025,0 days 00:00:02.974988,50,0.6863472031824612,0.131581945815038,0.9877359622088486,0.00015181691501910667,116,1446318,6.2499999999999964,3.6793817415430006,0.33374999999999994,0.14559597350201692,110.0,4,6.689999999999996,"[0.514, 0.15499999999999983]",1446318,"[5.140000000000001, 1.5499999999999983]",0.023777539079839535,2.6155292987823486,9.609999999999996,"[0.27299999999999985, 0.688]",1447318,"[2.7299999999999986, 6.879999999999999]",0.0240152662450617,2.641679286956787,0.13999999999999602,"[0.12999999999999987, -0.11600000000000019]",1448318,"[1.2999999999999987, -1.160000000000002]",0.02532023083079945,2.7852253913879395,8.559999999999999,"[0.41799999999999987, 0.4379999999999999]",1449318,"[4.179999999999999, 4.379999999999999]",0.022537259622053666,2.4790985584259033,MinimaxSolutionConcept,3.3374999999999995,1.4559597350201694,0.02391257394443859,0.0009876446119861137,2.6303831338882446,0.10864090731847251,COMPLETE
145,7.202499999999997,2025-06-12 21:25:21.156625,2025-06-12 21:25:24.626154,0 days 00:00:03.469529,49,0.7233058659362506,0.07942493240550025,0.9804602799029005,0.00018306926454404686,138,1456321,7.202499999999997,2.876033509888228,0.4252499999999999,0.147606529327127,130.0,4,4.109999999999998,"[0.1989999999999999, 0.21199999999999983]",1456321,"[1.9899999999999989, 2.1199999999999983]",0.02349248849428617,3.054023504257202,6.1099999999999985,"[0.61, 0.0009999999999998122]",1457321,"[6.1, 0.009999999999998122]",0.021081275206345777,2.740565776824951,11.899999999999999,"[0.46799999999999986, 0.7219999999999999]",1458321,"[4.679999999999999, 7.219999999999999]",0.022549003821152908,2.931370496749878,6.689999999999996,"[0.4239999999999998, 0.24499999999999983]",1459321,"[4.239999999999998, 2.4499999999999984]",0.02519945181333102,3.2759287357330322,MinimaxSolutionConcept,4.252499999999999,1.4760652932712701,0.023080554833778966,0.0014949146512683302,3.000472128391266,0.19433890466488282,COMPLETE
146,7.309999999999998,2025-06-12 21:25:25.324559,2025-06-12 21:25:27.763734,0 days 00:00:02.439175,48,0.7611740065467327,0.14413145222974919,0.9778945500666016,0.0001303696987417054,108,1466325,7.309999999999998,1.175265927354316,0.37699999999999995,0.12113009535206355,100.0,4,6.389999999999998,"[0.4589999999999999, 0.17999999999999985]",1466325,"[4.589999999999999, 1.7999999999999985]",0.02112605333328247,2.112605333328247,8.949999999999998,"[0.16799999999999984, 0.727]",1467325,"[1.6799999999999984, 7.27]",0.020243990421295165,2.0243990421295166,7.879999999999998,"[0.45099999999999996, 0.33699999999999986]",1468325,"[4.51, 3.3699999999999983]",0.021008203029632567,2.100820302963257,6.019999999999997,"[0.4299999999999999, 0.17199999999999988]",1469325,"[4.299999999999999, 1.7199999999999989]",0.02250920295715332,2.250920295715332,MinimaxSolutionConcept,3.769999999999999,1.2113009535206356,0.02122186243534088,0.0008167479753019009,2.122186243534088,0.08167479753019004,COMPLETE
147,7.539999999999997,2025-06-12 21:25:27.778699,2025-06-12 21:25:31.293492,0 days 00:00:03.514793,47,0.6925585156294295,0.12586851971787488,0.9839563972160699,0.00010285053475038456,153,1476327,7.539999999999997,0.8091044431963041,0.27999999999999986,0.10437193109260746,150.0,4,7.899999999999998,"[0.16699999999999987, 0.623]",1476327,"[1.6699999999999986, 6.23]",0.020737538337707518,3.110630750656128,8.169999999999998,"[0.18599999999999983, 0.631]",1477327,"[1.8599999999999983, 6.3100000000000005]",0.02112130800882975,3.168196201324463,7.939999999999998,"[0.3669999999999999, 0.4269999999999999]",1478327,"[3.669999999999999, 4.269999999999999]",0.021144652366638185,3.1716978549957275,6.149999999999996,"[0.39999999999999986, 0.21499999999999986]",1479327,"[3.9999999999999987, 2.1499999999999986]",0.022331061363220214,3.3496592044830322,MinimaxSolutionConcept,2.7999999999999985,1.0437193109260747,0.021333640019098918,0.0005981195047049441,3.2000460028648376,0.08971792570574164,COMPLETE
148,7.009999999999998,2025-06-12 21:25:31.308253,2025-06-12 21:25:35.033537,0 days 00:00:03.725284,46,0.6095775723020488,0.13434294166969302,0.9716946034277688,0.00013539496716607894,163,1486331,7.009999999999998,2.272168567690347,0.3457499999999999,0.11326600328430414,160.0,4,9.299999999999999,"[0.4389999999999999, 0.49099999999999994]",1486331,"[4.389999999999999, 4.909999999999999]",0.021600642800331117,3.4561028480529785,7.689999999999998,"[0.18399999999999989, 0.585]",1487331,"[1.839999999999999, 5.85]",0.021602603793144225,3.456416606903076,7.8199999999999985,"[0.46399999999999986, 0.3179999999999999]",1488331,"[4.639999999999999, 3.179999999999999]",0.021827925741672517,3.4924681186676025,3.2299999999999973,"[0.29599999999999993, 0.026999999999999837]",1489331,"[2.959999999999999, 0.26999999999999835]",0.020933176577091216,3.3493082523345947,MinimaxSolutionConcept,3.457499999999999,1.1326600328430414,0.021491087228059768,0.0003350980626700704,3.438573956489563,0.05361569002721118,COMPLETE
149,5.884999999999998,2025-06-12 21:25:35.052421,2025-06-12 21:25:38.438399,0 days 00:00:03.385978,49,0.713747961489428,0.13750515222435544,0.9733913889051514,0.00020398622091656078,133,1496335,5.884999999999998,1.0757439286372947,0.27249999999999985,0.1643509963462346,130.0,4,6.379999999999997,"[0.3459999999999998, 0.2919999999999998]",1496335,"[3.459999999999998, 2.919999999999998]",0.022521198712862456,2.927755832672119,4.459999999999997,"[0.27299999999999985, 0.1729999999999999]",1497335,"[2.7299999999999986, 1.729999999999999]",0.024197327173673188,3.1456525325775146,7.329999999999998,"[0.4589999999999999, 0.27399999999999985]",1498335,"[4.589999999999999, 2.7399999999999984]",0.024602506710932805,3.1983258724212646,5.3699999999999966,"[0.011999999999999806, 0.5249999999999999]",1499335,"[0.11999999999999805, 5.249999999999999]",0.022140108622037448,2.878214120864868,MinimaxSolutionConcept,2.7249999999999983,1.6435099634623458,0.023365285304876478,0.0010531560375871437,3.0374870896339417,0.13691028488632875,COMPLETE
150,7.997499999999998,2025-06-12 21:25:38.459278,2025-06-12 21:25:41.266261,0 days 00:00:02.806983,48,0.6307490368558877,0.135171237884014,0.9800371538036416,0.00016314173960900802,118,1506338,7.997499999999998,1.5243092698005876,0.5042499999999999,0.23028284239169883,110.0,4,8.259999999999998,"[0.43199999999999994, 0.39399999999999996]",1506338,"[4.319999999999999, 3.9399999999999995]",0.022435268488797275,2.4678795337677,10.319999999999999,"[0.5919999999999999, 0.4399999999999998]",1507338,"[5.919999999999998, 4.399999999999998]",0.02129867510362105,2.3428542613983154,6.209999999999998,"[0.18099999999999988, 0.4399999999999998]",1508338,"[1.8099999999999987, 4.399999999999998]",0.023866484381935813,2.6253132820129395,7.199999999999997,"[0.8119999999999999, -0.09200000000000016]",1509338,"[8.12, -0.9200000000000017]",0.023041220144792037,2.534534215927124,MinimaxSolutionConcept,5.042499999999999,2.3028284239169885,0.022660412029786543,0.0009360345091401206,2.4926453232765198,0.10296379600541324,COMPLETE
151,7.364999999999998,2025-06-12 21:25:41.989323,2025-06-12 21:25:46.200556,0 days 00:00:04.211233,45,0.6727837486551727,0.15226196264239406,0.9756826724433795,0.00011756401746039684,192,1516342,7.364999999999998,4.507690650432881,0.28624999999999984,0.24280483417757567,190.0,4,3.6799999999999975,"[0.06999999999999984, 0.2979999999999999]",1516342,"[0.6999999999999984, 2.9799999999999986]",0.02138040442215769,4.062276840209961,2.559999999999998,"[0.06299999999999986, 0.1929999999999999]",1517342,"[0.6299999999999986, 1.9299999999999988]",0.021002183462444105,3.99041485786438,9.54,"[0.35999999999999976, 0.5939999999999999]",1518342,"[3.599999999999998, 5.939999999999999]",0.020206717440956517,3.8392763137817383,13.68,"[0.6519999999999999, 0.7159999999999999]",1519342,"[6.52, 7.159999999999998]",0.01921990294205515,3.6517815589904785,MinimaxSolutionConcept,2.8624999999999985,2.4280483417757566,0.020452302066903367,0.0008280795466648352,3.8859373927116394,0.15733511386631863,COMPLETE
152,4.524999999999997,2025-06-12 21:25:46.215094,2025-06-12 21:25:50.395634,0 days 00:00:04.180540,46,0.6501299440723477,0.01399503608911351,0.9762947033706283,0.0009053320259945467,182,1526346,4.524999999999997,1.6314487426824047,0.23649999999999988,0.17620513613399585,180.0,4,6.979999999999997,"[0.5309999999999999, 0.16699999999999987]",1526346,"[5.309999999999999, 1.6699999999999986]",0.020182421472337512,3.632835865020752,3.619999999999997,"[0.1869999999999999, 0.17499999999999988]",1527346,"[1.8699999999999988, 1.7499999999999987]",0.022350083457099067,4.023015022277832,2.609999999999997,"[0.06399999999999986, 0.1969999999999999]",1528346,"[0.6399999999999986, 1.9699999999999989]",0.02145620716942681,3.862117290496826,4.889999999999997,"[0.16399999999999987, 0.32499999999999996]",1529346,"[1.6399999999999988, 3.2499999999999996]",0.021464526653289795,3.863614797592163,MinimaxSolutionConcept,2.364999999999999,1.7620513613399582,0.021363309688038297,0.000772511207910674,3.8453957438468933,0.13905201742392137,COMPLETE
153,7.777499999999998,2025-06-12 21:25:50.409820,2025-06-12 21:25:53.787217,0 days 00:00:03.377397,50,0.6610122288700098,0.11042764426403846,0.9828247653354693,0.024552463777923885,142,1536350,7.777499999999998,1.7428909174127913,0.3997499999999998,0.08420622007904165,140.0,4,10.69,"[0.4829999999999998, 0.586]",1536350,"[4.829999999999998, 5.859999999999999]",0.02200812441962106,3.0811374187469482,7.539999999999997,"[0.2919999999999999, 0.4619999999999999]",1537350,"[2.919999999999999, 4.619999999999999]",0.02250025953565325,3.150036334991455,6.569999999999998,"[0.48099999999999987, 0.17599999999999985]",1538350,"[4.809999999999999, 1.7599999999999985]",0.020713019371032714,2.89982271194458,6.309999999999999,"[0.34299999999999986, 0.2879999999999999]",1539350,"[3.429999999999999, 2.879999999999999]",0.02297494752066476,3.2164926528930664,MinimaxSolutionConcept,3.9974999999999987,0.8420622007904164,0.022049087711742944,0.0008437311483548748,3.0868722796440125,0.11812236076968245,COMPLETE
154,5.667499999999997,2025-06-12 21:25:53.801323,2025-06-12 21:25:57.477075,0 days 00:00:03.675752,47,0.7034853056114329,0.10024327049941047,0.9861304844892566,0.0052496996597879795,169,1546353,5.667499999999997,2.677511671309763,0.29924999999999985,0.10264593270071642,160.0,4,9.159999999999997,"[0.4709999999999999, 0.44499999999999995]",1546353,"[4.709999999999999, 4.449999999999999]",0.021970850229263306,3.515336036682129,5.819999999999998,"[0.24099999999999983, 0.34099999999999986]",1547353,"[2.4099999999999984, 3.4099999999999984]",0.020699340105056762,3.311894416809082,6.059999999999998,"[0.2799999999999998, 0.3259999999999999]",1548353,"[2.799999999999998, 3.259999999999999]",0.02082541584968567,3.332066535949707,1.6299999999999972,"[0.2049999999999999, -0.04200000000000016]",1549353,"[2.049999999999999, -0.4200000000000016]",0.021510766446590425,3.4417226314544678,MinimaxSolutionConcept,2.9924999999999984,1.026459327007164,0.02125159315764904,0.0005174727192539284,3.4002549052238464,0.08279563508062844,COMPLETE
155,7.767499999999998,2025-06-12 21:25:57.491512,2025-06-12 21:25:59.580251,0 days 00:00:02.088739,40,0.8848713305121585,0.07472916807365504,0.9792851879562094,0.00023848226400388596,100,1556357,7.767499999999998,1.4373999965214967,0.30399999999999994,0.10916959283610064,100.0,4,7.489999999999998,"[0.2599999999999999, 0.4889999999999999]",1556357,"[2.5999999999999988, 4.889999999999999]",0.019104239940643312,1.910423994064331,10.129999999999997,"[0.4899999999999999, 0.5229999999999999]",1557357,"[4.899999999999999, 5.229999999999999]",0.017515213489532472,1.751521348953247,7.189999999999999,"[0.2099999999999999, 0.509]",1558357,"[2.099999999999999, 5.09]",0.01927835464477539,1.927835464477539,6.259999999999998,"[0.2559999999999999, 0.37]",1559357,"[2.5599999999999987, 3.7]",0.018691418170928956,1.8691418170928955,MinimaxSolutionConcept,3.0399999999999987,1.0916959283610064,0.018647306561470033,0.0006874937007100788,1.8647306561470032,0.0687493700710079,COMPLETE
156,4.672499999999999,2025-06-12 21:26:00.257455,2025-06-12 21:26:02.462677,0 days 00:00:02.205222,26,0.9006261476839627,0.11669621266691102,0.9748457574612135,0.08786977702939713,156,1566360,4.672499999999999,1.1041371065225547,0.16324999999999998,0.10015581610670447,150.0,4,4.42,"[0.21299999999999994, 0.229]",1566360,"[2.1299999999999994, 2.29]",0.013523581822713217,2.0285372734069824,5.689999999999999,"[0.22299999999999995, 0.346]",1567360,"[2.2299999999999995, 3.46]",0.013628033002217611,2.0442049503326416,5.609999999999999,"[0.227, 0.33399999999999996]",1568360,"[2.27, 3.34]",0.013447740872701008,2.0171611309051514,2.9699999999999998,"[-0.010000000000000054, 0.30700000000000005]",1569360,"[-0.10000000000000053, 3.0700000000000003]",0.013524594306945801,2.02868914604187,MinimaxSolutionConcept,1.6324999999999996,1.0015581610670448,0.01353098750114441,6.411619809149203e-05,2.0296481251716614,0.009617429713723756,COMPLETE
157,5.2624999999999975,2025-06-12 21:26:02.477601,2025-06-12 21:26:06.870027,0 days 00:00:04.392426,43,0.6211707294309534,0.031616549256059,0.9561485905472948,0.00015083641014423198,202,1576362,5.2624999999999975,1.1719294987327524,0.30974999999999986,0.12759383801735882,200.0,4,3.949999999999998,"[0.4169999999999999, -0.02200000000000014]",1576362,"[4.169999999999999, -0.22000000000000142]",0.020628851652145386,4.125770330429077,7.019999999999999,"[0.37199999999999983, 0.3299999999999999]",1577362,"[3.7199999999999984, 3.299999999999999]",0.019290889501571654,3.858177900314331,4.499999999999998,"[0.09199999999999989, 0.3579999999999999]",1578362,"[0.9199999999999988, 3.5799999999999987]",0.020005106925964355,4.001021385192871,5.5799999999999965,"[0.35799999999999993, 0.19999999999999984]",1579362,"[3.579999999999999, 1.9999999999999984]",0.021137462854385378,4.227492570877075,MinimaxSolutionConcept,3.0974999999999984,1.2759383801735882,0.02026557773351669,0.0006910162434825899,4.053115546703339,0.1382032486965178,COMPLETE
158,7.002499999999998,2025-06-12 21:26:06.884310,2025-06-12 21:26:10.924310,0 days 00:00:04.040000,45,0.6818847308128301,0.12258762748603723,0.9814355872574483,0.00010004382189820725,187,1586366,7.002499999999998,2.5343773890247685,0.21799999999999983,0.3338030856657859,180.0,4,6.669999999999997,"[0.22399999999999984, 0.4429999999999999]",1586366,"[2.2399999999999984, 4.429999999999999]",0.021279617150624593,3.8303310871124268,5.029999999999997,"[-0.0640000000000002, 0.567]",1587366,"[-0.6400000000000019, 5.67]",0.021519074175092908,3.8734333515167236,5.069999999999998,"[-0.04900000000000017, 0.5559999999999998]",1588366,"[-0.49000000000000166, 5.559999999999999]",0.02124584515889486,3.824252128601074,11.239999999999998,"[0.7609999999999999, 0.3629999999999998]",1589366,"[7.609999999999999, 3.629999999999998]",0.021483839882744684,3.867091178894043,MinimaxSolutionConcept,2.179999999999999,3.3380308566578596,0.021382094091839263,0.0001206037358297297,3.848776936531067,0.021708672449351457,COMPLETE
159,10.767499999999998,2025-06-12 21:26:10.938815,2025-06-12 21:26:14.059821,0 days 00:00:03.121006,49,0.6376377413376668,0.03945557945985781,0.969775917776471,0.000530953415796206,130,1596370,10.767499999999998,1.2841801859552273,0.64825,0.11327483171472826,130.0,4,12.659999999999998,"[0.74, 0.5259999999999998]",1596370,"[7.4, 5.259999999999998]",0.020615209065950834,2.6799771785736084,9.889999999999997,"[0.4579999999999999, 0.5309999999999999]",1597370,"[4.579999999999999, 5.309999999999999]",0.02275374485896184,2.957986831665039,9.329999999999997,"[0.728, 0.2049999999999999]",1598370,"[7.279999999999999, 2.049999999999999]",0.022237376066354606,2.8908588886260986,11.189999999999998,"[0.6669999999999999, 0.45199999999999985]",1599370,"[6.669999999999999, 4.519999999999999]",0.021549349564772387,2.80141544342041,MinimaxSolutionConcept,6.482499999999999,1.1327483171472825,0.021788919889009918,0.0008010916305365202,2.832559585571289,0.10414191196974765,COMPLETE
160,6.942499999999997,2025-06-12 21:26:14.074458,2025-06-12 21:26:17.076274,0 days 00:00:03.001816,49,0.7321913866519677,0.04776968483906634,0.9693219718596318,0.0005243858153455722,111,1606374,6.942499999999997,4.148369408574893,0.3122499999999999,0.30626816272671903,110.0,4,9.799999999999997,"[0.622, 0.3579999999999998]",1606374,"[6.22, 3.5799999999999983]",0.023786824399774725,2.6165506839752197,8.709999999999997,"[0.44599999999999984, 0.4249999999999998]",1607374,"[4.459999999999998, 4.249999999999998]",0.023447921059348367,2.5792713165283203,-0.21000000000000368,"[-0.1950000000000002, 0.17399999999999985]",1608374,"[-1.950000000000002, 1.7399999999999984]",0.02560946291143244,2.8170409202575684,9.469999999999999,"[0.3759999999999999, 0.571]",1609374,"[3.759999999999999, 5.709999999999999]",0.022927119515158915,2.5219831466674805,MinimaxSolutionConcept,3.1224999999999987,3.06268162726719,0.023942831971428612,0.0010097779034655228,2.633711516857147,0.11107556938120755,COMPLETE
161,8.474999999999996,2025-06-12 21:26:17.845855,2025-06-12 21:26:20.936850,0 days 00:00:03.090995,47,0.5976514836186475,0.03711118462494108,0.9674103781241584,0.0007413725446188736,127,1616377,8.474999999999996,1.5061291445291138,0.40249999999999986,0.053714523175766894,120.0,4,10.449999999999998,"[0.3379999999999999, 0.7070000000000001]",1616377,"[3.379999999999999, 7.07]",0.021863089005152384,2.623570680618286,8.939999999999998,"[0.4509999999999999, 0.4429999999999999]",1617377,"[4.509999999999999, 4.429999999999999]",0.024149149656295776,2.897897958755493,8.249999999999996,"[0.3609999999999998, 0.46399999999999986]",1618377,"[3.609999999999998, 4.639999999999999]",0.023107715447743735,2.772925853729248,6.259999999999997,"[0.4599999999999998, 0.16599999999999981]",1619377,"[4.599999999999998, 1.6599999999999981]",0.023304776350657145,2.7965731620788574,MinimaxSolutionConcept,4.024999999999999,0.5371452317576689,0.023106182614962258,0.0008173897163366631,2.772741913795471,0.09808676596039956,COMPLETE
162,9.024999999999997,2025-06-12 21:26:20.952994,2025-06-12 21:26:24.129121,0 days 00:00:03.176127,48,0.6039841255090489,0.039034459103700014,0.9680365438609564,0.0007794722348256912,124,1626381,9.024999999999997,3.3267213589358517,0.38849999999999985,0.26021385435829514,120.0,4,11.799999999999997,"[0.729, 0.4509999999999999]",1626381,"[7.29, 4.509999999999999]",0.025119956334431967,3.014394760131836,8.479999999999997,"[0.26699999999999985, 0.581]",1627381,"[2.6699999999999986, 5.81]",0.02366759181022644,2.840111017227173,12.019999999999998,"[0.5199999999999999, 0.682]",1628381,"[5.199999999999999, 6.82]",0.021684545278549194,2.6021454334259033,3.799999999999997,"[0.037999999999999826, 0.3419999999999998]",1629381,"[0.37999999999999823, 3.419999999999998]",0.024217134714126586,2.9060561656951904,MinimaxSolutionConcept,3.8849999999999993,2.602138543582951,0.023672307034333546,0.0012593395816698316,2.8406768441200256,0.15112074980037976,COMPLETE
163,7.794999999999998,2025-06-12 21:26:24.143399,2025-06-12 21:26:27.256159,0 days 00:00:03.112760,49,0.5874538201949425,0.022809511441425706,0.962607292858816,0.0006550703191092668,126,1636384,7.794999999999998,2.8086073061216665,0.3767499999999999,0.1972160934102489,120.0,4,5.6999999999999975,"[0.17499999999999988, 0.3949999999999999]",1636384,"[1.7499999999999987, 3.9499999999999993]",0.02450428009033203,2.9405136108398438,8.279999999999998,"[0.5549999999999999, 0.2729999999999998]",1637384,"[5.549999999999999, 2.7299999999999978]",0.02417101860046387,2.900522232055664,5.019999999999997,"[0.18499999999999986, 0.31699999999999984]",1638384,"[1.8499999999999985, 3.169999999999998]",0.02442548473676046,2.931058168411255,12.18,"[0.592, 0.6259999999999999]",1639384,"[5.92, 6.259999999999999]",0.021269973119099936,2.552396774291992,MinimaxSolutionConcept,3.7674999999999987,1.9721609341024888,0.023592689136664072,0.0013466645132787453,2.8311226963996887,0.16159974159344945,COMPLETE
164,5.144999999999998,2025-06-12 21:26:27.273772,2025-06-12 21:26:30.880622,0 days 00:00:03.606850,48,0.6373779226902694,0.04312652822201414,0.965524891528888,0.002773811315923786,145,1646387,5.144999999999998,3.195641563129382,0.3307499999999999,0.17211678448077053,140.0,4,5.249999999999997,"[0.21699999999999992, 0.30799999999999994]",1646387,"[2.169999999999999, 3.079999999999999]",0.022475785868508475,3.1466100215911865,0.7599999999999968,"[0.17399999999999988, -0.09800000000000017]",1647387,"[1.7399999999999989, -0.9800000000000018]",0.02234187126159668,3.127861976623535,9.779999999999998,"[0.615, 0.3629999999999999]",1648387,"[6.15, 3.629999999999999]",0.022074169772011893,3.090383768081665,4.789999999999997,"[0.31699999999999984, 0.16199999999999987]",1649387,"[3.169999999999998, 1.6199999999999988]",0.02458771126610892,3.442279577255249,MinimaxSolutionConcept,3.307499999999999,1.7211678448077057,0.022869884542056493,0.001002272722113356,3.201783835887909,0.1403181810958699,COMPLETE
165,5.014999999999997,2025-06-12 21:26:30.894848,2025-06-12 21:26:34.576700,0 days 00:00:03.681852,50,0.6160557810965822,0.027304527001444215,0.9602752387290449,0.0009449406624988276,134,1656390,5.014999999999997,2.9612370725762576,0.23999999999999988,0.23222725938183922,130.0,4,0.5899999999999967,"[0.022999999999999837, 0.03599999999999984]",1656390,"[0.22999999999999837, 0.3599999999999984]",0.02686457633972168,3.4923949241638184,8.839999999999998,"[0.591, 0.29299999999999987]",1657390,"[5.91, 2.929999999999999]",0.022125992408165564,2.8763790130615234,5.899999999999997,"[0.037999999999999826, 0.5519999999999999]",1658390,"[0.37999999999999823, 5.52]",0.02570016384124756,3.3410212993621826,4.729999999999997,"[0.3079999999999999, 0.16499999999999987]",1659390,"[3.0799999999999987, 1.6499999999999986]",0.024272788487947904,3.1554625034332275,MinimaxSolutionConcept,2.399999999999999,2.322272593818392,0.02474088026927068,0.0017668516075926234,3.216314435005188,0.22969070898704103,COMPLETE
166,8.952499999999997,2025-06-12 21:26:35.361747,2025-06-12 21:26:38.314966,0 days 00:00:02.953219,48,0.6284059723487,0.0407074848306541,0.9721640698703999,0.0005427931258323526,121,1666395,8.952499999999997,3.016491132093712,0.5322499999999999,0.053302790733694254,120.0,4,6.269999999999997,"[0.5119999999999998, 0.11499999999999984]",1666395,"[5.119999999999997, 1.1499999999999984]",0.023215411106745402,2.7858493328094482,9.759999999999998,"[0.46399999999999986, 0.5119999999999998]",1667395,"[4.639999999999999, 5.119999999999997]",0.022288316488265993,2.674597978591919,6.229999999999997,"[0.5419999999999999, 0.08099999999999986]",1668395,"[5.419999999999999, 0.8099999999999986]",0.02063006560007731,2.4756078720092773,13.549999999999997,"[0.6109999999999999, 0.744]",1669395,"[6.1099999999999985, 7.4399999999999995]",0.021999780337015787,2.6399736404418945,MinimaxSolutionConcept,5.322499999999999,0.5330279073369424,0.022033393383026123,0.0009263652616584032,2.6440072059631348,0.11116383139900832,COMPLETE
167,8.079999999999998,2025-06-12 21:26:38.329606,2025-06-12 21:26:41.182854,0 days 00:00:02.853248,48,0.6283043619571941,0.03692422791213004,0.9721307307798122,0.000593718381280646,119,1676398,8.079999999999998,0.7709409834740926,0.42574999999999985,0.1024264980363968,110.0,4,7.149999999999998,"[0.4779999999999999, 0.23699999999999988]",1676398,"[4.779999999999999, 2.3699999999999988]",0.02404040423306552,2.644444465637207,9.24,"[0.33499999999999985, 0.5889999999999999]",1677398,"[3.3499999999999988, 5.889999999999999]",0.022154506770047273,2.4369957447052,7.699999999999999,"[0.5679999999999998, 0.20199999999999987]",1678398,"[5.679999999999998, 2.0199999999999987]",0.024462262066927823,2.6908488273620605,8.229999999999997,"[0.32199999999999995, 0.5009999999999999]",1679398,"[3.2199999999999998, 5.009999999999999]",0.02251525792208585,2.4766783714294434,MinimaxSolutionConcept,4.257499999999999,1.0242649803639676,0.023293107748031616,0.0009781150746114235,2.562241852283478,0.10759265820725654,COMPLETE
168,6.639999999999997,2025-06-12 21:26:41.197932,2025-06-12 21:26:44.952016,0 days 00:00:03.754084,47,0.5782105206147375,0.051748929888836705,0.9680172540888036,0.0012475463964407433,150,1686401,6.639999999999997,3.5678354782697035,0.2577499999999999,0.2637843579517179,150.0,4,3.869999999999997,"[0.07999999999999985, 0.3069999999999998]",1686401,"[0.7999999999999985, 3.0699999999999976]",0.023670948346455892,3.550642251968384,2.3699999999999966,"[-0.06300000000000017, 0.29999999999999977]",1687401,"[-0.6300000000000017, 2.999999999999998]",0.023903218905131023,3.5854828357696533,9.819999999999997,"[0.4079999999999999, 0.574]",1688401,"[4.079999999999999, 5.739999999999999]",0.023528971672058106,3.529345750808716,10.499999999999998,"[0.606, 0.44399999999999995]",1689401,"[6.06, 4.4399999999999995]",0.021073222160339355,3.1609833240509033,MinimaxSolutionConcept,2.577499999999999,2.637843579517179,0.023044090270996097,0.001145696746466886,3.456613540649414,0.17185451197003287,COMPLETE
169,6.272499999999997,2025-06-12 21:26:44.966584,2025-06-12 21:26:48.537738,0 days 00:00:03.571154,49,0.6004942083035295,0.04483545273686147,0.9705726459950264,0.0007081691913902069,141,1696405,6.272499999999997,1.9922521803225615,0.28749999999999987,0.249501002001996,140.0,4,6.539999999999998,"[0.36099999999999993, 0.2929999999999998]",1696405,"[3.6099999999999994, 2.929999999999998]",0.020381408078329905,2.8533971309661865,9.139999999999997,"[0.5829999999999999, 0.33099999999999985]",1697405,"[5.829999999999998, 3.3099999999999987]",0.0219478930745806,3.072705030441284,3.549999999999997,"[-0.10700000000000016, 0.4619999999999999]",1698405,"[-1.0700000000000016, 4.619999999999999]",0.024364241531917026,3.410993814468384,5.859999999999997,"[0.31299999999999983, 0.27299999999999985]",1699405,"[3.129999999999998, 2.7299999999999986]",0.023353164536612375,3.2694430351257324,MinimaxSolutionConcept,2.8749999999999982,2.4950100200199596,0.022511676805359974,0.0014996661805536536,3.1516347527503967,0.20995326527751162,COMPLETE
170,7.809999999999997,2025-06-12 21:26:48.552463,2025-06-12 21:26:51.815290,0 days 00:00:03.262827,50,0.6489780379305475,0.040194590652179965,0.9585549593766911,0.0005726396925062766,133,1706408,7.809999999999997,1.9822714244018151,0.3907499999999999,0.10315855514691938,130.0,4,9.729999999999997,"[0.5369999999999999, 0.43599999999999994]",1706408,"[5.369999999999999, 4.359999999999999]",0.023863904292766865,3.1023075580596924,7.689999999999998,"[0.4339999999999999, 0.33499999999999985]",1707408,"[4.339999999999999, 3.3499999999999988]",0.021421289443969725,2.7847676277160645,4.629999999999997,"[0.26999999999999985, 0.19299999999999984]",1708408,"[2.6999999999999984, 1.9299999999999984]",0.022815906084500827,2.9660677909851074,9.19,"[0.3219999999999999, 0.5969999999999999]",1709408,"[3.219999999999999, 5.969999999999999]",0.02363099318284255,3.0720291137695312,MinimaxSolutionConcept,3.907499999999999,1.0315855514691938,0.02293302325101999,0.0009556093702036805,2.981293022632599,0.12422921812647836,COMPLETE
171,4.434999999999998,2025-06-12 21:26:52.616496,2025-06-12 21:26:55.214520,0 days 00:00:02.598024,46,0.6338051462472424,0.031734765294789274,0.9737138768902805,0.0005156801273442888,108,1716412,4.434999999999998,2.150191851905314,0.2857499999999999,0.11945789007009963,100.0,4,7.379999999999999,"[0.45599999999999996, 0.2819999999999999]",1716412,"[4.56, 2.8199999999999994]",0.020605149269104003,2.0605149269104004,5.029999999999998,"[0.3009999999999998, 0.20199999999999987]",1717412,"[3.009999999999998, 2.0199999999999987]",0.024336545467376708,2.433654546737671,1.3999999999999968,"[0.11999999999999986, 0.019999999999999834]",1718412,"[1.1999999999999986, 0.19999999999999835]",0.023718953132629395,2.3718953132629395,3.9299999999999975,"[0.26599999999999985, 0.12699999999999986]",1719412,"[2.6599999999999984, 1.2699999999999987]",0.022577135562896727,2.257713556289673,MinimaxSolutionConcept,2.8574999999999986,1.1945789007009961,0.02280944585800171,0.0014205745514220454,2.280944585800171,0.14205745514220453,COMPLETE
172,4.567499999999997,2025-06-12 21:26:55.228938,2025-06-12 21:26:58.389461,0 days 00:00:03.160523,48,0.6075112023003356,0.08628634672247762,0.9775206825766075,0.00011920818112292014,121,1726415,4.567499999999997,1.2456599656407041,0.19499999999999987,0.10680121722152797,120.0,4,3.5999999999999974,"[0.17299999999999988, 0.1869999999999999]",1726415,"[1.7299999999999986, 1.8699999999999988]",0.023421172300974527,2.8105406761169434,5.209999999999997,"[0.34499999999999986, 0.17599999999999985]",1727415,"[3.4499999999999984, 1.7599999999999985]",0.022663170099258424,2.7195804119110107,3.1799999999999975,"[0.04599999999999986, 0.2719999999999999]",1728415,"[0.45999999999999863, 2.719999999999999]",0.024671061833699545,2.9605274200439453,6.279999999999998,"[0.2159999999999999, 0.4119999999999998]",1729415,"[2.159999999999999, 4.119999999999998]",0.023787111043930054,2.8544533252716064,MinimaxSolutionConcept,1.9499999999999984,1.0680121722152796,0.023635628819465637,0.0007222769469055103,2.8362754583358765,0.08667323362866126,COMPLETE
173,8.259999999999996,2025-06-12 21:26:58.405564,2025-06-12 21:27:01.406813,0 days 00:00:03.001249,49,0.6209806631309747,0.038540846321940964,0.9157436257310037,0.0008686819283253126,115,1736418,8.259999999999996,2.724811920114855,0.3847499999999999,0.18459736590753403,110.0,4,8.299999999999997,"[0.3909999999999999, 0.4389999999999999]",1736418,"[3.9099999999999993, 4.389999999999999]",0.024683195894414728,2.71515154838562,3.999999999999997,"[0.09199999999999986, 0.30799999999999983]",1737418,"[0.9199999999999986, 3.0799999999999983]",0.025147128105163574,2.766184091567993,9.219999999999997,"[0.45899999999999996, 0.4629999999999999]",1738418,"[4.59, 4.629999999999999]",0.024163597280328925,2.6579957008361816,11.519999999999998,"[0.5969999999999999, 0.5549999999999998]",1739418,"[5.969999999999999, 5.549999999999998]",0.023139127818020907,2.5453040599823,MinimaxSolutionConcept,3.8474999999999993,1.8459736590753404,0.024283262274482034,0.0007465879785830396,2.6711588501930237,0.08212467764413438,COMPLETE
174,7.2674999999999965,2025-06-12 21:27:01.421537,2025-06-12 21:27:04.959947,0 days 00:00:03.538410,46,0.6423753958983429,0.09055321436254198,0.9665987852292887,0.00038152699990235013,161,1746421,7.2674999999999965,2.55568361696044,0.3719999999999999,0.04813003220443552,160.0,4,5.039999999999997,"[0.30799999999999994, 0.19599999999999987]",1746421,"[3.079999999999999, 1.9599999999999986]",0.021144470572471617,3.383115291595459,4.689999999999998,"[0.34799999999999986, 0.12099999999999984]",1747421,"[3.4799999999999986, 1.2099999999999984]",0.020814476907253264,3.3303163051605225,10.889999999999997,"[0.43499999999999994, 0.6539999999999999]",1748421,"[4.35, 6.539999999999999]",0.020404227077960968,3.264676332473755,8.449999999999998,"[0.3969999999999999, 0.44799999999999984]",1749421,"[3.969999999999999, 4.479999999999999]",0.019890113174915312,3.18241810798645,MinimaxSolutionConcept,3.719999999999999,0.48130032204435536,0.02056332193315029,0.00046886399070351085,3.2901315093040466,0.07501823851256176,COMPLETE
175,5.997499999999997,2025-06-12 21:27:04.974214,2025-06-12 21:27:08.186167,0 days 00:00:03.211953,48,0.6543039720299672,0.019572591358362017,0.9632921162715573,0.00017852616334085932,129,1756425,5.997499999999997,2.514392322212268,0.31774999999999987,0.10255333977984334,120.0,4,8.829999999999997,"[0.44999999999999984, 0.433]",1756425,"[4.499999999999998, 4.33]",0.023166356484095256,2.7799627780914307,5.139999999999997,"[0.16699999999999987, 0.34699999999999986]",1757425,"[1.6699999999999986, 3.469999999999999]",0.02369422117869059,2.843306541442871,2.309999999999997,"[0.2979999999999999, -0.0670000000000002]",1758425,"[2.9799999999999986, -0.6700000000000019]",0.02542830506960551,3.051396608352661,7.709999999999998,"[0.3559999999999999, 0.4149999999999999]",1759425,"[3.559999999999999, 4.1499999999999995]",0.02283019224802653,2.7396230697631836,MinimaxSolutionConcept,3.1774999999999984,1.0255333977984333,0.02377976874510447,0.0010003699971857895,2.8535722494125366,0.12004439966229466,COMPLETE
176,6.384999999999998,2025-06-12 21:27:09.000977,2025-06-12 21:27:18.574060,0 days 00:00:09.573083,47,0.6956365357318715,0.01616295069306191,0.9699473874998991,0.03666481262944611,429,1766429,6.384999999999998,3.5233116524088537,0.373,0.15005665596700477,420.0,4,6.659999999999996,"[0.5980000000000001, 0.06799999999999981]",1766429,"[5.98, 0.6799999999999982]",0.020941511222294398,8.795434713363647,11.879999999999999,"[0.386, 0.8019999999999999]",1767429,"[3.8600000000000003, 8.02]",0.020008431162152972,8.403541088104248,2.329999999999997,"[0.3279999999999999, -0.09500000000000017]",1768429,"[3.279999999999999, -0.9500000000000017]",0.02119970719019572,8.903877019882202,4.669999999999997,"[0.17999999999999988, 0.28699999999999987]",1769429,"[1.799999999999999, 2.8699999999999988]",0.022332562719072614,9.379676342010498,MinimaxSolutionConcept,3.7299999999999995,1.5005665596700475,0.021120553073428923,0.0008282668479017239,8.870632290840149,0.34787207611872406,COMPLETE
177,6.942499999999999,2025-06-12 21:27:18.589293,2025-06-12 21:27:26.196504,0 days 00:00:07.607211,42,0.673499527210299,0.12698565423670627,0.9718779733937755,0.00013389456614026983,386,1776438,6.942499999999999,2.521084835938688,0.41524999999999995,0.25080507869658464,380.0,4,4.579999999999998,"[0.2629999999999999, 0.19499999999999984]",1776438,"[2.629999999999999, 1.9499999999999984]",0.019131965386240107,7.27014684677124,9.35,"[0.575, 0.3599999999999999]",1777438,"[5.75, 3.5999999999999988]",0.018425836688593815,7.001817941665649,9.569999999999999,"[0.73, 0.22699999999999992]",1778438,"[7.3, 2.269999999999999]",0.018616606687244616,7.074310541152954,4.269999999999998,"[0.09299999999999989, 0.3339999999999999]",1779438,"[0.9299999999999988, 3.339999999999999]",0.019533055079610725,7.422560930252075,MinimaxSolutionConcept,4.1525,2.5080507869658466,0.018926865960422316,0.00043497763463049417,7.19220906496048,0.16529150115958777,COMPLETE
178,9.064999999999998,2025-06-12 21:27:26.216059,2025-06-12 21:27:33.348155,0 days 00:00:07.132096,45,0.7454251781680538,0.028871181030208602,0.9292215685654852,0.0022530628640668013,330,1786446,9.064999999999998,1.8533415767202766,0.4362499999999999,0.07999179645438649,330.0,4,7.059999999999997,"[0.5289999999999999, 0.17699999999999985]",1786446,"[5.289999999999999, 1.7699999999999985]",0.020341960589090984,6.712846994400024,10.179999999999998,"[0.31199999999999994, 0.7060000000000001]",1787446,"[3.119999999999999, 7.0600000000000005]",0.021121546716401072,6.9701104164123535,11.519999999999998,"[0.4289999999999998, 0.723]",1788446,"[4.289999999999998, 7.2299999999999995]",0.019757530905983665,6.519985198974609,7.499999999999998,"[0.475, 0.2749999999999999]",1789446,"[4.75, 2.749999999999999]",0.02073178074576638,6.841487646102905,MinimaxSolutionConcept,4.362499999999999,0.799917964543865,0.020488204739310525,0.0005039154028822569,6.761107563972473,0.16629208295114475,COMPLETE
179,6.689999999999998,2025-06-12 21:27:33.362687,2025-06-12 21:27:40.071448,0 days 00:00:06.708761,45,0.7581241693917854,0.029103480657771567,0.9234470452880471,0.0010299490339792526,303,1796453,6.689999999999998,4.481255404459782,0.3907499999999999,0.2733279852119062,300.0,4,3.319999999999997,"[0.16699999999999987, 0.16499999999999987]",1796453,"[1.6699999999999986, 1.6499999999999986]",0.021796053250630696,6.538815975189209,11.95,"[0.73, 0.46499999999999986]",1797453,"[7.3, 4.649999999999999]",0.019494105180104575,5.848231554031372,1.299999999999997,"[0.08099999999999988, 0.04899999999999985]",1798453,"[0.8099999999999987, 0.4899999999999985]",0.021022043228149413,6.306612968444824,10.189999999999998,"[0.5849999999999999, 0.43399999999999983]",1799453,"[5.849999999999999, 4.339999999999998]",0.019375898043314615,5.812769412994385,MinimaxSolutionConcept,3.907499999999999,2.733279852119062,0.020422024925549825,0.001025108812431804,6.1266074776649475,0.3075326437295413,COMPLETE
180,7.0699999999999985,2025-06-12 21:27:40.085963,2025-06-12 21:27:47.827770,0 days 00:00:07.741807,44,0.7439025308558951,0.04140247259692436,0.9260205330245964,0.00150734640177666,374,1806460,7.0699999999999985,3.1183649561909856,0.4634999999999999,0.236982594297556,370.0,4,5.4499999999999975,"[0.4539999999999999, 0.09099999999999986]",1806460,"[4.539999999999999, 0.9099999999999986]",0.018245747927072887,6.750926733016968,10.75,"[0.748, 0.32699999999999985]",1807460,"[7.48, 3.2699999999999987]",0.019248267122217128,7.121858835220337,2.829999999999997,"[0.0959999999999999, 0.1869999999999999]",1808460,"[0.9599999999999991, 1.8699999999999988]",0.020429727193471546,7.558999061584473,9.249999999999998,"[0.5559999999999999, 0.3689999999999999]",1809460,"[5.56, 3.6899999999999986]",0.020288165839942727,7.506621360778809,MinimaxSolutionConcept,4.635,2.36982594297556,0.01955297702067607,0.0008818856914097564,7.2346014976501465,0.32629770582161016,COMPLETE
181,7.594999999999999,2025-06-12 21:27:48.597237,2025-06-12 21:27:58.420445,0 days 00:00:09.823208,41,0.7209500239861901,0.03597955787920637,0.924051199683351,0.008420072619806727,464,1816468,7.594999999999999,1.9885736093994617,0.43749999999999983,0.09870536966143229,460.0,4,7.419999999999999,"[0.37799999999999995, 0.3639999999999999]",1816468,"[3.7799999999999994, 3.639999999999999]",0.01910731792449951,8.789366245269775,5.629999999999998,"[0.33599999999999985, 0.22699999999999987]",1817468,"[3.3599999999999985, 2.2699999999999987]",0.01995375571043595,9.178727626800537,10.86,"[0.5959999999999999, 0.48999999999999994]",1818468,"[5.959999999999999, 4.8999999999999995]",0.019320765785548998,8.887552261352539,6.469999999999997,"[0.4399999999999998, 0.20699999999999985]",1819468,"[4.399999999999998, 2.0699999999999985]",0.02100050397541212,9.660231828689575,MinimaxSolutionConcept,4.374999999999999,0.9870536966143231,0.019845585848974143,0.0007358689124065046,9.128969490528107,0.338499699706992,COMPLETE
182,6.689999999999998,2025-06-12 21:27:58.435106,2025-06-12 21:28:06.088861,0 days 00:00:07.653755,43,0.5945632950499276,0.09597524986874117,0.9337797013739274,0.01502278355922694,338,1826478,6.689999999999998,3.6310673361974444,0.2722499999999999,0.2263342384616168,330.0,4,5.769999999999998,"[0.08799999999999988, 0.4889999999999999]",1826478,"[0.8799999999999988, 4.889999999999999]",0.01990893537347967,6.569948673248291,12.86,"[0.6539999999999999, 0.6319999999999999]",1827478,"[6.539999999999999, 6.3199999999999985]",0.020859651132063433,6.883684873580933,3.9199999999999986,"[0.2269999999999998, 0.16499999999999987]",1828478,"[2.2699999999999982, 1.6499999999999986]",0.022631117069359982,7.468268632888794,4.209999999999998,"[0.11999999999999991, 0.3009999999999999]",1829478,"[1.199999999999999, 3.009999999999999]",0.021611736037514425,7.131872892379761,MinimaxSolutionConcept,2.722499999999999,2.2633423846161675,0.02125285990310438,0.000998640472734626,7.013443768024445,0.32955135600242663,COMPLETE
183,6.319999999999998,2025-06-12 21:28:06.103535,2025-06-12 21:28:09.299675,0 days 00:00:03.196140,47,0.7779272895998656,0.031716660229679484,0.9782591201023929,0.00367103519433877,139,1836486,6.319999999999998,1.6213420367090965,0.32499999999999984,0.014713938969562182,130.0,4,7.269999999999998,"[0.3029999999999998, 0.42399999999999993]",1836486,"[3.0299999999999985, 4.239999999999999]",0.022394613119272086,2.911299705505371,8.419999999999998,"[0.34299999999999986, 0.49899999999999983]",1837486,"[3.429999999999999, 4.989999999999998]",0.023263162832993727,3.0242111682891846,4.269999999999997,"[0.32199999999999984, 0.10499999999999984]",1838486,"[3.2199999999999984, 1.0499999999999985]",0.0222335907129141,2.890366792678833,5.319999999999998,"[0.3319999999999999, 0.19999999999999987]",1839486,"[3.319999999999999, 1.9999999999999987]",0.023169572536761943,3.0120444297790527,MinimaxSolutionConcept,3.2499999999999987,0.1471393896956218,0.022765234800485465,0.00045591314879309954,2.9594805240631104,0.05926870934310302,COMPLETE
184,5.352499999999998,2025-06-12 21:28:09.317148,2025-06-12 21:28:15.660413,0 days 00:00:06.343265,38,0.7397863174104632,0.026836826604778246,0.9170583930009165,0.00020715238795921176,327,1846489,5.352499999999998,1.6318911575224617,0.33274999999999993,0.1397754896253274,320.0,4,6.519999999999999,"[0.526, 0.1259999999999999]",1846489,"[5.26, 1.259999999999999]",0.01683303639292717,5.386571645736694,7.389999999999999,"[0.38499999999999995, 0.3539999999999999]",1847489,"[3.8499999999999996, 3.539999999999999]",0.017225244641304018,5.512078285217285,3.7799999999999985,"[0.1469999999999999, 0.23099999999999993]",1848489,"[1.469999999999999, 2.309999999999999]",0.019240754842758178,6.157041549682617,3.719999999999999,"[0.2729999999999999, 0.0989999999999999]",1849489,"[2.729999999999999, 0.9899999999999989]",0.017793982475996017,5.694074392318726,MinimaxSolutionConcept,3.3274999999999992,1.397754896253274,0.017773254588246346,0.000913552379324776,5.687441468238831,0.29233676138392845,COMPLETE
185,6.572499999999998,2025-06-12 21:28:15.674805,2025-06-12 21:28:19.903423,0 days 00:00:04.228618,45,0.6103186228003734,0.08327609665264621,0.9608683985709323,0.00016448086658777384,177,1856495,6.572499999999998,2.716830644335418,0.2892499999999999,0.12740952672386788,170.0,4,8.12,"[0.4669999999999999, 0.3449999999999999]",1856495,"[4.669999999999999, 3.4499999999999993]",0.023731390167685117,4.03433632850647,9.989999999999998,"[0.35299999999999987, 0.646]",1857495,"[3.5299999999999985, 6.46]",0.02137921557706945,3.6344666481018066,5.339999999999997,"[0.16099999999999987, 0.3729999999999999]",1858495,"[1.6099999999999985, 3.7299999999999986]",0.022042425941018497,3.7472124099731445,2.839999999999997,"[0.17599999999999988, 0.10799999999999985]",1859495,"[1.759999999999999, 1.0799999999999985]",0.021282160983366126,3.617967367172241,MinimaxSolutionConcept,2.8924999999999983,1.2740952672386787,0.022108798167284796,0.0009814313350873028,3.7584956884384155,0.16684332696484142,COMPLETE
186,6.782499999999999,2025-06-12 21:28:20.834105,2025-06-12 21:28:24.074119,0 days 00:00:03.240014,31,0.6286191995627771,0.13945065890270195,0.9286744796370568,0.00047791929038305114,194,1866500,6.782499999999999,0.5583625614240267,0.4355,0.09545810599420046,190.0,4,6.879999999999999,"[0.5079999999999999, 0.17999999999999994]",1866500,"[5.079999999999999, 1.7999999999999994]",0.0162271637665598,3.0831611156463623,7.429999999999999,"[0.54, 0.20299999999999993]",1867500,"[5.4, 2.0299999999999994]",0.015321367665341026,2.911059856414795,5.889999999999999,"[0.3949999999999999, 0.19399999999999995]",1868500,"[3.9499999999999993, 1.9399999999999995]",0.015910126033582186,3.0229239463806152,6.929999999999999,"[0.2989999999999999, 0.3939999999999999]",1869500,"[2.989999999999999, 3.939999999999999]",0.015568073172318307,2.9579339027404785,MinimaxSolutionConcept,4.3549999999999995,0.9545810599420045,0.01575668265945033,0.0003427717987030549,2.9937697052955627,0.06512664175358045,COMPLETE
187,6.212499999999998,2025-06-12 21:28:24.088443,2025-06-12 21:28:26.725132,0 days 00:00:02.636689,50,0.7513660655893031,0.0478169138075287,0.9755240154043772,0.00011568442241963895,106,1876504,6.212499999999998,2.7059875738812997,0.31674999999999986,0.11010534728159212,100.0,4,4.999999999999997,"[0.2989999999999998, 0.20099999999999985]",1876504,"[2.9899999999999984, 2.0099999999999985]",0.021438758373260498,2.14387583732605,6.059999999999997,"[0.30199999999999994, 0.3039999999999999]",1877504,"[3.0199999999999996, 3.0399999999999987]",0.023437399864196778,2.3437399864196777,10.559999999999999,"[0.48699999999999993, 0.5689999999999998]",1878504,"[4.869999999999999, 5.689999999999999]",0.024717583656311035,2.4717583656311035,3.2299999999999978,"[0.17899999999999988, 0.14399999999999985]",1879504,"[1.7899999999999987, 1.4399999999999986]",0.023217225074768068,2.3217225074768066,MinimaxSolutionConcept,3.167499999999999,1.1010534728159211,0.023202741742134096,0.0011685094727669168,2.3202741742134094,0.11685094727669168,COMPLETE
188,8.287499999999998,2025-06-12 21:28:26.739638,2025-06-12 21:28:29.590425,0 days 00:00:02.850787,46,0.6638681045288548,0.023954048187692468,0.9839702711987756,0.00014560951740519502,121,1886506,8.287499999999998,1.8287888751848866,0.32624999999999993,0.08232367520950458,120.0,4,8.219999999999999,"[0.3379999999999999, 0.484]",1886506,"[3.379999999999999, 4.84]",0.02166125178337097,2.5993502140045166,5.339999999999997,"[0.3439999999999999, 0.1899999999999999]",1887506,"[3.439999999999999, 1.899999999999999]",0.022465109825134277,2.6958131790161133,9.529999999999998,"[0.1969999999999999, 0.756]",1888506,"[1.9699999999999989, 7.5600000000000005]",0.020391406615575154,2.4469687938690186,10.06,"[0.4259999999999999, 0.58]",1889506,"[4.259999999999999, 5.8]",0.02205629348754883,2.6467552185058594,MinimaxSolutionConcept,3.2624999999999993,0.8232367520950459,0.021643515427907305,0.0007767712237688032,2.597221851348877,0.09321254685225634,COMPLETE
189,7.387499999999997,2025-06-12 21:28:29.605256,2025-06-12 21:28:37.448593,0 days 00:00:07.843337,48,0.6417310649190955,0.09223060645907193,0.9188057634814941,0.0008329159099218773,355,1896509,7.387499999999997,2.1981625849786455,0.21499999999999986,0.18370764818047178,350.0,4,10.479999999999997,"[0.4909999999999998, 0.5569999999999999]",1896509,"[4.909999999999998, 5.569999999999999]",0.018844362667628695,6.595526933670044,4.269999999999997,"[0.02699999999999983, 0.3999999999999999]",1897509,"[0.2699999999999983, 3.999999999999999]",0.021885379382542203,7.6598827838897705,7.249999999999997,"[0.2699999999999999, 0.4549999999999998]",1898509,"[2.6999999999999993, 4.549999999999998]",0.020988802909851074,7.346081018447876,7.549999999999997,"[0.07199999999999984, 0.6829999999999999]",1899509,"[0.7199999999999984, 6.829999999999999]",0.01949857575552804,6.8245015144348145,MinimaxSolutionConcept,2.1499999999999986,1.8370764818047178,0.020304280178887503,0.001198849950838768,7.106498062610626,0.41959748279356845,COMPLETE
190,5.842499999999998,2025-06-12 21:28:37.462926,2025-06-12 21:28:41.221538,0 days 00:00:03.758612,49,0.6489315178869481,0.07717937725226105,0.9651486100815079,0.001925792743214057,169,1906517,5.842499999999998,2.708508584073531,0.3827499999999998,0.1753744208828643,160.0,4,10.489999999999998,"[0.651, 0.39799999999999985]",1906517,"[6.51, 3.9799999999999986]",0.019716086983680724,3.154573917388916,4.119999999999996,"[0.25899999999999973, 0.15299999999999986]",1907517,"[2.589999999999997, 1.5299999999999985]",0.022482994198799133,3.5972790718078613,4.879999999999996,"[0.4229999999999999, 0.06499999999999984]",1908517,"[4.229999999999999, 0.6499999999999984]",0.022124165296554567,3.5398664474487305,3.8799999999999977,"[0.19799999999999984, 0.18999999999999984]",1909517,"[1.9799999999999984, 1.8999999999999984]",0.022367611527442932,3.578817844390869,MinimaxSolutionConcept,3.827499999999999,1.7537442088286428,0.02167271450161934,0.0011370613581028208,3.4676343202590942,0.1819298172964513,COMPLETE
191,7.384999999999999,2025-06-12 21:28:42.122658,2025-06-12 21:28:45.326609,0 days 00:00:03.203951,47,0.5815740863146993,0.03630086871709931,0.9675820272327837,0.0007588625373703885,126,1916522,7.384999999999999,2.5534731249809552,0.35149999999999987,0.09226185560674575,120.0,4,10.2,"[0.4699999999999999, 0.55]",1916522,"[4.699999999999999, 5.5]",0.021155720949172972,2.538686513900757,6.489999999999997,"[0.4009999999999999, 0.24799999999999983]",1917522,"[4.009999999999999, 2.479999999999998]",0.023116523027420045,2.7739827632904053,9.209999999999999,"[0.309, 0.612]",1918522,"[3.09, 6.12]",0.023320557673772176,2.798466920852661,3.639999999999997,"[0.22599999999999984, 0.13799999999999985]",1919522,"[2.2599999999999985, 1.3799999999999986]",0.025124438603719077,3.014932632446289,MinimaxSolutionConcept,3.514999999999999,0.9226185560674576,0.023179310063521065,0.0014055542537469827,2.781517207622528,0.1686665104496378,COMPLETE
192,7.732499999999996,2025-06-12 21:28:45.342320,2025-06-12 21:28:48.788501,0 days 00:00:03.446181,47,0.5957626967885609,0.03449412515081228,0.9671531367721401,0.0007191386076872046,148,1926525,7.732499999999996,2.588043421196793,0.4324999999999999,0.035103418636936175,140.0,4,9.069999999999999,"[0.4829999999999998, 0.42399999999999993]",1926525,"[4.829999999999998, 4.239999999999999]",0.02177666425704956,3.0487329959869385,10.419999999999998,"[0.42799999999999994, 0.6139999999999999]",1927525,"[4.279999999999999, 6.139999999999999]",0.023141379015786306,3.239793062210083,3.5199999999999974,"[0.43499999999999994, -0.08300000000000021]",1928525,"[4.35, -0.8300000000000021]",0.021967804431915282,3.0754926204681396,7.919999999999996,"[0.3839999999999999, 0.4079999999999999]",1929525,"[3.839999999999999, 4.079999999999999]",0.023469509397234235,3.285731315612793,MinimaxSolutionConcept,4.324999999999999,0.3510341863693618,0.022588839275496344,0.000729073481456485,3.1624374985694885,0.1020702874039079,COMPLETE
193,6.937499999999999,2025-06-12 21:28:48.802612,2025-06-12 21:28:52.193217,0 days 00:00:03.390605,46,0.6028053505486703,0.10685377775210453,0.9738176973756436,0.0005097191314017169,130,1936528,6.937499999999999,1.3888191926957236,0.4317499999999999,0.1891670888394702,130.0,4,4.599999999999998,"[0.2859999999999999, 0.17399999999999988]",1936528,"[2.8599999999999994, 1.7399999999999989]",0.023961617396428034,3.1150102615356445,7.819999999999999,"[0.43599999999999994, 0.3459999999999999]",1937528,"[4.359999999999999, 3.459999999999999]",0.023023458627554085,2.9930496215820312,8.12,"[0.739, 0.07299999999999988]",1938528,"[7.39, 0.7299999999999989]",0.022962469321030837,2.985121011734009,7.209999999999997,"[0.26599999999999985, 0.4549999999999999]",1939528,"[2.6599999999999984, 4.549999999999999]",0.024813512655404896,3.2257566452026367,MinimaxSolutionConcept,4.317499999999999,1.891670888394702,0.023690264500104464,0.0007598741190288526,3.0797343850135803,0.09878363547375088,COMPLETE
194,8.099999999999998,2025-06-12 21:28:52.208335,2025-06-12 21:28:55.248105,0 days 00:00:03.039770,48,0.6175768885653515,0.04210338462015295,0.96960055365954,0.0006541760329949926,118,1946532,8.099999999999998,0.7403715283558658,0.49874999999999986,0.09934881730549185,110.0,4,8.399999999999999,"[0.6009999999999998, 0.23899999999999988]",1946532,"[6.009999999999998, 2.389999999999999]",0.022836013273759323,2.5119614601135254,9.059999999999999,"[0.571, 0.3349999999999998]",1947532,"[5.709999999999999, 3.349999999999998]",0.023731240359219637,2.61043643951416,7.909999999999998,"[0.47699999999999976, 0.3139999999999999]",1948532,"[4.769999999999998, 3.139999999999999]",0.026090192794799804,2.8699212074279785,7.029999999999998,"[0.3459999999999999, 0.3569999999999999]",1949532,"[3.459999999999999, 3.5699999999999985]",0.02320192727175626,2.5522119998931885,MinimaxSolutionConcept,4.987499999999999,0.9934881730549184,0.02396484342488376,0.001267672956964915,2.636132776737213,0.13944402526614072,COMPLETE
195,7.927499999999998,2025-06-12 21:28:55.262971,2025-06-12 21:29:01.376822,0 days 00:00:06.113851,49,0.942395526217844,0.03975173787377933,0.9628642617699005,0.0004084786117397163,281,1956535,7.927499999999998,1.372176646791514,0.43474999999999986,0.10427697492735391,280.0,4,6.0799999999999965,"[0.4279999999999998, 0.1799999999999999]",1956535,"[4.2799999999999985, 1.7999999999999992]",0.017740646430424282,4.967381000518799,9.69,"[0.5959999999999999, 0.37299999999999994]",1957535,"[5.959999999999999, 3.7299999999999995]",0.020505604573658534,5.74156928062439,8.679999999999998,"[0.41, 0.4579999999999999]",1958535,"[4.1, 4.579999999999999]",0.02123304775782994,5.945253372192383,7.259999999999996,"[0.3049999999999999, 0.42099999999999993]",1959535,"[3.049999999999999, 4.209999999999999]",0.01940443090030125,5.433240652084351,MinimaxSolutionConcept,4.347499999999999,1.0427697492735395,0.0197209324155535,0.0013156660856871295,5.5218610763549805,0.36838650399239625,COMPLETE
196,6.162499999999998,2025-06-12 21:29:02.307713,2025-06-12 21:29:04.905582,0 days 00:00:02.597869,40,0.7081085703116651,0.05849433526797157,0.9793840530419433,0.05782632553712057,114,1966542,6.162499999999998,3.5942758310958824,0.40349999999999997,0.160898259779278,110.0,4,4.839999999999998,"[0.36599999999999994, 0.11799999999999991]",1966542,"[3.6599999999999993, 1.179999999999999]",0.01937335187738592,2.131068706512451,9.979999999999997,"[0.3339999999999999, 0.6639999999999999]",1967542,"[3.339999999999999, 6.639999999999999]",0.01998764384876598,2.198640823364258,0.8999999999999976,"[0.24299999999999988, -0.15300000000000014]",1968542,"[2.429999999999999, -1.5300000000000014]",0.02186505144292658,2.405155658721924,8.929999999999998,"[0.671, 0.22199999999999992]",1969542,"[6.710000000000001, 2.2199999999999993]",0.020065676082264294,2.2072243690490723,MinimaxSolutionConcept,4.034999999999999,1.6089825977927799,0.020322930812835694,0.00092984320413152,2.2355223894119263,0.10228275245446723,COMPLETE
197,6.132499999999998,2025-06-12 21:29:04.921437,2025-06-12 21:29:14.518056,0 days 00:00:09.596619,43,0.767678862826945,0.03419391897683528,0.912105622317282,0.00013077496115131455,496,1976544,6.132499999999998,1.9880313755069363,0.3757499999999999,0.21631270767109365,490.0,4,5.959999999999997,"[0.38399999999999984, 0.2119999999999999]",1976544,"[3.8399999999999985, 2.119999999999999]",0.019246234212602888,9.430654764175415,5.319999999999997,"[0.3399999999999999, 0.19199999999999984]",1977544,"[3.399999999999999, 1.9199999999999984]",0.018804280611933493,9.214097499847412,3.9199999999999977,"[0.08499999999999988, 0.30699999999999983]",1978544,"[0.8499999999999988, 3.0699999999999985]",0.019054921792477978,9.336911678314209,9.329999999999998,"[0.694, 0.23899999999999988]",1979544,"[6.9399999999999995, 2.389999999999999]",0.018924720433293556,9.273113012313843,MinimaxSolutionConcept,3.757499999999999,2.163127076710936,0.019007539262576978,0.00016385467711739073,9.31369423866272,0.0802887917875213,COMPLETE
198,6.0699999999999985,2025-06-12 21:29:14.532500,2025-06-12 21:29:17.592261,0 days 00:00:03.059761,41,0.6873417935559186,0.04543124823136332,0.9478702869709589,0.07481793513737517,138,1986554,6.0699999999999985,2.255049888583399,0.3504999999999999,0.16287188216509318,130.0,4,4.799999999999999,"[0.08199999999999989, 0.39799999999999985]",1986554,"[0.819999999999999, 3.9799999999999986]",0.02150305601266714,2.7953972816467285,3.259999999999998,"[0.3589999999999999, -0.03300000000000012]",1987554,"[3.589999999999999, -0.3300000000000012]",0.021273552454434907,2.765561819076538,6.989999999999998,"[0.4889999999999999, 0.20999999999999988]",1988554,"[4.889999999999999, 2.0999999999999988]",0.021636073405926045,2.8126895427703857,9.229999999999999,"[0.47199999999999986, 0.4509999999999999]",1989554,"[4.719999999999999, 4.509999999999999]",0.019800842725313628,2.5741095542907715,MinimaxSolutionConcept,3.504999999999999,1.6287188216509318,0.02105338114958543,0.0007346879704750997,2.736939549446106,0.09550943616176302,COMPLETE
199,5.847499999999998,2025-06-12 21:29:17.606888,2025-06-12 21:29:22.032444,0 days 00:00:04.425556,44,0.6700398319137553,0.10051184669316807,0.9770617819929424,0.001065773461308016,200,1996557,5.847499999999998,3.396434711576244,0.1292499999999999,0.21530951558163897,200.0,4,4.549999999999997,"[0.024999999999999845, 0.4299999999999998]",1996557,"[0.24999999999999845, 4.299999999999998]",0.01956233024597168,3.912466049194336,2.6199999999999974,"[0.06499999999999989, 0.1969999999999999]",1997557,"[0.6499999999999989, 1.9699999999999989]",0.021332019567489625,4.266403913497925,11.559999999999999,"[0.493, 0.6629999999999999]",1998557,"[4.93, 6.629999999999999]",0.018949022293090822,3.789804458618164,4.659999999999999,"[-0.06600000000000017, 0.5319999999999999]",1999557,"[-0.6600000000000017, 5.319999999999999]",0.019850921630859376,3.970184326171875,MinimaxSolutionConcept,1.2924999999999989,2.1530951558163895,0.019923573434352877,0.0008759630931988095,3.984714686870575,0.17519261863976188,COMPLETE
200,9.957499999999998,2025-06-12 21:29:22.046693,2025-06-12 21:29:25.554460,0 days 00:00:03.507767,45,0.62534672582112,0.08593275999977847,0.9810441694425792,0.0005631895397744998,158,2006562,9.957499999999998,2.3914783607634833,0.4782499999999999,0.09614409758274296,150.0,4,10.589999999999996,"[0.43699999999999994, 0.6219999999999999]",2006562,"[4.369999999999999, 6.219999999999999]",0.022278566360473633,3.341784954071045,13.209999999999997,"[0.5629999999999998, 0.7579999999999999]",2007562,"[5.629999999999998, 7.579999999999999]",0.02059261163075765,3.0888917446136475,6.539999999999998,"[0.33999999999999986, 0.3139999999999999]",2008562,"[3.3999999999999986, 3.139999999999999]",0.0214253568649292,3.21380352973938,9.489999999999998,"[0.573, 0.3759999999999999]",2009562,"[5.7299999999999995, 3.759999999999999]",0.0202255646387736,3.03383469581604,MinimaxSolutionConcept,4.782499999999999,0.9614409758274297,0.021130524873733524,0.0007926583189080253,3.169578731060028,0.11889874783620383,COMPLETE
201,7.967499999999998,2025-06-12 21:29:26.526534,2025-06-12 21:29:29.919320,0 days 00:00:03.392786,45,0.6244845171926294,0.08765011244089696,0.9828371733847471,0.0005611172013658264,155,2016566,7.967499999999998,1.018930198786943,0.43724999999999986,0.10981205534912822,150.0,4,6.839999999999998,"[0.4889999999999999, 0.19499999999999978]",2016566,"[4.889999999999999, 1.949999999999998]",0.02146922747294108,3.220384120941162,9.549999999999997,"[0.5919999999999999, 0.3629999999999999]",2017566,"[5.919999999999998, 3.629999999999999]",0.020385502179463704,3.0578253269195557,7.369999999999999,"[0.34599999999999986, 0.3909999999999999]",2018566,"[3.4599999999999986, 3.9099999999999993]",0.02112078825632731,3.1681182384490967,8.11,"[0.32199999999999984, 0.489]",2019566,"[3.2199999999999984, 4.89]",0.020320593516031903,3.048089027404785,MinimaxSolutionConcept,4.372499999999999,1.0981205534912821,0.020824027856191002,0.00048736541335636223,3.12360417842865,0.07310481200345446,COMPLETE
202,6.269999999999998,2025-06-12 21:29:29.934147,2025-06-12 21:29:34.286278,0 days 00:00:04.352131,46,0.6353688763366864,0.08244185544260438,0.9798617315700429,0.0006679910339349109,185,2026569,6.269999999999998,2.473428794204514,0.28649999999999987,0.19902952042347893,180.0,4,4.759999999999998,"[0.16899999999999987, 0.3069999999999999]",2026569,"[1.6899999999999986, 3.069999999999999]",0.02231062650680542,4.015912771224976,10.549999999999995,"[0.631, 0.42399999999999993]",2027569,"[6.3100000000000005, 4.239999999999999]",0.021682221359676786,3.9027998447418213,5.019999999999998,"[0.16299999999999987, 0.33899999999999986]",2028569,"[1.6299999999999986, 3.389999999999999]",0.02323779265085856,4.182802677154541,4.749999999999998,"[0.18299999999999988, 0.2919999999999999]",2029569,"[1.8299999999999987, 2.919999999999999]",0.02311468389299181,4.160643100738525,MinimaxSolutionConcept,2.864999999999999,1.9902952042347897,0.022586331102583145,0.0006318596108640719,4.065539598464966,0.11373472995553296,COMPLETE
203,8.532499999999997,2025-06-12 21:29:34.300744,2025-06-12 21:29:37.828741,0 days 00:00:03.527997,47,0.6114890951251869,0.07342427312592571,0.9811864541300116,0.05004729010302458,145,2036574,8.532499999999997,2.022095138711333,0.3547499999999999,0.16812551115163937,140.0,4,7.9999999999999964,"[0.4659999999999999, 0.3339999999999999]",2036574,"[4.659999999999999, 3.339999999999999]",0.02390418222972325,3.346585512161255,11.639999999999999,"[0.477, 0.6869999999999999]",2037574,"[4.77, 6.869999999999999]",0.021535963671548027,3.0150349140167236,5.9999999999999964,"[0.06699999999999984, 0.533]",2038574,"[0.6699999999999984, 5.33]",0.02184576988220215,3.058407783508301,8.489999999999997,"[0.4089999999999999, 0.43999999999999984]",2039574,"[4.089999999999999, 4.399999999999999]",0.022905404227120535,3.206756591796875,MinimaxSolutionConcept,3.5474999999999994,1.6812551115163938,0.02254783000264849,0.0009333156720308098,3.1566962003707886,0.1306641940843134,COMPLETE
204,7.807499999999998,2025-06-12 21:29:37.844112,2025-06-12 21:29:41.430919,0 days 00:00:03.586807,48,0.6112214262335668,0.0735197245209181,0.9813311807230688,0.065637266098425,146,2046577,7.807499999999998,1.8554025843465896,0.3444999999999998,0.13669765908749132,140.0,4,6.069999999999998,"[0.20999999999999983, 0.3969999999999999]",2046577,"[2.0999999999999983, 3.969999999999999]",0.02268711498805455,3.1761960983276367,6.969999999999997,"[0.3009999999999999, 0.39599999999999996]",2047577,"[3.009999999999999, 3.9599999999999995]",0.022485593387058803,3.1479830741882324,7.259999999999997,"[0.2939999999999999, 0.4319999999999998]",2048577,"[2.9399999999999986, 4.319999999999998]",0.024176280839102608,3.3846793174743652,10.93,"[0.5729999999999998, 0.5199999999999998]",2049577,"[5.729999999999999, 5.1999999999999975]",0.0222744311605181,3.118420362472534,MinimaxSolutionConcept,3.444999999999999,1.3669765908749134,0.02290585509368351,0.0007478544132823292,3.206819713115692,0.10469961785952611,COMPLETE
205,11.067499999999999,2025-06-12 21:29:41.445534,2025-06-12 21:29:44.876587,0 days 00:00:03.431053,42,0.62439147416255,0.08073270445320767,0.9879994331002274,0.04999441192483881,166,2056581,11.067499999999999,3.0884249626630083,0.48324999999999996,0.21271151238238145,160.0,4,14.120000000000001,"[0.623, 0.789]",2056581,"[6.23, 7.890000000000001]",0.018881016969680788,3.020962715148926,6.399999999999999,"[0.1929999999999999, 0.4469999999999999]",2057581,"[1.9299999999999988, 4.469999999999999]",0.01969016492366791,3.1504263877868652,13.569999999999999,"[0.74, 0.617]",2058581,"[7.4, 6.17]",0.020426996052265167,3.2683193683624268,10.18,"[0.37699999999999995, 0.641]",2059581,"[3.7699999999999996, 6.41]",0.019695430994033813,3.15126895904541,MinimaxSolutionConcept,4.8325,2.1271151238238146,0.01967340223491192,0.0005469333378189778,3.147744357585907,0.08750933405103652,COMPLETE
206,6.654999999999998,2025-06-12 21:29:45.896956,2025-06-12 21:29:49.416973,0 days 00:00:03.520017,42,0.6317052295770047,0.07650581539981946,0.9897210403582465,0.032123711962051334,164,2066585,6.654999999999998,2.4938173549801115,0.3932499999999999,0.24766143724851475,160.0,4,5.999999999999998,"[0.30299999999999994, 0.29699999999999993]",2066585,"[3.0299999999999994, 2.9699999999999993]",0.020567791163921358,3.290846586227417,4.459999999999998,"[0.06199999999999987, 0.38399999999999995]",2067585,"[0.6199999999999987, 3.8399999999999994]",0.019795309007167815,3.1672494411468506,5.289999999999997,"[0.46499999999999986, 0.06399999999999988]",2068585,"[4.649999999999999, 0.6399999999999988]",0.02020258456468582,3.2324135303497314,10.869999999999997,"[0.743, 0.3439999999999999]",2069585,"[7.43, 3.439999999999999]",0.01942104548215866,3.1073672771453857,MinimaxSolutionConcept,3.932499999999999,2.4766143724851477,0.019996682554483412,0.00043025284024995517,3.199469208717346,0.06884045443999277,COMPLETE
207,4.054999999999998,2025-06-12 21:29:49.432010,2025-06-12 21:29:53.293063,0 days 00:00:03.861053,45,0.617638016612651,0.08235368558540722,0.986655914718453,0.04499875985039273,160,2076589,4.054999999999998,1.8133601407332194,0.21024999999999988,0.13256767139842202,160.0,4,2.7799999999999976,"[0.08399999999999988, 0.19399999999999987]",2076589,"[0.8399999999999987, 1.9399999999999986]",0.021589279174804688,3.45428466796875,1.9199999999999975,"[0.3539999999999999, -0.16200000000000017]",2077589,"[3.539999999999999, -1.6200000000000017]",0.021475663781166075,3.4361062049865723,4.999999999999998,"[0.07199999999999988, 0.4279999999999998]",2078589,"[0.7199999999999989, 4.2799999999999985]",0.023108142614364623,3.69730281829834,6.519999999999998,"[0.33099999999999985, 0.32099999999999984]",2079589,"[3.3099999999999987, 3.209999999999998]",0.0214266762137413,3.4282681941986084,MinimaxSolutionConcept,2.102499999999999,1.3256767139842203,0.021899940446019173,0.0007000451104964021,3.5039904713630676,0.11200721767942431,COMPLETE
208,7.064999999999999,2025-06-12 21:29:53.307417,2025-06-12 21:29:56.417379,0 days 00:00:03.109962,43,0.656592266877294,0.07925391553871013,0.9858839240502572,0.0496203854403273,148,2086593,7.064999999999999,2.508809478617299,0.38724999999999987,0.21083568839264386,140.0,4,3.8599999999999977,"[0.2159999999999999, 0.16999999999999987]",2086593,"[2.159999999999999, 1.6999999999999988]",0.020355352333613803,2.8497493267059326,9.399999999999999,"[0.736, 0.2039999999999999]",2087593,"[7.359999999999999, 2.039999999999999]",0.020101077216012137,2.814150810241699,5.369999999999997,"[0.2239999999999999, 0.31299999999999983]",2088593,"[2.239999999999999, 3.129999999999998]",0.021008273533412388,2.9411582946777344,9.629999999999999,"[0.3729999999999999, 0.5899999999999999]",2089593,"[3.7299999999999986, 5.899999999999999]",0.02034100123814174,2.8477401733398438,MinimaxSolutionConcept,3.8724999999999987,2.1083568839264384,0.02045142608029502,0.00033698932598583473,2.8631996512413025,0.04717850563801685,COMPLETE
209,7.634999999999998,2025-06-12 21:29:56.432213,2025-06-12 21:30:00.222804,0 days 00:00:03.790591,44,0.625711390134235,0.07380519686753995,0.9887794268596328,0.052351903389888835,175,2096596,7.634999999999998,3.03681988270625,0.3249999999999999,0.11866549624890968,170.0,4,3.3599999999999985,"[0.23099999999999996, 0.1049999999999999]",2096596,"[2.3099999999999996, 1.049999999999999]",0.020625089196597828,3.506265163421631,6.179999999999998,"[0.4579999999999999, 0.15999999999999992]",2097596,"[4.579999999999999, 1.5999999999999992]",0.020952158815720504,3.5618669986724854,10.3,"[0.4259999999999999, 0.6039999999999999]",2098596,"[4.259999999999999, 6.039999999999999]",0.020156076375175924,3.4265329837799072,10.699999999999998,"[0.1849999999999999, 0.885]",2099596,"[1.8499999999999988, 8.85]",0.02038425697999842,3.4653236865997314,MinimaxSolutionConcept,3.249999999999999,1.1866549624890967,0.020529395341873168,0.00029509255481760077,3.4899972081184387,0.05016573431899196,COMPLETE
210,8.009999999999998,2025-06-12 21:30:00.237497,2025-06-12 21:30:03.460608,0 days 00:00:03.223111,42,0.6380934739200136,0.08594947189123753,0.9826912183199109,0.04002786272011829,155,2106600,8.009999999999998,1.928120846835074,0.3552499999999999,0.11952484051443031,150.0,4,5.909999999999998,"[0.1909999999999999, 0.3999999999999999]",2106600,"[1.9099999999999988, 3.999999999999999]",0.017511308987935383,2.6266963481903076,8.469999999999999,"[0.3629999999999999, 0.4839999999999999]",2107600,"[3.629999999999999, 4.839999999999999]",0.019981102943420412,2.9971654415130615,6.719999999999997,"[0.33899999999999986, 0.3329999999999999]",2108600,"[3.389999999999999, 3.329999999999999]",0.01987607796986898,2.9814116954803467,10.94,"[0.5279999999999999, 0.566]",2109600,"[5.279999999999999, 5.659999999999999]",0.019560861587524413,2.934129238128662,MinimaxSolutionConcept,3.552499999999999,1.1952484051443033,0.019232337872187297,0.0010055991618470857,2.8848506808280945,0.1508398742770627,COMPLETE
211,7.962499999999998,2025-06-12 21:30:04.440064,2025-06-12 21:30:08.840246,0 days 00:00:04.400182,49,0.7301112013567844,0.06562212011913607,0.9807737344389971,0.00045071936053299515,184,2116604,7.962499999999998,2.3282759179272556,0.4292499999999999,0.24660329985626717,180.0,4,7.7499999999999964,"[0.49999999999999983, 0.27499999999999986]",2116604,"[4.999999999999998, 2.7499999999999987]",0.022760589917500813,4.0969061851501465,4.239999999999997,"[0.022999999999999816, 0.4009999999999999]",2117604,"[0.22999999999999815, 4.009999999999999]",0.02189263900121053,3.9406750202178955,10.069999999999999,"[0.5049999999999999, 0.5019999999999999]",2118604,"[5.049999999999999, 5.019999999999999]",0.022997401820288765,4.1395323276519775,9.79,"[0.689, 0.28999999999999987]",2119604,"[6.89, 2.8999999999999986]",0.02273310422897339,4.09195876121521,MinimaxSolutionConcept,4.292499999999999,2.466032998562672,0.022595933741993375,0.00041884588721093833,4.067268073558807,0.07539225969796887,COMPLETE
212,8.329999999999998,2025-06-12 21:30:08.854822,2025-06-12 21:30:11.824950,0 days 00:00:02.970128,39,0.6055907553376666,0.09332597892749979,0.9772078227634935,0.05829267305802864,139,2126608,8.329999999999998,2.1060033238340345,0.5529999999999999,0.10610607899644584,130.0,4,8.809999999999999,"[0.501, 0.37999999999999984]",2126608,"[5.01, 3.7999999999999985]",0.0196240810247568,2.551130533218384,7.799999999999999,"[0.537, 0.24299999999999988]",2127608,"[5.37, 2.429999999999999]",0.021406307587256798,2.782819986343384,11.29,"[0.728, 0.4009999999999999]",2128608,"[7.279999999999999, 4.009999999999999]",0.019670999967134915,2.557229995727539,5.419999999999998,"[0.4459999999999999, 0.0959999999999999]",2129608,"[4.459999999999999, 0.9599999999999991]",0.0202027284182035,2.626354694366455,MinimaxSolutionConcept,5.529999999999999,1.0610607899644582,0.020226029249338,0.0007183312350286688,2.6293838024139404,0.09338306055372696,COMPLETE
213,9.547499999999998,2025-06-12 21:30:11.840126,2025-06-12 21:30:15.103001,0 days 00:00:03.262875,41,0.8784202855661848,0.08780970707154644,0.9848137775348921,0.00010177818000395383,169,2136611,9.547499999999998,2.535679149655966,0.3357499999999999,0.09827353407708507,160.0,4,8.939999999999998,"[0.2509999999999999, 0.643]",2136611,"[2.509999999999999, 6.43]",0.01787077635526657,2.8593242168426514,8.339999999999998,"[0.24199999999999994, 0.592]",2137611,"[2.4199999999999995, 5.92]",0.019294710457324983,3.087153673171997,7.119999999999998,"[0.3669999999999998, 0.34499999999999986]",2138611,"[3.669999999999998, 3.4499999999999984]",0.019160299003124236,3.065647840499878,13.79,"[0.48299999999999993, 0.8960000000000001]",2139611,"[4.829999999999999, 8.96]",0.015784840285778045,2.5255744457244873,MinimaxSolutionConcept,3.357499999999999,0.9827353407708506,0.01802765652537346,0.0014091789028761496,2.8844250440597534,0.2254686244601839,COMPLETE
214,5.912499999999998,2025-06-12 21:30:15.117826,2025-06-12 21:30:18.851859,0 days 00:00:03.734033,42,0.6469180153458869,0.08807705803000687,0.9855922323476398,0.00011077046220747622,169,2146615,5.912499999999998,2.3146206492641515,0.2679999999999999,0.10320610447061743,160.0,4,9.219999999999999,"[0.4459999999999999, 0.47599999999999987]",2146615,"[4.459999999999999, 4.759999999999999]",0.022244033217430115,3.5590453147888184,6.7799999999999985,"[0.2029999999999999, 0.475]",2147615,"[2.029999999999999, 4.75]",0.021552251279354097,3.4483602046966553,4.539999999999997,"[0.22399999999999992, 0.2299999999999999]",2148615,"[2.2399999999999993, 2.299999999999999]",0.020401132106781007,3.264181137084961,3.109999999999998,"[0.1989999999999999, 0.11199999999999988]",2149615,"[1.9899999999999989, 1.1199999999999988]",0.021512037515640257,3.4419260025024414,MinimaxSolutionConcept,2.679999999999999,1.0320610447061744,0.021427363529801367,0.0006600884308470005,3.428378164768219,0.10561414893552008,COMPLETE
215,6.067499999999997,2025-06-12 21:30:18.866665,2025-06-12 21:30:23.068637,0 days 00:00:04.201972,41,0.6154092770940984,0.08408762099396239,0.9837741878819048,0.00010094438868060945,192,2156618,6.067499999999997,2.143389546955942,0.2822499999999999,0.09011763146021981,190.0,4,3.269999999999998,"[0.35199999999999987, -0.025000000000000133]",2156618,"[3.5199999999999987, -0.25000000000000133]",0.021158079097145482,4.020035028457642,7.119999999999998,"[0.3419999999999999, 0.36999999999999983]",2157618,"[3.419999999999999, 3.6999999999999984]",0.020196036288612766,3.837246894836426,8.929999999999996,"[0.3059999999999999, 0.587]",2158618,"[3.0599999999999987, 5.869999999999999]",0.019943793196427195,3.789320707321167,4.9499999999999975,"[0.1289999999999999, 0.3659999999999999]",2159618,"[1.289999999999999, 3.659999999999999]",0.02056487484982139,3.9073262214660645,MinimaxSolutionConcept,2.822499999999999,0.9011763146021982,0.02046569585800171,0.0004567082476229173,3.8884822130203247,0.08677456704835428,COMPLETE
216,9.922499999999998,2025-06-12 21:30:24.071381,2025-06-12 21:30:28.374043,0 days 00:00:04.302662,47,0.6559239582271291,0.07904617370276538,0.9851250210818385,0.00012162903565310206,174,2166624,9.922499999999998,2.3663513581038647,0.5119999999999999,0.1236426301887824,170.0,4,6.559999999999997,"[0.36399999999999993, 0.29199999999999987]",2166624,"[3.6399999999999992, 2.9199999999999986]",0.024187599911409265,4.111891984939575,12.58,"[0.5499999999999998, 0.708]",2167624,"[5.499999999999998, 7.08]",0.021343350410461426,3.6283695697784424,8.899999999999999,"[0.44099999999999984, 0.44899999999999984]",2168624,"[4.409999999999998, 4.489999999999998]",0.022149523566750918,3.7654190063476562,11.649999999999997,"[0.693, 0.47199999999999986]",2169624,"[6.93, 4.719999999999999]",0.02226123108583338,3.784409284591675,MinimaxSolutionConcept,5.119999999999999,1.236426301887824,0.02248542624361375,0.0010446083573644707,3.822522461414337,0.1775834207519601,COMPLETE
217,8.912499999999998,2025-06-12 21:30:28.389126,2025-06-12 21:30:32.264562,0 days 00:00:03.875436,47,0.8819208568010453,0.0780507734901382,0.9879186215173711,0.00012581190032094562,171,2176628,8.912499999999998,3.311128017760715,0.5384999999999999,0.09717124060132196,170.0,4,10.359999999999998,"[0.6209999999999999, 0.41499999999999987]",2176628,"[6.209999999999999, 4.149999999999999]",0.01995532512664795,3.3924052715301514,8.159999999999998,"[0.5879999999999999, 0.2279999999999999]",2177628,"[5.879999999999999, 2.279999999999999]",0.02164292475756477,3.6792972087860107,13.089999999999998,"[0.572, 0.7369999999999999]",2178628,"[5.72, 7.369999999999999]",0.020349512380712174,3.4594171047210693,4.0399999999999965,"[0.3729999999999999, 0.030999999999999823]",2179628,"[3.7299999999999986, 0.3099999999999982]",0.020801936878877526,3.5363292694091797,MinimaxSolutionConcept,5.385,0.9717124060132198,0.020687424785950606,0.0006277435622820554,3.516862213611603,0.10671640558794944,COMPLETE
218,7.302499999999998,2025-06-12 21:30:32.279371,2025-06-12 21:30:35.782490,0 days 00:00:03.503119,40,0.8778751658594566,0.079185614283215,0.9906415332726363,0.00012644861554700213,175,2186632,7.302499999999998,2.3258049681776836,0.3692499999999999,0.16927104743576207,170.0,4,4.159999999999999,"[0.16799999999999993, 0.24799999999999994]",2186632,"[1.6799999999999993, 2.4799999999999995]",0.01942436695098877,3.302142381668091,8.909999999999998,"[0.633, 0.2579999999999999]",2187632,"[6.33, 2.579999999999999]",0.01742263401255888,2.9618477821350098,10.069999999999997,"[0.30199999999999994, 0.7049999999999998]",2188632,"[3.0199999999999996, 7.049999999999999]",0.018210171250736013,3.095729112625122,6.0699999999999985,"[0.37399999999999994, 0.23299999999999993]",2189632,"[3.7399999999999993, 2.329999999999999]",0.019338495591107535,3.2875442504882812,MinimaxSolutionConcept,3.6925,1.6927104743576205,0.0185989169513478,0.0008311301098694148,3.161815881729126,0.1412921186778006,COMPLETE
219,8.357499999999998,2025-06-12 21:30:35.797011,2025-06-12 21:30:39.305666,0 days 00:00:03.508655,48,0.8668157257021557,0.07760533459613596,0.9877891909314013,0.00015295282171747454,164,2196635,8.357499999999998,0.6789467946754002,0.3572499999999999,0.07525747471181851,160.0,4,8.049999999999997,"[0.3179999999999999, 0.48699999999999977]",2196635,"[3.179999999999999, 4.869999999999997]",0.020046956837177277,3.2075130939483643,9.289999999999997,"[0.4789999999999999, 0.44999999999999984]",2197635,"[4.789999999999999, 4.499999999999998]",0.019000782072544097,3.0401251316070557,8.629999999999997,"[0.3539999999999999, 0.5089999999999999]",2198635,"[3.539999999999999, 5.089999999999999]",0.019158612191677093,3.065377950668335,7.459999999999997,"[0.27799999999999986, 0.46799999999999997]",2199635,"[2.7799999999999985, 4.68]",0.020963016152381896,3.3540825843811035,MinimaxSolutionConcept,3.572499999999999,0.7525747471181852,0.01979234181344509,0.000784775011560117,3.1667746901512146,0.1255640018496187,COMPLETE
220,7.692499999999997,2025-06-12 21:30:39.320047,2025-06-12 21:30:43.065305,0 days 00:00:03.745258,47,0.8741712419345122,0.0813958200475794,0.9879419923346474,0.00011705298117629866,177,2206639,7.692499999999997,2.5895112955922794,0.23349999999999987,0.13016623986272324,170.0,4,8.219999999999999,"[0.23599999999999985, 0.5860000000000001]",2206639,"[2.3599999999999985, 5.860000000000001]",0.01959669870488784,3.3314387798309326,4.9599999999999955,"[0.15399999999999986, 0.3419999999999998]",2207639,"[1.5399999999999987, 3.419999999999998]",0.02026821585262523,3.445596694946289,5.909999999999997,"[0.10099999999999987, 0.48999999999999994]",2208639,"[1.0099999999999987, 4.8999999999999995]",0.021056281819063074,3.5795679092407227,11.679999999999998,"[0.4429999999999999, 0.7249999999999999]",2209639,"[4.429999999999999, 7.249999999999998]",0.02016428218168371,3.4279279708862305,MinimaxSolutionConcept,2.3349999999999986,1.3016623986272324,0.02027136963956496,0.0005202753284632355,3.4461328387260437,0.08844680583875003,COMPLETE
221,6.432499999999997,2025-06-12 21:30:44.134213,2025-06-12 21:30:47.471103,0 days 00:00:03.336890,47,0.8790864616544463,0.08890789256632901,0.9922235114926682,0.0001465445048908778,155,2216644,6.432499999999997,3.6514885663246983,0.3342499999999999,0.18412275117431848,150.0,4,7.539999999999998,"[0.2859999999999999, 0.46799999999999986]",2216644,"[2.8599999999999994, 4.679999999999999]",0.020210556983947754,3.031583547592163,9.249999999999998,"[0.5759999999999998, 0.34899999999999987]",2217644,"[5.759999999999998, 3.4899999999999984]",0.02048403263092041,3.0726048946380615,0.19999999999999651,"[0.06999999999999984, -0.05000000000000017]",2218644,"[0.6999999999999984, -0.5000000000000017]",0.0205825408299764,3.08738112449646,8.739999999999997,"[0.4049999999999999, 0.46899999999999975]",2219644,"[4.049999999999999, 4.689999999999998]",0.021155683199564616,3.1733524799346924,MinimaxSolutionConcept,3.342499999999999,1.8412275117431847,0.020608203411102297,0.0003442142321739984,3.0912305116653442,0.051632134826099726,COMPLETE
222,9.219999999999999,2025-06-12 21:30:47.485636,2025-06-12 21:30:50.908642,0 days 00:00:03.423006,46,0.8928744621489016,0.07141767175448703,0.9845127865881504,0.00011527305555322271,164,2226647,9.219999999999999,1.7286266224954425,0.5322499999999999,0.06190466460615062,160.0,4,7.079999999999998,"[0.4739999999999999, 0.2339999999999999]",2226647,"[4.739999999999999, 2.339999999999999]",0.01933353245258331,3.09336519241333,11.43,"[0.6249999999999999, 0.5179999999999999]",2227647,"[6.249999999999999, 5.179999999999999]",0.01889171153306961,3.0226738452911377,8.069999999999999,"[0.4779999999999999, 0.3289999999999999]",2228647,"[4.779999999999999, 3.289999999999999]",0.018802769482135773,3.0084431171417236,10.299999999999997,"[0.5519999999999998, 0.47799999999999987]",2229647,"[5.519999999999998, 4.7799999999999985]",0.020247037708759307,3.2395260334014893,MinimaxSolutionConcept,5.322499999999999,0.6190466460615062,0.019318762794137002,0.0005723928584322386,3.09100204706192,0.09158285734915825,COMPLETE
223,4.4724999999999975,2025-06-12 21:30:50.923256,2025-06-12 21:30:54.364448,0 days 00:00:03.441192,46,0.8985658634660445,0.08528831089260996,0.9851381812294373,0.0001237367512949286,164,2236650,4.4724999999999975,1.0239720455168684,0.27949999999999986,0.05187725898695883,160.0,4,3.969999999999997,"[0.2049999999999999, 0.1919999999999999]",2236650,"[2.049999999999999, 1.919999999999999]",0.019784411787986754,3.165505886077881,6.109999999999997,"[0.3459999999999999, 0.26499999999999985]",2237650,"[3.459999999999999, 2.6499999999999986]",0.019008629024028778,3.0413806438446045,4.459999999999998,"[0.3029999999999998, 0.14299999999999988]",2238650,"[3.0299999999999985, 1.4299999999999988]",0.020506620407104492,3.2810592651367188,3.349999999999997,"[0.26399999999999985, 0.07099999999999987]",2239650,"[2.6399999999999983, 0.7099999999999986]",0.019555580615997315,3.1288928985595703,MinimaxSolutionConcept,2.7949999999999986,0.5187725898695883,0.019713810458779336,0.0005375522534863167,3.1542096734046936,0.08600836055781069,COMPLETE
224,7.824999999999998,2025-06-12 21:30:54.378715,2025-06-12 21:30:58.163887,0 days 00:00:03.785172,48,0.8948773414189859,0.06955239336623568,0.9843106552755049,0.00010304264161792526,170,2246654,7.824999999999998,2.55726905115594,0.41674999999999984,0.08491576708715524,170.0,4,12.219999999999999,"[0.5009999999999998, 0.721]",2246654,"[5.009999999999998, 7.21]",0.0194962599698235,3.314364194869995,6.859999999999998,"[0.43199999999999994, 0.2539999999999999]",2247654,"[4.319999999999999, 2.539999999999999]",0.018828735632054946,3.200885057449341,5.9899999999999975,"[0.27599999999999986, 0.3229999999999999]",2248654,"[2.7599999999999985, 3.229999999999999]",0.021325819632586313,3.625389337539673,6.229999999999998,"[0.45799999999999985, 0.16499999999999987]",2249654,"[4.579999999999998, 1.6499999999999986]",0.019926205803366268,3.3874549865722656,MinimaxSolutionConcept,4.167499999999999,0.8491576708715525,0.019894255259457757,0.0009143480899825138,3.3820233941078186,0.15543917529702725,COMPLETE
225,6.047499999999998,2025-06-12 21:30:58.178878,2025-06-12 21:31:02.270881,0 days 00:00:04.092003,50,0.9104178021141269,0.07936360780544643,0.9852062825564968,0.00018176911524950563,182,2256658,6.047499999999998,4.571473367526055,0.4062499999999999,0.3112309231101563,180.0,4,9.359999999999998,"[0.623, 0.31299999999999983]",2256658,"[6.23, 3.129999999999998]",0.02093605465359158,3.7684898376464844,6.399999999999998,"[0.3339999999999999, 0.3059999999999999]",2257658,"[3.339999999999999, 3.0599999999999987]",0.021417866812811957,3.8552160263061523,-1.520000000000004,"[-0.0690000000000002, -0.08300000000000018]",2258658,"[-0.690000000000002, -0.8300000000000018]",0.02184572352303399,3.932230234146118,9.95,"[0.737, 0.2579999999999999]",2259658,"[7.37, 2.579999999999999]",0.020901975366804333,3.7623555660247803,MinimaxSolutionConcept,4.0625,3.112309231101564,0.021275405089060465,0.0003873522087136825,3.829572916030884,0.06972339756846284,COMPLETE
226,6.897499999999999,2025-06-12 21:31:03.312377,2025-06-12 21:31:06.937367,0 days 00:00:03.624990,46,0.8540519634415175,0.09006671563941299,0.9828269204242801,0.00014008709851838733,160,2266663,6.897499999999999,3.2433190946929664,0.40449999999999986,0.19474149532136187,160.0,4,3.6399999999999975,"[0.1869999999999999, 0.17699999999999988]",2266663,"[1.8699999999999988, 1.7699999999999987]",0.02161111682653427,3.4577786922454834,11.879999999999999,"[0.688, 0.49999999999999983]",2267663,"[6.879999999999999, 4.999999999999998]",0.02014283835887909,3.2228541374206543,7.639999999999999,"[0.47599999999999987, 0.28799999999999987]",2268663,"[4.759999999999999, 2.8799999999999986]",0.02132427841424942,3.4118845462799072,4.429999999999998,"[0.2669999999999999, 0.17599999999999988]",2269663,"[2.669999999999999, 1.759999999999999]",0.020229519903659822,3.2367231845855713,MinimaxSolutionConcept,4.044999999999999,1.9474149532136185,0.020826938375830648,0.0006494583551788308,3.332310140132904,0.10391333682861292,COMPLETE
227,6.402499999999997,2025-06-12 21:31:06.952450,2025-06-12 21:31:12.074599,0 days 00:00:05.122149,49,0.6796662895692361,0.07113818215286705,0.9889880013493263,0.0023479478155005885,210,2276667,6.402499999999997,2.916893681641482,0.34299999999999986,0.24446165343464404,210.0,4,6.039999999999997,"[0.04199999999999986, 0.5619999999999999]",2276667,"[0.4199999999999986, 5.619999999999999]",0.02203476769583566,4.627301216125488,1.8899999999999968,"[0.16299999999999984, 0.025999999999999822]",2277667,"[1.6299999999999983, 0.25999999999999823]",0.023466508729117257,4.927966833114624,7.929999999999998,"[0.5969999999999999, 0.19599999999999987]",2278667,"[5.969999999999999, 1.9599999999999986]",0.021964598837352935,4.612565755844116,9.749999999999996,"[0.57, 0.4049999999999998]",2279667,"[5.699999999999999, 4.049999999999998]",0.022159754662286667,4.6535484790802,MinimaxSolutionConcept,3.429999999999999,2.4446165343464403,0.02240640748114813,0.0006160282616806743,4.705345571041107,0.12936593495294174,COMPLETE
228,6.094999999999998,2025-06-12 21:31:12.090660,2025-06-12 21:31:15.999255,0 days 00:00:03.908595,48,0.8693410858859789,0.0832608947517337,0.9866703997666256,0.00010033169174804476,171,2286672,6.094999999999998,2.0496402123299586,0.3569999999999999,0.14138069175103082,170.0,4,6.589999999999998,"[0.5719999999999998, 0.08699999999999984]",2286672,"[5.719999999999999, 0.8699999999999984]",0.020168481153600357,3.4286417961120605,4.999999999999997,"[0.3459999999999999, 0.15399999999999986]",2287672,"[3.459999999999999, 1.5399999999999987]",0.020925353555118337,3.557310104370117,9.149999999999997,"[0.3349999999999999, 0.5799999999999998]",2288672,"[3.349999999999999, 5.799999999999999]",0.020603394508361815,3.502577066421509,3.6399999999999975,"[0.17499999999999988, 0.1889999999999999]",2289672,"[1.7499999999999987, 1.8899999999999988]",0.02188095064724193,3.719761610031128,MinimaxSolutionConcept,3.569999999999999,1.4138069175103085,0.02089454496608061,0.0006296591510112926,3.5520726442337036,0.10704205567191968,COMPLETE
229,3.3749999999999987,2025-06-12 21:31:16.015032,2025-06-12 21:31:18.646331,0 days 00:00:02.631299,23,0.8912531355047559,0.07503046087993764,0.9266551888092056,0.00012684402586989033,196,2296676,3.3749999999999987,2.829182744186031,0.09249999999999996,0.22349776285233822,190.0,4,1.0699999999999987,"[-0.10600000000000005, 0.213]",2296676,"[-1.0600000000000005, 2.13]",0.012914821976109554,2.4538161754608154,3.389999999999999,"[0.002999999999999953, 0.33599999999999997]",2297676,"[0.029999999999999527, 3.3599999999999994]",0.012280186853910748,2.333235502243042,1.0499999999999987,"[0.0009999999999999397, 0.10399999999999995]",2298676,"[0.009999999999999398, 1.0399999999999996]",0.011889068703902396,2.258923053741455,7.989999999999998,"[0.472, 0.3269999999999999]",2299676,"[4.72, 3.269999999999999]",0.012448678518596448,2.365248918533325,MinimaxSolutionConcept,0.9249999999999996,2.234977628523382,0.012383189013129786,0.0003679968775165326,2.3528059124946594,0.06991940672814127,COMPLETE
230,9.885,2025-06-12 21:31:18.661121,2025-06-12 21:31:26.058601,0 days 00:00:07.397480,44,0.8795240836285407,0.09463282470133902,0.9815324382906319,0.00011461874770773967,403,2306678,9.885,0.7267220926874328,0.5624999999999999,0.16769093595063508,400.0,4,9.329999999999998,"[0.4979999999999999, 0.4349999999999999]",2306678,"[4.979999999999999, 4.349999999999999]",0.01749444007873535,6.997776031494141,10.820000000000002,"[0.7369999999999999, 0.3449999999999999]",2307678,"[7.369999999999999, 3.4499999999999993]",0.016966217160224915,6.786486864089966,10.35,"[0.6969999999999998, 0.3379999999999999]",2308678,"[6.969999999999999, 3.379999999999999]",0.01805474400520325,7.221897602081299,9.04,"[0.3179999999999999, 0.5859999999999999]",2309678,"[3.179999999999999, 5.8599999999999985]",0.017887394428253173,7.1549577713012695,MinimaxSolutionConcept,5.624999999999999,1.676909359506351,0.01760069891810417,0.0004189896474508543,7.040279567241669,0.1675958589803417,COMPLETE
231,7.682499999999999,2025-06-12 21:31:27.177413,2025-06-12 21:31:30.968458,0 days 00:00:03.791045,44,0.8890010771946234,0.0951851758909964,0.9818661494341959,0.00011520844162836548,181,2316687,7.682499999999999,1.2268328125706456,0.48549999999999993,0.10056216982543685,180.0,4,8.839999999999998,"[0.5139999999999998, 0.36999999999999994]",2316687,"[5.139999999999998, 3.6999999999999993]",0.019988599088456897,3.597947835922241,6.259999999999998,"[0.5239999999999999, 0.10199999999999991]",2317687,"[5.239999999999999, 1.0199999999999991]",0.019044276078542074,3.4279696941375732,6.669999999999998,"[0.3179999999999999, 0.34899999999999987]",2318687,"[3.179999999999999, 3.4899999999999984]",0.01785611179139879,3.2141001224517822,8.959999999999999,"[0.586, 0.30999999999999994]",2319687,"[5.859999999999999, 3.0999999999999996]",0.020119161076015895,3.6214489936828613,MinimaxSolutionConcept,4.854999999999999,1.0056216982543686,0.019252037008603416,0.000906393907450257,3.4653666615486145,0.16315090334104634,COMPLETE
232,5.934999999999997,2025-06-12 21:31:30.983013,2025-06-12 21:31:38.583358,0 days 00:00:07.600345,45,0.8607046484507284,0.09643248136413247,0.9787645988073451,0.00016293243425438732,382,2326691,5.934999999999997,0.9700644308498275,0.3709999999999999,0.07619383177134488,380.0,4,6.099999999999998,"[0.4709999999999999, 0.13899999999999987]",2326691,"[4.709999999999999, 1.3899999999999988]",0.019553872158652858,7.430471420288086,4.499999999999997,"[0.3969999999999999, 0.052999999999999846]",2327691,"[3.969999999999999, 0.5299999999999985]",0.0188157131797389,7.149971008300781,5.909999999999997,"[0.25999999999999984, 0.33099999999999985]",2328691,"[2.5999999999999983, 3.3099999999999987]",0.019087958963293777,7.253424406051636,7.229999999999997,"[0.35599999999999987, 0.3669999999999999]",2329691,"[3.5599999999999987, 3.669999999999999]",0.019104052217383132,7.259539842605591,MinimaxSolutionConcept,3.7099999999999986,0.7619383177134488,0.019140399129767168,0.000264788585885644,7.273351669311523,0.10061966263654469,COMPLETE
233,7.539999999999998,2025-06-12 21:31:38.598311,2025-06-12 21:31:41.786695,0 days 00:00:03.188384,43,0.8905060436104163,0.09095722928950821,0.9844934244216027,0.0001410877295828018,155,2336698,7.539999999999998,1.0138293742045557,0.32549999999999996,0.06609652033201142,150.0,4,6.539999999999997,"[0.35299999999999987, 0.3009999999999999]",2336698,"[3.5299999999999985, 3.009999999999999]",0.019381572405497233,2.907235860824585,7.369999999999998,"[0.2129999999999999, 0.5239999999999999]",2337698,"[2.129999999999999, 5.239999999999999]",0.018798276583353677,2.8197414875030518,9.219999999999999,"[0.3529999999999999, 0.5689999999999998]",2338698,"[3.5299999999999994, 5.689999999999999]",0.019488666852315265,2.92330002784729,7.029999999999998,"[0.38299999999999995, 0.31999999999999984]",2339698,"[3.8299999999999996, 3.1999999999999984]",0.019121809005737303,2.8682713508605957,MinimaxSolutionConcept,3.2549999999999994,0.6609652033201144,0.019197581211725868,0.00026634996854823286,2.8796371817588806,0.03995249528223492,COMPLETE
234,8.069999999999999,2025-06-12 21:31:41.801062,2025-06-12 21:31:44.497853,0 days 00:00:02.696791,42,0.8801042024014863,0.08107668236301292,0.9797220486038398,0.0001269005281003339,135,2346701,8.069999999999999,2.085893094096628,0.33524999999999994,0.23240737402242645,130.0,4,7.139999999999999,"[0.5029999999999999, 0.2109999999999999]",2346701,"[5.029999999999999, 2.109999999999999]",0.019452335284306455,2.528803586959839,6.8199999999999985,"[-0.043000000000000135, 0.725]",2347701,"[-0.4300000000000014, 7.25]",0.0193572998046875,2.516448974609375,11.67,"[0.547, 0.62]",2348701,"[5.470000000000001, 6.2]",0.0180616543843196,2.348015069961548,6.649999999999999,"[0.33399999999999996, 0.3309999999999999]",2349701,"[3.34, 3.309999999999999]",0.019379256321833682,2.519303321838379,MinimaxSolutionConcept,3.3524999999999996,2.324073740224265,0.019062636448786807,0.0005789872436222747,2.478142738342285,0.07526834167089581,COMPLETE
235,4.597499999999998,2025-06-12 21:31:44.512757,2025-06-12 21:31:48.124367,0 days 00:00:03.611610,41,0.6389621121047038,0.08803183303534576,0.9829293690117048,0.00011898535547181332,167,2356704,4.597499999999998,4.026582763336675,0.3127499999999999,0.2653218564310148,160.0,4,2.4099999999999975,"[0.11599999999999988, 0.12499999999999989]",2356704,"[1.1599999999999988, 1.249999999999999]",0.02121395170688629,3.3942322731018066,1.2899999999999974,"[0.2789999999999999, -0.1500000000000002]",2357704,"[2.789999999999999, -1.5000000000000018]",0.019269774854183196,3.0831639766693115,3.219999999999997,"[0.0999999999999999, 0.2219999999999999]",2358704,"[0.9999999999999989, 2.219999999999999]",0.021519751846790315,3.44316029548645,11.47,"[0.756, 0.3909999999999999]",2359704,"[7.5600000000000005, 3.9099999999999993]",0.02035771757364273,3.257234811782837,MinimaxSolutionConcept,3.1274999999999995,2.6532185643101482,0.020590298995375633,0.0008733131501335588,3.2944478392601013,0.13973010402136934,COMPLETE
236,7.014999999999997,2025-06-12 21:31:49.206876,2025-06-12 21:31:57.713800,0 days 00:00:08.506924,43,0.6610119424431284,0.08520995964206703,0.9870998863180755,0.00019597108186896503,420,2366709,7.014999999999997,1.844756081437326,0.28449999999999986,0.049165536710179404,420.0,4,4.229999999999999,"[0.23899999999999988, 0.18399999999999989]",2366709,"[2.389999999999999, 1.839999999999999]",0.018939813545772007,7.954721689224243,6.759999999999998,"[0.23299999999999993, 0.4429999999999999]",2367709,"[2.329999999999999, 4.429999999999999]",0.019468077023824058,8.176592350006104,9.299999999999997,"[0.34399999999999986, 0.586]",2368709,"[3.4399999999999986, 5.859999999999999]",0.01890746127991449,7.941133737564087,7.769999999999998,"[0.3219999999999999, 0.4549999999999999]",2369709,"[3.219999999999999, 4.549999999999999]",0.019700828052702405,8.27434778213501,MinimaxSolutionConcept,2.844999999999999,0.491655367101794,0.01925404497555324,0.0003406928548043123,8.08669888973236,0.14309099901781078,COMPLETE
237,6.157499999999997,2025-06-12 21:31:57.731422,2025-06-12 21:32:01.671168,0 days 00:00:03.939746,46,0.9065503261981502,0.07601650310980891,0.9764376809669238,0.00010966278009363552,188,2376717,6.157499999999997,1.339764438250247,0.3254999999999999,0.10340575419192106,180.0,4,3.929999999999998,"[0.17599999999999988, 0.21699999999999992]",2376717,"[1.759999999999999, 2.169999999999999]",0.02067880365583632,3.722184658050537,6.709999999999997,"[0.4499999999999999, 0.2209999999999998]",2377717,"[4.499999999999999, 2.209999999999998]",0.020347744888729518,3.6625940799713135,6.4899999999999975,"[0.3859999999999999, 0.2629999999999999]",2378717,"[3.859999999999999, 2.629999999999999]",0.020947792794969347,3.7706027030944824,7.499999999999998,"[0.2899999999999999, 0.45999999999999996]",2379717,"[2.8999999999999995, 4.6]",0.020021327336629233,3.6038389205932617,MinimaxSolutionConcept,3.254999999999999,1.0340575419192106,0.020498917169041102,0.0003481355993150515,3.6898050904273987,0.0626644078767093,COMPLETE
238,7.3874999999999975,2025-06-12 21:32:01.687562,2025-06-12 21:32:09.918662,0 days 00:00:08.231100,44,0.6919956971997365,0.13044083946790883,0.981526104334743,0.0001538556486959892,409,2386721,7.3874999999999975,0.49474109390670135,0.4217499999999999,0.14218891482812576,400.0,4,7.6599999999999975,"[0.583, 0.1829999999999999]",2386721,"[5.83, 1.8299999999999992]",0.01928438067436218,7.713752269744873,7.039999999999997,"[0.5089999999999999, 0.1949999999999999]",2387721,"[5.089999999999999, 1.9499999999999988]",0.01961244285106659,7.844977140426636,8.049999999999997,"[0.38799999999999996, 0.417]",2388721,"[3.8799999999999994, 4.17]",0.019650930166244508,7.860372066497803,6.799999999999999,"[0.2069999999999999, 0.47299999999999986]",2389721,"[2.069999999999999, 4.729999999999999]",0.020109872817993164,8.043949127197266,MinimaxSolutionConcept,4.217499999999999,1.4218891482812577,0.01966440662741661,0.00029399902253238517,7.865762650966644,0.11759960901295391,COMPLETE
239,5.527499999999998,2025-06-12 21:32:09.933901,2025-06-12 21:32:18.174079,0 days 00:00:08.240178,45,0.8463186449758952,0.0938649918356224,0.978677667980057,0.005386785560995651,401,2396729,5.527499999999998,5.034170115321889,0.2439999999999998,0.3118509259245513,400.0,4,3.1199999999999974,"[0.06899999999999984, 0.24299999999999988]",2396729,"[0.6899999999999984, 2.429999999999999]",0.02021287560462952,8.085150241851807,12.919999999999998,"[0.5609999999999998, 0.7309999999999998]",2397729,"[5.6099999999999985, 7.309999999999998]",0.018267553448677063,7.307021379470825,6.809999999999998,"[0.5249999999999998, 0.15599999999999986]",2398729,"[5.249999999999998, 1.5599999999999987]",0.018670544028282166,7.468217611312866,-0.7400000000000029,"[-0.1790000000000002, 0.1049999999999999]",2399729,"[-1.7900000000000018, 1.049999999999999]",0.01874310314655304,7.497241258621216,MinimaxSolutionConcept,2.4399999999999986,3.1185092592455135,0.018973519057035447,0.0007381188000756732,7.5894076228141785,0.29524752003026905,COMPLETE
240,4.2624999999999975,2025-06-12 21:32:18.188495,2025-06-12 21:32:22.058299,0 days 00:00:03.869804,47,0.8781815738094034,0.030595946545038624,0.9728692432671662,0.00017279313200297916,175,2406738,4.2624999999999975,0.7234422921007592,0.18899999999999986,0.16490754985748834,170.0,4,5.069999999999998,"[0.4659999999999999, 0.04099999999999983]",2406738,"[4.659999999999999, 0.40999999999999825]",0.021837646820965936,3.712399959564209,3.4499999999999975,"[0.16099999999999987, 0.18399999999999989]",2407738,"[1.6099999999999985, 1.839999999999999]",0.020680752922506894,3.515727996826172,4.889999999999998,"[0.05299999999999987, 0.43599999999999983]",2408738,"[0.5299999999999987, 4.3599999999999985]",0.02037636532503016,3.463982105255127,3.6399999999999975,"[0.07599999999999987, 0.2879999999999998]",2409738,"[0.7599999999999987, 2.879999999999998]",0.02156520310570212,3.6660845279693604,MinimaxSolutionConcept,1.8899999999999988,1.6490754985748837,0.021114992043551276,0.0006039563252756553,3.589548647403717,0.10267257529686144,COMPLETE
241,7.482499999999998,2025-06-12 21:32:23.160181,2025-06-12 21:32:26.614885,0 days 00:00:03.454704,47,0.6137987512328534,0.06612495466912903,0.9806335093264783,0.00013684398393088462,141,2416743,7.482499999999998,2.425122419590401,0.27274999999999994,0.1272485265140623,140.0,4,11.479999999999999,"[0.493, 0.655]",2416743,"[4.93, 6.550000000000001]",0.02173682791846139,3.0431559085845947,6.859999999999998,"[0.2069999999999999, 0.4789999999999999]",2417743,"[2.069999999999999, 4.789999999999999]",0.022911010469709125,3.2075414657592773,4.939999999999997,"[0.1949999999999998, 0.2989999999999999]",2418743,"[1.9499999999999982, 2.989999999999999]",0.023478831563677107,3.287036418914795,6.649999999999999,"[0.1959999999999999, 0.46899999999999986]",2419743,"[1.959999999999999, 4.689999999999999]",0.02219172034944807,3.1068408489227295,MinimaxSolutionConcept,2.7274999999999987,1.2724852651406229,0.022579597575323924,0.0006669268530460612,3.161143660545349,0.09336975942644854,COMPLETE
242,7.322499999999998,2025-06-12 21:32:26.629718,2025-06-12 21:32:30.237023,0 days 00:00:03.607305,48,0.6236440523682902,0.07403351551135659,0.9849190975889911,0.00011258453370694456,149,2426746,7.322499999999998,3.459533024845984,0.3277499999999999,0.23112158596721336,140.0,4,4.4499999999999975,"[0.13199999999999984, 0.31299999999999983]",2426746,"[1.3199999999999985, 3.129999999999998]",0.024535260881696427,3.4349365234375,4.749999999999997,"[0.1849999999999999, 0.28999999999999987]",2427746,"[1.8499999999999988, 2.8999999999999986]",0.02375094039099557,3.32513165473938,13.059999999999999,"[0.7179999999999999, 0.5879999999999999]",2428746,"[7.179999999999999, 5.879999999999999]",0.02263007845197405,3.168210983276367,7.0299999999999985,"[0.2759999999999999, 0.4269999999999999]",2429746,"[2.759999999999999, 4.269999999999999]",0.023271090643746512,3.2579526901245117,MinimaxSolutionConcept,3.277499999999999,2.3112158596721337,0.02354684259210314,0.0006955433581676201,3.2965579628944397,0.0973760701434668,COMPLETE
243,8.074999999999998,2025-06-12 21:32:30.251704,2025-06-12 21:32:33.639037,0 days 00:00:03.387333,49,0.6309114175246568,0.07967451118321704,0.9815885011536334,0.0001019539265018482,131,2436750,8.074999999999998,3.1300519165023446,0.43874999999999986,0.09441762282540268,130.0,4,9.869999999999997,"[0.3879999999999999, 0.599]",2436750,"[3.879999999999999, 5.99]",0.024353656402001014,3.165975332260132,10.099999999999996,"[0.5639999999999998, 0.4459999999999999]",2437750,"[5.639999999999999, 4.459999999999999]",0.023948137576763447,3.113257884979248,9.669999999999998,"[0.48699999999999993, 0.47999999999999987]",2438750,"[4.869999999999999, 4.799999999999999]",0.024772249735318698,3.2203924655914307,2.6599999999999975,"[0.31599999999999984, -0.05000000000000017]",2439750,"[3.1599999999999984, -0.5000000000000017]",0.024766955008873572,3.2197041511535645,MinimaxSolutionConcept,4.387499999999999,0.9441762282540269,0.024460249680739184,0.0003409666869630564,3.1798324584960938,0.04432566930519736,COMPLETE
244,8.404999999999998,2025-06-12 21:32:33.653560,2025-06-12 21:32:37.104832,0 days 00:00:03.451272,46,0.884183389189121,0.07340595312021989,0.9804724358678851,0.00012523942757576624,150,2446753,8.404999999999998,2.975571373702873,0.35424999999999995,0.19007153258707635,150.0,4,7.029999999999998,"[0.3599999999999999, 0.3429999999999999]",2446753,"[3.5999999999999988, 3.4299999999999993]",0.01961411952972412,2.942117929458618,4.189999999999998,"[0.04199999999999983, 0.3769999999999999]",2447753,"[0.41999999999999826, 3.7699999999999987]",0.021936306953430174,3.2904460430145264,10.939999999999998,"[0.506, 0.5879999999999999]",2448753,"[5.0600000000000005, 5.879999999999999]",0.018681249618530273,2.802187442779541,11.459999999999999,"[0.509, 0.637]",2449753,"[5.09, 6.37]",0.01766478379567464,2.6497175693511963,MinimaxSolutionConcept,3.5424999999999995,1.9007153258707636,0.019474114974339804,0.0015798975761072425,2.9211172461509705,0.23698463641608639,COMPLETE
245,7.849999999999998,2025-06-12 21:32:37.119159,2025-06-12 21:32:47.487126,0 days 00:00:10.367967,47,0.5882359519025057,0.06235599875836469,0.9828415276139075,0.04661001828752492,432,2456757,7.849999999999998,3.0297277105376987,0.35999999999999993,0.2947651607636154,430.0,4,10.78,"[0.5050000000000001, 0.5729999999999998]",2456757,"[5.050000000000001, 5.729999999999999]",0.019490350124447844,8.380850553512573,3.709999999999997,"[-0.06900000000000017, 0.43999999999999984]",2457757,"[-0.6900000000000017, 4.399999999999999]",0.023666379618090254,10.176543235778809,10.719999999999999,"[0.728, 0.34399999999999986]",2458757,"[7.279999999999999, 3.4399999999999986]",0.019526994505593944,8.396607637405396,6.189999999999997,"[0.2759999999999998, 0.34299999999999986]",2459757,"[2.759999999999998, 3.429999999999999]",0.02117605763812398,9.10570478439331,MinimaxSolutionConcept,3.599999999999999,2.9476516076361543,0.020964945471564005,0.0017017967867197388,9.014926552772522,0.7317726182894875,COMPLETE
246,7.589999999999998,2025-06-12 21:32:48.667492,2025-06-12 21:32:56.861945,0 days 00:00:08.194453,44,0.6689350263559634,0.015356518165774043,0.9783205061379167,0.0002326910639789062,390,2466768,7.589999999999998,2.10372289049675,0.3899999999999999,0.07802243267163618,390.0,4,5.579999999999998,"[0.3619999999999999, 0.19599999999999987]",2466768,"[3.6199999999999988, 1.9599999999999986]",0.02030487549610627,7.918901443481445,8.589999999999996,"[0.35099999999999987, 0.5079999999999998]",2467768,"[3.509999999999999, 5.079999999999998]",0.01920777039650159,7.49103045463562,10.559999999999999,"[0.5229999999999999, 0.5329999999999999]",2468768,"[5.229999999999999, 5.329999999999999]",0.020578518280616173,8.025622129440308,5.629999999999997,"[0.32399999999999995, 0.23899999999999988]",2469768,"[3.2399999999999993, 2.389999999999999]",0.019664872609652006,7.669300317764282,MinimaxSolutionConcept,3.8999999999999986,0.7802243267163615,0.01993900919571901,0.0005368172567844836,7.776213586330414,0.20935873014594875,COMPLETE
247,4.81,2025-06-12 21:32:56.876263,2025-06-12 21:32:58.909744,0 days 00:00:02.033481,19,0.6521420673833548,0.14643131814749993,0.986399325013022,0.00014306995748564522,161,2476776,4.81,1.6419805114556016,0.155,0.23138928237928394,160.0,4,6.339999999999999,"[0.47400000000000003, 0.15999999999999998]",2476776,"[4.74, 1.5999999999999996]",0.010905829071998597,1.7449326515197754,5.399999999999999,"[0.158, 0.382]",2477776,"[1.58, 3.8200000000000003]",0.011339704692363738,1.8143527507781982,2.0399999999999996,"[-0.18, 0.384]",2478776,"[-1.7999999999999998, 3.84]",0.011693982779979706,1.871037244796753,5.46,"[0.16799999999999998, 0.37799999999999995]",2479776,"[1.6799999999999997, 3.7799999999999994]",0.011628578603267669,1.8605725765228271,MinimaxSolutionConcept,1.55,2.3138928237928393,0.011392023786902426,0.0003107490961771259,1.8227238059043884,0.049719855388340194,COMPLETE
248,5.717499999999998,2025-06-12 21:32:58.924384,2025-06-12 21:33:06.413168,0 days 00:00:07.488784,45,0.7496024758101844,0.06969702875178012,0.97492828754304,0.00011652109509130418,366,2486778,5.717499999999998,0.989428496658551,0.1984999999999999,0.1712388682513407,360.0,4,6.669999999999998,"[0.3499999999999999, 0.3169999999999999]",2486778,"[3.499999999999999, 3.169999999999999]",0.01819660597377353,6.550778150558472,5.499999999999997,"[-0.08000000000000017, 0.6299999999999999]",2487778,"[-0.8000000000000017, 6.299999999999999]",0.01879046493106418,6.7645673751831055,4.189999999999998,"[0.1959999999999999, 0.22299999999999986]",2488778,"[1.959999999999999, 2.2299999999999986]",0.02032205131318834,7.315938472747803,6.509999999999998,"[0.32799999999999996, 0.32299999999999984]",2489778,"[3.2799999999999994, 3.2299999999999986]",0.018790970245997112,6.76474928855896,MinimaxSolutionConcept,1.984999999999999,1.7123886825134067,0.019025023116005794,0.0007871396626255851,6.849008321762085,0.28337027854521063,COMPLETE
249,6.702499999999999,2025-06-12 21:33:06.427722,2025-06-12 21:33:09.749249,0 days 00:00:03.321527,48,0.8678843067789571,0.08452929705191416,0.9902482213023206,0.028164627088657312,147,2496786,6.702499999999999,1.8093420765571122,0.5667499999999999,0.141866794916922,140.0,4,4.6599999999999975,"[0.3229999999999999, 0.14299999999999988]",2496786,"[3.229999999999999, 1.4299999999999988]",0.022513433865138464,3.1518807411193848,5.729999999999998,"[0.6189999999999999, -0.046000000000000166]",2497786,"[6.189999999999999, -0.46000000000000163]",0.020517253875732423,2.872415542602539,9.52,"[0.6589999999999999, 0.29299999999999987]",2498786,"[6.589999999999999, 2.929999999999999]",0.01989384549004691,2.7851383686065674,6.899999999999999,"[0.666, 0.023999999999999834]",2499786,"[6.66, 0.23999999999999833]",0.020099585396902903,2.8139419555664062,MinimaxSolutionConcept,5.6674999999999995,1.4186679491692198,0.020756029656955177,0.001039202101237019,2.9058441519737244,0.14548829417318263,COMPLETE
250,7.137499999999999,2025-06-12 21:33:09.764126,2025-06-12 21:33:17.883230,0 days 00:00:08.119104,42,0.7135640964676556,0.0985366350958819,0.9842164018729498,0.036678700494492504,395,2506789,7.137499999999999,3.753733974324767,0.41874999999999996,0.251643969727073,390.0,4,10.86,"[0.766, 0.3199999999999999]",2506789,"[7.66, 3.199999999999999]",0.017193171916863856,6.705337047576904,9.7,"[0.4879999999999999, 0.48199999999999993]",2507789,"[4.879999999999999, 4.819999999999999]",0.018580025892991285,7.246210098266602,1.1499999999999972,"[0.06699999999999987, 0.04799999999999986]",2508789,"[0.6699999999999986, 0.47999999999999865]",0.01946404713850755,7.590978384017944,6.839999999999998,"[0.3539999999999999, 0.3299999999999999]",2509789,"[3.539999999999999, 3.299999999999999]",0.02031237345475417,7.921825647354126,MinimaxSolutionConcept,4.187499999999999,2.51643969727073,0.018887404600779215,0.0011541185931658942,7.366087794303894,0.45010625133469834,COMPLETE
251,7.117499999999998,2025-06-12 21:33:19.096026,2025-06-12 21:33:22.289137,0 days 00:00:03.193111,49,0.6022666409299942,0.07651583256400214,0.9646739888373832,0.00010015925959569432,128,2516799,7.117499999999998,3.0762913954955566,0.3307499999999999,0.18685338503757434,120.0,4,7.989999999999997,"[0.36499999999999977, 0.43399999999999983]",2516799,"[3.6499999999999977, 4.339999999999998]",0.02479416529337565,2.975299835205078,3.5699999999999976,"[0.33299999999999985, 0.02399999999999982]",2517799,"[3.3299999999999983, 0.23999999999999821]",0.024256728092829385,2.9108073711395264,5.219999999999997,"[0.049999999999999836, 0.47199999999999986]",2518799,"[0.49999999999999833, 4.719999999999999]",0.025192540884017945,3.0231049060821533,11.689999999999998,"[0.575, 0.5939999999999999]",2519799,"[5.75, 5.939999999999999]",0.021155850092569987,2.5387020111083984,MinimaxSolutionConcept,3.3074999999999983,1.8685338503757436,0.02384982109069824,0.0015904193993757148,2.861978530883789,0.19085032792508577,COMPLETE
252,10.7625,2025-06-12 21:33:22.303914,2025-06-12 21:33:25.891136,0 days 00:00:03.587222,47,0.6245103829956365,0.13690282612749372,0.9765672422174564,0.00017439381088100558,143,2526802,10.7625,4.167735446258556,0.5679999999999998,0.17265138284995002,140.0,4,17.34,"[0.859, 0.875]",2526802,"[8.59, 8.75]",0.021108896391732353,2.9552454948425293,10.489999999999998,"[0.5299999999999999, 0.5189999999999999]",2527802,"[5.299999999999999, 5.1899999999999995]",0.022433866773332867,3.1407413482666016,5.839999999999996,"[0.41799999999999987, 0.16599999999999976]",2528802,"[4.179999999999999, 1.6599999999999975]",0.024045375415257045,3.3663525581359863,9.379999999999999,"[0.46499999999999986, 0.473]",2529802,"[4.649999999999999, 4.7299999999999995]",0.023220181465148926,3.2508254051208496,MinimaxSolutionConcept,5.679999999999999,1.7265138284995,0.0227020800113678,0.0010820171030824757,3.1782912015914917,0.15148239443154668,COMPLETE
253,5.787499999999998,2025-06-12 21:33:25.908312,2025-06-12 21:33:30.035479,0 days 00:00:04.127167,46,0.6576732701860547,0.13831395983845857,0.9762920286161202,0.0002049549440527435,179,2536805,5.787499999999998,3.2053578193393646,0.3944999999999999,0.2598677548292593,170.0,4,4.429999999999998,"[0.566, -0.12300000000000019]",2536805,"[5.659999999999999, -1.230000000000002]",0.022231504496406106,3.779355764389038,6.589999999999997,"[0.58, 0.07899999999999988]",2537805,"[5.8, 0.7899999999999987]",0.022386535476235783,3.805711030960083,10.45,"[0.48299999999999993, 0.562]",2538805,"[4.829999999999999, 5.620000000000001]",0.022757899059968837,3.868842840194702,1.6799999999999966,"[-0.05100000000000017, 0.21899999999999986]",2539805,"[-0.5100000000000017, 2.1899999999999986]",0.022016356973087087,3.7427806854248047,MinimaxSolutionConcept,3.9449999999999994,2.598677548292593,0.022348074001424453,0.0002706753128957115,3.799172580242157,0.04601480319227095,COMPLETE
254,4.8874999999999975,2025-06-12 21:33:30.050425,2025-06-12 21:33:34.415177,0 days 00:00:04.364752,43,0.6397532644742602,0.1412064709298732,0.9744405389856883,0.0001677071559143024,198,2546810,4.8874999999999975,3.936968218058155,0.3387499999999999,0.20251342548088017,190.0,4,1.6699999999999977,"[0.09799999999999989, 0.06899999999999988]",2546810,"[0.9799999999999989, 0.6899999999999988]",0.020489387763173956,3.8929836750030518,0.3399999999999971,"[0.18099999999999988, -0.14700000000000016]",2547810,"[1.8099999999999987, -1.4700000000000015]",0.022051108510870682,4.18971061706543,9.409999999999998,"[0.5679999999999998, 0.3729999999999999]",2548810,"[5.679999999999998, 3.7299999999999986]",0.02018647821326005,3.835430860519409,8.129999999999999,"[0.508, 0.3049999999999999]",2549810,"[5.08, 3.049999999999999]",0.021499704059801603,4.084943771362305,MinimaxSolutionConcept,3.387499999999999,2.0251342548088016,0.021056669636776573,0.0007523679305988677,4.000767230987549,0.14294990681378494,COMPLETE
255,4.969999999999997,2025-06-12 21:33:34.430054,2025-06-12 21:33:42.011478,0 days 00:00:07.581424,48,0.6236537921091171,0.02436962628456552,0.9776231330870562,0.00017382277052111235,323,2556814,4.969999999999997,4.2909497783124895,0.2852499999999999,0.24915093317103998,320.0,4,5.379999999999997,"[0.522, 0.015999999999999827]",2556814,"[5.220000000000001, 0.15999999999999825]",0.023147070407867433,7.407062530517578,5.089999999999998,"[0.1709999999999999, 0.3379999999999999]",2557814,"[1.709999999999999, 3.379999999999999]",0.020960213243961336,6.707268238067627,-1.3500000000000036,"[-0.06900000000000017, -0.06600000000000016]",2558814,"[-0.6900000000000017, -0.6600000000000016]",0.021368210762739183,6.837827444076538,10.759999999999998,"[0.5169999999999999, 0.5589999999999999]",2559814,"[5.169999999999999, 5.59]",0.019676541537046434,6.296493291854858,MinimaxSolutionConcept,2.852499999999999,2.4915093317104,0.021288008987903596,0.0012416540463031033,6.81216287612915,0.3973292948169931,COMPLETE
256,4.837499999999997,2025-06-12 21:33:43.109258,2025-06-12 21:33:46.631519,0 days 00:00:03.522261,50,0.630940148426937,0.13488160956568174,0.9407978788080654,0.003296132863195722,136,2566823,4.837499999999997,1.2994109242268208,0.19199999999999987,0.18507701099812482,130.0,4,4.769999999999997,"[0.28399999999999986, 0.1929999999999999]",2566823,"[2.8399999999999985, 1.9299999999999988]",0.023553127508897046,3.061906576156616,6.879999999999997,"[0.418, 0.26999999999999985]",2567823,"[4.18, 2.6999999999999984]",0.024553154065058782,3.1919100284576416,4.409999999999997,"[0.14899999999999983, 0.2919999999999999]",2568823,"[1.4899999999999982, 2.919999999999999]",0.024664603746854342,3.2063984870910645,3.289999999999997,"[-0.08300000000000018, 0.4119999999999999]",2569823,"[-0.8300000000000018, 4.119999999999999]",0.024367244427020734,3.1677417755126953,MinimaxSolutionConcept,1.9199999999999986,1.8507701099812484,0.024284532436957725,0.00043543260723728056,3.1569892168045044,0.056606238940846355,COMPLETE
257,4.1774999999999975,2025-06-12 21:33:46.645439,2025-06-12 21:33:50.594708,0 days 00:00:03.949269,41,0.9241485065727847,0.12489543839007826,0.9728857885034781,0.00013615033004581403,206,2576826,4.1774999999999975,3.3755693964129967,0.2932499999999999,0.09258880871898074,200.0,4,0.5299999999999971,"[0.2179999999999999, -0.16500000000000015]",2576826,"[2.179999999999999, -1.6500000000000015]",0.018921706676483154,3.784341335296631,5.299999999999998,"[0.3119999999999999, 0.2179999999999999]",2577826,"[3.1199999999999988, 2.179999999999999]",0.016491966247558595,3.2983932495117188,9.169999999999998,"[0.43699999999999994, 0.47999999999999987]",2578826,"[4.369999999999999, 4.799999999999999]",0.017965612411499025,3.5931224822998047,1.7099999999999977,"[0.20599999999999988, -0.03500000000000015]",2579826,"[2.0599999999999987, -0.3500000000000015]",0.0169800865650177,3.39601731300354,MinimaxSolutionConcept,2.9324999999999988,0.9258880871898074,0.01758984297513962,0.0009343714166362261,3.5179685950279236,0.18687428332724534,COMPLETE
258,4.6149999999999975,2025-06-12 21:33:50.609388,2025-06-12 21:33:53.121154,0 days 00:00:02.511766,40,0.73728328569152,0.088670872836963,0.9697217307291099,0.0218316979166677,121,2586830,4.6149999999999975,1.7621222999553694,0.0992499999999999,0.1785390363477971,120.0,4,3.1599999999999975,"[0.3389999999999999, -0.02300000000000012]",2586830,"[3.3899999999999992, -0.2300000000000012]",0.01953781843185425,2.3445382118225098,5.819999999999998,"[0.1879999999999999, 0.394]",2587830,"[1.879999999999999, 3.9400000000000004]",0.018701976537704466,2.244237184524536,6.839999999999999,"[-0.001000000000000134, 0.6849999999999999]",2588830,"[-0.010000000000001341, 6.85]",0.018717877070109048,2.246145248413086,2.639999999999998,"[-0.12900000000000014, 0.39299999999999996]",2589830,"[-1.2900000000000014, 3.9299999999999997]",0.019427210092544556,2.3312652111053467,MinimaxSolutionConcept,0.9924999999999987,1.7853903634779709,0.01909622053305308,0.0003883087999707476,2.2915464639663696,0.0465970559964896,COMPLETE
259,7.327499999999998,2025-06-12 21:33:53.138745,2025-06-12 21:34:00.250412,0 days 00:00:07.111667,45,0.6791893109314776,0.12999278857365207,0.9882200448307584,0.00015425684618203261,343,2596833,7.327499999999998,4.0104574240353195,0.2944999999999999,0.2925546957408136,340.0,4,2.8999999999999977,"[-0.06800000000000017, 0.35799999999999993]",2596833,"[-0.6800000000000017, 3.579999999999999]",0.020353797604055965,6.920291185379028,6.979999999999999,"[0.46399999999999986, 0.23399999999999982]",2597833,"[4.639999999999999, 2.339999999999998]",0.018167997809017407,6.177119255065918,13.790000000000001,"[0.6769999999999999, 0.7019999999999998]",2598833,"[6.77, 7.019999999999999]",0.018563843474668613,6.311706781387329,5.639999999999997,"[0.10499999999999987, 0.4589999999999999]",2599833,"[1.0499999999999987, 4.589999999999999]",0.020201998598435345,6.868679523468018,MinimaxSolutionConcept,2.944999999999999,2.925546957408136,0.01932190937154433,0.0009676680951939203,6.569449186325073,0.32900715236593303,COMPLETE
260,6.357499999999998,2025-06-12 21:34:00.266144,2025-06-12 21:34:07.086600,0 days 00:00:06.820456,47,0.6985003087174488,0.09115245705458588,0.9614615055426873,0.00018406751424790836,290,2606840,6.357499999999998,2.612483253534844,0.40099999999999986,0.1277282271074018,290.0,4,2.2099999999999973,"[0.19199999999999978, 0.02899999999999984]",2606840,"[1.9199999999999977, 0.28999999999999837]",0.021894450845389532,6.349390745162964,6.079999999999997,"[0.43399999999999983, 0.17399999999999988]",2607840,"[4.339999999999998, 1.7399999999999989]",0.020795907645389952,6.030813217163086,8.909999999999998,"[0.4389999999999999, 0.45199999999999985]",2608840,"[4.389999999999999, 4.519999999999999]",0.021627987664321374,6.272116422653198,8.229999999999999,"[0.5389999999999999, 0.2839999999999999]",2609840,"[5.389999999999999, 2.839999999999999]",0.022844667270265778,6.624953508377075,MinimaxSolutionConcept,4.009999999999998,1.277282271074018,0.02179075335634166,0.0007310434949945758,6.319318473339081,0.21200261354842692,COMPLETE
261,4.897499999999997,2025-06-12 21:34:08.273982,2025-06-12 21:34:12.138439,0 days 00:00:03.864457,46,0.6398518192575494,0.03959181126817019,0.99398332600353,0.00013120954391991887,159,2616848,4.897499999999997,3.1264626577011927,0.3422499999999999,0.1640722020940781,150.0,4,3.319999999999997,"[0.2469999999999999, 0.08499999999999984]",2616848,"[2.469999999999999, 0.8499999999999984]",0.02250182310740153,3.3752734661102295,2.269999999999997,"[0.4089999999999999, -0.18200000000000022]",2617848,"[4.089999999999999, -1.820000000000002]",0.023744781812032063,3.5617172718048096,10.229999999999999,"[0.573, 0.4499999999999999]",2618848,"[5.7299999999999995, 4.499999999999999]",0.020526811281840005,3.079021692276001,3.769999999999998,"[0.13999999999999987, 0.23699999999999993]",2619848,"[1.3999999999999988, 2.369999999999999]",0.02454566478729248,3.681849718093872,MinimaxSolutionConcept,3.422499999999999,1.6407220209407811,0.02282977024714152,0.0015159740729255215,3.424465537071228,0.2273961109388282,COMPLETE
262,7.474999999999998,2025-06-12 21:34:12.153119,2025-06-12 21:34:16.544784,0 days 00:00:04.391665,44,0.6485011811505559,0.08227327912247381,0.933413058252608,0.0002426727582144015,190,2626852,7.474999999999998,3.6017252810285236,0.4564999999999999,0.17286627779876562,190.0,4,11.539999999999997,"[0.611, 0.5429999999999999]",2626852,"[6.109999999999999, 5.43]",0.020645137837058618,3.9225761890411377,3.7899999999999983,"[0.18299999999999988, 0.1959999999999999]",2627852,"[1.8299999999999987, 1.959999999999999]",0.021303836922896537,4.047729015350342,10.579999999999998,"[0.5989999999999999, 0.4589999999999998]",2628852,"[5.989999999999998, 4.589999999999998]",0.020873581735711348,3.9659805297851562,3.9899999999999984,"[0.4329999999999997, -0.03400000000000015]",2629852,"[4.329999999999997, -0.34000000000000147]",0.022237022299515574,4.225034236907959,MinimaxSolutionConcept,4.564999999999999,1.7286627779876562,0.02126489469879552,0.00060905110041099,4.040329992771149,0.11571970907808794,COMPLETE
263,9.964999999999996,2025-06-12 21:34:16.559290,2025-06-12 21:34:20.113584,0 days 00:00:03.554294,49,0.8974368795816937,0.052726483128618724,0.9788341463128548,0.011134555945071893,169,2636856,9.964999999999996,2.756787079192008,0.39649999999999985,0.20624924242285114,160.0,4,5.819999999999997,"[0.21299999999999986, 0.3689999999999999]",2636856,"[2.1299999999999986, 3.6899999999999986]",0.021166515350341798,3.3866424560546875,11.18,"[0.5469999999999998, 0.571]",2637856,"[5.469999999999998, 5.709999999999999]",0.021091482043266295,3.3746371269226074,13.359999999999998,"[0.651, 0.6849999999999999]",2638856,"[6.51, 6.85]",0.02094208151102066,3.3507330417633057,9.499999999999996,"[0.17499999999999988, 0.7749999999999999]",2639856,"[1.7499999999999987, 7.749999999999999]",0.020367373526096345,3.258779764175415,MinimaxSolutionConcept,3.9649999999999985,2.062492424228511,0.020891863107681274,0.0003134058004678772,3.342698097229004,0.05014492807486041,COMPLETE
264,9.222499999999998,2025-06-12 21:34:20.129227,2025-06-12 21:34:24.620197,0 days 00:00:04.490970,49,0.6242856073050727,0.055586348821292084,0.9788468756351362,0.00011504970332003696,170,2646860,9.222499999999998,2.3916247092719205,0.5234999999999999,0.22044216928709445,170.0,4,7.0699999999999985,"[0.2129999999999998, 0.4939999999999999]",2646860,"[2.129999999999998, 4.939999999999999]",0.022427222307990578,3.8126277923583984,8.089999999999998,"[0.6969999999999998, 0.11199999999999985]",2647860,"[6.969999999999999, 1.1199999999999986]",0.025154621460858513,4.276285648345947,8.459999999999997,"[0.4209999999999998, 0.4249999999999998]",2648860,"[4.209999999999998, 4.249999999999998]",0.02465208137736601,4.190853834152222,13.269999999999998,"[0.7629999999999999, 0.5639999999999998]",2649860,"[7.629999999999999, 5.639999999999999]",0.021974413535174202,3.7356503009796143,MinimaxSolutionConcept,5.2349999999999985,2.2044216928709446,0.023552084670347327,0.0013722680555743384,4.003854393959045,0.23328556944763754,COMPLETE
265,8.322499999999998,2025-06-12 21:34:24.637258,2025-06-12 21:34:28.498804,0 days 00:00:03.861546,49,0.8970536469323038,0.05725516301597988,0.9785790007550287,0.00011146407211032226,167,2656864,8.322499999999998,1.843412257201303,0.3972499999999998,0.15527133508796787,160.0,4,5.979999999999997,"[0.15599999999999986, 0.4419999999999999]",2656864,"[1.5599999999999987, 4.419999999999999]",0.02304019033908844,3.6864304542541504,11.129999999999999,"[0.5889999999999999, 0.5239999999999998]",2657864,"[5.889999999999999, 5.239999999999998]",0.01982880085706711,3.1726081371307373,7.849999999999998,"[0.43299999999999994, 0.3519999999999999]",2658864,"[4.329999999999999, 3.519999999999999]",0.022489726543426514,3.598356246948242,8.329999999999997,"[0.41099999999999987, 0.4219999999999999]",2659864,"[4.1099999999999985, 4.219999999999999]",0.021079815924167633,3.3727705478668213,MinimaxSolutionConcept,3.9724999999999993,1.5527133508796789,0.021609633415937423,0.0012523106843697629,3.457541346549988,0.2003697094991621,COMPLETE
266,9.542499999999999,2025-06-12 21:34:29.757291,2025-06-12 21:34:33.904146,0 days 00:00:04.146855,50,0.6285548050728196,0.04729760203671219,0.9801600098303972,0.0003173810511905123,166,2666869,9.542499999999999,2.2238072645802744,0.3859999999999999,0.17323105957073637,160.0,4,12.889999999999999,"[0.5469999999999999, 0.742]",2666869,"[5.469999999999999, 7.42]",0.02212434858083725,3.53989577293396,7.439999999999998,"[0.571, 0.17299999999999988]",2667869,"[5.709999999999999, 1.7299999999999986]",0.02420370727777481,3.8725931644439697,7.619999999999997,"[0.2169999999999998, 0.5449999999999999]",2668869,"[2.169999999999998, 5.449999999999999]",0.024521921575069428,3.9235074520111084,10.219999999999997,"[0.2089999999999999, 0.813]",2669869,"[2.089999999999999, 8.129999999999999]",0.02377750426530838,3.804400682449341,MinimaxSolutionConcept,3.8599999999999985,1.7323105957073635,0.023656870424747466,0.0009233796296828096,3.7850992679595947,0.1477407407492494,COMPLETE
267,8.752499999999998,2025-06-12 21:34:33.919077,2025-06-12 21:34:38.178752,0 days 00:00:04.259675,50,0.7938374660096584,0.05038012642216962,0.9798922994261731,0.006546377726255117,171,2676873,8.752499999999998,3.3260515254577765,0.34524999999999983,0.149421174871569,170.0,4,13.429999999999998,"[0.5019999999999999, 0.841]",2676873,"[5.019999999999999, 8.41]",0.02086173085605397,3.546494245529175,4.029999999999998,"[0.11699999999999981, 0.28599999999999987]",2677873,"[1.1699999999999982, 2.8599999999999985]",0.024050234345828786,4.0885398387908936,8.589999999999998,"[0.30999999999999994, 0.5489999999999999]",2678873,"[3.0999999999999996, 5.489999999999999]",0.02132554474998923,3.625342607498169,8.959999999999999,"[0.45199999999999985, 0.44399999999999995]",2679873,"[4.519999999999999, 4.4399999999999995]",0.02147949863882626,3.651514768600464,MinimaxSolutionConcept,3.452499999999999,1.49421174871569,0.02192925214767456,0.00124548264075536,3.7279728651046753,0.21173204892841116,COMPLETE
268,3.5224999999999973,2025-06-12 21:34:38.193743,2025-06-12 21:34:42.196848,0 days 00:00:04.003105,50,0.6211939154506125,0.04040317217012723,0.98175501002764,0.00031648065894704684,158,2686878,3.5224999999999973,1.9670711095433233,0.21174999999999988,0.12120720894402282,150.0,4,3.269999999999997,"[0.01799999999999982, 0.3089999999999999]",2686878,"[0.17999999999999822, 3.089999999999999]",0.02503459930419922,3.755189895629883,1.9899999999999967,"[0.2009999999999999, -0.002000000000000185]",2687878,"[2.009999999999999, -0.02000000000000185]",0.025580515861511232,3.8370773792266846,6.809999999999998,"[0.32399999999999984, 0.3569999999999999]",2688878,"[3.2399999999999984, 3.5699999999999985]",0.02523781935373942,3.785672903060913,2.0199999999999974,"[0.3039999999999999, -0.1020000000000002]",2689878,"[3.0399999999999987, -1.020000000000002]",0.02324281692504883,3.486422538757324,MinimaxSolutionConcept,2.117499999999999,1.2120720894402282,0.024773937861124674,0.0009052665103014611,3.716090679168701,0.13578997654521913,COMPLETE
269,5.7449999999999966,2025-06-12 21:34:42.211271,2025-06-12 21:34:46.256177,0 days 00:00:04.044906,49,0.6313038292978714,0.05252944868843719,0.9831618395378257,0.00027013179150192217,165,2696882,5.7449999999999966,0.781808800155128,0.3049999999999998,0.044872040292369145,160.0,4,5.8699999999999966,"[0.2539999999999999, 0.33299999999999985]",2696882,"[2.539999999999999, 3.3299999999999983]",0.024236540496349334,3.8778464794158936,6.659999999999998,"[0.31499999999999984, 0.3509999999999998]",2697882,"[3.1499999999999986, 3.509999999999998]",0.0234087273478508,3.745396375656128,5.949999999999997,"[0.27799999999999986, 0.31699999999999984]",2698882,"[2.7799999999999985, 3.169999999999998]",0.023284302651882173,3.7254884243011475,4.4999999999999964,"[0.3729999999999999, 0.07699999999999982]",2699882,"[3.7299999999999986, 0.7699999999999982]",0.023847296833992004,3.8155674934387207,MinimaxSolutionConcept,3.0499999999999985,0.4487204029236913,0.02369421683251858,0.0003765243433513321,3.7910746932029724,0.06024389493621327,COMPLETE
270,8.462499999999999,2025-06-12 21:34:46.271376,2025-06-12 21:34:50.083349,0 days 00:00:03.811973,49,0.8887945003915128,0.04549021825073524,0.9802401001685139,0.00984586399360109,172,2706886,8.462499999999999,0.969726121129054,0.4254999999999999,0.21840959228019272,170.0,4,6.809999999999998,"[0.06799999999999984, 0.613]",2706886,"[0.6799999999999984, 6.13]",0.020544146088992847,3.492504835128784,9.25,"[0.646, 0.2789999999999998]",2707886,"[6.46, 2.7899999999999983]",0.020450231608222513,3.476539373397827,8.759999999999998,"[0.44399999999999984, 0.43199999999999983]",2708886,"[4.439999999999999, 4.3199999999999985]",0.019707497428445256,3.3502745628356934,9.029999999999998,"[0.5439999999999999, 0.3589999999999999]",2709886,"[5.4399999999999995, 3.589999999999999]",0.021408883263083066,3.639510154724121,MinimaxSolutionConcept,4.254999999999999,2.1840959228019274,0.02052768959718592,0.000603218042389651,3.4897072315216064,0.1025470672062407,COMPLETE
271,6.952499999999998,2025-06-12 21:34:51.370311,2025-06-12 21:34:55.537605,0 days 00:00:04.167294,48,0.6198623678751711,0.04213667008648592,0.9779488311833441,0.0005486725537810453,179,2716891,6.952499999999998,2.561897490142804,0.3267499999999999,0.10520070104329153,170.0,4,5.9499999999999975,"[0.33999999999999986, 0.25499999999999984]",2716891,"[3.3999999999999986, 2.5499999999999985]",0.022486545057857736,3.8227126598358154,7.489999999999998,"[0.2989999999999999, 0.4499999999999999]",2717891,"[2.989999999999999, 4.499999999999999]",0.022609681241652545,3.8436458110809326,3.6599999999999975,"[0.1869999999999999, 0.17899999999999985]",2718891,"[1.8699999999999988, 1.7899999999999985]",0.02349090435925652,3.9934537410736084,10.709999999999997,"[0.48099999999999987, 0.5899999999999999]",2719891,"[4.809999999999999, 5.899999999999999]",0.02257493944729076,3.8377397060394287,MinimaxSolutionConcept,3.2674999999999987,1.0520070104329151,0.02279051752651439,0.0004068527520320337,3.8743879795074463,0.06916496784544568,COMPLETE
272,8.599999999999998,2025-06-12 21:34:55.552299,2025-06-12 21:34:59.498765,0 days 00:00:03.946466,48,0.6087504067543165,0.051959346658294735,0.9661110672344126,0.00021739132294685672,155,2726895,8.599999999999998,2.259325120472926,0.43474999999999986,0.15542421786838756,150.0,4,5.839999999999998,"[0.5359999999999998, 0.04799999999999986]",2726895,"[5.359999999999998, 0.47999999999999865]",0.024439326922098794,3.6658990383148193,7.539999999999997,"[0.4309999999999999, 0.32299999999999984]",2727895,"[4.309999999999999, 3.2299999999999986]",0.02517786979675293,3.7766804695129395,11.989999999999998,"[0.5879999999999999, 0.611]",2728895,"[5.879999999999999, 6.109999999999999]",0.02284296989440918,3.426445484161377,9.029999999999998,"[0.18399999999999986, 0.719]",2729895,"[1.8399999999999985, 7.1899999999999995]",0.022311846415201824,3.3467769622802734,MinimaxSolutionConcept,4.347499999999998,1.5542421786838756,0.023693003257115684,0.0011610317171731035,3.5539504885673523,0.17415475757596566,COMPLETE
273,6.819999999999998,2025-06-12 21:34:59.514046,2025-06-12 21:35:03.752251,0 days 00:00:04.238205,50,0.6423357371441216,0.04668127458169662,0.9630222022623955,0.01234564667255683,165,2736899,6.819999999999998,2.70769274475521,0.3672499999999999,0.2174481259979033,160.0,4,10.319999999999999,"[0.5740000000000001, 0.4579999999999999]",2736899,"[5.74, 4.579999999999999]",0.023006312549114227,3.6810100078582764,8.559999999999999,"[0.558, 0.2979999999999998]",2737899,"[5.58, 2.979999999999998]",0.02195819467306137,3.5133111476898193,4.599999999999997,"[0.2929999999999998, 0.16699999999999987]",2738899,"[2.929999999999998, 1.6699999999999986]",0.02452324777841568,3.923719644546509,3.799999999999998,"[0.04399999999999986, 0.33599999999999997]",2739899,"[0.4399999999999986, 3.3599999999999994]",0.025296293199062347,4.047406911849976,MinimaxSolutionConcept,3.6724999999999994,2.174481259979033,0.023696012049913406,0.0012981634472904087,3.791361927986145,0.20770615156646535,COMPLETE
274,7.267499999999998,2025-06-12 21:35:03.768024,2025-06-12 21:35:07.489091,0 days 00:00:03.721067,47,0.625771033578947,0.0560433581662491,0.9853167154216724,0.00035165831656759313,151,2746903,7.267499999999998,2.5080507869658466,0.3037499999999999,0.16837513919816077,150.0,4,3.2099999999999977,"[0.030999999999999833, 0.2899999999999998]",2746903,"[0.30999999999999833, 2.899999999999998]",0.023389596939086914,3.508439540863037,9.269999999999998,"[0.3299999999999999, 0.5969999999999999]",2747903,"[3.299999999999999, 5.969999999999999]",0.02070907751719157,3.1063616275787354,7.1599999999999975,"[0.3639999999999999, 0.3519999999999998]",2748903,"[3.639999999999999, 3.5199999999999982]",0.019916704495747884,2.9875056743621826,9.429999999999998,"[0.48999999999999994, 0.45299999999999985]",2749903,"[4.8999999999999995, 4.5299999999999985]",0.02359112580617269,3.5386688709259033,MinimaxSolutionConcept,3.0374999999999988,1.6837513919816076,0.021901626189549765,0.001614818284863329,3.2852439284324646,0.24222274272949937,COMPLETE
275,4.869999999999997,2025-06-12 21:35:07.504556,2025-06-12 21:35:11.553139,0 days 00:00:04.048583,49,0.9079408052696276,0.04806658201183382,0.9796232435987361,0.0001938720408838673,175,2756907,4.869999999999997,2.47978829741573,0.14849999999999985,0.13976855869615312,170.0,4,5.539999999999998,"[0.2529999999999999, 0.3009999999999999]",2756907,"[2.529999999999999, 3.009999999999999]",0.02282067607430851,3.8795149326324463,2.9699999999999966,"[-0.08000000000000017, 0.3769999999999999]",2757907,"[-0.8000000000000017, 3.7699999999999987]",0.021665504399467916,3.683135747909546,8.629999999999999,"[0.2709999999999998, 0.592]",2758907,"[2.709999999999998, 5.92]",0.021864752208485324,3.717007875442505,2.339999999999997,"[0.14999999999999986, 0.08399999999999984]",2759907,"[1.4999999999999987, 0.8399999999999984]",0.022248227456036735,3.782198667526245,MinimaxSolutionConcept,1.4849999999999985,1.3976855869615312,0.02214979003457462,0.00044032861107539523,3.7654643058776855,0.07485586388281709,COMPLETE
276,6.552499999999998,2025-06-12 21:35:12.897166,2025-06-12 21:35:16.431524,0 days 00:00:03.534358,48,0.8807845406239426,0.04400276451024936,0.9827517294390529,0.00044027235390583337,160,2766912,6.552499999999998,2.18047443231972,0.32024999999999987,0.09041121335321188,160.0,4,4.079999999999997,"[0.37399999999999994, 0.03399999999999983]",2766912,"[3.7399999999999993, 0.3399999999999983]",0.019762679934501648,3.1620287895202637,4.699999999999996,"[0.16899999999999987, 0.30099999999999993]",2767912,"[1.6899999999999986, 3.0099999999999993]",0.020795051753520966,3.3272082805633545,8.469999999999997,"[0.4019999999999998, 0.44499999999999984]",2768912,"[4.019999999999998, 4.449999999999998]",0.020837301015853883,3.333968162536621,8.959999999999999,"[0.33599999999999985, 0.5599999999999999]",2769912,"[3.3599999999999985, 5.6]",0.019554416835308074,3.128706693649292,MinimaxSolutionConcept,3.202499999999999,0.9041121335321188,0.02023736238479614,0.0005836698221613126,3.237977981567383,0.0933871715458099,COMPLETE
277,3.1925,2025-06-12 21:35:16.445946,2025-06-12 21:35:18.056548,0 days 00:00:01.610602,15,0.5999332389807528,0.06110677437953689,0.9589464042137097,0.0014387133759101755,142,2776916,3.1925,1.1800291309963495,0.24375000000000002,0.12400882025081926,140.0,4,3.72,"[0.075, 0.29699999999999993]",2776916,"[0.75, 2.9699999999999993]",0.009548451219286238,1.3367831707000732,2.84,"[0.31200000000000006, -0.02799999999999998]",2777916,"[3.1200000000000006, -0.2799999999999998]",0.00938201972416469,1.3134827613830566,1.5,"[0.186, -0.036]",2778916,"[1.8599999999999999, -0.36]",0.009760609694889613,1.366485357284546,4.71,"[0.402, 0.06900000000000002]",2779916,"[4.0200000000000005, 0.6900000000000002]",0.009118316854749406,1.276564359664917,MinimaxSolutionConcept,2.4375,1.2400882025081927,0.009452349373272486,0.00023493827575835885,1.3233289122581482,0.03289135860617022,COMPLETE
278,7.747499999999999,2025-06-12 21:35:18.070987,2025-06-12 21:35:21.892887,0 days 00:00:03.821900,46,0.6357403374274571,0.0339026869802552,0.9855540584882638,0.00016087886832196087,165,2786918,7.747499999999999,0.5057358500244964,0.33174999999999993,0.12966374782490286,160.0,4,8.529999999999998,"[0.5289999999999999, 0.32399999999999984]",2786918,"[5.289999999999999, 3.2399999999999984]",0.02175062745809555,3.480100393295288,7.119999999999997,"[0.16799999999999987, 0.5439999999999999]",2787918,"[1.6799999999999988, 5.4399999999999995]",0.022865688800811766,3.658510208129883,7.619999999999999,"[0.3369999999999999, 0.42499999999999993]",2788918,"[3.369999999999999, 4.249999999999999]",0.022469185292720795,3.595069646835327,7.719999999999999,"[0.2929999999999999, 0.479]",2789918,"[2.9299999999999993, 4.79]",0.022181013226509096,3.548962116241455,MinimaxSolutionConcept,3.317499999999999,1.2966374782490286,0.022316628694534303,0.00040727431504256073,3.5706605911254883,0.06516389040680973,COMPLETE
279,8.264999999999999,2025-06-12 21:35:21.907290,2025-06-12 21:35:25.889326,0 days 00:00:03.982036,47,0.8692664898216954,0.1504421785394714,0.9918111168354382,0.0005941790846360721,183,2796921,8.264999999999999,2.3269346789284824,0.4087499999999999,0.20804491702514627,180.0,4,11.519999999999998,"[0.7339999999999999, 0.4179999999999998]",2796921,"[7.339999999999999, 4.179999999999998]",0.01883688105477227,3.390638589859009,9.029999999999998,"[0.16499999999999987, 0.7379999999999999]",2797921,"[1.6499999999999986, 7.379999999999999]",0.02121006382836236,3.8178114891052246,7.349999999999999,"[0.4159999999999999, 0.31899999999999984]",2798921,"[4.159999999999999, 3.1899999999999986]",0.018890417946709526,3.400275230407715,5.1599999999999975,"[0.3199999999999999, 0.1959999999999999]",2799921,"[3.199999999999999, 1.959999999999999]",0.02076670461230808,3.738006830215454,MinimaxSolutionConcept,4.0874999999999995,2.080449170251463,0.01992601686053806,0.0010740361289638773,3.5866830348968506,0.19332650321349779,COMPLETE
280,4.284999999999997,2025-06-12 21:35:25.903918,2025-06-12 21:35:30.116077,0 days 00:00:04.212159,49,0.6644829979880449,0.038063274238682644,0.9877351123189466,0.00014814966503614357,173,2806925,4.284999999999997,4.033376377180787,0.25874999999999987,0.2579315558437936,170.0,4,7.049999999999997,"[0.603, 0.10199999999999984]",2806925,"[6.029999999999999, 1.0199999999999985]",0.021994437890894274,3.7390544414520264,9.019999999999998,"[0.3419999999999999, 0.5599999999999999]",2807925,"[3.419999999999999, 5.6]",0.02309409590328441,3.9259963035583496,2.389999999999997,"[0.20199999999999982, 0.036999999999999825]",2808925,"[2.0199999999999982, 0.3699999999999982]",0.02061311777900247,3.50423002243042,-1.3200000000000038,"[-0.11200000000000018, -0.020000000000000195]",2809925,"[-1.1200000000000019, -0.20000000000000195]",0.0238115857629215,4.047969579696655,MinimaxSolutionConcept,2.5874999999999986,2.579315558437936,0.022378309334025664,0.0012072582827564887,3.804312586784363,0.20523390806860314,COMPLETE
281,10.407499999999999,2025-06-12 21:35:31.432657,2025-06-12 21:35:34.685045,0 days 00:00:03.252388,45,0.9006534920997515,0.05399813164877252,0.9300635250953042,0.00019097000811173193,152,2816931,10.407499999999999,2.759704467873327,0.5887499999999999,0.18167742705135392,150.0,4,13.559999999999999,"[0.772, 0.5839999999999999]",2816931,"[7.720000000000001, 5.839999999999998]",0.019209415117899576,2.8814122676849365,9.029999999999998,"[0.2969999999999998, 0.606]",2817931,"[2.969999999999998, 6.06]",0.018071985244750975,2.7107977867126465,12.44,"[0.704, 0.5399999999999999]",2818931,"[7.039999999999999, 5.3999999999999995]",0.01889039993286133,2.833559989929199,6.599999999999998,"[0.5819999999999999, 0.07799999999999987]",2819931,"[5.8199999999999985, 0.7799999999999987]",0.02056552251180013,3.0848283767700195,MinimaxSolutionConcept,5.887499999999999,1.8167742705135395,0.019184330701828005,0.000898892062025382,2.8776496052742004,0.13483380930380728,COMPLETE
282,4.167499999999997,2025-06-12 21:35:34.700120,2025-06-12 21:35:38.167968,0 days 00:00:03.467848,45,0.9072466270126358,0.09701240171805961,0.9283405643601038,0.0002422277463021734,153,2826934,4.167499999999997,2.4880250702113105,0.22474999999999984,0.1334623074129921,150.0,4,8.279999999999996,"[0.40299999999999986, 0.4249999999999998]",2826934,"[4.0299999999999985, 4.249999999999998]",0.020557549794514973,3.083632469177246,1.9399999999999973,"[0.12699999999999984, 0.06699999999999984]",2827934,"[1.2699999999999982, 0.6699999999999984]",0.02007258892059326,3.0108883380889893,2.4799999999999973,"[0.06899999999999985, 0.17899999999999985]",2828934,"[0.6899999999999985, 1.7899999999999985]",0.021534201304117838,3.230130195617676,3.9699999999999975,"[0.2999999999999998, 0.09699999999999986]",2829934,"[2.9999999999999982, 0.9699999999999986]",0.021554233233133952,3.2331349849700928,MinimaxSolutionConcept,2.2474999999999987,1.3346230741299208,0.020929643313090007,0.000638082822014436,3.139446496963501,0.09571242330216531,COMPLETE
283,6.092499999999998,2025-06-12 21:35:38.182879,2025-06-12 21:35:41.566757,0 days 00:00:03.383878,44,0.6140663632216957,0.1619744431049588,0.9251872070793378,0.0001942409077844297,140,2836938,6.092499999999998,3.1218053670912935,0.3397499999999999,0.19830075012465284,140.0,4,5.369999999999998,"[0.32399999999999995, 0.2129999999999999]",2836938,"[3.2399999999999993, 2.129999999999999]",0.021134509359087263,2.958831310272217,11.1,"[0.30999999999999994, 0.8]",2837938,"[3.0999999999999996, 8.0]",0.020749827793666294,2.9049758911132812,2.4999999999999973,"[0.08399999999999987, 0.16599999999999987]",2838938,"[0.8399999999999986, 1.6599999999999988]",0.02295924425125122,3.214294195175171,5.399999999999997,"[0.6409999999999999, -0.10100000000000016]",2839938,"[6.409999999999999, -1.0100000000000016]",0.02045474052429199,2.863663673400879,MinimaxSolutionConcept,3.397499999999999,1.9830075012465285,0.02132458048207419,0.0009740655618386541,2.985441267490387,0.1363691786574115,COMPLETE
284,7.087499999999998,2025-06-12 21:35:41.581354,2025-06-12 21:35:49.714962,0 days 00:00:08.133608,50,0.9151766718096828,0.05517946425891597,0.9285861066866283,0.00017831488356029624,368,2846941,7.087499999999998,1.9798532142560474,0.4772499999999999,0.14394855852004915,360.0,4,9.799999999999999,"[0.5269999999999999, 0.45299999999999996]",2846941,"[5.27, 4.529999999999999]",0.020052730374866063,7.218982934951782,6.889999999999997,"[0.23199999999999982, 0.45699999999999996]",2847941,"[2.319999999999998, 4.569999999999999]",0.021126239167319403,7.605446100234985,7.429999999999997,"[0.5989999999999999, 0.14399999999999985]",2848941,"[5.989999999999998, 1.4399999999999986]",0.02020243207613627,7.272875547409058,4.229999999999997,"[0.5509999999999999, -0.12800000000000022]",2849941,"[5.51, -1.2800000000000022]",0.02199757695198059,7.919127702713013,MinimaxSolutionConcept,4.772499999999999,1.4394855852004915,0.02084474464257558,0.0007823224294257026,7.5041080713272095,0.2816360745932532,COMPLETE
285,7.434999999999997,2025-06-12 21:35:49.729715,2025-06-12 21:35:53.468036,0 days 00:00:03.738321,45,0.572433106380568,0.04935414526480392,0.93186952208837,0.00021167499811090108,157,2856949,7.434999999999997,1.7294580075850357,0.4612499999999999,0.101639989669421,150.0,4,9.949999999999998,"[0.6169999999999999, 0.3779999999999999]",2856949,"[6.169999999999999, 3.779999999999999]",0.02358034292856852,3.5370514392852783,6.109999999999998,"[0.4099999999999998, 0.2009999999999999]",2857949,"[4.099999999999998, 2.009999999999999]",0.023638211886088053,3.545731782913208,8.099999999999998,"[0.476, 0.33399999999999996]",2858949,"[4.76, 3.34]",0.022567240397135417,3.3850860595703125,5.5799999999999965,"[0.3419999999999998, 0.21599999999999983]",2859949,"[3.419999999999998, 2.1599999999999984]",0.020844899813334147,3.126734972000122,MinimaxSolutionConcept,4.612499999999999,1.01639989669421,0.022657673756281534,0.0011299447980065982,3.3986510634422302,0.16949171970098975,COMPLETE
286,9.307499999999997,2025-06-12 21:35:54.852372,2025-06-12 21:35:58.029810,0 days 00:00:03.177438,43,0.8993973954363973,0.10251658207491557,0.9713101144979686,0.00029423044973149286,150,2866954,9.307499999999997,3.1439734016050465,0.43499999999999994,0.1643578413097471,150.0,4,4.479999999999997,"[0.16599999999999987, 0.28199999999999986]",2866954,"[1.6599999999999988, 2.8199999999999985]",0.019135746955871582,2.8703620433807373,9.159999999999998,"[0.607, 0.30899999999999983]",2867954,"[6.07, 3.089999999999998]",0.019979902903238932,2.99698543548584,13.18,"[0.5099999999999999, 0.808]",2868954,"[5.099999999999999, 8.08]",0.018597509066263836,2.789626359939575,10.409999999999998,"[0.45699999999999996, 0.584]",2869954,"[4.569999999999999, 5.84]",0.019062307675679523,2.8593461513519287,MinimaxSolutionConcept,4.35,1.643578413097471,0.01919386665026347,0.0004985431329522479,2.8790799975395203,0.07478146994283726,COMPLETE
287,8.864999999999998,2025-06-12 21:35:58.044320,2025-06-12 21:36:01.396005,0 days 00:00:03.351685,46,0.8970379673206592,0.05152269902531672,0.9212654111850396,0.00033820032688662875,147,2876958,8.864999999999998,0.7555627042145483,0.41174999999999984,0.13977906674463098,140.0,4,8.469999999999999,"[0.34699999999999986, 0.4999999999999999]",2876958,"[3.469999999999999, 4.999999999999999]",0.01852787562779018,2.593902587890625,7.9099999999999975,"[0.40599999999999986, 0.38499999999999995]",2877958,"[4.059999999999999, 3.8499999999999996]",0.018998754024505616,2.659825563430786,9.93,"[0.6359999999999999, 0.35699999999999993]",2878958,"[6.359999999999999, 3.5699999999999994]",0.022601313250405448,3.1641838550567627,9.149999999999999,"[0.2579999999999999, 0.6569999999999998]",2879958,"[2.579999999999999, 6.5699999999999985]",0.020726413386208672,2.901697874069214,MinimaxSolutionConcept,4.117499999999999,1.3977906674463099,0.020213589072227478,0.001603252127551682,2.829902470111847,0.22445529785723556,COMPLETE
288,6.669999999999998,2025-06-12 21:36:01.410601,2025-06-12 21:36:04.964105,0 days 00:00:03.553504,43,0.6511139324410117,0.04288888829558362,0.9706334726230147,0.018473763685686685,150,2886961,6.669999999999998,2.996739895286209,0.3074999999999999,0.2533224230106763,150.0,4,11.789999999999997,"[0.738, 0.44099999999999984]",2886961,"[7.38, 4.409999999999998]",0.020042683283487957,3.0064024925231934,5.719999999999999,"[0.08499999999999988, 0.48699999999999993]",2887961,"[0.8499999999999988, 4.869999999999999]",0.02146251678466797,3.2193775177001953,4.349999999999997,"[0.21399999999999988, 0.22099999999999992]",2888961,"[2.139999999999999, 2.209999999999999]",0.020247782071431478,3.0371673107147217,4.8199999999999985,"[0.1929999999999999, 0.28899999999999987]",2889961,"[1.9299999999999988, 2.889999999999999]",0.022489078839619956,3.373361825942993,MinimaxSolutionConcept,3.0749999999999993,2.533224230106763,0.02106051524480184,0.0009872836845434955,3.159077286720276,0.1480925526815243,COMPLETE
289,7.587499999999999,2025-06-12 21:36:04.978920,2025-06-12 21:36:08.217593,0 days 00:00:03.238673,44,0.9035555770828587,0.09282285613141164,0.9688117729458547,0.0001527603062661957,141,2896965,7.587499999999999,1.5250963084343232,0.4074999999999999,0.104874925506529,140.0,4,7.649999999999998,"[0.564, 0.2009999999999999]",2896965,"[5.64, 2.009999999999999]",0.0215512752532959,3.017178535461426,10.049999999999999,"[0.3059999999999999, 0.699]",2897965,"[3.0599999999999987, 6.989999999999999]",0.01911980765206473,2.6767730712890625,6.169999999999998,"[0.442, 0.17499999999999988]",2898965,"[4.42, 1.7499999999999987]",0.020242570127759662,2.8339598178863525,6.479999999999999,"[0.3179999999999999, 0.3299999999999999]",2899965,"[3.179999999999999, 3.299999999999999]",0.021932056971958706,3.0704879760742188,MinimaxSolutionConcept,4.074999999999999,1.0487492550652902,0.020711427501269752,0.001112245648718839,2.899599850177765,0.15571439082063734,COMPLETE
290,4.602499999999999,2025-06-12 21:36:08.232579,2025-06-12 21:36:10.248158,0 days 00:00:02.015579,27,0.9267128610712063,0.0580095429860661,0.9375134320410311,0.0002956350405932765,123,2906968,4.602499999999999,1.2278919944359927,0.22074999999999995,0.051319465118023204,120.0,4,4.8999999999999995,"[0.20699999999999993, 0.2829999999999999]",2906968,"[2.0699999999999994, 2.829999999999999]",0.015274967749913533,1.832996129989624,2.669999999999999,"[0.18799999999999992, 0.07899999999999996]",2907968,"[1.8799999999999992, 0.7899999999999996]",0.015385703245798747,1.8462843894958496,6.079999999999999,"[0.30799999999999994, 0.29999999999999993]",2908968,"[3.079999999999999, 2.999999999999999]",0.01526259183883667,1.8315110206604004,4.76,"[0.17999999999999994, 0.29599999999999993]",2909968,"[1.7999999999999994, 2.959999999999999]",0.014505547285079957,1.7406656742095947,MinimaxSolutionConcept,2.207499999999999,0.5131946511802319,0.015107202529907226,0.0003506574855730251,1.8128643035888672,0.04207889826876307,COMPLETE
291,6.092499999999998,2025-06-12 21:36:11.657738,2025-06-12 21:36:15.238384,0 days 00:00:03.580646,48,0.8873137724549356,0.05388661002028766,0.9710447634136087,0.0002733541387003647,160,2916971,6.092499999999998,0.6114480762910294,0.44899999999999984,0.15087909066534042,160.0,4,5.7399999999999975,"[0.40199999999999986, 0.17199999999999985]",2916971,"[4.019999999999999, 1.7199999999999984]",0.020421871542930604,3.2674994468688965,6.939999999999999,"[0.34699999999999986, 0.34699999999999986]",2917971,"[3.469999999999999, 3.469999999999999]",0.019796767830848695,3.167482852935791,5.329999999999997,"[0.3399999999999999, 0.1929999999999999]",2918971,"[3.399999999999999, 1.9299999999999988]",0.021278005838394166,3.4044809341430664,6.359999999999998,"[0.707, -0.07100000000000017]",2919971,"[7.069999999999999, -0.7100000000000017]",0.019563637673854828,3.1301820278167725,MinimaxSolutionConcept,4.489999999999999,1.508790906653404,0.020265070721507072,0.0006636904335531497,3.2424113154411316,0.10619046936850395,COMPLETE
292,5.269999999999998,2025-06-12 21:36:15.253245,2025-06-12 21:36:18.140686,0 days 00:00:02.887441,45,0.8908640130120097,0.033490348115471726,0.9761490321622418,0.00010021112366535017,134,2926975,5.269999999999998,1.9982742554514386,0.2879999999999999,0.07437405461584035,130.0,4,7.559999999999998,"[0.3369999999999999, 0.4189999999999999]",2926975,"[3.369999999999999, 4.189999999999999]",0.020194523151104267,2.6252880096435547,2.1599999999999975,"[0.15999999999999986, 0.05599999999999985]",2927975,"[1.5999999999999988, 0.5599999999999985]",0.020675147496736965,2.6877691745758057,5.079999999999997,"[0.3379999999999999, 0.16999999999999987]",2928975,"[3.379999999999999, 1.6999999999999988]",0.020824967897855318,2.7072458267211914,6.2799999999999985,"[0.31699999999999984, 0.31099999999999983]",2929975,"[3.169999999999998, 3.1099999999999985]",0.020700729810274564,2.6910948753356934,MinimaxSolutionConcept,2.879999999999999,0.7437405461584033,0.020598842088992778,0.00024021360700844625,2.6778494715690613,0.031227768911098065,COMPLETE
293,7.762499999999998,2025-06-12 21:36:18.157981,2025-06-12 21:36:27.483061,0 days 00:00:09.325080,49,0.6692684980757679,0.10012189122625792,0.9729941651972894,0.007753083044779457,415,2936978,7.762499999999998,2.693504919245555,0.43899999999999983,0.21676369622240715,410.0,4,5.7399999999999975,"[0.34299999999999986, 0.23099999999999987]",2936978,"[3.429999999999999, 2.3099999999999987]",0.020658591316967477,8.470022439956665,4.529999999999998,"[0.13599999999999984, 0.31699999999999984]",2937978,"[1.3599999999999985, 3.169999999999998]",0.022337098237944813,9.158210277557373,9.809999999999999,"[0.5779999999999998, 0.4029999999999999]",2938978,"[5.7799999999999985, 4.029999999999999]",0.019923189209728707,8.16850757598877,10.969999999999999,"[0.699, 0.39799999999999985]",2939978,"[6.989999999999999, 3.9799999999999986]",0.020348962923375572,8.343074798583984,MinimaxSolutionConcept,4.389999999999999,2.1676369622240714,0.020816960422004142,0.0009156621090088151,8.534953773021698,0.3754214646936143,COMPLETE
294,6.274999999999998,2025-06-12 21:36:27.497291,2025-06-12 21:36:31.367457,0 days 00:00:03.870166,48,0.5930830444222651,0.029960155475326683,0.9784314295815945,0.00040609166003327513,151,2946987,6.274999999999998,2.0841005254065843,0.28674999999999984,0.062057936639885146,150.0,4,3.659999999999997,"[0.33699999999999986, 0.028999999999999804]",2946987,"[3.3699999999999983, 0.28999999999999804]",0.024448342323303222,3.6672513484954834,7.559999999999998,"[0.2949999999999999, 0.46099999999999997]",2947987,"[2.949999999999999, 4.609999999999999]",0.023011199633280435,3.4516799449920654,8.939999999999998,"[0.3319999999999999, 0.5619999999999999]",2948987,"[3.319999999999999, 5.619999999999999]",0.021748183568318685,3.2622275352478027,4.939999999999998,"[0.18299999999999988, 0.31099999999999983]",2949987,"[1.8299999999999987, 3.1099999999999985]",0.020827658971150718,3.1241488456726074,MinimaxSolutionConcept,2.8674999999999984,0.6205793663988515,0.022508846124013264,0.0013618922793230672,3.3763269186019897,0.20428384189846022,COMPLETE
295,5.842499999999998,2025-06-12 21:36:31.381852,2025-06-12 21:36:34.284946,0 days 00:00:02.903094,50,0.9168928964971644,0.03701493113041611,0.9682658690537531,0.0005908977902618606,128,2956991,5.842499999999998,3.054827122768162,0.35324999999999995,0.1243249271063531,120.0,4,10.389999999999999,"[0.39699999999999996, 0.6419999999999999]",2956991,"[3.9699999999999998, 6.419999999999999]",0.020170962810516356,2.420515537261963,4.469999999999998,"[0.43199999999999994, 0.01499999999999983]",2957991,"[4.319999999999999, 0.1499999999999983]",0.020689632495244345,2.4827558994293213,6.459999999999997,"[0.44399999999999995, 0.20199999999999987]",2958991,"[4.4399999999999995, 2.0199999999999987]",0.021749629577000936,2.6099555492401123,2.0499999999999963,"[0.13999999999999985, 0.06499999999999981]",2959991,"[1.3999999999999986, 0.6499999999999981]",0.022543841600418092,2.705260992050171,MinimaxSolutionConcept,3.5324999999999993,1.243249271063531,0.02128851662079493,0.0009214193775843308,2.554621994495392,0.11057032531011961,COMPLETE
296,7.217499999999998,2025-06-12 21:36:35.621312,2025-06-12 21:36:39.256386,0 days 00:00:03.635074,46,0.898252452246777,0.10277354413739608,0.9808309372124558,0.0004842161760878838,167,2966995,7.217499999999998,4.918146881702498,0.3597499999999999,0.37293724338016987,160.0,4,-0.15000000000000324,"[-0.2220000000000002, 0.20699999999999993]",2966995,"[-2.220000000000002, 2.0699999999999994]",0.021669432520866394,3.467109203338623,6.309999999999997,"[0.2919999999999999, 0.33899999999999986]",2967995,"[2.919999999999999, 3.389999999999999]",0.01955261081457138,3.128417730331421,9.429999999999998,"[0.6499999999999998, 0.293]",2968995,"[6.499999999999998, 2.9299999999999997]",0.019758233428001405,3.1613173484802246,13.279999999999998,"[0.719, 0.609]",2969995,"[7.1899999999999995, 6.09]",0.01788697987794876,2.8619167804718018,MinimaxSolutionConcept,3.597499999999999,3.7293724338016983,0.019716814160346985,0.001340679888841317,3.1546902656555176,0.21450878221461064,COMPLETE
297,9.2175,2025-06-12 21:36:39.271131,2025-06-12 21:36:42.619055,0 days 00:00:03.347924,44,0.6255395633376789,0.047014225899232036,0.974081632731559,0.0007884300151165408,145,2976999,9.2175,3.022998304663766,0.5449999999999999,0.17846148043765636,140.0,4,11.759999999999998,"[0.6799999999999999, 0.4959999999999999]",2976999,"[6.799999999999999, 4.959999999999999]",0.02143477201461792,3.000868082046509,8.019999999999998,"[0.43299999999999983, 0.3689999999999999]",2977999,"[4.329999999999998, 3.6899999999999986]",0.02008289269038609,2.8116049766540527,12.27,"[0.7529999999999999, 0.47400000000000003]",2978999,"[7.529999999999999, 4.74]",0.020081973075866698,2.811476230621338,4.819999999999998,"[0.3139999999999999, 0.16799999999999987]",2979999,"[3.139999999999999, 1.6799999999999988]",0.022720110416412354,3.1808154582977295,MinimaxSolutionConcept,5.449999999999999,1.7846148043765637,0.021079937049320766,0.001096141650598781,2.9511911869049072,0.15345983108382924,COMPLETE
298,6.377499999999998,2025-06-12 21:36:42.633345,2025-06-12 21:36:46.043204,0 days 00:00:03.409859,44,0.6035820490086116,0.046948118053369854,0.9749405340607497,0.0007851277549254778,144,2987002,6.377499999999998,2.5505428343785956,0.26349999999999985,0.14707396098562112,140.0,4,4.089999999999997,"[0.06599999999999986, 0.34299999999999986]",2987002,"[0.6599999999999986, 3.429999999999999]",0.02315471342631749,3.2416598796844482,5.629999999999999,"[0.20399999999999988, 0.3589999999999999]",2988002,"[2.0399999999999987, 3.589999999999999]",0.02188046830041068,3.063265562057495,10.689999999999998,"[0.46599999999999986, 0.6029999999999998]",2989002,"[4.659999999999998, 6.029999999999998]",0.0208137001310076,2.9139180183410645,5.099999999999998,"[0.3179999999999999, 0.19199999999999987]",2990002,"[3.179999999999999, 1.9199999999999986]",0.022872415610722133,3.2021381855010986,MinimaxSolutionConcept,2.634999999999999,1.4707396098562109,0.022180324367114475,0.0009200543179109991,3.1052454113960266,0.12880760450753975,COMPLETE
299,6.642499999999998,2025-06-12 21:36:46.057739,2025-06-12 21:36:49.440579,0 days 00:00:03.382840,43,0.860366048375742,0.06021909007232599,0.9188952846694367,0.0010013780072924837,155,2997006,6.642499999999998,1.7823632486112362,0.3937499999999999,0.07159739869576268,150.0,4,4.089999999999998,"[0.45599999999999985, -0.04700000000000016]",2997006,"[4.559999999999999, -0.4700000000000016]",0.021452468236287436,3.2178702354431152,9.119999999999997,"[0.3099999999999999, 0.602]",2998006,"[3.0999999999999988, 6.02]",0.02052730878194173,3.0790963172912598,6.519999999999999,"[0.33599999999999985, 0.3159999999999999]",2999006,"[3.3599999999999985, 3.159999999999999]",0.01932658036549886,2.898987054824829,6.839999999999998,"[0.47299999999999986, 0.2109999999999999]",3000006,"[4.729999999999999, 2.109999999999999]",0.0201312255859375,3.019683837890625,MinimaxSolutionConcept,3.9374999999999987,0.7159739869576268,0.02035939574241638,0.0007651423868805415,3.0539093613624573,0.11477135803208109,COMPLETE
300,8.347499999999998,2025-06-12 22:10:04.478127,2025-06-12 22:10:08.997414,0 days 00:00:04.519287,45,0.6447582715701953,0.08529038767467217,0.9759934247802847,0.00022337512619969126,140,3009004,8.347499999999998,1.6966345363689852,0.4252499999999999,0.18786081949145225,140.0,4,9.059999999999999,"[0.575, 0.33099999999999985]",3009004,"[5.75, 3.3099999999999987]",0.021633803844451904,3.0287325382232666,7.889999999999999,"[0.35199999999999987, 0.43699999999999994]",3010004,"[3.5199999999999987, 4.369999999999999]",0.02237421785082136,3.1323904991149902,5.899999999999997,"[0.15199999999999986, 0.4379999999999999]",3011004,"[1.5199999999999987, 4.379999999999999]",0.030598413944244385,4.283777952194214,10.539999999999997,"[0.6219999999999999, 0.43199999999999994]",3012004,"[6.219999999999999, 4.319999999999999]",0.020189053671700614,2.826467514038086,MinimaxSolutionConcept,4.2524999999999995,1.8786081949145226,0.023698872327804564,0.004060225327492566,3.317842125892639,0.5684315458489593,COMPLETE
301,6.337499999999998,2025-06-12 22:10:10.501726,2025-06-12 22:10:19.367664,0 days 00:00:08.865938,44,0.617351644948648,0.05063688913336789,0.9776152778214707,0.0006902297384420665,303,3019010,6.337499999999998,2.9148016656369613,0.3024999999999999,0.2599889420725428,300.0,4,7.269999999999999,"[0.2339999999999999, 0.49299999999999977]",3019010,"[2.339999999999999, 4.929999999999998]",0.028964483737945558,8.689345121383667,8.459999999999997,"[0.475, 0.3709999999999999]",3020010,"[4.75, 3.709999999999999]",0.022611942291259766,6.78358268737793,8.269999999999998,"[0.5899999999999999, 0.23699999999999993]",3021010,"[5.899999999999999, 2.369999999999999]",0.025745561917622884,7.723668575286865,1.3499999999999974,"[-0.08900000000000016, 0.2239999999999999]",3022010,"[-0.8900000000000017, 2.239999999999999]",0.026328834692637127,7.898650407791138,MinimaxSolutionConcept,3.024999999999999,2.599889420725428,0.025912705659866333,0.0022588431029990663,7.7738116979599,0.6776529308997198,COMPLETE
302,7.114999999999998,2025-06-12 22:10:19.382516,2025-06-12 22:10:24.608187,0 days 00:00:05.225671,42,0.656889270701329,0.09169371192287805,0.9828858649269014,0.004219178803194275,163,3029019,7.114999999999998,1.5032714325762992,0.4342499999999999,0.07994177568705865,160.0,4,8.609999999999998,"[0.47399999999999987, 0.3869999999999999]",3029019,"[4.739999999999998, 3.869999999999999]",0.02986450493335724,4.778320789337158,6.959999999999998,"[0.497, 0.19899999999999993]",3030019,"[4.97, 1.9899999999999993]",0.0234712615609169,3.755401849746704,4.729999999999999,"[0.29699999999999993, 0.17599999999999988]",3031019,"[2.9699999999999993, 1.759999999999999]",0.031502462923526764,5.040394067764282,8.159999999999998,"[0.469, 0.347]",3032019,"[4.6899999999999995, 3.4699999999999998]",0.020062831044197083,3.210052967071533,MinimaxSolutionConcept,4.342499999999999,0.7994177568705864,0.026225265115499496,0.004654379991436332,4.196042418479919,0.7447007986298131,COMPLETE
303,6.127499999999998,2025-06-12 22:10:24.623070,2025-06-12 22:10:36.051062,0 days 00:00:11.427992,45,0.903531495898522,0.08711693600874475,0.9308733674026981,0.0008979985063552939,401,3039024,6.127499999999998,2.5933797928571902,0.3959999999999998,0.19408632100176457,400.0,4,3.3299999999999974,"[0.3839999999999999, -0.051000000000000156]",3039024,"[3.839999999999999, -0.5100000000000016]",0.028108964562416076,11.24358582496643,4.639999999999997,"[0.2069999999999998, 0.2569999999999998]",3040024,"[2.069999999999998, 2.5699999999999976]",0.024336366057395933,9.734546422958374,6.309999999999996,"[0.2789999999999998, 0.35199999999999987]",3041024,"[2.7899999999999983, 3.5199999999999987]",0.026065069437026977,10.426027774810791,10.229999999999999,"[0.7139999999999997, 0.30899999999999983]",3042024,"[7.139999999999997, 3.089999999999998]",0.02394315779209137,9.577263116836548,MinimaxSolutionConcept,3.959999999999998,1.940863210017645,0.02561338946223259,0.0016471469643545324,10.245355784893036,0.6588587857418131,COMPLETE
304,7.899999999999998,2025-06-12 22:10:36.069623,2025-06-12 22:10:40.668764,0 days 00:00:04.599141,43,0.6279021240727395,0.05435051232439998,0.9798359566449032,0.00013540146187516238,151,3049036,7.899999999999998,1.8640278967869552,0.43024999999999985,0.11484854156670868,150.0,4,10.439999999999998,"[0.4779999999999999, 0.566]",3049036,"[4.779999999999999, 5.659999999999999]",0.02448755900065104,3.6731338500976562,8.799999999999997,"[0.2989999999999998, 0.5809999999999998]",3050036,"[2.9899999999999984, 5.809999999999999]",0.022736379305521647,3.410456895828247,6.779999999999998,"[0.594, 0.08399999999999988]",3051036,"[5.9399999999999995, 0.8399999999999987]",0.023406405448913575,3.510960817337036,5.579999999999997,"[0.34999999999999987, 0.20799999999999988]",3052036,"[3.4999999999999987, 2.0799999999999987]",0.02940962791442871,4.411444187164307,MinimaxSolutionConcept,4.302499999999999,1.1484854156670867,0.025009992917378744,0.002615842929614406,3.7514989376068115,0.39237643944216094,COMPLETE
305,6.709999999999998,2025-06-12 22:10:40.683678,2025-06-12 22:10:53.809578,0 days 00:00:13.125900,46,0.8743923069759919,0.06540459583643884,0.9816164121751748,0.00011513139985984137,434,3059040,6.709999999999998,1.9315667216019228,0.3592499999999999,0.19425804359150745,430.0,4,6.359999999999998,"[0.3329999999999999, 0.3029999999999998]",3059040,"[3.329999999999999, 3.0299999999999985]",0.03008830048317133,12.937969207763672,9.079999999999998,"[0.6839999999999999, 0.22399999999999992]",3060040,"[6.84, 2.2399999999999993]",0.030112564286520316,12.948402643203735,7.589999999999997,"[0.22099999999999992, 0.5379999999999999]",3061040,"[2.209999999999999, 5.379999999999999]",0.021573315664779307,9.276525735855103,3.809999999999998,"[0.1989999999999999, 0.18199999999999988]",3062040,"[1.9899999999999989, 1.819999999999999]",0.022629984035048373,9.7308931350708,MinimaxSolutionConcept,3.592499999999999,1.9425804359150747,0.026101041117379833,0.00401681124866395,11.223447680473328,1.7272288369254978,COMPLETE
306,9.009999999999998,2025-06-12 22:10:55.400335,2025-06-12 22:11:00.870736,0 days 00:00:05.470401,44,0.6065659927649765,0.0968343916547014,0.9057476381290437,0.0017844866062538083,160,3069055,9.009999999999998,1.3038788287260437,0.4519999999999999,0.04455894971832256,160.0,4,8.119999999999997,"[0.3899999999999999, 0.4219999999999999]",3069055,"[3.899999999999999, 4.219999999999999]",0.022978933155536653,3.6766293048858643,8.86,"[0.4709999999999998, 0.41499999999999987]",3070055,"[4.709999999999998, 4.149999999999999]",0.021910715103149413,3.5057144165039062,11.179999999999998,"[0.5109999999999999, 0.607]",3071055,"[5.109999999999999, 6.07]",0.030588962137699127,4.89423394203186,7.879999999999999,"[0.43599999999999994, 0.35199999999999987]",3072055,"[4.359999999999999, 3.5199999999999987]",0.03309766203165054,5.295625925064087,MinimaxSolutionConcept,4.52,0.4455894971832258,0.027144068107008933,0.004797106115388628,4.343050897121429,0.7675369784621804,COMPLETE
307,8.077499999999999,2025-06-12 22:11:00.886168,2025-06-12 22:11:06.600248,0 days 00:00:05.714080,47,0.6385186621743675,0.10492845113643436,0.9839121528905733,0.00016407416128849385,180,3079060,8.077499999999999,1.8062858992972302,0.4022499999999999,0.12987951147120935,180.0,4,5.569999999999998,"[0.21299999999999986, 0.3439999999999999]",3079060,"[2.1299999999999986, 3.439999999999999]",0.026263086001078288,4.727355480194092,10.49,"[0.5149999999999999, 0.534]",3080060,"[5.149999999999999, 5.34]",0.0271407855881585,4.88534140586853,8.809999999999999,"[0.5299999999999999, 0.35099999999999987]",3081060,"[5.299999999999999, 3.509999999999999]",0.020919391844007703,3.7654905319213867,7.439999999999999,"[0.35099999999999987, 0.3929999999999999]",3082060,"[3.509999999999999, 3.929999999999999]",0.030780216058095295,5.540438890457153,MinimaxSolutionConcept,4.022499999999999,1.2987951147120935,0.026275869872834947,0.0035259478885814946,4.7296565771102905,0.634670619944669,COMPLETE
308,7.172499999999998,2025-06-12 22:11:06.617776,2025-06-12 22:11:12.292238,0 days 00:00:05.674462,46,0.6214537662905218,0.04750996564655251,0.9268523558736489,0.00012462317641219212,170,3089066,7.172499999999998,2.9238961592368504,0.39949999999999986,0.12030897722115334,170.0,4,3.6299999999999963,"[0.3019999999999999, 0.06099999999999985]",3089066,"[3.0199999999999987, 0.6099999999999985]",0.024394642605501064,4.147089242935181,5.7399999999999975,"[0.2629999999999999, 0.3109999999999999]",3090066,"[2.629999999999999, 3.109999999999999]",0.031968426704406736,5.4346325397491455,7.759999999999998,"[0.4819999999999999, 0.2939999999999999]",3091066,"[4.8199999999999985, 2.9399999999999986]",0.024224076551549574,4.118093013763428,11.559999999999999,"[0.5509999999999998, 0.605]",3092066,"[5.509999999999998, 6.05]",0.032299378338982075,5.490894317626953,MinimaxSolutionConcept,3.9949999999999983,1.2030897722115332,0.028221631050109865,0.003914485379685671,4.797677278518677,0.6654625145465642,COMPLETE
309,10.084999999999999,2025-06-12 22:11:12.307268,2025-06-12 22:11:16.865068,0 days 00:00:04.557800,42,0.5916785459885515,0.0942096988085942,0.9738550169360032,0.0002698625208929339,146,3099072,10.084999999999999,2.508759653693434,0.5395,0.2993664142818964,140.0,4,7.389999999999999,"[0.4379999999999999, 0.3009999999999999]",3099072,"[4.379999999999999, 3.009999999999999]",0.023642773287636892,3.309988260269165,13.95,"[0.7570000000000001, 0.6379999999999999]",3100072,"[7.570000000000001, 6.379999999999999]",0.03041961533682687,4.258746147155762,10.57,"[0.865, 0.1919999999999999]",3101072,"[8.65, 1.919999999999999]",0.031216617992946078,4.370326519012451,8.43,"[0.09799999999999986, 0.7449999999999999]",3102072,"[0.9799999999999986, 7.449999999999999]",0.02256812538419451,3.1595375537872314,MinimaxSolutionConcept,5.395,2.993664142818964,0.026961783000401085,0.00388523738021534,3.7746496200561523,0.5439332332301476,COMPLETE
310,6.1324999999999985,2025-06-12 22:11:16.882750,2025-06-12 22:11:21.253665,0 days 00:00:04.370915,42,0.9775371508525632,0.09459298683511662,0.9741980702522223,0.00027791260376192485,146,3109076,6.1324999999999985,3.693530661846468,0.2957499999999999,0.17399335475816313,140.0,4,3.9999999999999973,"[0.18199999999999988, 0.2179999999999999]",3109076,"[1.819999999999999, 2.179999999999999]",0.02520726237978254,3.5290167331695557,11.200000000000001,"[0.49499999999999994, 0.6249999999999999]",3110076,"[4.949999999999999, 6.249999999999999]",0.020973873138427735,2.936342239379883,7.829999999999997,"[0.43299999999999983, 0.3499999999999999]",3111076,"[4.329999999999998, 3.499999999999999]",0.021726594652448382,3.0417232513427734,1.4999999999999978,"[0.07299999999999987, 0.07699999999999992]",3112076,"[0.7299999999999986, 0.7699999999999991]",0.02989931787763323,4.185904502868652,MinimaxSolutionConcept,2.9574999999999987,1.739933547581631,0.02445176201207297,0.003527353606792133,3.423246681690216,0.4938295049508986,COMPLETE
311,6.274999999999999,2025-06-12 22:11:22.771634,2025-06-12 22:11:27.782383,0 days 00:00:05.010749,43,0.584370444404064,0.0879943997857561,0.9776275773228895,0.00031711935814084276,154,3119082,6.274999999999999,2.7014116679987903,0.4249999999999999,0.11468870912169166,150.0,4,4.609999999999998,"[0.34699999999999986, 0.11399999999999991]",3119082,"[3.469999999999999, 1.139999999999999]",0.0322188138961792,4.83282208442688,5.419999999999998,"[0.38999999999999985, 0.15199999999999989]",3120082,"[3.8999999999999986, 1.519999999999999]",0.03123823960622152,4.6857359409332275,10.89,"[0.6209999999999999, 0.46799999999999986]",3121082,"[6.209999999999999, 4.679999999999999]",0.02691228707631429,4.0368430614471436,4.179999999999998,"[0.3419999999999999, 0.07599999999999989]",3122082,"[3.419999999999999, 0.7599999999999989]",0.02554765224456787,3.8321478366851807,MinimaxSolutionConcept,4.249999999999999,1.1468870912169167,0.02897924820582072,0.0028127391970021827,4.346887230873108,0.42191087955032736,COMPLETE
312,8.944999999999997,2025-06-12 22:11:27.799718,2025-06-12 22:11:31.755772,0 days 00:00:03.956054,42,0.8892587727476599,0.09374407714368713,0.9743604840760729,0.0002434415167942938,137,3129087,8.944999999999997,1.7617817685513721,0.43975,0.13781214569115452,130.0,4,9.399999999999997,"[0.4419999999999999, 0.4979999999999999]",3129087,"[4.419999999999999, 4.979999999999999]",0.018371939659118652,2.388352155685425,11.479999999999999,"[0.6639999999999999, 0.4839999999999999]",3130087,"[6.639999999999999, 4.839999999999999]",0.02792624143453745,3.630411386489868,6.639999999999998,"[0.32299999999999995, 0.3409999999999999]",3131087,"[3.2299999999999995, 3.4099999999999993]",0.020568229601933406,2.6738698482513428,8.259999999999998,"[0.32999999999999996, 0.4959999999999999]",3132087,"[3.3, 4.959999999999999]",0.02908605428842398,3.781187057495117,MinimaxSolutionConcept,4.3975,1.378121456911545,0.023988116246003374,0.004602577169322803,3.1184551119804382,0.5983350320119644,COMPLETE
313,8.809999999999999,2025-06-12 22:11:31.770905,2025-06-12 22:11:36.947292,0 days 00:00:05.176387,44,0.651749849782693,0.09049430703640597,0.9767609744218906,0.00023907062173560525,165,3139091,8.809999999999999,4.146812028534692,0.4047499999999999,0.22597054564699362,160.0,4,14.35,"[0.7200000000000001, 0.7150000000000001]",3139091,"[7.200000000000001, 7.15]",0.030725297331809998,4.9160475730896,2.6599999999999975,"[0.08099999999999985, 0.1849999999999999]",3140091,"[0.8099999999999985, 1.8499999999999988]",0.031271934509277344,5.003509521484375,8.91,"[0.4119999999999998, 0.4789999999999999]",3141091,"[4.119999999999998, 4.789999999999999]",0.021214044094085692,3.394247055053711,9.319999999999997,"[0.40599999999999997, 0.5259999999999999]",3142091,"[4.06, 5.259999999999999]",0.023097912967205047,3.6956660747528076,MinimaxSolutionConcept,4.047499999999999,2.2597054564699364,0.02657729722559452,0.004475380516690067,4.252367556095123,0.7160608826704105,COMPLETE
314,5.9674999999999985,2025-06-12 22:11:36.962587,2025-06-12 22:11:41.583104,0 days 00:00:04.620517,41,0.5674341274246317,0.08176836478720297,0.9234440264780301,0.00019990284681278733,144,3149097,5.9674999999999985,1.5061768654444272,0.2552499999999999,0.21487481820818374,140.0,4,8.259999999999998,"[0.21899999999999992, 0.607]",3149097,"[2.189999999999999, 6.07]",0.031703730991908485,4.4385223388671875,5.759999999999998,"[0.12199999999999989, 0.4539999999999999]",3150097,"[1.2199999999999989, 4.539999999999999]",0.023948277745928084,3.3527588844299316,5.8199999999999985,"[0.615, -0.03300000000000013]",3151097,"[6.15, -0.33000000000000135]",0.031567370891571044,4.419431924819946,4.029999999999998,"[0.06499999999999986, 0.3379999999999999]",3152097,"[0.6499999999999986, 3.379999999999999]",0.02376692976270403,3.3273701667785645,MinimaxSolutionConcept,2.5524999999999993,2.148748182081838,0.027746577348027913,0.003889800863615774,3.8845208287239075,0.5445721209062083,COMPLETE
315,7.777499999999999,2025-06-12 22:11:41.601352,2025-06-12 22:11:46.415240,0 days 00:00:04.813888,43,0.588107561806257,0.11327268456307725,0.9788875464457,0.0003801200584624202,156,3159101,7.777499999999999,1.0891596531271255,0.3959999999999999,0.06916285130039104,150.0,4,8.989999999999998,"[0.41999999999999993, 0.4789999999999999]",3159101,"[4.199999999999999, 4.789999999999999]",0.03023859977722168,4.535789966583252,6.099999999999998,"[0.34999999999999987, 0.2599999999999999]",3160101,"[3.4999999999999987, 2.5999999999999988]",0.030897204081217447,4.634580612182617,8.429999999999998,"[0.4969999999999999, 0.3459999999999998]",3161101,"[4.969999999999999, 3.459999999999998]",0.02028842290242513,3.0432634353637695,7.589999999999999,"[0.31699999999999984, 0.4419999999999999]",3162101,"[3.169999999999998, 4.419999999999999]",0.021815255482991538,3.2722883224487305,MinimaxSolutionConcept,3.9599999999999986,0.6916285130039105,0.02580987056096395,0.004794213665565449,3.8714805841445923,0.7191320498348175,COMPLETE
316,9.304999999999998,2025-06-12 22:11:48.040860,2025-06-12 22:12:00.731659,0 days 00:00:12.690799,45,0.914087368879239,0.09889029979872556,0.9725422866311508,0.0002700072749492643,453,3169108,9.304999999999998,2.908904432943785,0.5017499999999999,0.24766244668903684,450.0,4,11.979999999999997,"[0.5349999999999999, 0.6629999999999999]",3169108,"[5.35, 6.629999999999999]",0.026639353964063858,11.987709283828735,4.749999999999997,"[0.16299999999999984, 0.31199999999999983]",3170108,"[1.6299999999999983, 3.1199999999999983]",0.021248613993326823,9.56187629699707,11.69,"[0.8579999999999999, 0.3109999999999999]",3171108,"[8.579999999999998, 3.109999999999999]",0.02021997027926975,9.098986625671387,8.799999999999997,"[0.4509999999999999, 0.42899999999999994]",3172108,"[4.509999999999999, 4.289999999999999]",0.02779165638817681,12.506245374679565,MinimaxSolutionConcept,5.017499999999998,2.4766244668903683,0.02397489865620931,0.003286300231685406,10.78870439529419,1.478835104258433,COMPLETE
317,4.627499999999998,2025-06-12 22:12:00.748822,2025-06-12 22:12:11.762917,0 days 00:00:11.014095,42,0.9015311458781857,0.09789659722594056,0.9714800169932899,0.00027428475387916956,441,3179120,4.627499999999998,2.3815370561887126,0.17024999999999987,0.14281347100326355,440.0,4,4.069999999999998,"[0.2069999999999999, 0.1999999999999999]",3179120,"[2.069999999999999, 1.9999999999999991]",0.01822742982344194,8.020069122314453,1.4099999999999975,"[0.16899999999999987, -0.028000000000000153]",3180120,"[1.6899999999999986, -0.2800000000000015]",0.018722057342529297,8.23770523071289,8.079999999999997,"[0.35199999999999987, 0.45599999999999985]",3181120,"[3.5199999999999987, 4.559999999999999]",0.019681035388599742,8.659655570983887,4.949999999999998,"[-0.047000000000000146, 0.542]",3182120,"[-0.47000000000000147, 5.42]",0.024594283645803277,10.821484804153442,MinimaxSolutionConcept,1.7024999999999986,1.4281347100326356,0.020306201550093564,0.0025302808910726057,8.934728682041168,1.1133235920719469,COMPLETE
318,6.807499999999997,2025-06-12 22:12:11.778174,2025-06-12 22:12:16.770274,0 days 00:00:04.992100,44,0.9174126465727005,0.10427664233283677,0.9744563573740077,0.0003434854010192315,177,3189131,6.807499999999997,0.6142220689620329,0.31899999999999984,0.11382662254499162,170.0,4,6.219999999999999,"[0.1849999999999999, 0.4369999999999997]",3189131,"[1.8499999999999988, 4.369999999999997]",0.020456445918363684,3.477595806121826,7.359999999999998,"[0.49999999999999983, 0.2359999999999999]",3190131,"[4.999999999999998, 2.359999999999999]",0.028165327801423914,4.788105726242065,6.169999999999996,"[0.2969999999999999, 0.31999999999999984]",3191131,"[2.969999999999999, 3.1999999999999984]",0.02017523961908677,3.429790735244751,7.479999999999999,"[0.29399999999999993, 0.4539999999999999]",3192131,"[2.9399999999999995, 4.539999999999999]",0.02833844773909625,4.817536115646362,MinimaxSolutionConcept,3.189999999999999,1.1382662254499163,0.024283865269492652,0.003969739727430902,4.128257095813751,0.6748557536632533,COMPLETE
319,5.717499999999998,2025-06-12 22:12:16.786224,2025-06-12 22:12:21.572636,0 days 00:00:04.786412,45,0.8837501543243799,0.0966191146433863,0.9763918309373314,0.00025876286555942074,164,3199136,5.717499999999998,2.6393690060315556,0.3604999999999999,0.24526363366793702,160.0,4,2.6299999999999972,"[-0.05700000000000014, 0.3199999999999999]",3199136,"[-0.5700000000000014, 3.199999999999999]",0.023073337972164154,3.6917340755462646,8.429999999999998,"[0.5619999999999999, 0.2809999999999998]",3200136,"[5.619999999999999, 2.809999999999998]",0.019489829242229462,3.118372678756714,3.5699999999999976,"[0.4339999999999999, -0.07700000000000018]",3201136,"[4.339999999999999, -0.7700000000000018]",0.028824900090694428,4.611984014511108,8.239999999999998,"[0.5029999999999999, 0.3209999999999999]",3202136,"[5.029999999999999, 3.209999999999999]",0.028679028153419495,4.588644504547119,MinimaxSolutionConcept,3.604999999999999,2.4526363366793706,0.025016773864626883,0.0039445529454110355,4.0026838183403015,0.6311284712657657,COMPLETE
320,3.9824999999999973,2025-06-12 22:12:21.587751,2025-06-12 22:12:26.127596,0 days 00:00:04.539845,50,0.9188953568615147,0.10126347049322337,0.973882637413215,0.0002218892034238601,148,3209141,3.9824999999999973,1.0775522029117657,0.06949999999999984,0.04875705077217038,140.0,4,5.679999999999996,"[0.05699999999999983, 0.5109999999999999]",3209141,"[0.5699999999999983, 5.109999999999999]",0.02245833703449794,3.144167184829712,3.1999999999999975,"[0.013999999999999851, 0.30599999999999994]",3210141,"[0.13999999999999851, 3.0599999999999996]",0.024527532713753835,3.433854579925537,4.129999999999997,"[0.14799999999999985, 0.26499999999999985]",3211141,"[1.4799999999999986, 2.6499999999999986]",0.023814092363630024,3.333972930908203,2.9199999999999973,"[0.05899999999999981, 0.23299999999999987]",3212141,"[0.5899999999999981, 2.3299999999999987]",0.031137941564832416,4.359311819076538,MinimaxSolutionConcept,0.6949999999999984,0.4875705077217039,0.025484475919178556,0.0033475779257927645,3.5678266286849976,0.46866090961098694,COMPLETE
321,8.874999999999998,2025-06-12 22:12:27.811040,2025-06-12 22:12:32.842913,0 days 00:00:05.031873,47,0.9315038821618522,0.10853559122544694,0.9726159995572774,0.00029770691770821846,171,3219147,8.874999999999998,2.254401250886807,0.4204999999999998,0.12651580928880002,170.0,4,10.229999999999999,"[0.46099999999999985, 0.5619999999999999]",3219147,"[4.6099999999999985, 5.619999999999999]",0.020933973087983972,3.5587754249572754,10.579999999999998,"[0.61, 0.44799999999999984]",3220147,"[6.1, 4.479999999999999]",0.019682923485251035,3.346096992492676,9.679999999999998,"[0.30899999999999983, 0.6589999999999999]",3221147,"[3.089999999999998, 6.589999999999999]",0.020951216361101935,3.561706781387329,5.009999999999998,"[0.3019999999999998, 0.19899999999999984]",3222147,"[3.0199999999999982, 1.9899999999999984]",0.028480073984931496,4.8416125774383545,MinimaxSolutionConcept,4.204999999999998,1.2651580928880002,0.02251204672981711,0.0034838124056012355,3.8270479440689087,0.5922481089522101,COMPLETE
322,8.167499999999997,2025-06-12 22:12:32.862562,2025-06-12 22:12:36.949323,0 days 00:00:04.086761,45,0.9382529795134191,0.19480706930287522,0.9803886623137236,0.00018302332942696014,134,3229152,8.167499999999997,3.9280871617111557,0.3122499999999998,0.31192737536163767,130.0,4,14.259999999999998,"[0.8389999999999999, 0.587]",3229152,"[8.389999999999999, 5.869999999999999]",0.0268798828125,3.494384765625,3.3999999999999977,"[0.023999999999999837, 0.31599999999999984]",3230152,"[0.23999999999999838, 3.1599999999999984]",0.030008840560913085,3.901149272918701,8.209999999999997,"[0.20299999999999985, 0.6179999999999999]",3231152,"[2.0299999999999985, 6.179999999999999]",0.019576756770794207,2.544978380203247,6.799999999999996,"[0.18299999999999986, 0.497]",3232152,"[1.8299999999999985, 4.97]",0.01924752455491286,2.502178192138672,MinimaxSolutionConcept,3.1224999999999987,3.119273753616377,0.023928251174780035,0.004651085944309041,3.110672652721405,0.6046411727601754,COMPLETE
323,5.394999999999998,2025-06-12 22:12:36.964325,2025-06-12 22:12:50.740269,0 days 00:00:13.775944,43,0.6743433359412384,0.09165292542805298,0.9786812996332662,0.00014396810807796833,478,3239157,5.394999999999998,2.384140306273941,0.2992499999999999,0.20455362988712766,470.0,4,6.259999999999998,"[0.476, 0.14999999999999986]",3239157,"[4.76, 1.4999999999999987]",0.020771448155666918,9.762580633163452,7.799999999999998,"[0.5289999999999999, 0.2509999999999999]",3240157,"[5.289999999999999, 2.509999999999999]",0.028842884936231248,13.556155920028687,1.4299999999999977,"[0.07699999999999989, 0.06599999999999986]",3241157,"[0.7699999999999989, 0.6599999999999986]",0.020577274992110883,9.671319246292114,6.089999999999997,"[0.11499999999999988, 0.4939999999999999]",3242157,"[1.1499999999999988, 4.939999999999999]",0.028954496282212278,13.60861325263977,MinimaxSolutionConcept,2.9924999999999993,2.045536298871277,0.024786526091555332,0.00411292682394234,11.649667263031006,1.9330756072528998,COMPLETE
324,6.994999999999999,2025-06-12 22:12:50.755162,2025-06-12 22:12:55.033930,0 days 00:00:04.278768,41,0.9136389774811283,0.09984023301035537,0.9820081961445908,0.00016967212375135744,154,3249170,6.994999999999999,1.7237531725859125,0.36124999999999985,0.12408338929929338,150.0,4,8.119999999999997,"[0.2619999999999999, 0.5499999999999999]",3249170,"[2.619999999999999, 5.499999999999999]",0.021531073252360027,3.229660987854004,4.019999999999999,"[0.28199999999999986, 0.11999999999999991]",3250170,"[2.8199999999999985, 1.199999999999999]",0.021686019897460936,3.2529029846191406,8.089999999999998,"[0.32899999999999985, 0.47999999999999987]",3251170,"[3.2899999999999983, 4.799999999999999]",0.027317887941996258,4.0976831912994385,7.749999999999998,"[0.5719999999999998, 0.20299999999999985]",3252170,"[5.719999999999999, 2.0299999999999985]",0.02112091541290283,3.168137311935425,MinimaxSolutionConcept,3.612499999999999,1.2408338929929341,0.02291397412618001,0.002550970543785128,3.437096118927002,0.38264558156776907,COMPLETE
325,5.0424999999999995,2025-06-12 22:12:55.049040,2025-06-12 22:12:59.470841,0 days 00:00:04.421801,30,0.6366080785870616,0.14507557567118995,0.9845575353261709,0.0001095979304259655,182,3259175,5.0424999999999995,1.3992386322568429,0.284,0.06337586291325743,180.0,4,3.989999999999999,"[0.205, 0.19399999999999995]",3259175,"[2.05, 1.9399999999999995]",0.02348846991856893,4.227924585342407,3.4299999999999993,"[0.38199999999999995, -0.039000000000000055]",3260175,"[3.8199999999999994, -0.39000000000000057]",0.016488010353512234,2.967841863632202,5.839999999999999,"[0.27899999999999997, 0.305]",3261175,"[2.7899999999999996, 3.05]",0.022664444976382786,4.079600095748901,6.909999999999999,"[0.26999999999999996, 0.42099999999999993]",3262175,"[2.6999999999999997, 4.209999999999999]",0.01674720181359185,3.014496326446533,MinimaxSolutionConcept,2.8399999999999994,0.6337586291325742,0.019847031765513952,0.003243834906419487,3.572465717792511,0.5838902831555075,COMPLETE
326,8.099999999999998,2025-06-12 22:13:01.108831,2025-06-12 22:13:05.816568,0 days 00:00:04.707737,46,0.901322708450252,0.08471151428777066,0.9721793799211071,0.00021869148867209308,159,3269181,8.099999999999998,2.2404575425568782,0.4219999999999999,0.06976747093022649,150.0,4,8.899999999999999,"[0.5009999999999999, 0.3889999999999999]",3269181,"[5.009999999999999, 3.889999999999999]",0.02229834715525309,3.344752073287964,4.889999999999996,"[0.3239999999999999, 0.16499999999999987]",3270181,"[3.239999999999999, 1.6499999999999986]",0.020471316973368327,3.070697546005249,11.07,"[0.47299999999999986, 0.634]",3271181,"[4.729999999999999, 6.34]",0.029189049402872723,4.378357410430908,7.539999999999997,"[0.38999999999999996, 0.3639999999999999]",3272181,"[3.8999999999999995, 3.639999999999999]",0.030179583231608072,4.526937484741211,MinimaxSolutionConcept,4.219999999999999,0.6976747093022649,0.025534574190775552,0.004214292263842215,3.830186128616333,0.6321438395763321,COMPLETE
327,7.0574999999999966,2025-06-12 22:13:05.831787,2025-06-12 22:13:19.248943,0 days 00:00:13.417156,44,0.6613307992481371,0.13699603181376274,0.976138792670271,0.00010036256148460085,464,3279185,7.0574999999999966,2.245744586991138,0.2769999999999999,0.15154537274361105,460.0,4,6.599999999999998,"[0.1889999999999999, 0.4709999999999999]",3279185,"[1.8899999999999988, 4.709999999999999]",0.020799682969632357,9.567854166030884,9.129999999999997,"[0.20299999999999993, 0.71]",3280185,"[2.0299999999999994, 7.1]",0.020675815188366434,9.51087498664856,8.929999999999996,"[0.5389999999999999, 0.3539999999999999]",3281185,"[5.389999999999999, 3.539999999999999]",0.02083443040433137,9.583837985992432,3.569999999999998,"[0.17699999999999988, 0.17999999999999988]",3282185,"[1.7699999999999987, 1.799999999999999]",0.02877988556156988,13.238747358322144,MinimaxSolutionConcept,2.7699999999999987,1.51545372743611,0.022772453530975012,0.003468893529247454,10.475328624248505,1.5956910234538284,COMPLETE
328,7.249999999999998,2025-06-12 22:13:19.264256,2025-06-12 22:13:23.898176,0 days 00:00:04.633920,49,0.869453414235558,0.1197408997180172,0.9797417232694269,0.00030629089528631787,146,3289199,7.249999999999998,4.767310562570895,0.4672499999999999,0.22099703052303674,140.0,4,1.6899999999999966,"[0.28899999999999987, -0.12000000000000019]",3289199,"[2.889999999999999, -1.200000000000002]",0.02264716454914638,3.170603036880493,4.519999999999996,"[0.2179999999999998, 0.23399999999999982]",3290199,"[2.179999999999998, 2.339999999999998]",0.021817898750305174,3.0545058250427246,14.410000000000002,"[0.752, 0.689]",3291199,"[7.52, 6.89]",0.021349637848990303,2.9889492988586426,8.379999999999997,"[0.6099999999999999, 0.22799999999999984]",3292199,"[6.099999999999999, 2.2799999999999985]",0.031707872663225445,4.4391021728515625,MinimaxSolutionConcept,4.6724999999999985,2.2099703052303674,0.024380643452916826,0.004255816384432461,3.4132900834083557,0.5958142938205445,COMPLETE
329,4.469999999999998,2025-06-12 22:13:23.917951,2025-06-12 22:13:30.907624,0 days 00:00:06.989673,47,0.624183310789004,0.08095956248611041,0.9862990857005904,0.00014179790527923863,174,3299203,4.469999999999998,3.423207560169264,0.2949999999999999,0.21413430365076963,170.0,4,0.1499999999999969,"[-0.06900000000000017, 0.08399999999999985]",3299203,"[-0.6900000000000017, 0.8399999999999985]",0.030066940363715676,5.111379861831665,2.759999999999997,"[0.35399999999999987, -0.07800000000000018]",3300203,"[3.5399999999999987, -0.7800000000000018]",0.03978283685796401,6.763082265853882,9.37,"[0.4259999999999999, 0.5109999999999999]",3301203,"[4.259999999999999, 5.109999999999999]",0.03819609670078053,6.49333643913269,5.599999999999998,"[0.46899999999999986, 0.09099999999999986]",3302203,"[4.689999999999999, 0.9099999999999986]",0.03435012032003964,5.839520454406738,MinimaxSolutionConcept,2.9499999999999984,2.1413430365076964,0.03559899856062496,0.0037554222932208005,6.051829755306244,0.6384217898475363,COMPLETE
330,9.484999999999998,2025-06-12 22:13:30.927626,2025-06-12 22:13:37.584980,0 days 00:00:06.657354,49,0.613635950693611,0.08802210203941528,0.94546378350555,0.00011776372381595211,188,3309211,9.484999999999998,1.7870296583996585,0.56975,0.18619260860732365,180.0,4,10.779999999999998,"[0.5549999999999999, 0.5229999999999998]",3309211,"[5.549999999999999, 5.229999999999998]",0.03583224349551731,6.449803829193115,9.359999999999998,"[0.5799999999999998, 0.35599999999999976]",3310211,"[5.799999999999999, 3.559999999999998]",0.02734193007151286,4.9215474128723145,6.619999999999997,"[0.3089999999999999, 0.35299999999999987]",3311211,"[3.089999999999999, 3.5299999999999985]",0.028759973578982884,5.176795244216919,11.179999999999998,"[0.835, 0.2829999999999998]",3312211,"[8.35, 2.8299999999999983]",0.03457440005408393,6.223392009735107,MinimaxSolutionConcept,5.6975,1.8619260860732363,0.03162713680002425,0.0036384373242981183,5.692884624004364,0.6549187183736613,COMPLETE
331,5.419999999999998,2025-06-12 22:13:39.362332,2025-06-12 22:13:45.279020,0 days 00:00:05.916688,43,0.6145452383202124,0.0948304543016385,0.9478064000995711,0.04245625195276232,186,3319219,5.419999999999998,1.1737333598394484,0.2539999999999999,0.09432125953357495,180.0,4,7.259999999999998,"[0.11699999999999985, 0.6089999999999999]",3319219,"[1.1699999999999986, 6.089999999999999]",0.030939283635881214,5.569071054458618,4.609999999999998,"[0.35999999999999993, 0.1009999999999999]",3320219,"[3.599999999999999, 1.009999999999999]",0.03188107278611925,5.738593101501465,5.589999999999996,"[0.21899999999999986, 0.3399999999999998]",3321219,"[2.1899999999999986, 3.399999999999998]",0.02270283301671346,4.086509943008423,4.219999999999998,"[0.31999999999999984, 0.1019999999999999]",3322219,"[3.1999999999999984, 1.019999999999999]",0.02444857358932495,4.400743246078491,MinimaxSolutionConcept,2.5399999999999987,0.9432125953357494,0.027492940757009716,0.003979518989745127,4.948729336261749,0.7163134181541227,COMPLETE
332,8.8075,2025-06-12 22:13:45.294991,2025-06-12 22:14:00.727158,0 days 00:00:15.432167,42,0.5929275585085199,0.09007220964036017,0.9404426279513973,0.0002659292336635865,491,3329225,8.8075,1.2112467750215068,0.40924999999999995,0.07367962744205486,490.0,4,7.969999999999999,"[0.3449999999999999, 0.45199999999999985]",3329225,"[3.4499999999999993, 4.519999999999999]",0.03108098944839166,15.229684829711914,7.309999999999999,"[0.34199999999999997, 0.3889999999999999]",3330225,"[3.42, 3.889999999999999]",0.021939547694459254,10.750378370285034,9.66,"[0.522, 0.44399999999999995]",3331225,"[5.220000000000001, 4.4399999999999995]",0.030019464784738967,14.709537744522095,10.29,"[0.42799999999999994, 0.6009999999999998]",3332225,"[4.279999999999999, 6.009999999999998]",0.021257846209467673,10.41634464263916,MinimaxSolutionConcept,4.092499999999999,0.7367962744205487,0.02607446203426439,0.00449793474971759,12.77648639678955,2.2039880273616195,COMPLETE
333,5.9499999999999975,2025-06-12 22:14:00.747774,2025-06-12 22:14:07.362286,0 days 00:00:06.614512,45,0.6097767061913376,0.08722538055055867,0.9552258171073997,0.02508128792938215,189,3339240,5.9499999999999975,2.9138891536913345,0.14399999999999985,0.1988102110053707,180.0,4,7.219999999999997,"[0.17899999999999988, 0.5429999999999999]",3339240,"[1.7899999999999987, 5.43]",0.03545879787868923,6.3825836181640625,9.739999999999998,"[0.4499999999999999, 0.5239999999999999]",3340240,"[4.499999999999999, 5.239999999999999]",0.029547407892015244,5.318533420562744,5.0299999999999985,"[-0.07700000000000018, 0.5799999999999998]",3341240,"[-0.7700000000000018, 5.799999999999999]",0.028401251633961996,5.112225294113159,1.8099999999999972,"[0.023999999999999837, 0.15699999999999986]",3342240,"[0.23999999999999838, 1.5699999999999985]",0.031745674875047473,5.714221477508545,MinimaxSolutionConcept,1.4399999999999986,1.9881021100537069,0.03128828306992849,0.002691096334712671,5.631890952587128,0.484397340248281,COMPLETE
334,5.584999999999997,2025-06-12 22:14:07.378840,2025-06-12 22:14:22.174332,0 days 00:00:14.795492,48,0.8368335232950734,0.1563385521473476,0.9453333427824416,0.00011543131006178957,471,3349247,5.584999999999997,0.7529442210416382,0.3217499999999999,0.07561539195163905,470.0,4,4.999999999999998,"[0.34299999999999986, 0.15699999999999986]",3349247,"[3.429999999999999, 1.5699999999999985]",0.027049071738060485,12.713063716888428,5.9099999999999975,"[0.41899999999999993, 0.17199999999999988]",3350247,"[4.1899999999999995, 1.7199999999999989]",0.024465943397359646,11.498993396759033,4.769999999999998,"[0.31699999999999984, 0.15999999999999986]",3351247,"[3.169999999999998, 1.5999999999999988]",0.030880664764566624,14.513912439346313,6.659999999999997,"[0.2079999999999999, 0.4579999999999999]",3352247,"[2.079999999999999, 4.579999999999999]",0.031056551223105574,14.59657907485962,MinimaxSolutionConcept,3.2174999999999985,0.7561539195163907,0.028363057780773082,0.0027616712189626027,13.330637156963348,1.2979854729124234,COMPLETE
335,7.329999999999998,2025-06-12 22:14:22.197544,2025-06-12 22:14:28.786672,0 days 00:00:06.589128,50,0.6307297412290711,0.08368168185075293,0.9704355429526094,0.0001964786764953769,166,3359262,7.329999999999998,1.6178535162368686,0.5485,0.08041299646201477,160.0,4,5.009999999999998,"[0.4119999999999999, 0.08899999999999983]",3359262,"[4.119999999999999, 0.8899999999999983]",0.03471958339214325,5.55513334274292,9.079999999999998,"[0.5879999999999999, 0.31999999999999984]",3360262,"[5.879999999999999, 3.1999999999999984]",0.03274372518062592,5.2389960289001465,6.649999999999999,"[0.619, 0.04599999999999981]",3361262,"[6.1899999999999995, 0.45999999999999813]",0.03483751714229584,5.574002742767334,8.579999999999998,"[0.575, 0.2829999999999999]",3362262,"[5.75, 2.829999999999999]",0.03989035040140152,6.382456064224243,MinimaxSolutionConcept,5.484999999999999,0.8041299646201479,0.03554779402911663,0.0026415442485739206,5.687647044658661,0.4226470797718273,COMPLETE
336,4.837499999999998,2025-06-12 22:14:30.588589,2025-06-12 22:14:36.169581,0 days 00:00:05.580992,40,0.5961161784079994,0.08892075183668857,0.9752663359896282,0.00013163552570020823,178,3369270,4.837499999999998,3.074779463636376,0.1817499999999999,0.18603679071624515,170.0,4,0.4499999999999974,"[-0.13500000000000012, 0.17999999999999985]",3369270,"[-1.3500000000000012, 1.7999999999999985]",0.02668031103470746,4.5356528759002686,8.989999999999998,"[0.3089999999999999, 0.59]",3370270,"[3.089999999999999, 5.8999999999999995]",0.029016919697032257,4.932876348495483,5.759999999999998,"[0.2319999999999999, 0.3439999999999999]",3371270,"[2.319999999999999, 3.439999999999999]",0.0229539857191198,3.902177572250366,4.149999999999998,"[0.3209999999999999, 0.09399999999999989]",3372270,"[3.209999999999999, 0.9399999999999988]",0.03170934845419491,5.390589237213135,MinimaxSolutionConcept,1.817499999999999,1.8603679071624517,0.027590141226263604,0.0032142376178176894,4.690324008464813,0.5464203950290072,COMPLETE
337,7.157499999999999,2025-06-12 22:14:36.187303,2025-06-12 22:14:51.172193,0 days 00:00:14.984890,46,0.5756890912313363,0.07849841071813606,0.9722054172513926,0.0003742662214756566,442,3379276,7.157499999999999,1.2266290188969111,0.3389999999999999,0.094039885155183,440.0,4,5.819999999999998,"[0.34399999999999986, 0.2379999999999999]",3379276,"[3.4399999999999986, 2.379999999999999]",0.027132695913314818,11.93838620185852,6.679999999999999,"[0.3249999999999999, 0.34299999999999986]",3380276,"[3.249999999999999, 3.429999999999999]",0.032665397904135966,14.372775077819824,6.979999999999999,"[0.476, 0.2219999999999999]",3381276,"[4.76, 2.219999999999999]",0.03362067070874301,14.793095111846924,9.149999999999997,"[0.21099999999999985, 0.704]",3382276,"[2.1099999999999985, 7.039999999999999]",0.025982811776074498,11.432437181472778,MinimaxSolutionConcept,3.389999999999999,0.94039885155183,0.029850394075567076,0.0033347904203258243,13.134173393249512,1.4673077849433627,COMPLETE
338,7.162499999999997,2025-06-12 22:14:51.187122,2025-06-12 22:14:57.371949,0 days 00:00:06.184827,49,0.9971930912045313,0.09255071591835515,0.9569568566741627,0.00015790356359281094,190,3389291,7.162499999999997,3.1659151520531945,0.3614999999999999,0.10720191229637649,190.0,4,9.409999999999998,"[0.48099999999999987, 0.45999999999999985]",3389291,"[4.809999999999999, 4.599999999999999]",0.021961478183144017,4.172680854797363,1.6999999999999966,"[0.1899999999999999, -0.020000000000000184]",3390291,"[1.899999999999999, -0.20000000000000184]",0.03163107194398579,6.0099036693573,8.899999999999997,"[0.3659999999999998, 0.5239999999999999]",3391291,"[3.6599999999999984, 5.239999999999999]",0.01974482536315918,3.751516819000244,8.639999999999997,"[0.4089999999999998, 0.4549999999999999]",3392291,"[4.089999999999998, 4.549999999999999]",0.029998440491525752,5.699703693389893,MinimaxSolutionConcept,3.6149999999999984,1.072019122963765,0.025833953995453685,0.005075014303002304,4.9084512591362,0.9642527175704376,COMPLETE
339,6.059999999999997,2025-06-12 22:14:57.387879,2025-06-12 22:15:09.970215,0 days 00:00:12.582336,47,0.8933520160949536,0.09807456774872574,0.9525198479607158,0.00024383015145448245,455,3399297,6.059999999999997,1.3248962223510188,0.3707499999999999,0.1692887695625437,450.0,4,7.979999999999998,"[0.45, 0.3479999999999999]",3399297,"[4.5, 3.479999999999999]",0.027545099788241916,12.395294904708862,4.569999999999998,"[0.2839999999999998, 0.17299999999999985]",3400297,"[2.839999999999998, 1.7299999999999984]",0.021484097374810114,9.66784381866455,5.129999999999997,"[0.14999999999999986, 0.36299999999999993]",3401297,"[1.4999999999999987, 3.6299999999999994]",0.02673860920800103,12.032374143600464,6.559999999999997,"[0.599, 0.05699999999999985]",3402297,"[5.99, 0.5699999999999985]",0.019324409166971843,8.695984125137329,MinimaxSolutionConcept,3.707499999999999,1.692887695625437,0.023773053884506224,0.0034659995096192795,10.697874248027802,1.5596997793286762,COMPLETE
340,8.862499999999999,2025-06-12 22:15:09.986732,2025-06-12 22:15:15.142109,0 days 00:00:05.155377,42,0.6442971451536713,0.10616428725060305,0.9773725492264408,0.0001001588877229629,160,3409310,8.862499999999999,3.200901240275933,0.4237499999999999,0.12898522202174947,160.0,4,11.21,"[0.469, 0.6519999999999999]",3409310,"[4.6899999999999995, 6.52]",0.029328390955924988,4.692542552947998,12.809999999999999,"[0.606, 0.6749999999999999]",3410310,"[6.06, 6.749999999999999]",0.02165602445602417,3.464963912963867,5.909999999999998,"[0.2579999999999999, 0.3329999999999999]",3411310,"[2.579999999999999, 3.329999999999999]",0.022218169271945955,3.5549070835113525,5.519999999999998,"[0.36199999999999993, 0.1899999999999999]",3412310,"[3.619999999999999, 1.899999999999999]",0.030994871258735658,4.959179401397705,MinimaxSolutionConcept,4.237499999999999,1.2898522202174947,0.026049363985657693,0.0041590126597793806,4.167898237705231,0.6654420255647009,COMPLETE
341,5.992499999999998,2025-06-12 22:15:16.883862,2025-06-12 22:15:22.553586,0 days 00:00:05.669724,44,0.6177045517489204,0.07133581046787531,0.9502959141048476,0.03259778119006741,176,3419316,5.992499999999998,1.5743312072114943,0.3669999999999999,0.14340502083260545,170.0,4,8.139999999999999,"[0.3379999999999999, 0.4759999999999998]",3419316,"[3.379999999999999, 4.759999999999998]",0.022433785831227022,3.8137435913085938,5.189999999999998,"[0.3339999999999999, 0.1849999999999999]",3420316,"[3.339999999999999, 1.8499999999999988]",0.032212204091689164,5.476074695587158,3.9499999999999975,"[0.1999999999999999, 0.1949999999999999]",3421316,"[1.9999999999999991, 1.9499999999999988]",0.023991185076096478,4.078501462936401,6.689999999999998,"[0.596, 0.07299999999999984]",3422316,"[5.96, 0.7299999999999984]",0.030711178218617158,5.220900297164917,MinimaxSolutionConcept,3.669999999999999,1.4340502083260547,0.027337088304407457,0.004194898099039301,4.647305011749268,0.7131326768366812,COMPLETE
342,7.164999999999997,2025-06-12 22:15:22.570670,2025-06-12 22:15:28.504611,0 days 00:00:05.933941,45,0.6284927786044284,0.08678130701964103,0.9828592663484589,0.00017341555105715374,196,3429322,7.164999999999997,1.9702855123052594,0.4217499999999999,0.11393501437222887,190.0,4,6.509999999999999,"[0.3519999999999999, 0.2989999999999999]",3429322,"[3.519999999999999, 2.989999999999999]",0.022347973522387054,4.24611496925354,8.429999999999996,"[0.37499999999999983, 0.46799999999999986]",3430322,"[3.7499999999999982, 4.679999999999999]",0.030158120707461707,5.730042934417725,9.439999999999998,"[0.6179999999999999, 0.32599999999999996]",3431322,"[6.179999999999999, 3.26]",0.022914225176761026,4.353702783584595,4.279999999999998,"[0.34199999999999986, 0.08599999999999985]",3432322,"[3.4199999999999986, 0.8599999999999985]",0.02374538496920937,4.51162314414978,MinimaxSolutionConcept,4.2174999999999985,1.1393501437222888,0.02479142609395479,0.0031380709385830058,4.71037095785141,0.5962334783307713,COMPLETE
343,8.444999999999999,2025-06-12 22:15:28.519737,2025-06-12 22:15:33.420485,0 days 00:00:04.900748,49,0.87746260241542,0.0547723595748381,0.9898483345413812,0.00012217919484161044,153,3439328,8.444999999999999,2.897563631743056,0.4312499999999999,0.1732489177455375,150.0,4,5.909999999999997,"[0.31099999999999983, 0.2799999999999999]",3439328,"[3.1099999999999985, 2.799999999999999]",0.022781578699747722,3.417236804962158,5.529999999999998,"[0.26599999999999985, 0.28699999999999976]",3440328,"[2.6599999999999984, 2.8699999999999974]",0.030457202593485513,4.568580389022827,9.79,"[0.43699999999999994, 0.5419999999999999]",3441328,"[4.369999999999999, 5.419999999999999]",0.03147073904673259,4.720610857009888,12.55,"[0.711, 0.5439999999999999]",3442328,"[7.109999999999999, 5.4399999999999995]",0.023258740107218425,3.4888110160827637,MinimaxSolutionConcept,4.312499999999999,1.732489177455375,0.02699206511179606,0.00399160398205838,4.048809766769409,0.5987405973087568,COMPLETE
344,6.987499999999998,2025-06-12 22:15:33.435608,2025-06-12 22:15:36.810332,0 days 00:00:03.374724,21,0.6091566419359611,0.10216046910634462,0.9741852591434352,0.00020903588269500825,170,3449333,6.987499999999998,2.1066843024050845,0.36124999999999996,0.21449402672335655,170.0,4,9.679999999999998,"[0.376, 0.592]",3449333,"[3.76, 5.92]",0.013070227118099437,2.2219386100769043,5.01,"[0.014999999999999958, 0.4859999999999999]",3450333,"[0.14999999999999958, 4.8599999999999985]",0.014775385576135973,2.5118155479431152,8.409999999999998,"[0.5939999999999999, 0.24699999999999997]",3451333,"[5.939999999999999, 2.4699999999999998]",0.01869389870587517,3.1779627799987793,4.849999999999999,"[0.45999999999999996, 0.02499999999999996]",3452333,"[4.6, 0.2499999999999996]",0.018644146358265595,3.1695048809051514,MinimaxSolutionConcept,3.6124999999999994,2.1449402672335656,0.016295914439594043,0.002448549999788643,2.7703054547309875,0.41625349996406946,COMPLETE
345,6.207499999999998,2025-06-12 22:15:36.831972,2025-06-12 22:15:43.251364,0 days 00:00:06.419392,46,0.5575481512606723,0.06354668975963905,0.9642176155381703,0.00015176331575810344,183,3459336,6.207499999999998,1.4904424678597965,0.2454999999999999,0.06581223290544093,180.0,4,3.799999999999997,"[0.21699999999999992, 0.16299999999999987]",3459336,"[2.169999999999999, 1.6299999999999986]",0.034668152862124976,6.240267515182495,6.229999999999998,"[0.15099999999999988, 0.47199999999999986]",3460336,"[1.509999999999999, 4.719999999999999]",0.025198692745632596,4.535764694213867,7.049999999999997,"[0.3099999999999999, 0.3949999999999999]",3461336,"[3.0999999999999988, 3.9499999999999993]",0.032581954532199434,5.864751815795898,7.749999999999998,"[0.30399999999999994, 0.4709999999999999]",3462336,"[3.039999999999999, 4.709999999999999]",0.027834479014078775,5.01020622253418,MinimaxSolutionConcept,2.454999999999999,0.6581223290544091,0.030070819788508944,0.0037476696449940494,5.41274756193161,0.6745805360989288,COMPLETE
346,9.02,2025-06-12 22:15:45.026270,2025-06-12 22:15:50.381797,0 days 00:00:05.355527,48,0.9078143207435675,0.08035519342404344,0.9352210212086703,0.05971787314708606,163,3469345,9.02,4.485810963471377,0.5167499999999999,0.2961421744703041,160.0,4,13.689999999999998,"[0.8800000000000001, 0.48899999999999977]",3469345,"[8.8, 4.889999999999998]",0.028503639996051787,4.560582399368286,1.8499999999999974,"[0.13899999999999985, 0.04599999999999986]",3470345,"[1.3899999999999983, 0.45999999999999863]",0.03237570822238922,5.180113315582275,8.829999999999998,"[0.32899999999999985, 0.554]",3471345,"[3.2899999999999983, 5.540000000000001]",0.02150009274482727,3.4400148391723633,11.71,"[0.7189999999999999, 0.45199999999999996]",3472345,"[7.189999999999999, 4.52]",0.021049053966999055,3.3678486347198486,MinimaxSolutionConcept,5.167499999999999,2.961421744703041,0.025857123732566836,0.004785322506961603,4.137139797210693,0.7656516011138567,COMPLETE
347,6.804999999999998,2025-06-12 22:15:50.397343,2025-06-12 22:15:54.858000,0 days 00:00:04.460657,43,0.6343262087801149,0.17895922981500373,0.9111633753399279,0.014420629264624741,145,3479350,6.804999999999998,2.880985074588205,0.4224999999999999,0.0891221072461822,140.0,4,2.499999999999997,"[0.2969999999999999, -0.04700000000000017]",3479350,"[2.969999999999999, -0.47000000000000164]",0.030641140256609235,4.289759635925293,10.319999999999999,"[0.5329999999999999, 0.49899999999999994]",3480350,"[5.329999999999999, 4.989999999999999]",0.02049370663506644,2.8691189289093018,6.199999999999999,"[0.3869999999999999, 0.23299999999999982]",3481350,"[3.869999999999999, 2.3299999999999983]",0.029840622629438127,4.177687168121338,8.199999999999998,"[0.47299999999999986, 0.34699999999999986]",3482350,"[4.729999999999999, 3.469999999999999]",0.023228248528071812,3.2519547939300537,MinimaxSolutionConcept,4.224999999999999,0.8912210724618219,0.026050929512296404,0.0043093521161894945,3.6471301317214966,0.6033092962665292,COMPLETE
348,9.204999999999997,2025-06-12 22:15:54.872916,2025-06-12 22:16:00.635090,0 days 00:00:05.762174,50,0.581140925917584,0.09508389141431098,0.9843011625921749,0.00013652397269128103,168,3489354,9.204999999999997,2.000006249990235,0.4744999999999999,0.21971174297246843,160.0,4,10.239999999999998,"[0.7470000000000001, 0.27699999999999986]",3489354,"[7.470000000000001, 2.7699999999999987]",0.02399314343929291,3.8389029502868652,5.759999999999996,"[0.15399999999999986, 0.4219999999999999]",3490354,"[1.5399999999999987, 4.219999999999999]",0.034479135274887086,5.516661643981934,10.689999999999998,"[0.5849999999999999, 0.4839999999999999]",3491354,"[5.849999999999999, 4.839999999999999]",0.022990813851356505,3.678530216217041,10.129999999999997,"[0.4119999999999999, 0.6009999999999999]",3492354,"[4.119999999999999, 6.009999999999999]",0.034945420920848846,5.591267347335815,MinimaxSolutionConcept,4.744999999999999,2.197117429724684,0.029102128371596335,0.005623747933051052,4.656340539455414,0.8997996692881683,COMPLETE
349,6.169999999999998,2025-06-12 22:16:00.650246,2025-06-12 22:16:12.333505,0 days 00:00:11.683259,41,0.6200434584737113,0.05863091668352563,0.9779702825052482,0.00031234865280698723,424,3499360,6.169999999999998,2.47956649436953,0.20249999999999987,0.2774333253234009,420.0,4,4.079999999999998,"[-0.046000000000000166, 0.4539999999999999]",3499360,"[-0.46000000000000163, 4.539999999999999]",0.021071991466340565,8.850236415863037,5.709999999999997,"[0.08399999999999988, 0.48699999999999993]",3500360,"[0.8399999999999987, 4.869999999999999]",0.02741449163073585,11.514086484909058,10.339999999999998,"[0.6729999999999999, 0.36099999999999993]",3501360,"[6.7299999999999995, 3.6099999999999994]",0.018908052785055977,7.941382169723511,4.549999999999998,"[0.09899999999999988, 0.35599999999999987]",3502360,"[0.9899999999999988, 3.5599999999999987]",0.02723409164519537,11.438318490982056,MinimaxSolutionConcept,2.024999999999999,2.7743332532340093,0.02365715688183194,0.003746635045749237,9.936005890369415,1.5735867192146795,COMPLETE
350,8.079999999999998,2025-06-12 22:16:12.348642,2025-06-12 22:16:16.356385,0 days 00:00:04.007743,44,0.8511479715485806,0.08454971039716182,0.9702768424919321,0.00011380147373020044,139,3509372,8.079999999999998,2.4138144087729696,0.5454999999999999,0.10460521019528621,130.0,4,6.069999999999998,"[0.524, 0.08299999999999985]",3509372,"[5.24, 0.8299999999999985]",0.02119106879601112,2.7548389434814453,9.649999999999999,"[0.493, 0.47199999999999986]",3510372,"[4.93, 4.719999999999999]",0.01903059849372277,2.47397780418396,5.4099999999999975,"[0.44499999999999973, 0.09599999999999989]",3511372,"[4.4499999999999975, 0.9599999999999989]",0.029523523037250227,3.8380579948425293,11.189999999999998,"[0.72, 0.3989999999999999]",3512372,"[7.199999999999999, 3.9899999999999993]",0.027122020721435547,3.525862693786621,MinimaxSolutionConcept,5.454999999999999,1.046052101952862,0.024216802762104916,0.004261846789151812,3.148184359073639,0.5540400825897356,COMPLETE
351,7.852499999999997,2025-06-12 22:16:18.065903,2025-06-12 22:16:23.431236,0 days 00:00:05.365333,48,0.6447391361411959,0.07690872289026758,0.9815513680837065,0.00018702269767964416,154,3519378,7.852499999999997,3.6761554306095383,0.55175,0.09738165895074906,150.0,4,8.879999999999999,"[0.589, 0.2989999999999998]",3519378,"[5.89, 2.9899999999999984]",0.02167371431986491,3.2510571479797363,2.329999999999997,"[0.47199999999999986, -0.23900000000000024]",3520378,"[4.719999999999999, -2.3900000000000023]",0.03454628626505534,5.181942939758301,7.609999999999998,"[0.45199999999999996, 0.30899999999999983]",3521378,"[4.52, 3.089999999999998]",0.03128285566965739,4.692428350448608,12.589999999999996,"[0.694, 0.5649999999999998]",3522378,"[6.9399999999999995, 5.649999999999999]",0.021424221992492675,3.2136332988739014,MinimaxSolutionConcept,5.5175,0.9738165895074905,0.02723176956176758,0.005799418938515437,4.084765434265137,0.8699128407773155,COMPLETE
352,5.479999999999999,2025-06-12 22:16:23.453493,2025-06-12 22:16:27.688174,0 days 00:00:04.234681,33,0.9264717918594031,0.09276924044164774,0.9759291552074048,0.0002401445744961912,173,3529383,5.479999999999999,1.589260834476204,0.20149999999999993,0.05403008421240893,170.0,4,6.989999999999998,"[0.26499999999999996, 0.434]",3529383,"[2.6499999999999995, 4.34]",0.017803436167099895,3.0265841484069824,2.899999999999998,"[0.13799999999999993, 0.1519999999999999]",3530383,"[1.3799999999999992, 1.5199999999999991]",0.02369400753694422,4.027981281280518,6.559999999999999,"[0.24399999999999994, 0.4119999999999999]",3531383,"[2.4399999999999995, 4.119999999999999]",0.016632687344270595,2.827556848526001,5.469999999999998,"[0.15899999999999995, 0.3879999999999999]",3532383,"[1.5899999999999994, 3.879999999999999]",0.023479116664213293,3.9914498329162598,MinimaxSolutionConcept,2.0149999999999992,0.5403008421240894,0.020402311928132,0.0032119391374050977,3.46839302778244,0.5460296533588666,COMPLETE
353,7.812499999999997,2025-06-12 22:16:27.710340,2025-06-12 22:16:33.075429,0 days 00:00:05.365089,47,0.8884577933300617,0.04919187109132013,0.985860318504868,0.0004504733377344811,160,3539387,7.812499999999997,1.7362081528434314,0.4364999999999999,0.22289066826585632,160.0,4,7.6199999999999966,"[0.2919999999999999, 0.47000000000000003]",3539387,"[2.919999999999999, 4.7]",0.03244554102420807,5.191286563873291,7.829999999999998,"[0.29199999999999987, 0.4909999999999998]",3540387,"[2.9199999999999986, 4.909999999999998]",0.027396243810653687,4.38339900970459,5.4499999999999975,"[0.34099999999999986, 0.20399999999999988]",3541387,"[3.4099999999999984, 2.0399999999999987]",0.024501149356365205,3.9201838970184326,10.349999999999998,"[0.821, 0.21399999999999988]",3542387,"[8.209999999999999, 2.139999999999999]",0.027384056150913237,4.381448984146118,MinimaxSolutionConcept,4.364999999999998,2.2289066826585633,0.02793174758553505,0.0028605098154638954,4.469079613685608,0.45768157047422336,COMPLETE
354,2.4075,2025-06-12 22:16:33.090916,2025-06-12 22:16:37.481731,0 days 00:00:04.390815,10,0.8613962705339228,0.0884942164959594,0.9795215475848797,0.00013117947390048823,448,3549393,2.4075,1.851990483236887,0.12,0.0757231800705702,440.0,4,3.44,"[0.22400000000000003, 0.12000000000000002]",3549393,"[2.24, 1.2000000000000002]",0.008269877325404774,3.6387460231781006,3.499999999999999,"[0.12199999999999996, 0.22800000000000004]",3550393,"[1.2199999999999995, 2.2800000000000002]",0.008099797638979825,3.563910961151123,3.4899999999999998,"[0.124, 0.225]",3551393,"[1.24, 2.25]",0.008417221091010355,3.7035772800445557,-0.7999999999999996,"[0.010000000000000018, -0.08999999999999998]",3552393,"[0.10000000000000017, -0.8999999999999998]",0.009558641368692571,4.2058022022247314,MinimaxSolutionConcept,1.2000000000000002,0.7572318007057021,0.008586384356021881,0.0005724603135913699,3.7780091166496277,0.2518825379802029,COMPLETE
355,8.622499999999999,2025-06-12 22:16:37.497655,2025-06-12 22:16:43.859234,0 days 00:00:06.361579,45,0.6025266873959223,0.044594406471670386,0.9735704439075913,0.010909943357571507,185,3559397,8.622499999999999,2.1332648100974247,0.5075,0.16980945203374287,180.0,4,9.219999999999999,"[0.45799999999999985, 0.46399999999999997]",3559397,"[4.579999999999998, 4.64]",0.027247031529744465,4.904465675354004,11.069999999999999,"[0.787, 0.31999999999999984]",3560397,"[7.87, 3.1999999999999984]",0.026548426681094698,4.778716802597046,8.999999999999998,"[0.3279999999999999, 0.572]",3561397,"[3.279999999999999, 5.72]",0.03420728842417399,6.157311916351318,5.1999999999999975,"[0.45699999999999996, 0.06299999999999986]",3562397,"[4.569999999999999, 0.6299999999999986]",0.034345885117848717,6.1822593212127686,MinimaxSolutionConcept,5.074999999999999,1.6980945203374285,0.030587157938215467,0.0036980119435343134,5.505688428878784,0.6656421498361762,COMPLETE
356,2.9999999999999973,2025-06-12 22:16:45.855901,2025-06-12 22:16:51.409915,0 days 00:00:05.554014,46,0.6559996177669641,0.09780038713381084,0.9833479104289687,0.00016657953544936432,152,3569405,2.9999999999999973,0.6387879147260067,0.08774999999999988,0.23705629605644316,150.0,4,2.489999999999997,"[0.44299999999999995, -0.19400000000000023]",3569405,"[4.43, -1.9400000000000022]",0.03562245686848958,5.3433685302734375,3.9999999999999973,"[0.14499999999999988, 0.2549999999999999]",3570405,"[1.4499999999999988, 2.549999999999999]",0.02639822006225586,3.959733009338379,3.109999999999997,"[-0.047000000000000174, 0.35799999999999993]",3571405,"[-0.47000000000000175, 3.579999999999999]",0.026879355112711587,4.031903266906738,2.3999999999999972,"[-0.1900000000000002, 0.4299999999999999]",3572405,"[-1.900000000000002, 4.299999999999999]",0.032976139386494956,4.946420907974243,MinimaxSolutionConcept,0.8774999999999988,2.3705629605644316,0.030469042857488,0.003946538524762102,4.5703564286231995,0.5919807787143153,COMPLETE
357,9.147499999999999,2025-06-12 22:16:51.428305,2025-06-12 22:16:56.516219,0 days 00:00:05.087914,49,0.8965773219858105,0.06701334603971507,0.9658579359293302,0.00011145772233338088,143,3579411,9.147499999999999,3.4010908176642403,0.5075,0.16148761562423294,140.0,4,8.529999999999998,"[0.4479999999999998, 0.4049999999999999]",3579411,"[4.479999999999998, 4.049999999999999]",0.025161617142813546,3.5226263999938965,12.100000000000001,"[0.7719999999999999, 0.4379999999999999]",3580411,"[7.719999999999999, 4.379999999999999]",0.02602689266204834,3.6437649726867676,12.129999999999999,"[0.475, 0.738]",3581411,"[4.75, 7.38]",0.03163664170673915,4.4291298389434814,3.829999999999997,"[0.33499999999999985, 0.04799999999999982]",3582411,"[3.3499999999999988, 0.4799999999999982]",0.03501518794468471,4.902126312255859,MinimaxSolutionConcept,5.074999999999998,1.6148761562423293,0.029460084864071437,0.004057714978048943,4.124411880970001,0.568080096926852,COMPLETE
358,7.019999999999998,2025-06-12 22:16:56.531322,2025-06-12 22:17:06.812650,0 days 00:00:10.281328,47,0.9099236558282515,0.11134125901288619,0.9871132657192202,0.0003556937377060488,353,3589416,7.019999999999998,0.9927487093922607,0.3654999999999998,0.11445632354745636,350.0,4,6.749999999999997,"[0.3109999999999999, 0.3639999999999999]",3589416,"[3.109999999999999, 3.639999999999999]",0.02888695240020752,10.110433340072632,8.709999999999997,"[0.30399999999999977, 0.567]",3590416,"[3.039999999999998, 5.67]",0.02683415004185268,9.391952514648438,6.259999999999999,"[0.563, 0.06299999999999986]",3591416,"[5.629999999999999, 0.6299999999999986]",0.021405743190220424,7.492010116577148,6.359999999999998,"[0.2839999999999998, 0.35199999999999987]",3592416,"[2.839999999999998, 3.5199999999999987]",0.022660587174551827,7.93120551109314,MinimaxSolutionConcept,3.6549999999999985,1.1445632354745634,0.024946858201708114,0.003035323027172012,8.73140037059784,1.062363059510204,COMPLETE
359,7.242499999999998,2025-06-12 22:17:06.830017,2025-06-12 22:17:12.022608,0 days 00:00:05.192591,43,0.6235632269129313,0.08373364140673012,0.976962920074385,0.07291004098075113,165,3599426,7.242499999999998,3.0228080901704635,0.38024999999999987,0.027049722734253698,160.0,4,10.78,"[0.3619999999999999, 0.716]",3599426,"[3.6199999999999988, 7.16]",0.03043932169675827,4.870291471481323,5.949999999999997,"[0.3909999999999999, 0.20399999999999988]",3600426,"[3.9099999999999993, 2.0399999999999987]",0.022877302765846253,3.6603684425354004,9.269999999999998,"[0.41899999999999993, 0.508]",3601426,"[4.1899999999999995, 5.08]",0.03133954405784607,5.014327049255371,2.969999999999998,"[0.34899999999999987, -0.05200000000000016]",3602426,"[3.4899999999999984, -0.5200000000000016]",0.02284843474626541,3.655749559402466,MinimaxSolutionConcept,3.802499999999999,0.27049722734253717,0.026876150816679004,0.00402589581408466,4.30018413066864,0.6441433302535454,COMPLETE
360,8.237499999999999,2025-06-12 22:17:12.037627,2025-06-12 22:17:17.030068,0 days 00:00:04.992441,41,0.6384565515689837,0.05302550143735501,0.914227038241366,0.00015000230368207614,178,3609432,8.237499999999999,2.9790298336874703,0.4342499999999999,0.19817590040163816,170.0,4,6.019999999999998,"[0.501, 0.10099999999999987]",3609432,"[5.01, 1.0099999999999987]",0.028258954777437097,4.804022312164307,10.539999999999997,"[0.5559999999999998, 0.49799999999999994]",3610432,"[5.559999999999999, 4.9799999999999995]",0.02744133051703958,4.6650261878967285,4.639999999999999,"[0.09499999999999989, 0.3689999999999999]",3611432,"[0.9499999999999988, 3.6899999999999986]",0.01947814717012293,3.3112850189208984,11.749999999999998,"[0.5849999999999999, 0.59]",3612432,"[5.849999999999999, 5.8999999999999995]",0.018671265770407282,3.1741151809692383,MinimaxSolutionConcept,4.342499999999999,1.9817590040163815,0.023462424558751725,0.004406474316512279,3.988612174987793,0.7491006338070872,COMPLETE
361,4.932499999999998,2025-06-12 22:17:19.041108,2025-06-12 22:17:25.476159,0 days 00:00:06.435051,44,0.6136497291158037,0.1011402390132914,0.980773407650631,0.00020926009267134037,195,3619439,4.932499999999998,2.2380502116798007,0.32074999999999987,0.10770880883196138,190.0,4,7.879999999999999,"[0.4709999999999999, 0.3169999999999999]",3619439,"[4.709999999999999, 3.169999999999999]",0.032934129865545975,6.257484674453735,2.8799999999999977,"[0.34699999999999986, -0.05900000000000015]",3620439,"[3.469999999999999, -0.5900000000000015]",0.028323262616207726,5.381419897079468,6.319999999999998,"[0.2939999999999999, 0.3379999999999999]",3621439,"[2.9399999999999986, 3.379999999999999]",0.024051800527070698,4.569842100143433,2.649999999999998,"[0.17099999999999987, 0.09399999999999986]",3622439,"[1.7099999999999986, 0.9399999999999986]",0.03003629257804469,5.706895589828491,MinimaxSolutionConcept,3.207499999999999,1.077088088319614,0.02883637139671727,0.003216630004273188,5.478910565376282,0.6111597008119057,COMPLETE
362,8.022499999999997,2025-06-12 22:17:25.491456,2025-06-12 22:17:29.615077,0 days 00:00:04.123621,46,0.8836490341319418,0.09006491148043529,0.971606657983503,0.0002905880188387855,138,3629445,8.022499999999997,2.1046897039706343,0.26074999999999987,0.18042640466406243,130.0,4,8.779999999999998,"[0.33199999999999996, 0.5459999999999999]",3629445,"[3.3199999999999994, 5.459999999999999]",0.022230878243079552,2.890014171600342,6.339999999999999,"[0.4539999999999999, 0.17999999999999988]",3630445,"[4.539999999999999, 1.799999999999999]",0.030331519933847282,3.9430975914001465,11.119999999999996,"[0.2909999999999999, 0.821]",3631445,"[2.9099999999999993, 8.209999999999999]",0.019820415056668796,2.5766539573669434,5.849999999999997,"[-0.034000000000000155, 0.619]",3632445,"[-0.3400000000000015, 6.1899999999999995]",0.029497518906226525,3.8346774578094482,MinimaxSolutionConcept,2.607499999999999,1.8042640466406243,0.02547008303495554,0.004535002876727242,3.31111079454422,0.5895503739745414,COMPLETE
363,4.827499999999998,2025-06-12 22:17:29.630291,2025-06-12 22:17:34.424303,0 days 00:00:04.794012,42,0.598027135734778,0.09439990057497244,0.9783753453395146,0.00010108027795636763,159,3639449,4.827499999999998,2.3563783121561785,0.1642499999999999,0.06428987089736612,150.0,4,7.349999999999997,"[0.2259999999999999, 0.5089999999999999]",3639449,"[2.259999999999999, 5.089999999999999]",0.022186765670776366,3.328014850616455,3.3999999999999977,"[0.09799999999999986, 0.2419999999999999]",3640449,"[0.9799999999999986, 2.419999999999999]",0.03009536107381185,4.514304161071777,6.849999999999999,"[0.23099999999999996, 0.4539999999999999]",3641449,"[2.3099999999999996, 4.539999999999999]",0.022234942118326825,3.3352413177490234,1.7099999999999977,"[0.1019999999999999, 0.06899999999999988]",3642449,"[1.019999999999999, 0.6899999999999988]",0.030774127642313638,4.616119146347046,MinimaxSolutionConcept,1.642499999999999,0.6428987089736612,0.026322799126307167,0.004118977326598702,3.9484198689460754,0.6178465989898053,COMPLETE
364,7.154999999999998,2025-06-12 22:17:34.440069,2025-06-12 22:17:39.431029,0 days 00:00:04.990960,48,0.8719614851677767,0.07296280465411359,0.9682459568551526,0.03983087857625373,150,3649454,7.154999999999998,1.819690907819238,0.3504999999999999,0.22393023467142623,150.0,4,5.859999999999997,"[0.06299999999999983, 0.5229999999999999]",3649454,"[0.6299999999999983, 5.229999999999999]",0.03198745568593343,4.798118352890015,8.839999999999998,"[0.691, 0.19299999999999984]",3650454,"[6.909999999999999, 1.9299999999999984]",0.024232449531555175,3.6348674297332764,9.04,"[0.34099999999999986, 0.563]",3651454,"[3.4099999999999984, 5.629999999999999]",0.032024168968200685,4.8036253452301025,4.879999999999997,"[0.3069999999999999, 0.18099999999999988]",3652454,"[3.069999999999999, 1.8099999999999987]",0.02785041809082031,4.177562713623047,MinimaxSolutionConcept,3.5049999999999986,2.239302346714262,0.029023623069127404,0.0032449704644705816,4.35354346036911,0.4867455696705871,COMPLETE
365,8.117499999999998,2025-06-12 22:17:39.450789,2025-06-12 22:17:53.198918,0 days 00:00:13.748129,50,0.630849544022868,0.11708696851144343,0.9755113323757462,0.00012118851684257296,411,3659459,8.117499999999998,2.0301400813736974,0.3164999999999999,0.20790683009463642,410.0,4,9.209999999999999,"[0.3629999999999999, 0.5579999999999999]",3659459,"[3.629999999999999, 5.579999999999999]",0.026648330106967832,10.925815343856812,8.169999999999998,"[0.3079999999999999, 0.5089999999999999]",3660459,"[3.0799999999999987, 5.089999999999999]",0.022563301063165432,9.250953435897827,4.839999999999997,"[0.005999999999999806, 0.4779999999999999]",3661459,"[0.059999999999998055, 4.779999999999999]",0.029413359921152998,12.05947756767273,10.249999999999998,"[0.5889999999999999, 0.43599999999999994]",3662459,"[5.889999999999999, 4.359999999999999]",0.03301626996296208,13.536670684814453,MinimaxSolutionConcept,3.1649999999999983,2.079068300946364,0.027910315263562087,0.0038246922761754685,11.443229258060455,1.5681238332319423,COMPLETE
366,7.064999999999998,2025-06-12 22:17:55.035982,2025-06-12 22:18:00.745581,0 days 00:00:05.709599,45,0.5107811857705817,0.08064890276196926,0.9428825652749867,0.09566633327984357,172,3669475,7.064999999999998,2.412597148303049,0.4299999999999998,0.08601162712098867,170.0,4,10.749999999999998,"[0.5559999999999998, 0.5189999999999999]",3669475,"[5.559999999999999, 5.1899999999999995]",0.03052848928114947,5.18984317779541,4.519999999999997,"[0.3699999999999999, 0.08199999999999988]",3670475,"[3.699999999999999, 0.8199999999999987]",0.022716708744273468,3.8618404865264893,7.629999999999998,"[0.3339999999999999, 0.42899999999999994]",3671475,"[3.339999999999999, 4.289999999999999]",0.0325460293713738,5.532824993133545,5.359999999999998,"[0.4599999999999998, 0.07599999999999987]",3672475,"[4.599999999999998, 0.7599999999999987]",0.022185533186968635,3.771540641784668,MinimaxSolutionConcept,4.299999999999999,0.8601162712098869,0.026994190145941344,0.004602559561072366,4.589012324810028,0.782435125382302,COMPLETE
367,8.904999999999998,2025-06-12 22:18:00.760692,2025-06-12 22:18:05.611915,0 days 00:00:04.851223,49,0.6497176812132364,0.08760566445423167,0.981745619142389,0.0002602512068882493,131,3679480,8.904999999999998,3.598002918286755,0.5442499999999999,0.07385247118411131,130.0,4,14.749999999999998,"[0.6279999999999998, 0.8469999999999999]",3679480,"[6.279999999999998, 8.469999999999999]",0.024308987764211802,3.160168409347534,6.059999999999998,"[0.42799999999999994, 0.17799999999999988]",3680480,"[4.279999999999999, 1.779999999999999]",0.02525313267341027,3.282907247543335,8.99,"[0.5409999999999998, 0.3579999999999998]",3681480,"[5.409999999999998, 3.5799999999999983]",0.02411948900956374,3.135533571243286,5.819999999999997,"[0.5799999999999998, 0.001999999999999813]",3682480,"[5.799999999999999, 0.01999999999999813]",0.03595023522010216,4.673530578613281,MinimaxSolutionConcept,5.442499999999999,0.7385247118411131,0.027407961166821995,0.004950540806732907,3.563034951686859,0.6435703048752779,COMPLETE
368,7.792499999999999,2025-06-12 22:18:05.627241,2025-06-12 22:18:10.945443,0 days 00:00:05.318202,48,0.9006433514751293,0.04921283822703934,0.9618476043454564,0.00017582173751422292,187,3689485,7.792499999999999,1.2431487240069063,0.3302499999999999,0.18334990455410657,180.0,4,8.29,"[0.29299999999999987, 0.5359999999999999]",3689485,"[2.929999999999999, 5.359999999999999]",0.020343765947553848,3.6618778705596924,6.309999999999998,"[0.1959999999999999, 0.4349999999999999]",3690485,"[1.959999999999999, 4.349999999999999]",0.018833745850457086,3.3900742530822754,9.559999999999997,"[0.6399999999999998, 0.31599999999999995]",3691485,"[6.399999999999998, 3.1599999999999993]",0.027168704403771296,4.890366792678833,7.009999999999998,"[0.1919999999999999, 0.5089999999999999]",3692485,"[1.919999999999999, 5.089999999999999]",0.028515447510613336,5.1327805519104,MinimaxSolutionConcept,3.3024999999999984,1.8334990455410654,0.023715415928098893,0.004188204592292522,4.2687748670578,0.7538768266126541,COMPLETE
369,8.319999999999997,2025-06-12 22:18:10.960816,2025-06-12 22:18:16.087051,0 days 00:00:05.126235,43,0.6207677540544416,0.09820697974796076,0.9886732949829946,0.0001380372767813838,167,3699491,8.319999999999997,3.830254560730918,0.4272499999999999,0.1763481995938717,160.0,4,14.399999999999997,"[0.728, 0.712]",3699491,"[7.279999999999999, 7.119999999999999]",0.02023421823978424,3.2374749183654785,5.609999999999998,"[0.3349999999999999, 0.2259999999999999]",3700491,"[3.349999999999999, 2.259999999999999]",0.020250746607780458,3.240119457244873,8.719999999999997,"[0.27999999999999986, 0.592]",3701491,"[2.7999999999999985, 5.92]",0.021204599738121034,3.3927359580993652,4.549999999999998,"[0.36599999999999994, 0.08899999999999988]",3702491,"[3.6599999999999993, 0.8899999999999988]",0.03092992752790451,4.948788404464722,MinimaxSolutionConcept,4.272499999999999,1.763481995938717,0.02315487302839756,0.004506085136741359,3.7047796845436096,0.7209736218786172,COMPLETE
370,6.462499999999999,2025-06-12 22:18:16.102303,2025-06-12 22:18:21.292065,0 days 00:00:05.189762,47,0.607147474494132,0.1065908364859883,0.9846131404080767,0.053534061055624964,158,3709496,6.462499999999999,3.465020743083655,0.3577499999999999,0.157588665518812,150.0,4,11.01,"[0.4969999999999999, 0.604]",3709496,"[4.969999999999999, 6.04]",0.023073991139729817,3.4610986709594727,7.609999999999997,"[0.4219999999999999, 0.33899999999999986]",3710496,"[4.219999999999999, 3.389999999999999]",0.02226643721262614,3.339965581893921,1.3999999999999977,"[0.08999999999999986, 0.049999999999999864]",3711496,"[0.8999999999999986, 0.49999999999999867]",0.03345772425333659,5.018658638000488,5.829999999999997,"[0.4219999999999999, 0.16099999999999984]",3712496,"[4.219999999999999, 1.6099999999999983]",0.03225868860880534,4.838803291320801,MinimaxSolutionConcept,3.577499999999999,1.57588665518812,0.02776421030362447,0.005119572762857708,4.164631545543671,0.767935914428656,COMPLETE
371,6.794999999999998,2025-06-12 22:18:23.124126,2025-06-12 22:18:29.002683,0 days 00:00:05.878557,44,0.5894864897452141,0.07836691117867409,0.979173675303318,0.00022255669612741797,179,3719503,6.794999999999998,2.8498640318443274,0.3162499999999999,0.22768330527291636,170.0,4,10.59,"[0.603, 0.45599999999999996]",3719503,"[6.029999999999999, 4.56]",0.028926730155944824,4.91754412651062,8.369999999999997,"[0.4659999999999999, 0.3709999999999999]",3720503,"[4.659999999999999, 3.709999999999999]",0.022426762300379138,3.812549591064453,4.879999999999998,"[0.15899999999999986, 0.3289999999999999]",3721503,"[1.5899999999999985, 3.289999999999999]",0.023032209452460792,3.915475606918335,3.3399999999999967,"[0.03699999999999985, 0.2969999999999999]",3722503,"[0.36999999999999855, 2.969999999999999]",0.03354131053475773,5.7020227909088135,MinimaxSolutionConcept,3.1624999999999988,2.2768330527291636,0.02698175311088562,0.004559538509994329,4.586898028850555,0.7751215466990357,COMPLETE
372,7.844999999999998,2025-06-12 22:18:29.017627,2025-06-12 22:18:33.196802,0 days 00:00:04.179175,46,0.9452894321604592,0.0902115299885872,0.9596417240758497,0.00039565330553331527,144,3729509,7.844999999999998,0.46089586676384986,0.44599999999999995,0.12785734237813645,140.0,4,8.199999999999998,"[0.563, 0.25699999999999984]",3729509,"[5.629999999999999, 2.5699999999999985]",0.028606414794921875,4.0048980712890625,8.36,"[0.3439999999999999, 0.4919999999999999]",3730509,"[3.439999999999999, 4.919999999999999]",0.02741854190826416,3.8385958671569824,7.209999999999997,"[0.2949999999999999, 0.426]",3731509,"[2.949999999999999, 4.26]",0.020157642023903983,2.8220698833465576,7.6099999999999985,"[0.582, 0.17899999999999988]",3732509,"[5.819999999999999, 1.7899999999999987]",0.020654988288879395,2.8916983604431152,MinimaxSolutionConcept,4.459999999999999,1.2785734237813644,0.024209396753992352,0.0038302387720319095,3.3893155455589294,0.5362334280844674,COMPLETE
373,9.779999999999998,2025-06-12 22:18:33.211921,2025-06-12 22:18:37.718935,0 days 00:00:04.507014,45,0.6382058524979719,0.0440428284824501,0.9731411215318574,0.00011729556352593742,151,3739513,9.779999999999998,1.900855070751055,0.4684999999999999,0.18355584981144027,150.0,4,10.11,"[0.31999999999999995, 0.6909999999999998]",3739513,"[3.1999999999999993, 6.909999999999998]",0.022222123146057128,3.3333184719085693,12.569999999999997,"[0.756, 0.5009999999999998]",3740513,"[7.5600000000000005, 5.009999999999998]",0.028917056719462077,4.3375585079193115,7.299999999999998,"[0.49999999999999983, 0.22999999999999982]",3741513,"[4.999999999999998, 2.299999999999998]",0.021169942220052085,3.1754913330078125,9.139999999999999,"[0.2979999999999999, 0.616]",3742513,"[2.9799999999999986, 6.16]",0.02228802680969238,3.3432040214538574,MinimaxSolutionConcept,4.684999999999999,1.8355584981144029,0.02364928722381592,0.0030735311258735347,3.5473930835723877,0.4610296688810302,COMPLETE
374,9.577499999999997,2025-06-12 22:18:37.734934,2025-06-12 22:18:44.706744,0 days 00:00:06.971810,45,0.9564114742286127,0.09411083912837767,0.9693177880256159,0.00011394099785885727,262,3749517,9.577499999999997,1.571692956655339,0.54925,0.15136772278131166,260.0,4,7.059999999999997,"[0.2969999999999999, 0.4089999999999999]",3749517,"[2.969999999999999, 4.089999999999999]",0.020107866250551665,5.228045225143433,9.519999999999998,"[0.579, 0.3729999999999999]",3750517,"[5.789999999999999, 3.7299999999999986]",0.024227591661306527,6.299173831939697,11.2,"[0.6950000000000001, 0.42499999999999993]",3751517,"[6.950000000000001, 4.249999999999999]",0.01843350392121535,4.792711019515991,10.529999999999996,"[0.6259999999999999, 0.42699999999999994]",3752517,"[6.259999999999999, 4.27]",0.026140840236957258,6.796618461608887,MinimaxSolutionConcept,5.4925,1.5136772278131168,0.0222274505175077,0.003090382336040972,5.779137134552002,0.8034994073706527,COMPLETE
375,7.562499999999998,2025-06-12 22:18:44.722327,2025-06-12 22:18:50.579906,0 days 00:00:05.857579,45,0.6651173463661328,0.0970750469926538,0.9694729503356488,0.00012624152720431062,201,3759524,7.562499999999998,3.0345294116221715,0.3042499999999999,0.2536231209886039,200.0,4,3.3799999999999977,"[-0.06500000000000017, 0.40299999999999986]",3759524,"[-0.6500000000000017, 4.0299999999999985]",0.022937580347061157,4.5875160694122314,11.829999999999998,"[0.587, 0.5959999999999999]",3760524,"[5.869999999999999, 5.959999999999999]",0.0212705659866333,4.25411319732666,6.769999999999998,"[0.4839999999999999, 0.19299999999999984]",3761524,"[4.839999999999999, 1.9299999999999984]",0.02277449131011963,4.554898262023926,8.27,"[0.21099999999999985, 0.6159999999999999]",3762524,"[2.1099999999999985, 6.159999999999998]",0.028416316509246826,5.683263301849365,MinimaxSolutionConcept,3.0424999999999986,2.536231209886039,0.023849738538265226,0.002715416845696137,4.769947707653046,0.5430833691392274,COMPLETE
376,9.784999999999998,2025-06-12 22:18:52.518479,2025-06-12 22:18:59.989813,0 days 00:00:07.471334,45,0.9847559092219016,0.093686432890258,0.9704673885966185,0.00015602456492147448,260,3769532,9.784999999999998,2.511140179281117,0.46399999999999986,0.16913160556205925,260.0,4,9.859999999999998,"[0.5159999999999999, 0.46999999999999986]",3769532,"[5.159999999999999, 4.699999999999998]",0.0197585417674138,5.137220859527588,7.689999999999998,"[0.575, 0.1939999999999999]",3770532,"[5.75, 1.939999999999999]",0.01896812365605281,4.9317121505737305,7.729999999999997,"[0.1749999999999999, 0.598]",3771532,"[1.7499999999999991, 5.9799999999999995]",0.028071781305166393,7.298663139343262,13.859999999999998,"[0.5899999999999999, 0.7959999999999999]",3772532,"[5.899999999999999, 7.959999999999999]",0.02577558205677913,6.701651334762573,MinimaxSolutionConcept,4.64,1.6913160556205928,0.02314350719635303,0.0038764520642660784,6.017311871051788,1.0078775367091801,COMPLETE
377,8.872499999999999,2025-06-12 22:19:00.004962,2025-06-12 22:19:07.552860,0 days 00:00:07.547898,45,0.6451349051930733,0.0931990600517997,0.970706423003467,0.00015158413960452606,230,3779540,8.872499999999999,3.071582450464256,0.41274999999999995,0.10815122514331492,230.0,4,9.37,"[0.36199999999999993, 0.575]",3779540,"[3.619999999999999, 5.75]",0.02671020341956097,6.143346786499023,12.809999999999999,"[0.5969999999999999, 0.6839999999999999]",3780540,"[5.969999999999999, 6.84]",0.02400313563968824,5.520721197128296,9.119999999999996,"[0.3719999999999999, 0.5399999999999998]",3781540,"[3.719999999999999, 5.399999999999999]",0.024066644129545792,5.535328149795532,4.189999999999997,"[0.31999999999999995, 0.09899999999999987]",3782540,"[3.1999999999999993, 0.9899999999999987]",0.03198664603026017,7.356928586959839,MinimaxSolutionConcept,4.1274999999999995,1.0815122514331492,0.02669165730476379,0.003246386162918566,6.139081180095673,0.74666881747127,COMPLETE
378,7.482499999999998,2025-06-12 22:19:07.570176,2025-06-12 22:19:15.519788,0 days 00:00:07.949612,45,0.9756345077394155,0.10157898186348988,0.966561840501902,0.00019027779225500437,260,3789547,7.482499999999998,2.1054260257724566,0.40349999999999986,0.11828884140103829,260.0,4,8.319999999999999,"[0.25299999999999995, 0.579]",3789547,"[2.5299999999999994, 5.789999999999999]",0.029507783743051384,7.672023773193359,4.039999999999997,"[0.45199999999999985, -0.048000000000000154]",3790547,"[4.519999999999999, -0.48000000000000154]",0.025391864776611327,6.601884841918945,9.729999999999999,"[0.5679999999999998, 0.4049999999999999]",3791547,"[5.679999999999998, 4.049999999999999]",0.021738800635704627,5.652088165283203,7.839999999999998,"[0.34099999999999986, 0.44299999999999995]",3792547,"[3.4099999999999984, 4.43]",0.029814760501568133,7.751837730407715,MinimaxSolutionConcept,4.034999999999998,1.1828884140103828,0.026613302414233868,0.003312100298123415,6.919458627700806,0.8611460775120877,COMPLETE
379,8.217499999999998,2025-06-12 22:19:15.535873,2025-06-12 22:19:21.311315,0 days 00:00:05.775442,45,0.9660316853455949,0.09355022641218767,0.9681771876480719,0.000163629086933674,189,3799555,8.217499999999998,3.614701751182248,0.40199999999999986,0.21259938852216861,180.0,4,14.459999999999999,"[0.7489999999999999, 0.697]",3799555,"[7.489999999999998, 6.97]",0.03029142353269789,5.45245623588562,6.029999999999997,"[0.3839999999999999, 0.21899999999999992]",3800555,"[3.839999999999999, 2.189999999999999]",0.02598006327946981,4.676411390304565,6.569999999999997,"[0.2919999999999998, 0.3649999999999999]",3801555,"[2.919999999999998, 3.6499999999999986]",0.021944279140896267,3.949970245361328,5.809999999999997,"[0.18299999999999988, 0.3979999999999999]",3802555,"[1.8299999999999987, 3.979999999999999]",0.03095832003487481,5.572497606277466,MinimaxSolutionConcept,4.019999999999999,2.125993885221686,0.027293521496984694,0.0036317258711383586,4.912833869457245,0.6537106568049047,COMPLETE
380,7.5749999999999975,2025-06-12 22:19:21.328923,2025-06-12 22:19:31.119798,0 days 00:00:09.790875,44,0.6559549834277675,0.0861736743540661,0.9696175525875934,0.00014193115635318618,295,3809561,7.5749999999999975,3.018778726571392,0.27149999999999985,0.12182056476638085,290.0,4,5.429999999999998,"[0.3379999999999999, 0.2049999999999999]",3809561,"[3.379999999999999, 2.049999999999999]",0.03303212132947198,9.579315185546875,8.92,"[0.2029999999999999, 0.689]",3810561,"[2.029999999999999, 6.89]",0.025111303658320986,7.282278060913086,11.829999999999997,"[0.43099999999999977, 0.752]",3811561,"[4.309999999999998, 7.52]",0.02957444930898732,8.576590299606323,4.119999999999998,"[0.11399999999999988, 0.29799999999999993]",3812561,"[1.1399999999999988, 2.9799999999999995]",0.025406213464408085,7.367801904678345,MinimaxSolutionConcept,2.7149999999999985,1.2182056476638086,0.028281021940297094,0.0032618069196394726,8.201496362686157,0.9459240066954471,COMPLETE
381,4.0825000000000005,2025-06-12 22:19:33.307537,2025-06-12 22:19:36.102293,0 days 00:00:02.794756,12,0.9737798323808685,0.09116058078217712,0.9728123342059796,0.019782992492969418,224,3819573,4.0825000000000005,1.5139249486021427,0.176,0.11402192771568108,220.0,4,1.9500000000000002,"[0.203, -0.007999999999999985]",3819573,"[2.0300000000000002, -0.07999999999999985]",0.011412681232799184,2.5107898712158203,6.23,"[0.30700000000000005, 0.31600000000000006]",3820573,"[3.0700000000000003, 3.1600000000000006]",0.008581919019872491,1.8880221843719482,4.010000000000001,"[-0.006999999999999984, 0.40800000000000003]",3821573,"[-0.06999999999999984, 4.08]",0.011731801249764182,2.58099627494812,4.1400000000000015,"[0.201, 0.21300000000000008]",3822573,"[2.0100000000000002, 2.130000000000001]",0.011534950949928978,2.537689208984375,MinimaxSolutionConcept,1.7600000000000002,1.1402192771568107,0.010815338113091209,0.0012944812633289195,2.379374384880066,0.2847858779323622,COMPLETE
382,8.389999999999999,2025-06-12 22:19:36.127597,2025-06-12 22:19:40.610107,0 days 00:00:04.482510,46,0.9751303804968117,0.1048334626627054,0.9671738687920503,0.00019267006649042,136,3829576,8.389999999999999,1.4842674961070854,0.49149999999999994,0.19991810823434686,130.0,4,7.139999999999999,"[0.17599999999999988, 0.538]",3829576,"[1.759999999999999, 5.380000000000001]",0.03273537342364972,4.255598545074463,9.799999999999997,"[0.595, 0.3849999999999998]",3830576,"[5.949999999999999, 3.849999999999998]",0.030637139540452222,3.982828140258789,9.929999999999996,"[0.7140000000000001, 0.2789999999999999]",3831576,"[7.140000000000001, 2.789999999999999]",0.02404469893528865,3.1258108615875244,6.689999999999999,"[0.48099999999999987, 0.1879999999999999]",3832576,"[4.809999999999999, 1.879999999999999]",0.02617030877333421,3.4021401405334473,MinimaxSolutionConcept,4.914999999999999,1.9991810823434686,0.028396880168181197,0.003454720952663434,3.691594421863556,0.44911372384624626,COMPLETE
383,6.784999999999998,2025-06-12 22:19:40.634258,2025-06-12 22:19:48.719666,0 days 00:00:08.085408,39,0.955634610906979,0.0929193220213705,0.9707514460235087,0.00016866043335232505,266,3839580,6.784999999999998,1.2755489014538015,0.15899999999999986,0.1762313819953756,260.0,4,8.299999999999997,"[0.1309999999999999, 0.699]",3839580,"[1.309999999999999, 6.989999999999999]",0.029133949829981878,7.574826955795288,4.8599999999999985,"[-0.11200000000000013, 0.598]",3840580,"[-1.1200000000000012, 5.9799999999999995]",0.03025052547454834,7.865136623382568,7.45,"[0.3599999999999999, 0.3849999999999999]",3841580,"[3.5999999999999988, 3.8499999999999988]",0.029308822521796594,7.620293855667114,6.5299999999999985,"[0.25699999999999984, 0.39599999999999985]",3842580,"[2.5699999999999985, 3.9599999999999986]",0.02891285144365751,7.517341375350952,MinimaxSolutionConcept,1.5899999999999987,1.762313819953756,0.029401537317496076,0.0005098514173070714,7.644399702548981,0.13256136849983885,COMPLETE
384,6.667499999999999,2025-06-12 22:19:48.737073,2025-06-12 22:20:00.224213,0 days 00:00:11.487140,43,0.9815789008772443,0.09806647640786277,0.963762292960353,0.0001398664120131581,374,3849588,6.667499999999999,1.871969217161436,0.25074999999999986,0.05684353525248055,370.0,4,3.7399999999999984,"[0.1919999999999999, 0.18199999999999983]",3849588,"[1.919999999999999, 1.8199999999999983]",0.028918705115447172,10.699920892715454,8.149999999999999,"[0.33899999999999986, 0.47599999999999987]",3850588,"[3.389999999999999, 4.759999999999999]",0.030550479888916016,11.303677558898926,6.339999999999998,"[0.21099999999999985, 0.42299999999999993]",3851588,"[2.1099999999999985, 4.2299999999999995]",0.02796440382261534,10.346829414367676,8.439999999999998,"[0.26099999999999984, 0.583]",3852588,"[2.6099999999999985, 5.83]",0.030062359088176005,11.123072862625122,MinimaxSolutionConcept,2.5074999999999985,0.5684353525248055,0.02937398697878863,0.0010065035988283345,10.868375182151794,0.3724063315664836,COMPLETE
385,6.402499999999998,2025-06-12 22:20:00.239687,2025-06-12 22:20:08.993595,0 days 00:00:08.753908,44,0.9279037773491112,0.09565084245405367,0.972715428348397,0.00012375016791259285,315,3859600,6.402499999999998,3.3735543200013844,0.3339999999999999,0.12802148257226206,310.0,4,8.87,"[0.5509999999999999, 0.33599999999999985]",3859600,"[5.51, 3.3599999999999985]",0.021112339727340206,6.544825315475464,0.5999999999999971,"[0.2339999999999999, -0.1740000000000002]",3860600,"[2.339999999999999, -1.740000000000002]",0.021426212403082078,6.642125844955444,8.389999999999999,"[0.24699999999999994, 0.5919999999999999]",3861600,"[2.4699999999999993, 5.919999999999998]",0.02106212954367361,6.529260158538818,7.749999999999998,"[0.3039999999999999, 0.4709999999999999]",3862600,"[3.0399999999999987, 4.709999999999999]",0.02762605759405321,8.564077854156494,MinimaxSolutionConcept,3.3399999999999994,1.280214825722621,0.022806684817037275,0.002785961971848104,7.070072293281555,0.863648211272912,COMPLETE
386,7.167499999999999,2025-06-12 22:20:11.078035,2025-06-12 22:20:18.177027,0 days 00:00:07.098992,40,0.9897550302821426,0.08542234801273332,0.9663943152709332,0.00022307381624231046,276,3869611,7.167499999999999,3.526126593019599,0.4272499999999999,0.1987125750927706,270.0,4,6.2799999999999985,"[0.25999999999999995, 0.36799999999999994]",3869611,"[2.5999999999999996, 3.6799999999999993]",0.025606717886748138,6.913813829421997,11.9,"[0.7179999999999999, 0.472]",3870611,"[7.179999999999999, 4.72]",0.024967841748838072,6.741317272186279,8.339999999999998,"[0.5029999999999999, 0.33099999999999985]",3871611,"[5.029999999999999, 3.3099999999999987]",0.019831225607130264,5.354430913925171,2.1499999999999986,"[0.22799999999999992, -0.013000000000000123]",3872611,"[2.2799999999999994, -0.13000000000000123]",0.019385058791549118,5.233965873718262,MinimaxSolutionConcept,4.272499999999999,1.9871257509277058,0.0224477110085664,0.002852902813924401,6.060881972312927,0.7702837597595884,COMPLETE
387,8.552499999999998,2025-06-12 22:20:18.192974,2025-06-12 22:20:25.879161,0 days 00:00:07.686187,42,0.9496694195505917,0.08878440560244992,0.9697058224230458,0.00027013804736136056,282,3879618,8.552499999999998,3.4110069994064807,0.40224999999999994,0.1231003147843254,280.0,4,8.169999999999998,"[0.491, 0.3259999999999999]",3879618,"[4.91, 3.259999999999999]",0.019551595619746617,5.474446773529053,8.899999999999997,"[0.4389999999999999, 0.4509999999999998]",3880618,"[4.389999999999999, 4.509999999999998]",0.025827495540891376,7.231698751449585,3.7599999999999976,"[0.1919999999999999, 0.18399999999999989]",3881618,"[1.919999999999999, 1.839999999999999]",0.026819109065192085,7.509350538253784,13.379999999999999,"[0.48699999999999993, 0.8510000000000002]",3882618,"[4.869999999999999, 8.510000000000002]",0.018297710589000156,5.123358964920044,MinimaxSolutionConcept,4.022499999999999,1.2310031478432542,0.02262397770370756,0.003742251076922445,6.3347137570381165,1.0478303015382846,COMPLETE
388,6.022499999999997,2025-06-12 22:20:25.895306,2025-06-12 22:20:32.322255,0 days 00:00:06.426949,47,0.9821889271278061,0.10170571675479316,0.9737309108741217,0.00010031338077392686,217,3889625,6.022499999999997,3.079710822463694,0.27199999999999985,0.2466404265322293,210.0,4,4.749999999999998,"[0.037999999999999826, 0.43699999999999994]",3889625,"[0.37999999999999823, 4.369999999999999]",0.02326795600709461,4.886270761489868,1.759999999999997,"[0.027999999999999838, 0.14799999999999983]",3890625,"[0.27999999999999836, 1.4799999999999982]",0.022546052932739258,4.734671115875244,7.599999999999997,"[0.4249999999999998, 0.3349999999999999]",3891625,"[4.249999999999998, 3.349999999999999]",0.02971431981949579,6.240007162094116,9.979999999999999,"[0.5969999999999999, 0.4009999999999998]",3892625,"[5.969999999999999, 4.009999999999998]",0.02379884606315976,4.99775767326355,MinimaxSolutionConcept,2.7199999999999984,2.4664042653222933,0.024831793705622357,0.0028537800069767917,5.214676678180695,0.5992938014651265,COMPLETE
389,7.274999999999999,2025-06-12 22:20:32.340881,2025-06-12 22:20:39.699422,0 days 00:00:07.358541,46,0.6835163524434603,0.04210925513390779,0.9716682490374657,0.00015230972571519266,236,3899632,7.274999999999999,1.8529638420649237,0.3659999999999999,0.27806384159038017,230.0,4,5.1599999999999975,"[-0.059000000000000184, 0.575]",3899632,"[-0.5900000000000019, 5.75]",0.03116495401962944,7.1679394245147705,9.82,"[0.7130000000000001, 0.26899999999999985]",3900632,"[7.130000000000001, 2.6899999999999986]",0.0261134904363881,6.006102800369263,8.219999999999997,"[0.3539999999999999, 0.46799999999999997]",3901632,"[3.539999999999999, 4.68]",0.02379227410192075,5.4722230434417725,5.899999999999998,"[0.45599999999999985, 0.13399999999999984]",3902632,"[4.559999999999999, 1.3399999999999985]",0.030318645809007727,6.973288536071777,MinimaxSolutionConcept,3.6599999999999993,2.780638415903802,0.027847341091736505,0.0030233966383802027,6.404888451099396,0.6953812268274464,COMPLETE
390,8.247499999999997,2025-06-12 22:20:39.716225,2025-06-12 22:20:47.307399,0 days 00:00:07.591174,44,0.9899976001461432,0.09562529685842783,0.9386329453763832,0.00018791084667141633,252,3909639,8.247499999999997,2.298122875304973,0.42074999999999985,0.1481205168097924,250.0,4,5.299999999999998,"[0.34799999999999986, 0.18199999999999988]",3909639,"[3.4799999999999986, 1.819999999999999]",0.029594653129577635,7.398663282394409,11.749999999999996,"[0.5859999999999999, 0.5889999999999997]",3910639,"[5.8599999999999985, 5.889999999999997]",0.02070261859893799,5.175654649734497,7.879999999999997,"[0.5339999999999999, 0.2539999999999999]",3911639,"[5.339999999999999, 2.539999999999999]",0.02214078235626221,5.535195589065552,8.059999999999997,"[0.2149999999999999, 0.591]",3912639,"[2.149999999999999, 5.91]",0.029087828636169433,7.271957159042358,MinimaxSolutionConcept,4.207499999999999,1.4812051680979241,0.025381470680236818,0.003996301829840879,6.345367670059204,0.99907545746022,COMPLETE
391,6.182499999999997,2025-06-12 22:20:49.856183,2025-06-12 22:20:58.920333,0 days 00:00:09.064150,45,0.9593820396091877,0.0826605054586036,0.9692413275132141,0.00011559349412089304,335,3919649,6.182499999999997,0.45570686850211045,0.26124999999999987,0.06053666244516623,330.0,4,6.369999999999997,"[0.1859999999999999, 0.4509999999999999]",3919649,"[1.859999999999999, 4.509999999999999]",0.023465533690019087,7.743626117706299,6.789999999999997,"[0.28199999999999986, 0.3969999999999999]",3920649,"[2.8199999999999985, 3.969999999999999]",0.020001930901498505,6.600637197494507,5.549999999999998,"[0.34799999999999986, 0.20699999999999985]",3921649,"[3.4799999999999986, 2.0699999999999985]",0.02412778175238407,7.962167978286743,6.019999999999998,"[0.22899999999999987, 0.3729999999999999]",3922649,"[2.2899999999999987, 3.7299999999999986]",0.026853663993604254,8.861709117889404,MinimaxSolutionConcept,2.612499999999999,0.6053666244516622,0.02361222758437648,0.0024407205561195904,7.792035102844238,0.8054377835194649,COMPLETE
392,7.549999999999998,2025-06-12 22:20:58.937270,2025-06-12 22:21:06.291392,0 days 00:00:07.354122,43,0.9976778923569203,0.1083922826883601,0.9203984472686516,0.00013533980243120118,268,3929659,7.549999999999998,2.0638192750335485,0.34599999999999986,0.1113058848399311,260.0,4,6.899999999999998,"[0.2289999999999998, 0.46099999999999997]",3929659,"[2.289999999999998, 4.609999999999999]",0.027267247896928054,7.089484453201294,10.629999999999999,"[0.4789999999999999, 0.584]",3930659,"[4.789999999999999, 5.84]",0.019140653426830585,4.976569890975952,7.779999999999998,"[0.43299999999999983, 0.3449999999999999]",3931659,"[4.329999999999998, 3.4499999999999993]",0.02218662041884202,5.768521308898926,4.889999999999998,"[0.24299999999999988, 0.24599999999999986]",3932659,"[2.429999999999999, 2.4599999999999986]",0.027356020303872915,7.112565279006958,MinimaxSolutionConcept,3.459999999999998,1.1130588483993111,0.023987635511618394,0.0034942368337460435,6.2367852330207825,0.9085015767739714,COMPLETE
393,7.652499999999997,2025-06-12 22:21:06.317071,2025-06-12 22:21:17.317264,0 days 00:00:11.000193,47,0.6375207406585401,0.09960837424015596,0.9643130054565312,0.00030692311421670414,362,3939666,7.652499999999997,1.7636662807912387,0.4097499999999999,0.1391678393164168,360.0,4,9.239999999999997,"[0.4309999999999999, 0.493]",3939666,"[4.309999999999999, 4.93]",0.02688739167319404,9.679461002349854,9.289999999999997,"[0.4999999999999999, 0.429]",3940666,"[4.999999999999999, 4.29]",0.02991944154103597,10.77099895477295,7.049999999999997,"[0.5309999999999999, 0.17399999999999982]",3941666,"[5.309999999999999, 1.7399999999999982]",0.02258266144328647,8.12975811958313,5.029999999999997,"[0.17699999999999985, 0.32599999999999985]",3942666,"[1.7699999999999985, 3.2599999999999985]",0.024572904904683432,8.846245765686035,MinimaxSolutionConcept,4.097499999999999,1.3916783931641679,0.025990599890549977,0.0027323952747223164,9.356615960597992,0.9836622989000335,COMPLETE
394,7.1999999999999975,2025-06-12 22:21:17.334998,2025-06-12 22:21:29.935435,0 days 00:00:12.600437,46,0.9603229218476907,0.0905660650791621,0.9716410446759591,0.00016636949564121118,457,3949677,7.1999999999999975,2.523043796686852,0.2777499999999999,0.12525449093745103,450.0,4,5.129999999999997,"[0.32699999999999985, 0.18599999999999986]",3949677,"[3.2699999999999987, 1.8599999999999985]",0.025777638223436143,11.599937200546265,5.039999999999997,"[0.06999999999999987, 0.43399999999999983]",3950677,"[0.6999999999999986, 4.339999999999998]",0.022137456470065646,9.961855411529541,11.26,"[0.4049999999999999, 0.7209999999999999]",3951677,"[4.049999999999999, 7.209999999999999]",0.02202628665500217,9.911828994750977,7.369999999999998,"[0.3089999999999999, 0.42799999999999994]",3952677,"[3.089999999999999, 4.279999999999999]",0.027560302946302625,12.402136325836182,MinimaxSolutionConcept,2.777499999999999,1.2525449093745105,0.024375421073701647,0.0023788969902918252,10.968939483165741,1.0705036456313215,COMPLETE
395,8.552499999999998,2025-06-12 22:21:29.952314,2025-06-12 22:21:38.555091,0 days 00:00:08.602777,42,0.669460223140938,0.08685810861836553,0.967934772684476,0.02841315387330498,304,3959690,8.552499999999998,3.0986478906129373,0.40774999999999995,0.2106945359993942,300.0,4,11.24,"[0.603, 0.5209999999999999]",3959690,"[6.029999999999999, 5.209999999999999]",0.019967334270477297,5.9902002811431885,9.23,"[0.48599999999999993, 0.43699999999999994]",3960690,"[4.859999999999999, 4.369999999999999]",0.02798643986384074,8.395931959152222,3.3299999999999974,"[0.051999999999999866, 0.28099999999999986]",3961690,"[0.5199999999999987, 2.8099999999999987]",0.022449123859405517,6.734737157821655,10.409999999999998,"[0.48999999999999994, 0.5509999999999999]",3962690,"[4.8999999999999995, 5.51]",0.021636970043182373,6.491091012954712,MinimaxSolutionConcept,4.077499999999999,2.106945359993942,0.02300996700922648,0.0030092591182502206,6.902990102767944,0.9027777354750661,COMPLETE
396,4.834999999999998,2025-06-12 22:21:40.851107,2025-06-12 22:21:44.209109,0 days 00:00:03.358002,25,0.9345194188103815,0.09292044778739968,0.9765347157243579,0.00024254784395423852,151,3969700,4.834999999999998,1.7486780721447843,0.22624999999999995,0.16194501381641857,150.0,4,3.0999999999999988,"[0.23399999999999993, 0.07599999999999993]",3969700,"[2.3399999999999994, 0.7599999999999993]",0.01891211986541748,2.836817979812622,6.419999999999998,"[0.44399999999999995, 0.1979999999999999]",3970700,"[4.4399999999999995, 1.979999999999999]",0.021058902740478516,3.1588354110717773,3.0799999999999983,"[-0.013000000000000062, 0.3209999999999999]",3971700,"[-0.13000000000000062, 3.209999999999999]",0.01863728682200114,2.795593023300171,6.739999999999998,"[0.2399999999999999, 0.4339999999999999]",3972700,"[2.399999999999999, 4.339999999999999]",0.019274465243021646,2.891169786453247,MinimaxSolutionConcept,2.2624999999999993,1.619450138164186,0.019470693667729695,0.0009443893948686922,2.9206040501594543,0.1416584092303038,COMPLETE
397,6.854999999999997,2025-06-12 22:21:44.227724,2025-06-12 22:21:48.920575,0 days 00:00:04.692851,45,0.8551456559953949,0.08380608787487419,0.9744696964804216,0.04604129927776532,155,3979704,6.854999999999997,2.874078113065127,0.40999999999999986,0.05683748762920471,150.0,4,8.149999999999999,"[0.3639999999999999, 0.4509999999999999]",3979704,"[3.639999999999999, 4.509999999999999]",0.02286451021830241,3.4296765327453613,8.159999999999997,"[0.47999999999999987, 0.33599999999999985]",3980704,"[4.799999999999999, 3.3599999999999985]",0.0295812718073527,4.437190771102905,1.9299999999999977,"[0.34499999999999986, -0.15200000000000016]",3981704,"[3.4499999999999984, -1.5200000000000016]",0.029978105227152507,4.496715784072876,9.179999999999998,"[0.4509999999999998, 0.46699999999999997]",3982704,"[4.509999999999998, 4.67]",0.022471292813618978,3.3706939220428467,MinimaxSolutionConcept,4.099999999999999,0.5683748762920473,0.02622379501660665,0.0035613748292251048,3.9335692524909973,0.5342062243837657,COMPLETE
398,7.089999999999999,2025-06-12 22:21:48.942323,2025-06-12 22:21:54.810314,0 days 00:00:05.867991,40,0.8761970516120565,0.1224871319794639,0.9656903896400212,0.0002087325807078495,196,3989709,7.089999999999999,2.7670471625904756,0.39349999999999985,0.17036504923252305,190.0,4,8.879999999999999,"[0.5559999999999999, 0.33199999999999996]",3989709,"[5.56, 3.3199999999999994]",0.02889189469186883,5.489459991455078,2.869999999999998,"[0.12099999999999989, 0.1659999999999999]",3990709,"[1.2099999999999989, 1.659999999999999]",0.02134040154908833,4.054676294326782,6.479999999999999,"[0.37999999999999995, 0.2679999999999999]",3991709,"[3.7999999999999994, 2.679999999999999]",0.020104833653098658,3.819918394088745,10.129999999999999,"[0.5169999999999998, 0.496]",3992709,"[5.169999999999998, 4.96]",0.029717952326724403,5.646410942077637,MinimaxSolutionConcept,3.934999999999999,1.7036504923252305,0.025013770555195054,0.004323206978703136,4.7526164054870605,0.8214093259535961,COMPLETE
399,5.322499999999998,2025-06-12 22:21:54.836316,2025-06-12 22:22:03.469989,0 days 00:00:08.633673,43,0.864316843916926,0.1032369654179927,0.9727718589173545,0.0001350271474042469,251,3999714,5.322499999999998,1.5383818609175033,0.17324999999999985,0.137139299619037,250.0,4,7.059999999999998,"[0.3629999999999999, 0.34299999999999986]",3999714,"[3.629999999999999, 3.429999999999999]",0.029132119178771974,7.283029794692993,5.2499999999999964,"[0.16499999999999984, 0.35999999999999993]",4000714,"[1.6499999999999984, 3.599999999999999]",0.03140331649780274,7.850829124450684,2.8999999999999977,"[-0.024000000000000132, 0.3139999999999998]",4001714,"[-0.24000000000000132, 3.139999999999998]",0.03367012500762939,8.417531251907349,6.079999999999998,"[0.1889999999999999, 0.41899999999999993]",4002714,"[1.8899999999999988, 4.1899999999999995]",0.03265489101409912,8.16372275352478,MinimaxSolutionConcept,1.7324999999999988,1.3713929961903701,0.03171511292457581,0.0016936889328507008,7.928778231143951,0.42342223321267547,COMPLETE
400,6.7224999999999975,2025-06-12 22:22:03.485506,2025-06-12 22:22:10.183266,0 days 00:00:06.697760,48,0.6454111105801728,0.09695306488282418,0.9764723856520932,0.01578665224306664,207,4009723,6.7224999999999975,1.1378131437103371,0.2939999999999999,0.2503727221563883,200.0,4,6.799999999999998,"[-0.06200000000000018, 0.7420000000000001]",4009723,"[-0.6200000000000018, 7.420000000000001]",0.03263055920600891,6.526111841201782,7.379999999999998,"[0.28899999999999987, 0.44899999999999984]",4010723,"[2.889999999999999, 4.489999999999998]",0.022596510648727416,4.519302129745483,4.859999999999998,"[0.3029999999999999, 0.18299999999999988]",4011723,"[3.029999999999999, 1.8299999999999987]",0.030423216819763184,6.084643363952637,7.849999999999998,"[0.6459999999999999, 0.13899999999999985]",4012723,"[6.459999999999999, 1.3899999999999983]",0.02409334182739258,4.818668365478516,MinimaxSolutionConcept,2.9399999999999986,2.5037272215638833,0.02743590712547302,0.004198241610438982,5.4871814250946045,0.8396483220877965,COMPLETE
401,6.597499999999997,2025-06-12 22:22:12.260510,2025-06-12 22:22:16.493473,0 days 00:00:04.232963,44,0.6529956705748609,0.03567008330729015,0.9577565920402992,0.00011402237298587665,139,4019732,6.597499999999997,3.3117093396009256,0.24874999999999986,0.1821144900879664,130.0,4,11.059999999999997,"[0.3759999999999999, 0.73]",4019732,"[3.759999999999999, 7.3]",0.030655763699458195,3.9852492809295654,8.439999999999998,"[0.3839999999999999, 0.45999999999999985]",4020732,"[3.839999999999999, 4.599999999999999]",0.02536022479717548,3.2968292236328125,4.029999999999998,"[0.29599999999999993, 0.10699999999999985]",4021732,"[2.959999999999999, 1.0699999999999985]",0.02539370793562669,3.3011820316314697,2.8599999999999977,"[-0.061000000000000144, 0.347]",4022732,"[-0.6100000000000014, 3.4699999999999998]",0.03125639878786527,4.063331842422485,MinimaxSolutionConcept,2.487499999999999,1.8211449008796636,0.02816652380503141,0.0027976536878545327,3.6616480946540833,0.3636949794210892,COMPLETE
402,8.519999999999998,2025-06-12 22:22:16.508880,2025-06-12 22:22:21.157161,0 days 00:00:04.648281,41,0.5763971866717685,0.11341228628789433,0.9713024711557615,0.00015602795432796915,150,4029736,8.519999999999998,1.2734205903785287,0.43174999999999997,0.13092817687572073,150.0,4,9.759999999999998,"[0.46799999999999986, 0.5079999999999999]",4029736,"[4.679999999999999, 5.079999999999999]",0.022163718541463217,3.3245577812194824,9.799999999999999,"[0.618, 0.36199999999999993]",4030736,"[6.18, 3.619999999999999]",0.020677628517150878,3.101644277572632,6.999999999999998,"[0.3829999999999999, 0.3169999999999999]",4031736,"[3.829999999999999, 3.169999999999999]",0.029739449818929037,4.4609174728393555,7.519999999999998,"[0.2579999999999999, 0.49399999999999994]",4032736,"[2.579999999999999, 4.9399999999999995]",0.021488981246948244,3.2233471870422363,MinimaxSolutionConcept,4.317499999999999,1.309281768757207,0.023517444531122842,0.0036306040181016777,3.5276166796684265,0.5445906027152516,COMPLETE
403,7.174999999999997,2025-06-12 22:22:21.176455,2025-06-12 22:22:24.887587,0 days 00:00:03.711132,47,0.9663820007273198,0.043601673962456566,0.9616285628270282,0.00033877946834773434,125,4039741,7.174999999999997,1.3804618792273837,0.24924999999999986,0.08751392746300442,120.0,4,9.299999999999997,"[0.3649999999999999, 0.565]",4039741,"[3.6499999999999986, 5.6499999999999995]",0.019633575280507406,2.3560290336608887,5.939999999999998,"[0.2999999999999998, 0.2939999999999999]",4040741,"[2.9999999999999982, 2.9399999999999986]",0.02945587436358134,3.5347049236297607,5.959999999999997,"[0.14599999999999985, 0.4499999999999999]",4041741,"[1.4599999999999986, 4.499999999999999]",0.029337149858474732,3.5204579830169678,7.499999999999997,"[0.1859999999999999, 0.564]",4042741,"[1.859999999999999, 5.64]",0.020065448681513467,2.407853841781616,MinimaxSolutionConcept,2.492499999999999,0.875139274630044,0.024623012046019237,0.004776125955046117,2.9547614455223083,0.573135114605534,COMPLETE
404,6.1149999999999975,2025-06-12 22:22:24.902958,2025-06-12 22:22:38.678570,0 days 00:00:13.775612,46,0.8123175043245096,0.08995747599669433,0.9811152924428427,0.00010076737667227012,487,4049744,6.1149999999999975,2.52881889426665,0.32374999999999987,0.1272563849085774,480.0,4,8.499999999999998,"[0.49799999999999994, 0.3519999999999999]",4049744,"[4.9799999999999995, 3.519999999999999]",0.018832951287428536,9.039816617965698,1.879999999999997,"[0.28799999999999987, -0.10000000000000017]",4050744,"[2.8799999999999986, -1.0000000000000018]",0.02829415996869405,13.581196784973145,7.389999999999997,"[0.14599999999999985, 0.5929999999999997]",4051744,"[1.4599999999999986, 5.929999999999998]",0.022195527454217275,10.653853178024292,6.689999999999998,"[0.3629999999999999, 0.30599999999999994]",4052744,"[3.629999999999999, 3.0599999999999996]",0.02069287051757177,9.932577848434448,MinimaxSolutionConcept,3.237499999999999,1.272563849085774,0.022503877306977907,0.0035488694103385874,10.801861107349396,1.7034573169625218,COMPLETE
405,4.779999999999998,2025-06-12 22:22:38.698878,2025-06-12 22:22:45.462526,0 days 00:00:06.763648,37,0.8842965041869568,0.08175853618734998,0.968799677369645,0.03613839082369128,246,4059758,4.779999999999998,1.4038696520688803,0.2272499999999999,0.12219528427889516,240.0,4,5.179999999999998,"[0.2659999999999999, 0.25199999999999984]",4059758,"[2.6599999999999993, 2.5199999999999982]",0.024109065532684326,5.786175727844238,5.649999999999999,"[0.4089999999999999, 0.15599999999999992]",4060758,"[4.089999999999999, 1.5599999999999992]",0.022445310155550638,5.386874437332153,2.3899999999999983,"[0.13799999999999993, 0.10099999999999991]",4061758,"[1.3799999999999992, 1.0099999999999991]",0.020795407891273498,4.99089789390564,5.899999999999997,"[0.09599999999999989, 0.49399999999999994]",4062758,"[0.9599999999999989, 4.9399999999999995]",0.02737674613793691,6.570419073104858,MinimaxSolutionConcept,2.272499999999999,1.2219528427889517,0.023681632429361343,0.0024338934460088973,5.683591783046722,0.5841344270421354,COMPLETE
406,4.924999999999998,2025-06-12 22:22:47.904841,2025-06-12 22:22:53.975004,0 days 00:00:06.070163,45,0.6312511468564848,0.039150972385351666,0.9747478276915894,0.005704003233844396,182,4069767,4.924999999999998,2.812956629598117,0.2902499999999999,0.07958132632722324,180.0,4,8.249999999999996,"[0.4009999999999998, 0.4239999999999998]",4069767,"[4.009999999999998, 4.239999999999998]",0.024620861477322047,4.431755065917969,1.2799999999999971,"[0.2239999999999999, -0.09600000000000017]",4070767,"[2.239999999999999, -0.9600000000000017]",0.02778364684846666,5.001056432723999,6.9899999999999975,"[0.3299999999999999, 0.3689999999999999]",4071767,"[3.299999999999999, 3.6899999999999986]",0.03262491756015354,5.872485160827637,3.1799999999999984,"[0.20599999999999988, 0.11199999999999988]",4072767,"[2.0599999999999987, 1.1199999999999988]",0.02973806858062744,5.3528523445129395,MinimaxSolutionConcept,2.9024999999999985,0.7958132632722325,0.02869187361664242,0.0029138194120939417,5.164537250995636,0.5244874941769093,COMPLETE
407,9.172499999999998,2025-06-12 22:22:53.991444,2025-06-12 22:23:02.410168,0 days 00:00:08.418724,50,0.9447325430911886,0.10004334959328433,0.9826305669642873,0.0001752131925203174,287,4079774,9.172499999999998,5.066840114903964,0.42599999999999993,0.17978737441767156,280.0,4,12.099999999999998,"[0.469, 0.7409999999999999]",4079774,"[4.6899999999999995, 7.409999999999998]",0.023864224978855677,6.68198299407959,0.4499999999999963,"[0.12099999999999982, -0.0760000000000002]",4080774,"[1.2099999999999982, -0.760000000000002]",0.023797557183674403,6.663316011428833,11.279999999999996,"[0.5499999999999999, 0.578]",4081774,"[5.499999999999999, 5.779999999999999]",0.021603326286588398,6.048931360244751,12.86,"[0.564, 0.7219999999999999]",4082774,"[5.64, 7.219999999999999]",0.029422428778239657,8.238280057907104,MinimaxSolutionConcept,4.259999999999999,1.7978737441767156,0.024671884306839535,0.002889657531904923,6.90812760591507,0.8091041089333786,COMPLETE
408,6.684999999999998,2025-06-12 22:23:02.425769,2025-06-12 22:23:07.722347,0 days 00:00:05.296578,47,0.6615196913829654,0.08656059920773289,0.9779385978540843,0.00012721653453381476,158,4089782,6.684999999999998,3.847138547024269,0.26949999999999985,0.19786169411990792,150.0,4,9.609999999999996,"[0.33599999999999985, 0.625]",4089782,"[3.3599999999999985, 6.25]",0.024472797711690267,3.67091965675354,8.729999999999999,"[0.3299999999999998, 0.5429999999999999]",4090782,"[3.299999999999998, 5.43]",0.032337946891784666,4.8506920337677,0.06999999999999673,"[-0.05900000000000018, 0.06599999999999984]",4091782,"[-0.5900000000000017, 0.6599999999999984]",0.025212059020996092,3.781808853149414,8.329999999999998,"[0.4709999999999999, 0.36199999999999993]",4092782,"[4.709999999999999, 3.619999999999999]",0.03398205121358236,5.0973076820373535,MinimaxSolutionConcept,2.6949999999999985,1.9786169411990793,0.029001213709513345,0.004207338091788655,4.350182056427002,0.6311007137682981,COMPLETE
409,6.057499999999998,2025-06-12 22:23:07.740862,2025-06-12 22:23:12.217564,0 days 00:00:04.476702,42,0.6124494500007461,0.09418811765674089,0.9856618458515156,0.0002511736949049043,130,4099787,6.057499999999998,3.0194649774421967,0.39274999999999993,0.1251126991955653,130.0,4,5.589999999999998,"[0.44899999999999995, 0.10999999999999988]",4099787,"[4.489999999999999, 1.0999999999999988]",0.03296369222494272,4.285279989242554,1.5699999999999976,"[0.17699999999999988, -0.02000000000000014]",4100787,"[1.7699999999999987, -0.2000000000000014]",0.02954253416794997,3.840529441833496,9.92,"[0.48199999999999993, 0.51]",4101787,"[4.819999999999999, 5.1]",0.025354618292588452,3.296100378036499,7.1499999999999995,"[0.46299999999999997, 0.2519999999999999]",4102787,"[4.63, 2.5199999999999987]",0.02946761571443998,3.8307900428771973,MinimaxSolutionConcept,3.9274999999999993,1.2511269919556531,0.02933211509998028,0.002695898267185115,3.8131749629974365,0.35046677473406496,COMPLETE
410,7.859999999999998,2025-06-12 22:23:12.237813,2025-06-12 22:23:17.369619,0 days 00:00:05.131806,44,0.6390056507266498,0.16857977914546485,0.9799822541198735,0.00020613613078184276,163,4109792,7.859999999999998,3.3897050019138844,0.40099999999999997,0.2273917324794374,160.0,4,2.7099999999999973,"[0.1899999999999999, 0.08099999999999988]",4109792,"[1.899999999999999, 0.8099999999999987]",0.027944841980934144,4.471174716949463,12.19,"[0.758, 0.46099999999999997]",4110792,"[7.58, 4.609999999999999]",0.030779370665550233,4.924699306488037,7.849999999999998,"[0.438, 0.3469999999999999]",4111792,"[4.38, 3.4699999999999993]",0.02687370479106903,4.299792766571045,8.69,"[0.2179999999999999, 0.651]",4112792,"[2.179999999999999, 6.51]",0.024661485850811005,3.9458377361297607,MinimaxSolutionConcept,4.01,2.273917324794374,0.027564850822091102,0.0022014053521242534,4.410376131534576,0.3522248563398805,COMPLETE
411,7.229999999999997,2025-06-12 22:23:19.701380,2025-06-12 22:23:25.743788,0 days 00:00:06.042408,49,0.9174503523998409,0.0897550302154657,0.9757501591805107,0.00011639525647100925,174,4119799,7.229999999999997,3.1043759437284653,0.20499999999999985,0.20650786909946076,170.0,4,3.199999999999997,"[-0.1310000000000002, 0.4509999999999999]",4119799,"[-1.310000000000002, 4.509999999999999]",0.034337547246147605,5.837383031845093,11.319999999999997,"[0.40999999999999986, 0.7219999999999999]",4120799,"[4.099999999999999, 7.219999999999999]",0.027320077840019674,4.644413232803345,5.529999999999998,"[0.21099999999999985, 0.3419999999999998]",4121799,"[2.1099999999999985, 3.419999999999998]",0.03268303871154785,5.556116580963135,8.869999999999997,"[0.3299999999999999, 0.5569999999999998]",4122799,"[3.299999999999999, 5.5699999999999985]",0.025472286168266745,4.330288648605347,MinimaxSolutionConcept,2.0499999999999985,2.0650786909946075,0.02995323749149547,0.003663551597734183,5.09205037355423,0.622803771614811,COMPLETE
412,8.064999999999998,2025-06-12 22:23:25.761756,2025-06-12 22:23:31.062569,0 days 00:00:05.300813,48,0.5865840766613796,0.07643476805170452,0.972449283415282,0.06374793491820809,144,4129805,8.064999999999998,3.628281273550882,0.41099999999999987,0.17562887006412128,140.0,4,2.3499999999999965,"[0.16099999999999984, 0.07399999999999984]",4129805,"[1.6099999999999983, 0.7399999999999984]",0.036512316976274765,5.111724376678467,10.439999999999998,"[0.5799999999999998, 0.46399999999999986]",4130805,"[5.799999999999999, 4.639999999999999]",0.024479143960135324,3.4270801544189453,11.83,"[0.5719999999999998, 0.6109999999999998]",4131805,"[5.719999999999999, 6.109999999999998]",0.025765229974474224,3.6071321964263916,7.639999999999998,"[0.33099999999999996, 0.43299999999999994]",4132805,"[3.3099999999999996, 4.329999999999999]",0.03530015775135585,4.942022085189819,MinimaxSolutionConcept,4.1099999999999985,1.7562887006412131,0.03051421216556004,0.005428107786464268,4.271989703178406,0.7599350901049975,COMPLETE
413,7.592499999999998,2025-06-12 22:23:31.079998,2025-06-12 22:23:37.806940,0 days 00:00:06.726942,46,0.6762279689317808,0.09716937663768288,0.9871070131426203,0.00015181625892955508,193,4139811,7.592499999999998,2.6353024020024725,0.4639999999999999,0.19136222197706634,190.0,4,10.309999999999997,"[0.6359999999999999, 0.3949999999999999]",4139811,"[6.359999999999999, 3.9499999999999993]",0.034394339511269016,6.534924507141113,9.409999999999998,"[0.606, 0.3349999999999999]",4140811,"[6.06, 3.349999999999999]",0.02544683155260588,4.834897994995117,3.4799999999999973,"[0.15299999999999986, 0.1949999999999999]",4141811,"[1.5299999999999985, 1.9499999999999988]",0.03359187276739823,6.382455825805664,7.169999999999998,"[0.46099999999999985, 0.2559999999999999]",4142811,"[4.6099999999999985, 2.5599999999999987]",0.025008862896969443,4.751683950424194,MinimaxSolutionConcept,4.639999999999999,1.9136222197706634,0.02961047668206064,0.004394532072593074,5.625990569591522,0.8349610937926842,COMPLETE
414,7.064999999999999,2025-06-12 22:23:37.823289,2025-06-12 22:23:44.351658,0 days 00:00:06.528369,43,0.6005969464364425,0.1041194112943124,0.95427776303206,0.00018502477963982836,213,4149817,7.064999999999999,2.098588811558854,0.1854999999999999,0.0897343301083816,210.0,4,7.149999999999998,"[0.3259999999999999, 0.3889999999999999]",4149817,"[3.259999999999999, 3.889999999999999]",0.021200044949849447,4.452009439468384,8.169999999999998,"[0.2009999999999999, 0.616]",4150817,"[2.009999999999999, 6.16]",0.028769270579020182,6.041546821594238,9.27,"[0.11299999999999992, 0.8140000000000001]",4151817,"[1.1299999999999992, 8.14]",0.022219523929414293,4.666100025177002,3.6699999999999977,"[0.1019999999999999, 0.26499999999999985]",4152817,"[1.019999999999999, 2.6499999999999986]",0.03016004789443243,6.3336100578308105,MinimaxSolutionConcept,1.8549999999999989,0.8973433010838159,0.025587221838179085,0.003925075877738876,5.373316586017609,0.8242659343251638,COMPLETE
415,3.365,2025-06-12 22:23:44.367217,2025-06-12 22:23:46.857356,0 days 00:00:02.490139,17,0.6348256819136148,0.0817026618505736,0.944317248846696,0.0001294545505892781,135,4159824,3.365,0.8631772703216873,0.251,0.08264078896041589,130.0,4,3.0600000000000005,"[0.36599999999999994, -0.06000000000000001]",4159824,"[3.6599999999999993, -0.6000000000000001]",0.017833242049584024,2.318321466445923,2.3400000000000007,"[0.17099999999999999, 0.06299999999999997]",4160824,"[1.71, 0.6299999999999997]",0.014362320533165565,1.8671016693115234,3.3400000000000007,"[0.17400000000000002, 0.16]",4161824,"[1.7400000000000002, 1.6]",0.017704248428344727,2.3015522956848145,4.72,"[0.293, 0.17899999999999996]",4162824,"[2.9299999999999997, 1.7899999999999996]",0.01417091076190655,1.8422183990478516,MinimaxSolutionConcept,2.51,0.8264078896041588,0.016017680443250217,0.0017529653592259604,2.082298457622528,0.2278854966993748,COMPLETE
416,6.437499999999998,2025-06-12 22:23:48.947973,2025-06-12 22:23:59.420243,0 days 00:00:10.472270,45,0.8947916905470701,0.09252412307558913,0.9901939797308934,0.007640667206761038,347,4169829,6.437499999999998,2.084123017002596,0.40574999999999994,0.17090110444347636,340.0,4,4.309999999999998,"[0.20299999999999985, 0.22799999999999981]",4169829,"[2.0299999999999985, 2.279999999999998]",0.02120324583614574,7.209103584289551,6.9499999999999975,"[0.47999999999999987, 0.2149999999999999]",4170829,"[4.799999999999999, 2.149999999999999]",0.021843176028307747,7.426679849624634,4.869999999999997,"[0.29399999999999993, 0.19299999999999987]",4171829,"[2.9399999999999995, 1.9299999999999986]",0.03021404883440803,10.27277660369873,9.62,"[0.646, 0.31599999999999984]",4172829,"[6.46, 3.1599999999999984]",0.027856857636395622,9.471331596374512,MinimaxSolutionConcept,4.057499999999999,1.7090110444347637,0.025279332083814283,0.003854111924913024,8.594972908496857,1.3103980544704286,COMPLETE
417,6.6324999999999985,2025-06-12 22:23:59.441352,2025-06-12 22:24:10.020519,0 days 00:00:10.579167,44,0.8464348690386777,0.08386909811845582,0.9677940231926604,0.00028545874961163274,390,4179839,6.6324999999999985,2.946025924868959,0.2654999999999999,0.3766699483632853,390.0,4,8.7,"[0.744, 0.1259999999999999]",4179839,"[7.4399999999999995, 1.259999999999999]",0.025463216121380146,9.930654287338257,1.5499999999999976,"[-0.3070000000000002, 0.46199999999999986]",4180839,"[-3.070000000000002, 4.619999999999998]",0.019566795764825284,7.63105034828186,7.959999999999999,"[0.36899999999999994, 0.4269999999999999]",4181839,"[3.6899999999999995, 4.269999999999999]",0.026691110317523664,10.409533023834229,8.319999999999999,"[0.2559999999999999, 0.576]",4182839,"[2.5599999999999987, 5.76]",0.018795061111450195,7.330073833465576,MinimaxSolutionConcept,2.654999999999999,3.7666994836328533,0.02262904582879482,0.0034860329683279925,8.82532787322998,1.3595528576479168,COMPLETE
418,10.092499999999998,2025-06-12 22:24:10.035557,2025-06-12 22:24:14.750342,0 days 00:00:04.714785,49,0.871745481817426,0.08774941014185945,0.9176139466413875,0.0001477546407904781,168,4189850,10.092499999999998,1.1188023730757812,0.5604999999999999,0.34605815985177985,160.0,4,8.309999999999997,"[-0.032000000000000174, 0.8629999999999999]",4189850,"[-0.3200000000000017, 8.629999999999999]",0.022751319408416747,3.6402111053466797,10.389999999999997,"[0.843, 0.19599999999999987]",4190850,"[8.43, 1.9599999999999986]",0.027917736768722536,4.4668378829956055,10.269999999999996,"[0.7079999999999999, 0.31899999999999984]",4191850,"[7.079999999999998, 3.1899999999999986]",0.020152299106121062,3.22436785697937,11.399999999999997,"[0.7229999999999999, 0.4169999999999998]",4192850,"[7.229999999999999, 4.169999999999998]",0.02834402322769165,4.535043716430664,MinimaxSolutionConcept,5.604999999999999,3.460581598517799,0.024791344627737997,0.003466925846512995,3.96661514043808,0.5547081354420791,COMPLETE
419,6.202499999999997,2025-06-12 22:24:14.771728,2025-06-12 22:24:20.152262,0 days 00:00:05.380534,50,0.8825133620954253,0.08723350847207026,0.9174924312010577,0.0001461430962274962,170,4199854,6.202499999999997,3.013879352263458,0.2792499999999999,0.22102530963670208,170.0,4,1.6799999999999966,"[0.06699999999999982, 0.10099999999999984]",4199854,"[0.6699999999999983, 1.0099999999999985]",0.023651360062991872,4.020731210708618,6.049999999999997,"[0.07999999999999986, 0.5249999999999998]",4200854,"[0.7999999999999986, 5.249999999999998]",0.0306057425106273,5.202976226806641,10.109999999999998,"[0.599, 0.4119999999999999]",4201854,"[5.99, 4.119999999999999]",0.029228580699247473,4.96885871887207,6.969999999999997,"[0.371, 0.3259999999999999]",4202854,"[3.71, 3.259999999999999]",0.02025031201979693,3.4425530433654785,MinimaxSolutionConcept,2.7924999999999995,2.2102530963670213,0.025933998823165893,0.004189098775625254,4.408779799938202,0.712146791856293,COMPLETE
420,9.744999999999997,2025-06-12 22:24:20.167839,2025-06-12 22:24:25.783078,0 days 00:00:05.615239,49,0.863556782489791,0.07875878536118469,0.9145215311068781,0.00011307724834526056,183,4209860,9.744999999999997,2.011771607315304,0.5354999999999999,0.1686260656007843,180.0,4,8.069999999999997,"[0.4539999999999999, 0.35299999999999987]",4209860,"[4.539999999999999, 3.5299999999999985]",0.020088989204830595,3.616018056869507,12.939999999999998,"[0.8099999999999999, 0.4839999999999999]",4210860,"[8.1, 4.839999999999999]",0.02936251163482666,5.285252094268799,7.979999999999998,"[0.5199999999999998, 0.2779999999999998]",4211860,"[5.1999999999999975, 2.779999999999998]",0.030190753936767577,5.434335708618164,9.989999999999998,"[0.3579999999999998, 0.641]",4212860,"[3.5799999999999983, 6.41]",0.02120438681708442,3.8167896270751953,MinimaxSolutionConcept,5.354999999999999,1.6862606560078433,0.025211660398377314,0.004591321709586851,4.538098871707916,0.8264379077256333,COMPLETE
421,6.084999999999998,2025-06-12 22:24:27.939363,2025-06-12 22:24:34.022663,0 days 00:00:06.083300,49,0.8548504097950422,0.07849033328977921,0.9249979460460481,0.00011219920942459168,184,4219868,6.084999999999998,2.6821493247021135,0.26949999999999985,0.09891536786566588,180.0,4,2.259999999999997,"[0.2009999999999998, 0.02499999999999984]",4219868,"[2.009999999999998, 0.2499999999999984]",0.023768373330434165,4.278307199478149,9.399999999999999,"[0.4159999999999999, 0.5239999999999998]",4220868,"[4.159999999999999, 5.239999999999998]",0.03277598089641995,5.899676561355591,7.5699999999999985,"[0.1599999999999999, 0.5969999999999999]",4221868,"[1.599999999999999, 5.969999999999999]",0.022520734204186335,4.05373215675354,5.109999999999997,"[0.3009999999999998, 0.20999999999999988]",4222868,"[3.009999999999998, 2.0999999999999988]",0.03167103926340739,5.70078706741333,MinimaxSolutionConcept,2.6949999999999985,0.9891536786566586,0.02768403192361196,0.004577559323127772,4.983125746250153,0.823960678162999,COMPLETE
422,8.319999999999999,2025-06-12 22:24:34.037996,2025-06-12 22:24:40.154126,0 days 00:00:06.116130,50,0.8709184374088563,0.07845286011748698,0.9130096800137321,0.0001327304527699701,203,4229874,8.319999999999999,3.204535847825704,0.5197499999999999,0.25278090810027565,200.0,4,9.329999999999998,"[0.6559999999999999, 0.2769999999999999]",4229874,"[6.559999999999999, 2.769999999999999]",0.02311346888542175,4.622693777084351,4.629999999999997,"[0.1989999999999999, 0.2639999999999999]",4230874,"[1.9899999999999989, 2.639999999999999]",0.021117382049560547,4.223476409912109,13.04,"[0.8539999999999999, 0.4499999999999999]",4231874,"[8.54, 4.499999999999999]",0.029668651819229126,5.933730363845825,6.2799999999999985,"[0.36999999999999994, 0.25799999999999984]",4232874,"[3.6999999999999993, 2.5799999999999983]",0.029670766592025756,5.934153318405151,MinimaxSolutionConcept,5.197499999999999,2.5278090810027565,0.025892567336559293,0.0038425052492010864,5.178513467311859,0.7685010498402173,COMPLETE
423,9.324999999999998,2025-06-12 22:24:40.169591,2025-06-12 22:24:45.200815,0 days 00:00:05.031224,48,0.8379731551940226,0.08139168984326256,0.9225863863897424,0.00010955954950551219,178,4239880,9.324999999999998,2.5843616233027458,0.4622499999999999,0.10145534732087806,170.0,4,4.999999999999997,"[0.3569999999999999, 0.14299999999999988]",4239880,"[3.5699999999999985, 1.4299999999999988]",0.0204776595620548,3.4812021255493164,10.309999999999999,"[0.43199999999999994, 0.599]",4240880,"[4.319999999999999, 5.99]",0.020206643553341137,3.435129404067993,11.849999999999998,"[0.6299999999999999, 0.5549999999999999]",4241880,"[6.299999999999999, 5.549999999999999]",0.018641445216010598,3.1690456867218018,10.139999999999999,"[0.4299999999999999, 0.5839999999999999]",4242880,"[4.299999999999999, 5.839999999999998]",0.028514814376831055,4.847518444061279,MinimaxSolutionConcept,4.622499999999999,1.0145534732087809,0.021960140677059398,0.00384870073183463,3.7332239151000977,0.654279124411887,COMPLETE
424,7.7624999999999975,2025-06-12 22:24:45.216049,2025-06-12 22:24:51.333721,0 days 00:00:06.117672,49,0.8244428173888566,0.08418584805056548,0.9152443373219882,0.0001598465436974065,190,4249885,7.7624999999999975,1.572265483307447,0.24124999999999985,0.08277190042520467,190.0,4,8.699999999999998,"[0.17299999999999985, 0.6969999999999998]",4249885,"[1.7299999999999984, 6.969999999999999]",0.029445298094498484,5.594606637954712,9.859999999999998,"[0.27499999999999986, 0.7110000000000001]",4250885,"[2.7499999999999987, 7.110000000000001]",0.021449888379950273,4.075478792190552,6.289999999999998,"[0.3609999999999998, 0.26799999999999985]",4251885,"[3.609999999999998, 2.6799999999999984]",0.03126969086496453,5.941241264343262,6.199999999999997,"[0.15599999999999986, 0.46399999999999997]",4252885,"[1.5599999999999987, 4.64]",0.022176452686912134,4.213526010513306,MinimaxSolutionConcept,2.4124999999999983,0.8277190042520467,0.026085332506581356,0.00432821048575103,4.956213176250458,0.822359992292696,COMPLETE
425,9.104999999999997,2025-06-12 22:24:51.348853,2025-06-12 22:24:56.730275,0 days 00:00:05.381422,50,0.8769802678500915,0.07501355049484315,0.909389867055655,0.00012423559302335654,177,4259891,9.104999999999997,2.5028833372732344,0.4199999999999999,0.10383159442096615,170.0,4,11.389999999999999,"[0.45299999999999996, 0.6859999999999998]",4259891,"[4.529999999999999, 6.8599999999999985]",0.03064001027275534,5.208801746368408,4.8699999999999966,"[0.3129999999999999, 0.17399999999999985]",4260891,"[3.129999999999999, 1.7399999999999984]",0.029718774907729204,5.052191734313965,10.079999999999997,"[0.33899999999999986, 0.669]",4261891,"[3.389999999999999, 6.69]",0.02103094774134019,3.575261116027832,10.079999999999998,"[0.575, 0.43299999999999994]",4262891,"[5.75, 4.329999999999999]",0.020168492373298198,3.4286437034606934,MinimaxSolutionConcept,4.199999999999999,1.0383159442096614,0.025389556323780732,0.004810571113907904,4.316224575042725,0.8177970893643438,COMPLETE
426,5.8024999999999975,2025-06-12 22:24:58.868210,2025-06-12 22:25:03.899906,0 days 00:00:05.031696,48,0.873399880353839,0.08715260985669308,0.9190141670720439,0.00014436935830220213,167,4269898,5.8024999999999975,3.388704582875291,0.3972499999999999,0.23286087584650197,160.0,4,2.509999999999997,"[0.35299999999999987, -0.10200000000000017]",4269898,"[3.5299999999999985, -1.0200000000000018]",0.024303360283374785,3.888537645339966,4.999999999999998,"[0.4459999999999999, 0.053999999999999826]",4270898,"[4.459999999999999, 0.5399999999999983]",0.023294489085674285,3.7271182537078857,11.459999999999997,"[0.7209999999999999, 0.4249999999999998]",4271898,"[7.209999999999999, 4.249999999999998]",0.021273435652256013,3.403749704360962,4.2399999999999975,"[0.06899999999999987, 0.3549999999999999]",4272898,"[0.6899999999999986, 3.5499999999999994]",0.03034028708934784,4.854445934295654,MinimaxSolutionConcept,3.9724999999999984,2.3286087584650197,0.02480289302766323,0.0033780400298849514,3.968462884426117,0.5404864047815924,COMPLETE
427,5.322499999999997,2025-06-12 22:25:03.915179,2025-06-12 22:25:09.786713,0 days 00:00:05.871534,49,0.8693449219544804,0.0795576964099692,0.915781475592694,0.00010441431286994965,185,4279903,5.322499999999997,4.173783505406097,0.1827499999999998,0.16209931369379704,180.0,4,9.159999999999998,"[0.15799999999999975, 0.758]",4279903,"[1.5799999999999974, 7.58]",0.03162460989422268,5.692429780960083,-0.4900000000000035,"[-0.0690000000000002, 0.019999999999999858]",4280903,"[-0.690000000000002, 0.19999999999999857]",0.02313924100663927,4.165063381195068,9.409999999999998,"[0.3589999999999999, 0.5819999999999997]",4281903,"[3.589999999999999, 5.819999999999998]",0.03042105171415541,5.475789308547974,3.209999999999997,"[0.28299999999999986, 0.037999999999999826]",4282903,"[2.8299999999999987, 0.37999999999999823]",0.02363824314541287,4.254883766174316,MinimaxSolutionConcept,1.8274999999999983,1.6209931369379702,0.027205786440107557,0.0038447395367930555,4.89704155921936,0.6920531166227503,COMPLETE
428,7.944999999999997,2025-06-12 22:25:09.802046,2025-06-12 22:25:15.109935,0 days 00:00:05.307889,48,0.8602945176014819,0.08673171924731987,0.9101186635272411,0.0001213600619094544,173,4289909,7.944999999999997,2.2386882319787182,0.3209999999999999,0.17313722880998184,170.0,4,7.869999999999997,"[0.35699999999999993, 0.4299999999999999]",4289909,"[3.5699999999999994, 4.299999999999999]",0.021765650019926183,3.700160503387451,7.609999999999997,"[0.15199999999999986, 0.609]",4290909,"[1.5199999999999987, 6.09]",0.02286800216226017,3.8875603675842285,11.299999999999997,"[0.5889999999999999, 0.541]",4291909,"[5.889999999999999, 5.41]",0.02100234171923469,3.5703980922698975,4.999999999999997,"[0.18599999999999986, 0.3139999999999999]",4292909,"[1.8599999999999985, 3.139999999999999]",0.030157051366918226,5.126698732376099,MinimaxSolutionConcept,3.209999999999999,1.7313722880998184,0.023948261317084815,0.0036454858412828446,4.071204423904419,0.6197325930180837,COMPLETE
429,7.954999999999997,2025-06-12 22:25:15.130156,2025-06-12 22:25:20.694049,0 days 00:00:05.563893,49,0.6477890614660533,0.0746138234584356,0.9073351171861529,0.00016348640188831802,162,4299915,7.954999999999997,2.4252267935184957,0.38949999999999985,0.0915027321996453,160.0,4,11.85,"[0.5049999999999999, 0.6799999999999999]",4299915,"[5.049999999999999, 6.799999999999999]",0.033028526604175566,5.284564256668091,8.099999999999998,"[0.33899999999999986, 0.4709999999999999]",4300915,"[3.389999999999999, 4.709999999999999]",0.022730574011802673,3.6368918418884277,5.639999999999997,"[0.2689999999999998, 0.2949999999999998]",4301915,"[2.6899999999999977, 2.9499999999999984]",0.033641664683818816,5.382666349411011,6.229999999999998,"[0.44499999999999984, 0.17799999999999988]",4302915,"[4.449999999999998, 1.779999999999999]",0.02364087551832199,3.7825400829315186,MinimaxSolutionConcept,3.8949999999999987,0.9150273219964531,0.02826041020452976,0.0050894995531709925,4.521665632724762,0.8143199285073589,COMPLETE
430,5.767499999999997,2025-06-12 22:25:20.709316,2025-06-12 22:25:26.664014,0 days 00:00:05.954698,47,0.850829877549738,0.04433274510907442,0.9216265629708071,0.00013653928358007135,194,4309920,5.767499999999997,2.601003412146936,0.2327499999999999,0.09462392667819279,190.0,4,7.319999999999998,"[0.29999999999999993, 0.4319999999999998]",4309920,"[2.999999999999999, 4.319999999999998]",0.027720982150027627,5.266986608505249,7.749999999999999,"[0.20699999999999985, 0.568]",4310920,"[2.0699999999999985, 5.68]",0.03042625628019634,5.780988693237305,1.3099999999999967,"[0.08999999999999986, 0.04099999999999985]",4311920,"[0.8999999999999986, 0.4099999999999985]",0.02083973006198281,3.9595487117767334,6.689999999999999,"[0.3339999999999999, 0.33499999999999985]",4312920,"[3.339999999999999, 3.3499999999999988]",0.02264083937594765,4.301759481430054,MinimaxSolutionConcept,2.327499999999999,0.9462392667819279,0.025406951967038606,0.0038424941858277895,4.827320873737335,0.7300738953072801,COMPLETE
431,9.889999999999997,2025-06-12 22:25:28.803185,2025-06-12 22:25:34.164159,0 days 00:00:05.360974,49,0.8662084738373733,0.08323744469975626,0.9167355379699837,0.00010001261152988049,182,4319928,9.889999999999997,3.2247868146592262,0.48849999999999993,0.16812867096364026,180.0,4,14.779999999999998,"[0.7619999999999999, 0.7159999999999999]",4319928,"[7.619999999999999, 7.159999999999998]",0.020168508423699272,3.630331516265869,9.959999999999999,"[0.4599999999999998, 0.5359999999999998]",4320928,"[4.599999999999998, 5.359999999999998]",0.020928049087524415,3.7670488357543945,5.769999999999998,"[0.3049999999999998, 0.2719999999999999]",4321928,"[3.049999999999998, 2.719999999999999]",0.02883659733666314,5.190587520599365,9.049999999999997,"[0.42699999999999994, 0.4779999999999999]",4322928,"[4.27, 4.779999999999999]",0.027944469451904298,5.030004501342773,MinimaxSolutionConcept,4.884999999999999,1.6812867096364026,0.024469406074947783,0.003942947974205172,4.404493093490601,0.7097306353569308,COMPLETE
432,9.937499999999998,2025-06-12 22:25:34.179290,2025-06-12 22:25:39.493566,0 days 00:00:05.314276,50,0.8692799370235547,0.09002597675605759,0.9138585908003668,0.00010459619104106772,177,4329934,9.937499999999998,1.5865115032674684,0.5352499999999999,0.09122054319066514,170.0,4,10.65,"[0.6449999999999999, 0.41999999999999993]",4329934,"[6.449999999999999, 4.199999999999999]",0.030205922968247357,5.135006904602051,7.339999999999998,"[0.5269999999999999, 0.2069999999999999]",4330934,"[5.27, 2.069999999999999]",0.028396976695341223,4.827486038208008,11.6,"[0.5739999999999998, 0.5860000000000001]",4331934,"[5.739999999999998, 5.860000000000001]",0.023149814325220446,3.9354684352874756,10.159999999999998,"[0.39499999999999985, 0.621]",4332934,"[3.9499999999999984, 6.21]",0.02259977424845976,3.841961622238159,MinimaxSolutionConcept,5.352499999999999,0.9122054319066514,0.026088122059317195,0.0032821226685501243,4.434980750083923,0.5579608536535211,COMPLETE
433,7.434999999999997,2025-06-12 22:25:39.508702,2025-06-12 22:25:45.298761,0 days 00:00:05.790059,50,0.8682412819094638,0.08991586314778491,0.9121618804807498,0.0001054231356685114,170,4339939,7.434999999999997,1.927050855582177,0.4167499999999999,0.12283805395723274,170.0,4,9.149999999999997,"[0.4929999999999999, 0.4219999999999999]",4339939,"[4.929999999999999, 4.219999999999999]",0.02242711151347441,3.8126089572906494,9.129999999999997,"[0.31099999999999983, 0.602]",4340939,"[3.1099999999999985, 6.02]",0.03213217118207146,5.462469100952148,4.459999999999996,"[0.2849999999999998, 0.16099999999999987]",4341939,"[2.849999999999998, 1.6099999999999985]",0.025062917260562673,4.260695934295654,6.9999999999999964,"[0.5780000000000001, 0.12199999999999984]",4342939,"[5.780000000000001, 1.2199999999999984]",0.033047997250276455,5.618159532546997,MinimaxSolutionConcept,4.167499999999999,1.2283805395723275,0.028167549301596248,0.004531235067407923,4.788483381271362,0.7703099614593467,COMPLETE
434,6.649999999999999,2025-06-12 22:25:45.313845,2025-06-12 22:25:51.041325,0 days 00:00:05.727480,50,0.8617808995967394,0.08305048265822018,0.9136765458331086,0.00010127295093947632,177,4349945,6.649999999999999,1.124788869077215,0.3387499999999999,0.18566956535738433,170.0,4,8.339999999999998,"[0.6599999999999999, 0.17399999999999985]",4349945,"[6.6, 1.7399999999999984]",0.02980484822217156,5.066824197769165,5.269999999999997,"[0.23299999999999987, 0.2939999999999999]",4350945,"[2.3299999999999987, 2.9399999999999986]",0.03268281011020436,5.556077718734741,6.849999999999997,"[0.24299999999999988, 0.4419999999999999]",4351945,"[2.429999999999999, 4.419999999999999]",0.021846837155959184,3.7139623165130615,6.139999999999999,"[0.21899999999999986, 0.39499999999999985]",4352945,"[2.1899999999999986, 3.9499999999999984]",0.022376915987800148,3.8040757179260254,MinimaxSolutionConcept,3.3874999999999984,1.8566956535738433,0.026677852869033812,0.0046817299762791096,4.535234987735748,0.7958940959674485,COMPLETE
435,6.834999999999996,2025-06-12 22:25:51.056884,2025-06-12 22:26:03.265416,0 days 00:00:12.208532,49,0.8475446485234077,0.09087845017286518,0.9139408585331019,0.00011355633398503256,397,4359951,6.834999999999996,2.132281641810012,0.2762499999999999,0.12254871480354251,390.0,4,5.929999999999996,"[0.2839999999999998, 0.3089999999999999]",4359951,"[2.839999999999998, 3.089999999999999]",0.02894937075101412,11.290254592895508,8.249999999999996,"[0.15999999999999986, 0.6649999999999999]",4360951,"[1.5999999999999988, 6.6499999999999995]",0.030848357004997058,12.030859231948853,9.339999999999998,"[0.47299999999999986, 0.46099999999999997]",4361951,"[4.729999999999999, 4.609999999999999]",0.01984428564707438,7.739271402359009,3.819999999999997,"[0.18799999999999986, 0.19399999999999987]",4362951,"[1.8799999999999986, 1.9399999999999986]",0.022247953292651054,8.676701784133911,MinimaxSolutionConcept,2.7624999999999984,1.225487148035425,0.025472491673934155,0.004556944344281293,9.93427175283432,1.7772082942697038,COMPLETE
436,9.827499999999999,2025-06-12 22:26:05.524803,2025-06-12 22:26:10.334121,0 days 00:00:04.809318,50,0.8411483371048876,0.03978751552144904,0.915384924788996,0.022737375245784515,160,4369965,9.827499999999999,2.8774500430068293,0.4787499999999999,0.1713145863608818,160.0,4,11.919999999999998,"[0.5660000000000001, 0.6259999999999999]",4369965,"[5.66, 6.259999999999999]",0.019321101903915405,3.091376304626465,12.909999999999998,"[0.69, 0.6009999999999999]",4370965,"[6.8999999999999995, 6.009999999999999]",0.021500535309314728,3.4400856494903564,5.529999999999998,"[0.22799999999999981, 0.3249999999999999]",4371965,"[2.279999999999998, 3.249999999999999]",0.023801146447658537,3.808183431625366,8.949999999999998,"[0.4309999999999999, 0.46399999999999986]",4372965,"[4.309999999999999, 4.639999999999999]",0.02896178364753723,4.633885383605957,MinimaxSolutionConcept,4.787499999999999,1.713145863608818,0.023396141827106476,0.0035825853814630826,3.743382692337036,0.5732136610340933,COMPLETE
437,5.204999999999997,2025-06-12 22:26:10.349830,2025-06-12 22:26:15.560099,0 days 00:00:05.210269,48,0.834580745501891,0.03624004238124931,0.9184821683073787,0.02621220938642443,163,4379970,5.204999999999997,2.3987131966952617,0.16049999999999986,0.07356119901143539,160.0,4,6.329999999999998,"[0.04599999999999983, 0.587]",4379970,"[0.4599999999999983, 5.869999999999999]",0.019956262409687044,3.1930019855499268,6.779999999999997,"[0.2489999999999999, 0.42899999999999994]",4380970,"[2.489999999999999, 4.289999999999999]",0.021645401418209077,3.463264226913452,1.059999999999997,"[0.1869999999999999, -0.0810000000000002]",4381970,"[1.8699999999999988, -0.8100000000000019]",0.03150257021188736,5.0404112339019775,6.649999999999997,"[0.15999999999999984, 0.5049999999999998]",4382970,"[1.5999999999999983, 5.049999999999998]",0.021387176215648653,3.421948194503784,MinimaxSolutionConcept,1.6049999999999986,0.735611990114354,0.023622852563858036,0.004594627170367028,3.779656410217285,0.7351403472587245,COMPLETE
438,8.009999999999998,2025-06-12 22:26:15.575720,2025-06-12 22:26:20.749635,0 days 00:00:05.173915,50,0.8545451125097954,0.03026815541481677,0.9116579255059761,0.023394622849062508,156,4389975,8.009999999999998,1.1994582110269623,0.42799999999999994,0.15385057685949702,150.0,4,9.819999999999999,"[0.6199999999999999, 0.3619999999999998]",4389975,"[6.199999999999999, 3.6199999999999983]",0.02419080098470052,3.628620147705078,6.7399999999999975,"[0.48199999999999993, 0.19199999999999987]",4390975,"[4.819999999999999, 1.9199999999999986]",0.023512967427571616,3.526945114135742,8.339999999999998,"[0.19399999999999987, 0.6399999999999999]",4391975,"[1.9399999999999986, 6.399999999999999]",0.033314510981241864,4.997176647186279,7.139999999999999,"[0.4159999999999998, 0.2979999999999999]",4392975,"[4.159999999999998, 2.9799999999999986]",0.03258131980895996,4.887197971343994,MinimaxSolutionConcept,4.279999999999999,1.5385057685949706,0.028399899800618487,0.004561696427968499,4.259984970092773,0.6842544641952749,COMPLETE
439,8.949999999999996,2025-06-12 22:26:20.765226,2025-06-12 22:26:25.356721,0 days 00:00:04.591495,48,0.8579827607492408,0.038070160647602144,0.9156527795216666,0.0403150737310289,151,4399980,8.949999999999996,1.5189963791925247,0.44399999999999984,0.2345111937626859,150.0,4,9.319999999999997,"[0.33399999999999985, 0.5979999999999999]",4399980,"[3.3399999999999985, 5.979999999999999]",0.029393258094787596,4.40898871421814,9.249999999999998,"[0.7729999999999999, 0.15199999999999986]",4400980,"[7.729999999999999, 1.5199999999999987]",0.019229830106099445,2.884474515914917,6.519999999999997,"[0.13999999999999985, 0.5119999999999999]",4401980,"[1.3999999999999986, 5.119999999999999]",0.02126597722371419,3.189896583557129,10.709999999999997,"[0.5289999999999997, 0.542]",4402980,"[5.289999999999997, 5.42]",0.029073193868001303,4.360979080200195,MinimaxSolutionConcept,4.439999999999998,2.345111937626859,0.024740564823150634,0.0045513785062355075,3.711084723472595,0.682706775935326,COMPLETE
440,6.507499999999997,2025-06-12 22:26:25.372360,2025-06-12 22:26:30.447670,0 days 00:00:05.075310,49,0.8742170123576062,0.0850371579574824,0.916633738698577,0.013733264149767532,161,4409985,6.507499999999997,2.5508270717553554,0.40874999999999984,0.23540112043063857,160.0,4,7.279999999999997,"[0.606, 0.12199999999999991]",4409985,"[6.06, 1.219999999999999]",0.030601392686367034,4.896222829818726,2.149999999999997,"[0.01599999999999983, 0.19899999999999984]",4410985,"[0.1599999999999983, 1.9899999999999984]",0.02307726740837097,3.6923627853393555,8.389999999999997,"[0.4379999999999999, 0.4009999999999998]",4411985,"[4.379999999999999, 4.009999999999998]",0.02134287804365158,3.414860486984253,8.209999999999997,"[0.5749999999999998, 0.24599999999999986]",4412985,"[5.749999999999998, 2.4599999999999986]",0.030195829272270203,4.831332683563232,MinimaxSolutionConcept,4.087499999999999,2.354011204306386,0.026304341852664948,0.0041424163480247396,4.208694696426392,0.6627866156839582,COMPLETE
441,8.294999999999998,2025-06-12 22:26:32.633242,2025-06-12 22:26:38.140995,0 days 00:00:05.507753,48,0.8705561127132467,0.033995686132356956,0.9168738672024968,0.001183036318528741,173,4419992,8.294999999999998,1.5898191721073196,0.45324999999999993,0.21029547665130605,170.0,4,6.169999999999997,"[0.17899999999999985, 0.4379999999999999]",4419992,"[1.7899999999999985, 4.379999999999999]",0.03124048709869385,5.310882806777954,10.36,"[0.7109999999999999, 0.3249999999999999]",4420992,"[7.1099999999999985, 3.249999999999999]",0.01983462221482221,3.3718857765197754,7.509999999999997,"[0.3289999999999999, 0.4219999999999999]",4421992,"[3.289999999999999, 4.219999999999999]",0.030051218762117273,5.1087071895599365,9.139999999999999,"[0.594, 0.31999999999999995]",4422992,"[5.9399999999999995, 3.1999999999999993]",0.021885289865381578,3.720499277114868,MinimaxSolutionConcept,4.532499999999999,2.1029547665130606,0.025752904485253726,0.004964211328156068,4.3779937624931335,0.8439159257865316,COMPLETE
442,7.674999999999997,2025-06-12 22:26:38.158434,2025-06-12 22:26:42.324133,0 days 00:00:04.165699,50,0.8646414160747904,0.06954772938687304,0.9143771542398396,0.0001045735794364041,117,4429998,7.674999999999997,2.5235045076242684,0.20749999999999988,0.3364985141126184,110.0,4,3.999999999999997,"[-0.36900000000000027, 0.769]",4429998,"[-3.6900000000000026, 7.69]",0.02419075749137185,2.6609833240509033,7.599999999999998,"[0.32399999999999995, 0.43599999999999983]",4430998,"[3.2399999999999993, 4.3599999999999985]",0.036030114780772816,3.9633126258850098,7.979999999999998,"[0.4619999999999999, 0.33599999999999985]",4431998,"[4.619999999999999, 3.3599999999999985]",0.02493671720678156,2.7430388927459717,11.119999999999997,"[0.4129999999999999, 0.699]",4432998,"[4.129999999999999, 6.989999999999999]",0.025658672506159,2.8224539756774902,MinimaxSolutionConcept,2.074999999999999,3.364985141126184,0.027704065496271305,0.0048349839416636405,3.0474472045898438,0.5318482335830004,COMPLETE
443,7.484999999999998,2025-06-12 22:26:42.344413,2025-06-12 22:26:48.388309,0 days 00:00:06.043896,49,0.8603266429963488,0.09199827742599069,0.9168627218641556,0.029962564463370277,180,4430002,7.484999999999998,2.965286664051218,0.3712499999999999,0.18626778438581382,180.0,4,8.959999999999997,"[0.68, 0.21599999999999983]",4430002,"[6.800000000000001, 2.1599999999999984]",0.030908736917707656,5.563572645187378,3.2999999999999967,"[0.28799999999999987, 0.04199999999999983]",4431002,"[2.8799999999999986, 0.41999999999999826]",0.025890964931911894,4.660373687744141,11.269999999999998,"[0.33299999999999985, 0.7939999999999999]",4432002,"[3.3299999999999983, 7.9399999999999995]",0.032469333542717825,5.844480037689209,6.4099999999999975,"[0.18399999999999986, 0.45699999999999985]",4433002,"[1.8399999999999985, 4.5699999999999985]",0.024900354279412163,4.4820637702941895,MinimaxSolutionConcept,3.712499999999999,1.8626778438581384,0.028542347417937385,0.003213835807765722,5.137622535228729,0.5784904453978301,COMPLETE
444,5.499999999999997,2025-06-12 22:26:48.405515,2025-06-12 22:27:00.744972,0 days 00:00:12.339457,47,0.844380458225866,0.04019248056354132,0.9198876815282547,0.016230838231648774,384,4440008,5.499999999999997,1.521397383986183,0.31099999999999983,0.07845699458939273,380.0,4,4.649999999999997,"[0.2949999999999998, 0.16999999999999987]",4440008,"[2.9499999999999984, 1.6999999999999988]",0.03190045544975682,12.122173070907593,6.629999999999997,"[0.20999999999999988, 0.45299999999999985]",4441008,"[2.0999999999999988, 4.5299999999999985]",0.023903238773345947,9.08323073387146,3.459999999999997,"[0.30899999999999983, 0.03699999999999984]",4442008,"[3.089999999999998, 0.3699999999999984]",0.025289854877873472,9.610144853591919,7.259999999999998,"[0.4299999999999999, 0.2959999999999999]",4443008,"[4.299999999999999, 2.9599999999999986]",0.025608597303691662,9.731266975402832,MinimaxSolutionConcept,3.1099999999999985,0.7845699458939274,0.026675536601166977,0.003083986280905665,10.136703908443451,1.1719147867441526,COMPLETE
445,6.509999999999998,2025-06-12 22:27:00.764468,2025-06-12 22:27:05.911359,0 days 00:00:05.146891,49,0.8793673958074671,0.08080039391348659,0.9131659246068824,0.0001167263429969823,143,4450020,6.509999999999998,2.230257832628327,0.47749999999999987,0.11892539678302533,140.0,4,2.849999999999997,"[0.2749999999999998, 0.009999999999999825]",4450020,"[2.7499999999999982, 0.09999999999999826]",0.03518375158309937,4.925725221633911,7.409999999999998,"[0.5569999999999999, 0.18399999999999986]",4451020,"[5.569999999999999, 1.8399999999999985]",0.026710590294429234,3.7394826412200928,6.919999999999998,"[0.5099999999999999, 0.18199999999999986]",4452020,"[5.099999999999999, 1.8199999999999985]",0.0352026104927063,4.928365468978882,8.86,"[0.5679999999999998, 0.3179999999999998]",4453020,"[5.679999999999998, 3.179999999999998]",0.03365567581994193,4.71179461479187,MinimaxSolutionConcept,4.774999999999999,1.189253967830253,0.03268815704754421,0.0035077722658643255,4.576341986656189,0.4910881172210054,COMPLETE
446,9.542499999999997,2025-06-12 22:27:08.396016,2025-06-12 22:27:13.726096,0 days 00:00:05.330080,47,0.8826927192961769,0.033460755689325265,0.9102110640375447,0.00012715092886092662,156,4460028,9.542499999999997,3.9445365697379473,0.4717499999999999,0.1862208030806441,150.0,4,13.990000000000002,"[0.704, 0.6949999999999998]",4460028,"[7.039999999999999, 6.949999999999998]",0.03313695748647054,4.970543622970581,11.439999999999998,"[0.46399999999999986, 0.6799999999999999]",4461028,"[4.639999999999999, 6.799999999999999]",0.02497985045115153,3.7469775676727295,3.309999999999997,"[0.1869999999999998, 0.14399999999999985]",4462028,"[1.869999999999998, 1.4399999999999986]",0.02114155928293864,3.171233892440796,9.429999999999996,"[0.5319999999999999, 0.4109999999999999]",4463028,"[5.319999999999999, 4.109999999999999]",0.03404690901438395,5.107036352157593,MinimaxSolutionConcept,4.7174999999999985,1.8622080308064406,0.028326319058736164,0.005447178551794511,4.248947858810425,0.8170767827691766,COMPLETE
447,7.754999999999997,2025-06-12 22:27:13.749638,2025-06-12 22:27:20.590388,0 days 00:00:06.840750,48,0.8648449200396686,0.09429435311472723,0.9168784769560563,0.011277905065965148,171,4470033,7.754999999999997,1.4260873044803386,0.3647499999999998,0.12383532412038176,170.0,4,9.999999999999996,"[0.5659999999999998, 0.4339999999999999]",4470033,"[5.659999999999998, 4.339999999999999]",0.036275691144606645,6.16686749458313,7.339999999999998,"[0.2709999999999998, 0.4629999999999999]",4471033,"[2.709999999999998, 4.629999999999999]",0.03597253631143009,6.115331172943115,6.049999999999998,"[0.25499999999999984, 0.34999999999999987]",4472033,"[2.5499999999999985, 3.4999999999999987]",0.0313448569353889,5.328625679016113,7.629999999999997,"[0.3669999999999999, 0.3959999999999999]",4473033,"[3.669999999999999, 3.959999999999999]",0.03875560199513155,6.588452339172363,MinimaxSolutionConcept,3.647499999999999,1.2383532412038174,0.035587171596639294,0.002676693389542812,6.04981917142868,0.45503787622227826,COMPLETE
448,6.967499999999998,2025-06-12 22:27:20.612157,2025-06-12 22:27:26.676773,0 days 00:00:06.064616,50,0.8791602910380667,0.08784413370428187,0.9182996698093975,0.02068473824634656,164,4480040,6.967499999999998,2.267635056617357,0.22249999999999984,0.18273546453822256,160.0,4,10.559999999999999,"[0.4269999999999999, 0.6289999999999999]",4480040,"[4.269999999999999, 6.289999999999999]",0.026740677654743195,4.278508424758911,4.359999999999997,"[0.04599999999999986, 0.3899999999999998]",4481040,"[0.45999999999999863, 3.8999999999999977]",0.03345316499471664,5.352506399154663,6.9099999999999975,"[0.38199999999999984, 0.3089999999999999]",4482040,"[3.8199999999999985, 3.089999999999999]",0.03671538978815079,5.874462366104126,6.039999999999998,"[0.03499999999999982, 0.569]",4483040,"[0.3499999999999982, 5.6899999999999995]",0.03496366292238236,5.594186067581177,MinimaxSolutionConcept,2.2249999999999983,1.8273546453822258,0.03296822383999824,0.003776259034663944,5.274915814399719,0.6042014455462309,COMPLETE
449,5.372499999999997,2025-06-12 22:27:26.692169,2025-06-12 22:27:31.306248,0 days 00:00:04.614079,49,0.8633738025189521,0.0834748384720998,0.9155835672293687,0.00010160469625194728,132,4490046,5.372499999999997,2.1870113739987733,0.24999999999999983,0.2074692748336486,130.0,4,6.209999999999998,"[0.4579999999999999, 0.16299999999999984]",4490046,"[4.579999999999999, 1.6299999999999983]",0.02559662965627817,3.327561855316162,2.6099999999999968,"[-0.09100000000000019, 0.3519999999999999]",4491046,"[-0.9100000000000019, 3.519999999999999]",0.034102346346928526,4.433305025100708,8.449999999999998,"[0.2729999999999998, 0.5719999999999998]",4492046,"[2.7299999999999978, 5.719999999999999]",0.024266574932978704,3.1546547412872314,4.219999999999996,"[0.3599999999999999, 0.061999999999999854]",4493046,"[3.5999999999999988, 0.6199999999999986]",0.0336315943644597,4.372107267379761,MinimaxSolutionConcept,2.4999999999999982,2.0746927483364863,0.029399286325161277,0.004495445719967525,3.8219072222709656,0.5844079435957781,COMPLETE
450,7.204999999999998,2025-06-12 22:27:31.322196,2025-06-12 22:27:35.645294,0 days 00:00:04.323098,38,0.8545411024749464,0.07702572515217677,0.9140946687296132,0.050125134660917114,147,4500051,7.204999999999998,4.476854364394715,0.4022499999999999,0.2260689883641717,140.0,4,5.839999999999998,"[0.43199999999999994, 0.1519999999999999]",4500051,"[4.319999999999999, 1.5199999999999991]",0.02171086072921753,3.039520502090454,14.469999999999999,"[0.6199999999999999, 0.827]",4501051,"[6.199999999999999, 8.27]",0.028462823799678256,3.984795331954956,6.269999999999999,"[0.5289999999999999, 0.0979999999999999]",4502051,"[5.289999999999999, 0.9799999999999991]",0.021743501935686384,3.0440902709960938,2.239999999999998,"[0.027999999999999886, 0.19599999999999987]",4503051,"[0.27999999999999886, 1.9599999999999986]",0.029496766839708602,4.129547357559204,MinimaxSolutionConcept,4.022499999999999,2.260689883641717,0.025353488326072694,0.0036447037423199473,3.549488365650177,0.5102585239247927,COMPLETE
451,8.149999999999997,2025-06-12 22:27:38.012420,2025-06-12 22:27:44.499889,0 days 00:00:06.487469,47,0.541914263075531,0.08825278381490385,0.911600990470532,0.00013504025546864546,182,4510058,8.149999999999997,1.944646497438545,0.4397499999999999,0.2405798983705829,180.0,4,9.359999999999998,"[0.605, 0.33099999999999985]",4510058,"[6.05, 3.3099999999999987]",0.03418920040130615,6.154056072235107,8.209999999999997,"[0.3679999999999999, 0.45299999999999985]",4511058,"[3.679999999999999, 4.5299999999999985]",0.025300126605563692,4.554022789001465,10.049999999999997,"[0.7049999999999998, 0.2999999999999999]",4512058,"[7.049999999999999, 2.9999999999999987]",0.026351621415879992,4.743291854858398,4.979999999999997,"[0.08099999999999988, 0.4169999999999999]",4513058,"[0.8099999999999987, 4.169999999999999]",0.03502501646677653,6.304502964019775,MinimaxSolutionConcept,4.397499999999999,2.405798983705829,0.03021649122238159,0.0044162255635610825,5.4389684200286865,0.7949206014409947,COMPLETE
452,3.789999999999999,2025-06-12 22:27:44.515463,2025-06-12 22:27:47.897335,0 days 00:00:03.381872,28,0.8304593403419405,0.09398668290458774,0.9131973745875075,0.03437425415136549,156,4520064,3.789999999999999,0.8490583018850943,0.19649999999999995,0.08231798102480405,150.0,4,3.679999999999999,"[0.20999999999999996, 0.15799999999999992]",4520064,"[2.0999999999999996, 1.5799999999999992]",0.02129695733388265,3.1945436000823975,2.559999999999999,"[0.08199999999999996, 0.174]",4521064,"[0.8199999999999996, 1.7399999999999998]",0.019682389895121256,2.9523584842681885,3.9799999999999986,"[0.31299999999999994, 0.08499999999999994]",4522064,"[3.1299999999999994, 0.8499999999999994]",0.016104013125101724,2.415601968765259,4.9399999999999995,"[0.18099999999999997, 0.313]",4523064,"[1.8099999999999996, 3.13]",0.015059768358866374,2.258965253829956,MinimaxSolutionConcept,1.9649999999999996,0.8231798102480404,0.018035782178243,0.002546319417160743,2.70536732673645,0.3819479125741115,COMPLETE
453,9.247499999999997,2025-06-12 22:27:47.914527,2025-06-12 22:27:53.438346,0 days 00:00:05.523819,48,0.7980105715319614,0.1565575527558901,0.9191052848362511,0.00012466674875805315,170,4530067,9.247499999999997,2.7796976004594462,0.563,0.09867370470393819,170.0,4,11.939999999999998,"[0.5299999999999999, 0.6639999999999999]",4530067,"[5.299999999999999, 6.639999999999999]",0.02812943739049575,4.782004356384277,11.33,"[0.6849999999999998, 0.44799999999999984]",4531067,"[6.849999999999998, 4.479999999999999]",0.02715936548569623,4.617092132568359,8.849999999999998,"[0.6159999999999999, 0.26899999999999985]",4532067,"[6.159999999999998, 2.6899999999999986]",0.026211807307075053,4.456007242202759,4.869999999999997,"[0.42099999999999993, 0.06599999999999984]",4533067,"[4.209999999999999, 0.6599999999999984]",0.03146773646859562,5.349515199661255,MinimaxSolutionConcept,5.629999999999999,0.9867370470393818,0.02824208666296566,0.001981907284524925,4.801154732704163,0.33692423836923735,COMPLETE
454,6.5524999999999975,2025-06-12 22:27:53.453757,2025-06-12 22:28:02.967829,0 days 00:00:09.514072,50,0.8403079393195148,0.1333389144000754,0.915317595131295,0.009427703078056697,308,4540073,6.5524999999999975,1.8472462613306329,0.44399999999999995,0.1051760428995121,300.0,4,4.649999999999998,"[0.42399999999999993, 0.040999999999999835]",4540073,"[4.239999999999999, 0.40999999999999837]",0.031119269529978434,9.33578085899353,8.649999999999997,"[0.4939999999999999, 0.3709999999999999]",4541073,"[4.939999999999999, 3.709999999999999]",0.022922391096750896,6.8767173290252686,8.129999999999999,"[0.5720000000000001, 0.24099999999999983]",4542073,"[5.720000000000001, 2.4099999999999984]",0.02188373645146688,6.5651209354400635,4.779999999999998,"[0.2859999999999999, 0.1919999999999999]",4543073,"[2.8599999999999994, 1.919999999999999]",0.027399977842966716,8.219993352890015,MinimaxSolutionConcept,4.4399999999999995,1.0517604289951208,0.02583134373029073,0.003690134851684116,7.749403119087219,1.1070404555052349,COMPLETE
455,8.684999999999999,2025-06-12 22:28:02.983200,2025-06-12 22:28:07.294607,0 days 00:00:04.311407,46,0.8737720816744469,0.041696785688466256,0.9085935610838287,0.0001006696565074801,138,4550083,8.684999999999999,0.7745482554366776,0.3809999999999999,0.10945775440780794,130.0,4,7.399999999999997,"[0.21399999999999988, 0.526]",4550083,"[2.139999999999999, 5.26]",0.031714677810668945,4.122908115386963,9.29,"[0.5059999999999999, 0.4229999999999999]",4551083,"[5.059999999999999, 4.229999999999999]",0.031317289058978744,4.071247577667236,9.299999999999997,"[0.35999999999999993, 0.5699999999999998]",4552083,"[3.599999999999999, 5.699999999999998]",0.025742182364830606,3.3464837074279785,8.749999999999998,"[0.44399999999999984, 0.43099999999999994]",4553083,"[4.439999999999999, 4.31]",0.024265278302706205,3.1544861793518066,MinimaxSolutionConcept,3.8099999999999987,1.0945775440780794,0.028259856884296126,0.0033007204579663706,3.673781394958496,0.42909365953562817,COMPLETE
456,6.877499999999998,2025-06-12 22:28:09.851530,2025-06-12 22:28:14.231426,0 days 00:00:04.379896,40,0.8859392594018514,0.025842158108651963,0.9172431594256969,0.00014422179650258919,150,4560089,6.877499999999998,3.2225795180258943,0.2237499999999999,0.24994736946005255,150.0,4,5.879999999999999,"[0.13099999999999992, 0.45699999999999985]",4560089,"[1.3099999999999992, 4.5699999999999985]",0.02570894718170166,3.856342077255249,12.379999999999999,"[0.6459999999999999, 0.5919999999999999]",4561089,"[6.459999999999999, 5.919999999999998]",0.02591639518737793,3.8874592781066895,4.379999999999997,"[-0.007000000000000145, 0.44499999999999984]",4562089,"[-0.07000000000000145, 4.449999999999998]",0.024112408955891926,3.616861343383789,4.869999999999998,"[0.12499999999999989, 0.36199999999999993]",4563089,"[1.249999999999999, 3.619999999999999]",0.027884348233540853,4.182652235031128,MinimaxSolutionConcept,2.237499999999999,2.4994736946005256,0.025905524889628093,0.0013388210799859873,3.885828733444214,0.20082316199789807,COMPLETE
457,7.314999999999997,2025-06-12 22:28:14.247781,2025-06-12 22:28:25.666298,0 days 00:00:11.418517,47,0.8654306494988476,0.0851439784435874,0.9179995018495078,0.00011634547482603518,404,4570094,7.314999999999997,2.427555354672679,0.19924999999999982,0.1349358643949043,400.0,4,6.939999999999999,"[-0.01600000000000018, 0.71]",4570094,"[-0.1600000000000018, 7.1]",0.020961362719535827,8.384545087814331,3.829999999999997,"[0.18899999999999986, 0.1939999999999999]",4571094,"[1.8899999999999986, 1.939999999999999]",0.021925390958786012,8.770156383514404,7.859999999999997,"[0.28999999999999987, 0.4959999999999999]",4572094,"[2.8999999999999986, 4.959999999999999]",0.028064098954200745,11.225639581680298,10.629999999999995,"[0.3339999999999998, 0.729]",4573094,"[3.339999999999998, 7.29]",0.0196154123544693,7.84616494178772,MinimaxSolutionConcept,1.9924999999999984,1.349358643949043,0.02264156624674797,0.0032364123377241344,9.056626498699188,1.2945649350896538,COMPLETE
458,4.632499999999997,2025-06-12 22:28:25.681645,2025-06-12 22:28:29.770800,0 days 00:00:04.089155,48,0.8837176397864867,0.09025966075836263,0.9118277421982325,0.00010036736989940175,125,4580105,4.632499999999997,1.4306882085206407,0.3282499999999999,0.11754440650239383,120.0,4,2.739999999999997,"[0.27499999999999986, -0.0010000000000001785]",4580105,"[2.7499999999999987, -0.010000000000001785]",0.03057229518890381,3.668675422668457,3.869999999999997,"[0.16399999999999987, 0.22299999999999986]",4581105,"[1.6399999999999988, 2.2299999999999986]",0.03259776433308919,3.911731719970703,6.459999999999997,"[0.4069999999999999, 0.23899999999999993]",4582105,"[4.069999999999999, 2.3899999999999992]",0.03204119602839152,3.8449435234069824,5.459999999999997,"[0.4669999999999999, 0.07899999999999983]",4583105,"[4.669999999999999, 0.7899999999999984]",0.030900299549102783,3.708035945892334,MinimaxSolutionConcept,3.282499999999999,1.1754440650239384,0.03152788877487182,0.0008238849107174265,3.783346652984619,0.09886618928609131,COMPLETE
459,8.454999999999998,2025-06-12 22:28:29.786168,2025-06-12 22:28:34.090453,0 days 00:00:04.304285,35,0.8860996562244998,0.11606438401561431,0.9196954088800475,0.00012603662752827178,162,4590109,8.454999999999998,1.476321441963098,0.4412499999999999,0.13458338493291064,160.0,4,10.44,"[0.6609999999999999, 0.3829999999999999]",4590109,"[6.609999999999999, 3.829999999999999]",0.025717057287693024,4.114729166030884,9.139999999999999,"[0.4159999999999999, 0.49799999999999994]",4591109,"[4.159999999999999, 4.9799999999999995]",0.01816955506801605,2.9071288108825684,7.729999999999998,"[0.39199999999999996, 0.3809999999999999]",4592109,"[3.9199999999999995, 3.8099999999999987]",0.019046224653720856,3.047395944595337,6.509999999999999,"[0.29599999999999993, 0.3549999999999999]",4593109,"[2.959999999999999, 3.5499999999999994]",0.024501900374889373,3.9203040599823,MinimaxSolutionConcept,4.4125,1.3458338493291064,0.021858684346079828,0.0032936771655301864,3.497389495372772,0.5269883464848298,COMPLETE
460,7.369999999999997,2025-06-12 22:28:34.107768,2025-06-12 22:28:41.042728,0 days 00:00:06.934960,49,0.5668732695095319,0.07960604740239648,0.9215023689712284,0.0001497520226976254,181,4600114,7.369999999999997,3.349231255079291,0.24324999999999986,0.22488038487160236,180.0,4,2.4099999999999975,"[0.022999999999999833, 0.21799999999999983]",4600114,"[0.22999999999999832, 2.1799999999999984]",0.03727754222022162,6.709957599639893,6.199999999999997,"[0.06699999999999988, 0.5529999999999998]",4601114,"[0.6699999999999988, 5.5299999999999985]",0.028015585740407307,5.042805433273315,10.669999999999998,"[0.5899999999999999, 0.477]",4602114,"[5.899999999999999, 4.77]",0.025673912631140813,4.621304273605347,10.199999999999998,"[0.29299999999999987, 0.7269999999999999]",4603114,"[2.929999999999999, 7.269999999999999]",0.03555469248029921,6.399844646453857,MinimaxSolutionConcept,2.4324999999999983,2.248803848716024,0.03163043326801724,0.0048948164068902825,5.693477988243103,0.8810669532402509,COMPLETE
461,5.399999999999998,2025-06-12 22:28:43.484320,2025-06-12 22:28:48.594341,0 days 00:00:05.110021,46,0.7801319629324001,0.09573858538146558,0.915521744068997,0.017783507260572547,169,4610123,5.399999999999998,1.55088684306754,0.2877499999999999,0.22121525150857035,160.0,4,5.689999999999998,"[0.3219999999999999, 0.24699999999999994]",4610123,"[3.219999999999999, 2.4699999999999993]",0.022445337474346162,3.5912539958953857,5.959999999999997,"[0.00999999999999981, 0.586]",4611123,"[0.09999999999999809, 5.859999999999999]",0.029574263095855712,4.731882095336914,2.8699999999999974,"[0.19999999999999987, 0.08699999999999986]",4612123,"[1.9999999999999987, 0.8699999999999986]",0.030880236625671388,4.940837860107422,7.079999999999998,"[0.619, 0.08899999999999986]",4613123,"[6.1899999999999995, 0.8899999999999986]",0.02519339174032211,4.030942678451538,MinimaxSolutionConcept,2.8774999999999986,2.212152515085703,0.027023307234048846,0.0033797070130331583,4.323729157447815,0.5407531220853053,COMPLETE
462,8.982499999999998,2025-06-12 22:28:48.609601,2025-06-12 22:28:53.331360,0 days 00:00:04.721759,48,0.8520917259457229,0.07290811271147708,0.9833342313664944,0.0027650635235156487,157,4620128,8.982499999999998,3.8589984128009185,0.2677499999999998,0.21294057269576414,150.0,4,9.989999999999998,"[0.2189999999999998, 0.7799999999999999]",4620128,"[2.189999999999998, 7.799999999999999]",0.019389503796895344,2.9084255695343018,2.4499999999999966,"[-0.05700000000000018, 0.3019999999999999]",4621128,"[-0.5700000000000018, 3.0199999999999987]",0.030302472114562988,4.545370817184448,11.19,"[0.41099999999999987, 0.708]",4622128,"[4.1099999999999985, 7.08]",0.022052103678385417,3.3078155517578125,12.299999999999999,"[0.4979999999999999, 0.732]",4623128,"[4.979999999999999, 7.32]",0.028516222635904948,4.277433395385742,MinimaxSolutionConcept,2.6774999999999984,2.1294057269576414,0.025065075556437173,0.004489734212813342,3.759761333465576,0.6734601319220012,COMPLETE
463,9.597499999999997,2025-06-12 22:28:53.347137,2025-06-12 22:28:56.909238,0 days 00:00:03.562101,49,0.8715526278703115,0.09148952266924906,0.9888557402703101,0.05856043917127874,145,4630133,9.597499999999997,4.489979816212987,0.4997499999999999,0.18398556329234098,140.0,4,12.739999999999998,"[0.5679999999999998, 0.7059999999999998]",4630133,"[5.679999999999998, 7.059999999999999]",0.021523891176496234,3.0133447647094727,10.489999999999998,"[0.563, 0.48599999999999993]",4631133,"[5.629999999999999, 4.859999999999999]",0.019977409499032157,2.796837329864502,13.139999999999997,"[0.6769999999999999, 0.6369999999999999]",4632133,"[6.77, 6.369999999999999]",0.015760397911071776,2.206455707550049,2.0199999999999965,"[0.19099999999999984, 0.010999999999999826]",4633133,"[1.9099999999999984, 0.10999999999999827]",0.024119526999337334,3.3767337799072266,MinimaxSolutionConcept,4.997499999999999,1.83985563292341,0.020345306396484374,0.003032760178016009,2.8483428955078125,0.4245864249222411,COMPLETE
464,6.084999999999997,2025-06-12 22:28:56.924391,2025-06-12 22:29:00.255724,0 days 00:00:03.331333,49,0.8427228560526586,0.09099590878711099,0.9913162413954835,0.08061945326640946,142,4640136,6.084999999999997,1.956712804680339,0.35824999999999985,0.14462429775110408,140.0,4,6.6599999999999975,"[0.48599999999999993, 0.17999999999999983]",4640136,"[4.859999999999999, 1.7999999999999983]",0.02086347852434431,2.920886993408203,5.769999999999997,"[0.5059999999999999, 0.07099999999999984]",4641136,"[5.059999999999999, 0.7099999999999984]",0.020735440935407367,2.9029617309570312,3.229999999999997,"[0.28199999999999986, 0.04099999999999985]",4642136,"[2.8199999999999985, 0.4099999999999985]",0.02249879837036133,3.149831771850586,8.679999999999996,"[0.15899999999999986, 0.709]",4643136,"[1.5899999999999985, 7.09]",0.020349018914358957,2.848862648010254,MinimaxSolutionConcept,3.5824999999999987,1.4462429775110408,0.02111168418611799,0.0008229381980316249,2.9556357860565186,0.11521134772442747,COMPLETE
465,8.979999999999997,2025-06-12 22:29:00.271457,2025-06-12 22:29:03.417674,0 days 00:00:03.146217,50,0.863383881147808,0.09491849271797137,0.98824635625903,0.05457548446460646,133,4650140,8.979999999999997,3.6056760808480854,0.4624999999999999,0.3030119634601909,130.0,4,12.35,"[0.7609999999999999, 0.4739999999999999]",4650140,"[7.609999999999999, 4.739999999999999]",0.022695693602928748,2.9504401683807373,9.209999999999997,"[0.4929999999999999, 0.4279999999999998]",4651140,"[4.929999999999999, 4.2799999999999985]",0.020904913315406212,2.7176387310028076,3.0499999999999963,"[-0.03600000000000023, 0.34099999999999986]",4652140,"[-0.3600000000000023, 3.4099999999999984]",0.02236764247600849,2.9077935218811035,11.309999999999999,"[0.632, 0.49899999999999994]",4653140,"[6.32, 4.989999999999999]",0.01834219052241399,2.3844847679138184,MinimaxSolutionConcept,4.624999999999999,3.030119634601909,0.02107760997918936,0.0017171722539141266,2.7400892972946167,0.2232323930088365,COMPLETE
466,6.537499999999998,2025-06-12 22:29:05.661687,2025-06-12 22:29:09.183014,0 days 00:00:03.521327,49,0.8704930364046759,0.08557016957408094,0.9965431019031348,0.055438542890858186,146,4660145,6.537499999999998,2.996934892519356,0.4254999999999999,0.2540920108936919,140.0,4,11.29,"[0.835, 0.2939999999999999]",4660145,"[8.35, 2.9399999999999986]",0.019437064443315777,2.721189022064209,5.719999999999998,"[0.4309999999999999, 0.14099999999999985]",4661145,"[4.309999999999999, 1.4099999999999984]",0.022736523832593645,3.1831133365631104,2.9999999999999973,"[0.26499999999999985, 0.03499999999999982]",4662145,"[2.6499999999999986, 0.3499999999999982]",0.021688263756888253,3.0363569259643555,6.139999999999997,"[0.17099999999999985, 0.4429999999999999]",4663145,"[1.7099999999999984, 4.429999999999999]",0.023555856091635567,3.2978198528289795,MinimaxSolutionConcept,4.254999999999999,2.540920108936919,0.021854427031108313,0.001544685059304636,3.0596197843551636,0.21625590830264896,COMPLETE
467,5.462499999999999,2025-06-12 22:29:09.198500,2025-06-12 22:29:12.182911,0 days 00:00:02.984411,49,0.8543437838426178,0.038463876714812446,0.9931560704980464,0.05167740686198264,111,4670149,5.462499999999999,3.441230702815492,0.21299999999999986,0.18812628737101045,110.0,4,8.86,"[0.32399999999999984, 0.5619999999999998]",4670149,"[3.2399999999999984, 5.619999999999998]",0.022099841724742542,2.4309825897216797,3.689999999999997,"[0.2089999999999998, 0.15999999999999986]",4671149,"[2.089999999999998, 1.5999999999999988]",0.023141724413091487,2.5455896854400635,8.609999999999998,"[0.4079999999999999, 0.45299999999999985]",4672149,"[4.079999999999999, 4.5299999999999985]",0.023261926390907982,2.558811902999878,0.6899999999999968,"[-0.08900000000000019, 0.15799999999999986]",4673149,"[-0.8900000000000019, 1.5799999999999987]",0.025205655531449753,2.7726221084594727,MinimaxSolutionConcept,2.1299999999999986,1.8812628737101047,0.023427287015047944,0.0011217838154625943,2.5770015716552734,0.1233962197008853,COMPLETE
468,6.4724999999999975,2025-06-12 22:29:12.199409,2025-06-12 22:29:15.434743,0 days 00:00:03.235334,50,0.817759014910492,0.12693582652592605,0.9140803288989336,0.04165612015236312,139,4680152,6.4724999999999975,2.0593612480572716,0.2727499999999999,0.18278043522215395,130.0,4,3.449999999999997,"[0.02599999999999981, 0.31899999999999984]",4680152,"[0.2599999999999981, 3.1899999999999986]",0.02303439837235671,2.994471788406372,7.739999999999998,"[0.44799999999999984, 0.3259999999999999]",4681152,"[4.479999999999999, 3.259999999999999]",0.020651969542870154,2.68475604057312,8.879999999999999,"[0.44899999999999995, 0.4389999999999999]",4682152,"[4.489999999999999, 4.389999999999999]",0.023052914326007548,2.9968788623809814,5.819999999999998,"[0.16799999999999984, 0.414]",4683152,"[1.6799999999999984, 4.14]",0.021100368866553674,2.7430479526519775,MinimaxSolutionConcept,2.7274999999999987,1.8278043522215395,0.02195991277694702,0.001095297096505483,2.854788661003113,0.14238862254571277,COMPLETE
469,9.059999999999997,2025-06-12 22:29:15.450316,2025-06-12 22:29:19.023252,0 days 00:00:03.572936,48,0.8919581694561106,0.09869046527815994,0.9033398373491655,0.004492189513327948,150,4690155,9.059999999999997,3.4978493392368977,0.45924999999999994,0.20347527491073703,150.0,4,14.029999999999998,"[0.7, 0.7029999999999998]",4690155,"[7.0, 7.0299999999999985]",0.019159785906473794,2.8739678859710693,4.749999999999997,"[0.14899999999999985, 0.3259999999999999]",4691155,"[1.4899999999999984, 3.259999999999999]",0.022436734835306803,3.3655102252960205,7.0799999999999965,"[0.42699999999999994, 0.28099999999999986]",4692155,"[4.27, 2.8099999999999987]",0.02218851884206136,3.328277826309204,10.379999999999997,"[0.5609999999999999, 0.477]",4693155,"[5.609999999999999, 4.77]",0.02236573855082194,3.354860782623291,MinimaxSolutionConcept,4.592499999999999,2.0347527491073705,0.021537694533665972,0.0013758590114902353,3.2306541800498962,0.20637885172353526,COMPLETE
470,7.904999999999998,2025-06-12 22:29:19.040903,2025-06-12 22:29:22.101853,0 days 00:00:03.060950,47,0.8763794536913263,0.03193256392596393,0.9921964174025519,0.06408386862301979,126,4700159,7.904999999999998,1.9189124524063113,0.4419999999999999,0.10960839383915814,120.0,4,8.349999999999998,"[0.3399999999999999, 0.49499999999999983]",4700159,"[3.399999999999999, 4.949999999999998]",0.02299607793490092,2.7595293521881104,10.63,"[0.5979999999999999, 0.46499999999999997]",4701159,"[5.979999999999999, 4.6499999999999995]",0.02084370454152425,2.50124454498291,5.299999999999998,"[0.492, 0.03799999999999984]",4702159,"[4.92, 0.3799999999999984]",0.02306936780611674,2.768324136734009,7.339999999999998,"[0.33799999999999986, 0.3959999999999998]",4703159,"[3.3799999999999986, 3.959999999999998]",0.02355618476867676,2.826742172241211,MinimaxSolutionConcept,4.419999999999999,1.0960839383915815,0.022616333762804666,0.0010458226128288624,2.71396005153656,0.12549871353946337,COMPLETE
471,9.697499999999998,2025-06-12 22:29:24.601178,2025-06-12 22:29:28.114885,0 days 00:00:03.513707,48,0.9890521036386087,0.09179303794488258,0.9899442746862396,0.06938776463417513,155,4710164,9.697499999999998,3.1768882180523756,0.3769999999999999,0.21795297657981186,150.0,4,9.839999999999998,"[0.37599999999999983, 0.6079999999999999]",4710164,"[3.7599999999999985, 6.079999999999998]",0.022122066815694175,3.318310022354126,4.489999999999997,"[0.027999999999999813, 0.4209999999999998]",4711164,"[0.27999999999999814, 4.209999999999998]",0.02158667246500651,3.2380008697509766,11.779999999999998,"[0.4929999999999999, 0.6849999999999998]",4712164,"[4.929999999999999, 6.849999999999998]",0.022005368868509928,3.3008053302764893,12.679999999999996,"[0.6109999999999999, 0.6569999999999998]",4713164,"[6.1099999999999985, 6.5699999999999985]",0.02139731725056966,3.209597587585449,MinimaxSolutionConcept,3.7699999999999987,2.1795297657981183,0.021777856349945068,0.0002964810596178903,3.2666784524917603,0.04447215894268348,COMPLETE
472,4.907499999999997,2025-06-12 22:29:28.133026,2025-06-12 22:29:31.736550,0 days 00:00:03.603524,48,0.9856722535180061,0.11978257830140243,0.9868783060748519,0.06446494470787453,154,4720168,4.907499999999997,1.7389562242908818,0.33349999999999985,0.1627213876538668,150.0,4,3.179999999999997,"[0.1589999999999999, 0.15899999999999986]",4720168,"[1.589999999999999, 1.5899999999999985]",0.022382996877034506,3.357449531555176,7.009999999999996,"[0.5439999999999998, 0.15699999999999986]",4721168,"[5.439999999999998, 1.5699999999999985]",0.02096939245859782,3.145408868789673,3.199999999999997,"[0.1919999999999999, 0.12799999999999984]",4722168,"[1.919999999999999, 1.2799999999999985]",0.02274672349294027,3.41200852394104,6.239999999999998,"[0.4389999999999999, 0.1849999999999999]",4723168,"[4.389999999999999, 1.8499999999999988]",0.02080318291982015,3.1204774379730225,MinimaxSolutionConcept,3.3349999999999986,1.627213876538668,0.021725573937098185,0.000851112059974068,3.258836090564728,0.12766680899611016,COMPLETE
473,5.4724999999999975,2025-06-12 22:29:31.756180,2025-06-12 22:29:35.426295,0 days 00:00:03.670115,49,0.9837224054219674,0.09114027543436982,0.9897302927253324,0.0694795965444055,146,4730171,5.4724999999999975,3.384755345663849,0.23424999999999985,0.1975947557502476,140.0,4,0.579999999999997,"[-0.09100000000000016, 0.14899999999999985]",4730171,"[-0.9100000000000017, 1.4899999999999984]",0.02241821118763515,3.138549566268921,9.969999999999997,"[0.4429999999999999, 0.5539999999999999]",4731171,"[4.429999999999999, 5.539999999999999]",0.022831547260284423,3.1964166164398193,4.779999999999998,"[0.28899999999999987, 0.18899999999999983]",4732171,"[2.889999999999999, 1.8899999999999983]",0.02462500844682966,3.4475011825561523,6.559999999999998,"[0.2959999999999998, 0.35999999999999993]",4733171,"[2.959999999999998, 3.599999999999999]",0.022952985763549805,3.2134180068969727,MinimaxSolutionConcept,2.3424999999999985,1.975947557502476,0.02320693816457476,0.0008423811077204076,3.2489713430404663,0.11793335508085706,COMPLETE
474,6.937499999999997,2025-06-12 22:29:35.443969,2025-06-12 22:29:39.989515,0 days 00:00:04.545546,50,0.8692417068198518,0.08173723849279362,0.9907218382025893,0.08368561486315286,159,4740175,6.937499999999997,3.388158607562521,0.39124999999999993,0.17571905844273125,150.0,4,8.199999999999998,"[0.31799999999999995, 0.5019999999999999]",4740175,"[3.1799999999999997, 5.019999999999999]",0.02894952138264974,4.342428207397461,6.939999999999998,"[0.6509999999999999, 0.04299999999999983]",4741175,"[6.509999999999999, 0.4299999999999983]",0.02501517136891683,3.7522757053375244,10.969999999999997,"[0.42699999999999994, 0.6699999999999999]",4742175,"[4.27, 6.699999999999999]",0.027087903022766112,4.063185453414917,1.639999999999997,"[0.16899999999999987, -0.005000000000000171]",4743175,"[1.6899999999999986, -0.05000000000000171]",0.026702782313028972,4.005417346954346,MinimaxSolutionConcept,3.9124999999999988,1.7571905844273126,0.026938844521840415,0.0013983278979731615,4.040826678276062,0.20974918469597426,COMPLETE
475,6.532499999999998,2025-06-12 22:29:40.006059,2025-06-12 22:29:43.945849,0 days 00:00:03.939790,48,0.8485220707995257,0.08815757194300045,0.9948087216284665,0.04567038085698367,132,4750180,6.532499999999998,3.173415943427524,0.2677499999999999,0.16829791294011942,130.0,4,3.759999999999997,"[0.16399999999999984, 0.21199999999999988]",4750180,"[1.6399999999999983, 2.1199999999999988]",0.02759247009570782,3.5870211124420166,11.349999999999998,"[0.4539999999999999, 0.6809999999999998]",4751180,"[4.539999999999999, 6.809999999999999]",0.02872464106633113,3.734203338623047,3.599999999999997,"[0.046999999999999834, 0.3129999999999999]",4752180,"[0.4699999999999983, 3.129999999999999]",0.02618739238152137,3.4043610095977783,7.419999999999998,"[0.40599999999999986, 0.33599999999999985]",4753180,"[4.059999999999999, 3.3599999999999985]",0.025741931108328012,3.3464510440826416,MinimaxSolutionConcept,2.6774999999999984,1.682979129401194,0.027061608662972084,0.001178271359913886,3.518009126186371,0.15317527678880513,COMPLETE
476,6.669999999999998,2025-06-12 22:29:46.544830,2025-06-12 22:29:50.618038,0 days 00:00:04.073208,47,0.9973005346926154,0.04316298121531621,0.991792629972463,0.07175602403169813,140,4760186,6.669999999999998,1.9158157531453803,0.3414999999999999,0.10651408357583522,140.0,4,6.579999999999997,"[0.3669999999999999, 0.2909999999999998]",4760186,"[3.669999999999999, 2.9099999999999984]",0.02765626907348633,3.871877670288086,9.179999999999998,"[0.501, 0.4169999999999998]",4761186,"[5.01, 4.169999999999998]",0.024496894223349434,3.429565191268921,3.8099999999999974,"[0.2159999999999999, 0.16499999999999987]",4762186,"[2.159999999999999, 1.6499999999999986]",0.025176782267434257,3.524749517440796,7.109999999999998,"[0.28199999999999986, 0.4289999999999998]",4763186,"[2.8199999999999985, 4.289999999999998]",0.02714578083583287,3.8004093170166016,MinimaxSolutionConcept,3.414999999999999,1.065140835758352,0.026118931600025725,0.0013168595669832642,3.656650424003601,0.18436033937765692,COMPLETE
477,6.932499999999997,2025-06-12 22:29:50.635778,2025-06-12 22:29:55.198056,0 days 00:00:04.562278,49,0.596148295451124,0.08396468111663906,0.9866667955726607,0.059398512634983795,152,4770190,6.932499999999997,2.4796206867180315,0.41874999999999984,0.15480532129096858,150.0,4,10.329999999999998,"[0.568, 0.46499999999999986]",4770190,"[5.68, 4.649999999999999]",0.02532903035481771,3.7993545532226562,3.6399999999999966,"[0.15899999999999984, 0.20499999999999985]",4771190,"[1.5899999999999983, 2.0499999999999985]",0.029033597310384116,4.355039596557617,5.829999999999997,"[0.47599999999999987, 0.10699999999999985]",4772190,"[4.759999999999999, 1.0699999999999985]",0.02762106736501058,4.143160104751587,7.929999999999998,"[0.47199999999999986, 0.3209999999999999]",4773190,"[4.719999999999999, 3.209999999999999]",0.024663332303365072,3.6994998455047607,MinimaxSolutionConcept,4.187499999999999,1.5480532129096862,0.02666175683339437,0.0017546911703544077,3.9992635250091553,0.26320367555316115,COMPLETE
478,5.054999999999998,2025-06-12 22:29:55.214674,2025-06-12 22:29:59.473336,0 days 00:00:04.258662,48,0.8599182561332374,0.1629261894642659,0.9233892486413526,0.09314705066877668,162,4780195,5.054999999999998,1.7109427225947693,0.32549999999999985,0.11302322770121194,160.0,4,2.419999999999997,"[0.33199999999999985, -0.09000000000000019]",4780195,"[3.3199999999999985, -0.9000000000000019]",0.023430617153644563,3.74889874458313,5.149999999999997,"[0.4879999999999999, 0.026999999999999823]",4781195,"[4.879999999999999, 0.26999999999999824]",0.025380635261535646,4.060901641845703,7.199999999999998,"[0.3129999999999999, 0.40699999999999986]",4782195,"[3.129999999999999, 4.0699999999999985]",0.024231453239917756,3.877032518386841,5.4499999999999975,"[0.16899999999999987, 0.37599999999999995]",4783195,"[1.6899999999999986, 3.7599999999999993]",0.025180059671401977,4.028809547424316,MinimaxSolutionConcept,3.254999999999999,1.1302322770121194,0.024555691331624985,0.0007812314889462326,3.9289106130599976,0.12499703823139727,COMPLETE
479,7.827499999999998,2025-06-12 22:29:59.490659,2025-06-12 22:30:03.562044,0 days 00:00:04.071385,47,0.9999813810253432,0.07643189113199751,0.9776926365348275,0.07489285340735688,176,4790199,7.827499999999998,1.7438373634029067,0.40249999999999986,0.16631671593679337,170.0,4,7.079999999999996,"[0.18399999999999989, 0.5239999999999999]",4790199,"[1.839999999999999, 5.239999999999999]",0.021209032395306755,3.6055355072021484,10.819999999999999,"[0.48599999999999993, 0.5959999999999999]",4791199,"[4.859999999999999, 5.959999999999999]",0.020334368593552532,3.4568426609039307,6.959999999999998,"[0.623, 0.07299999999999987]",4792199,"[6.23, 0.7299999999999986]",0.022807931900024413,3.8773484230041504,6.449999999999998,"[0.31699999999999984, 0.32799999999999996]",4793199,"[3.169999999999998, 3.2799999999999994]",0.020151523982777315,3.4257590770721436,MinimaxSolutionConcept,4.0249999999999995,1.6631671593679338,0.021125714217915252,0.0010502467281692301,3.5913714170455933,0.17854194378876917,COMPLETE
480,8.264999999999997,2025-06-12 22:30:03.578860,2025-06-12 22:30:07.593255,0 days 00:00:04.014395,50,0.5835857689161562,0.09052055547584534,0.9888203270370354,0.054560283975978625,147,4800203,8.264999999999997,1.5938240178890515,0.4152499999999999,0.1148289488761436,140.0,4,8.679999999999998,"[0.29599999999999993, 0.5719999999999998]",4800203,"[2.959999999999999, 5.719999999999999]",0.02567361763545445,3.594306468963623,10.039999999999997,"[0.3049999999999999, 0.699]",4801203,"[3.049999999999999, 6.989999999999999]",0.02505575248173305,3.507805347442627,5.679999999999998,"[0.5339999999999999, 0.03399999999999982]",4802203,"[5.339999999999999, 0.3399999999999982]",0.02725804192679269,3.8161258697509766,8.659999999999998,"[0.5259999999999999, 0.3399999999999999]",4803203,"[5.259999999999999, 3.399999999999999]",0.024178663321903774,3.3850128650665283,MinimaxSolutionConcept,4.152499999999999,1.1482894887614359,0.02554151884147099,0.0011244160392490509,3.5758126378059387,0.15741824549486708,COMPLETE
481,9.092499999999998,2025-06-12 22:30:10.009195,2025-06-12 22:30:14.118523,0 days 00:00:04.109328,49,0.5565085451943619,0.03748883760054427,0.9072553684966989,0.0466656797650901,156,4810210,9.092499999999998,3.312011284702998,0.4339999999999999,0.22018628476814808,150.0,4,10.659999999999997,"[0.48199999999999993, 0.5839999999999999]",4810210,"[4.819999999999999, 5.839999999999998]",0.025603532791137695,3.8405299186706543,13.529999999999998,"[0.7699999999999999, 0.583]",4811210,"[7.699999999999999, 5.83]",0.026077431042989097,3.9116146564483643,4.729999999999997,"[0.2919999999999999, 0.18099999999999983]",4812210,"[2.919999999999999, 1.8099999999999983]",0.02520277976989746,3.780416965484619,7.449999999999997,"[0.19199999999999987, 0.5529999999999998]",4813210,"[1.9199999999999986, 5.5299999999999985]",0.026068042119344076,3.9102063179016113,MinimaxSolutionConcept,4.339999999999999,2.201862847681481,0.025737946430842082,0.00036355307280279284,3.8606919646263123,0.0545329609204188,COMPLETE
482,8.377499999999998,2025-06-12 22:30:14.135849,2025-06-12 22:30:18.037047,0 days 00:00:03.901198,49,0.6397830392431816,0.06789793632709158,0.9900392544805617,0.0649063032488773,166,4820214,8.377499999999998,2.937519148873757,0.2922499999999999,0.21657374610049115,160.0,4,8.059999999999997,"[0.44899999999999995, 0.3569999999999999]",4820214,"[4.489999999999999, 3.5699999999999985]",0.022491203248500825,3.598592519760132,4.599999999999998,"[-0.07400000000000015, 0.5339999999999998]",4821214,"[-0.7400000000000015, 5.339999999999998]",0.023008835315704346,3.6814136505126953,12.849999999999998,"[0.45599999999999985, 0.829]",4822214,"[4.559999999999999, 8.29]",0.021559859812259673,3.449577569961548,7.999999999999997,"[0.33799999999999986, 0.46199999999999986]",4823214,"[3.3799999999999986, 4.619999999999998]",0.021055835485458373,3.36893367767334,MinimaxSolutionConcept,2.922499999999999,2.1657374610049116,0.022028933465480807,0.0007649919540810301,3.5246293544769287,0.1223987126529647,COMPLETE
483,8.924999999999997,2025-06-12 22:30:18.052187,2025-06-12 22:30:21.209970,0 days 00:00:03.157783,47,0.8790028952769061,0.08098126977191221,0.9203911742269496,0.0001817397695065953,138,4830218,8.924999999999997,2.680806781549167,0.4872499999999999,0.24043853164582427,130.0,4,13.229999999999999,"[0.9, 0.4229999999999999]",4830218,"[9.0, 4.229999999999999]",0.021672575290386492,2.817434787750244,5.849999999999997,"[0.2989999999999998, 0.28599999999999975]",4831218,"[2.9899999999999984, 2.8599999999999977]",0.022473577352670523,2.921565055847168,8.339999999999996,"[0.38599999999999984, 0.44799999999999995]",4832218,"[3.8599999999999985, 4.4799999999999995]",0.02208562997671274,2.8711318969726562,8.279999999999998,"[0.3639999999999998, 0.46399999999999986]",4833218,"[3.6399999999999983, 4.639999999999999]",0.022751492720383865,2.9576940536499023,MinimaxSolutionConcept,4.872499999999999,2.4043853164582427,0.022245818835038404,0.00040677040590827236,2.8919564485549927,0.05288015276807532,COMPLETE
484,7.532499999999997,2025-06-12 22:30:21.226679,2025-06-12 22:30:26.161564,0 days 00:00:04.934885,48,0.6534554938055127,0.11034872010549097,0.9273285225189819,0.035024042629543686,184,4840221,7.532499999999997,3.338295785277272,0.3897499999999999,0.19523239357237826,180.0,4,9.949999999999998,"[0.48699999999999993, 0.5079999999999998]",4840221,"[4.869999999999999, 5.079999999999998]",0.023925895161098904,4.306661128997803,2.339999999999997,"[0.052999999999999846, 0.18099999999999988]",4841221,"[0.5299999999999985, 1.8099999999999987]",0.026278248098161486,4.730084657669067,6.929999999999997,"[0.4879999999999997, 0.2049999999999999]",4842221,"[4.879999999999997, 2.049999999999999]",0.02376049624549018,4.276889324188232,10.909999999999997,"[0.5309999999999999, 0.5599999999999998]",4843221,"[5.309999999999999, 5.599999999999998]",0.023410623603396945,4.21391224861145,MinimaxSolutionConcept,3.897499999999998,1.9523239357237825,0.02434381577703688,0.001132231795510994,4.381886839866638,0.20380172319197884,COMPLETE
485,6.764999999999997,2025-06-12 22:30:26.178807,2025-06-12 22:30:29.815187,0 days 00:00:03.636380,46,0.8900473796625242,0.08803027436556951,0.9878252846629925,0.0784141497165018,146,4850226,6.764999999999997,1.3815661402915174,0.2652499999999999,0.12127525510177253,140.0,4,8.419999999999998,"[0.40999999999999986, 0.43199999999999994]",4850226,"[4.099999999999999, 4.319999999999999]",0.024494901725224085,3.429286241531372,6.279999999999998,"[0.07499999999999986, 0.5529999999999999]",4851226,"[0.7499999999999986, 5.529999999999999]",0.023007270268031527,3.221017837524414,4.769999999999998,"[0.2699999999999999, 0.2069999999999999]",4852226,"[2.6999999999999993, 2.069999999999999]",0.023553405489240373,3.2974767684936523,7.589999999999998,"[0.3059999999999999, 0.45299999999999996]",4853226,"[3.0599999999999987, 4.529999999999999]",0.023199442454746793,3.247921943664551,MinimaxSolutionConcept,2.652499999999999,1.2127525510177253,0.023563754984310695,0.0005721757212193195,3.2989256978034973,0.08010460097070476,COMPLETE
486,7.649999999999998,2025-06-12 22:30:32.482507,2025-06-12 22:30:35.934608,0 days 00:00:03.452101,50,0.6278976924103489,0.09514904597963791,0.9939699941347985,0.0006370594668347895,124,4860232,7.649999999999998,3.1133342255530496,0.4514999999999999,0.14268584372669912,120.0,4,4.489999999999997,"[0.28499999999999986, 0.16399999999999984]",4860232,"[2.8499999999999988, 1.6399999999999983]",0.025454843044281007,3.0545811653137207,11.959999999999999,"[0.586, 0.61]",4861232,"[5.859999999999999, 6.1]",0.022136338551839194,2.656360626220703,9.26,"[0.5999999999999999, 0.3259999999999999]",4862232,"[5.999999999999998, 3.259999999999999]",0.027170457442601523,3.2604548931121826,4.889999999999997,"[0.3349999999999999, 0.15399999999999983]",4863232,"[3.349999999999999, 1.5399999999999983]",0.025307297706604004,3.0368757247924805,MinimaxSolutionConcept,4.514999999999999,1.426858437266991,0.025017234186331432,0.0018173860629024077,3.0020681023597717,0.21808632754828894,COMPLETE
487,6.859999999999998,2025-06-12 22:30:35.950438,2025-06-12 22:30:40.177685,0 days 00:00:04.227247,48,0.8711343632037174,0.08507664636072286,0.9846687724522266,0.0005215972852758563,159,4870236,6.859999999999998,1.0438151177291892,0.40174999999999994,0.10998948813409401,150.0,4,7.469999999999999,"[0.2989999999999999, 0.44799999999999995]",4870236,"[2.989999999999999, 4.4799999999999995]",0.02669672171274821,4.0045082569122314,7.059999999999999,"[0.5599999999999999, 0.14599999999999985]",4871236,"[5.6, 1.4599999999999986]",0.02486132303873698,3.729198455810547,5.109999999999997,"[0.2989999999999999, 0.21199999999999988]",4872236,"[2.989999999999999, 2.1199999999999988]",0.026022907892862955,3.9034361839294434,7.799999999999998,"[0.44899999999999995, 0.3309999999999999]",4873236,"[4.489999999999999, 3.309999999999999]",0.02501578172047933,3.7523672580718994,MinimaxSolutionConcept,4.017499999999999,1.0998948813409402,0.025649183591206867,0.0007514865517276402,3.8473775386810303,0.11272298275914604,COMPLETE
488,5.867499999999997,2025-06-12 22:30:40.195121,2025-06-12 22:30:44.573398,0 days 00:00:04.378277,47,0.6206376876293082,0.14250026856017164,0.9109369987379132,0.024785471260053062,173,4880240,5.867499999999997,2.005010910194755,0.33324999999999994,0.13483207148152848,170.0,4,7.989999999999998,"[0.46799999999999986, 0.33099999999999985]",4880240,"[4.679999999999999, 3.3099999999999987]",0.024477313546573416,4.1611433029174805,2.9999999999999973,"[0.11599999999999985, 0.18399999999999989]",4881240,"[1.1599999999999986, 1.839999999999999]",0.024428513470818015,4.1528472900390625,7.479999999999996,"[0.4189999999999999, 0.32899999999999985]",4882240,"[4.189999999999999, 3.2899999999999983]",0.02361001126906451,4.013701915740967,4.999999999999997,"[0.32999999999999996, 0.16999999999999987]",4883240,"[3.3, 1.6999999999999988]",0.023131952566259047,3.932431936264038,MinimaxSolutionConcept,3.3324999999999987,1.3483207148152847,0.023911947713178748,0.0005670178024185204,4.065031111240387,0.09639302641114837,COMPLETE
489,5.727499999999999,2025-06-12 22:30:44.593114,2025-06-12 22:30:47.824537,0 days 00:00:03.231423,32,0.8448091513143312,0.09219174662965776,0.9816238978580907,0.003526555679625483,165,4890244,5.727499999999999,2.326911848351803,0.22749999999999998,0.10661496142662158,160.0,4,8.290000000000001,"[0.29500000000000004, 0.5339999999999999]",4890244,"[2.95, 5.339999999999999]",0.01722293198108673,2.755669116973877,6.539999999999998,"[0.24499999999999997, 0.4089999999999999]",4891244,"[2.4499999999999997, 4.089999999999999]",0.01888819634914398,3.022111415863037,1.9499999999999986,"[0.048999999999999946, 0.1459999999999999]",4892244,"[0.48999999999999944, 1.459999999999999]",0.01844416856765747,2.9510669708251953,6.129999999999999,"[0.321, 0.292]",4893244,"[3.21, 2.92]",0.019042807817459106,3.046849250793457,MinimaxSolutionConcept,2.275,1.0661496142662157,0.018399526178836823,0.0007139636984811264,2.9439241886138916,0.1142341917569802,COMPLETE
490,8.159999999999997,2025-06-12 22:30:47.840739,2025-06-12 22:30:51.387375,0 days 00:00:03.546636,49,0.8582208863010796,0.029062047017615472,0.9126498038048633,0.0020538093505245696,153,4900247,8.159999999999997,2.192487172140353,0.5114999999999998,0.10431802337084423,150.0,4,5.019999999999996,"[0.34399999999999986, 0.15799999999999986]",4900247,"[3.4399999999999986, 1.5799999999999987]",0.020911157925923664,3.13667368888855,9.339999999999998,"[0.6309999999999999, 0.3029999999999998]",4901247,"[6.309999999999999, 3.0299999999999985]",0.02242420196533203,3.3636302947998047,10.879999999999997,"[0.5309999999999998, 0.5569999999999999]",4902247,"[5.309999999999998, 5.569999999999999]",0.021160316467285157,3.1740474700927734,7.399999999999998,"[0.5399999999999998, 0.19999999999999984]",4903247,"[5.399999999999999, 1.9999999999999984]",0.021034053166707357,3.1551079750061035,MinimaxSolutionConcept,5.114999999999998,1.0431802337084424,0.02138243238131205,0.0006078830140173702,3.207364857196808,0.09118245210260552,COMPLETE
491,6.6374999999999975,2025-06-12 22:30:53.774386,2025-06-12 22:31:03.350670,0 days 00:00:09.576284,48,0.6096021724111417,0.0758676148795377,0.9167551940267424,0.00016842983399829504,422,4910253,6.6374999999999975,2.786910251515108,0.22949999999999987,0.12076940837811537,420.0,4,6.969999999999997,"[0.1999999999999999, 0.4969999999999999]",4910253,"[1.9999999999999991, 4.969999999999999]",0.02082644133340745,8.747105360031128,10.27,"[0.4339999999999999, 0.5929999999999997]",4911253,"[4.339999999999999, 5.929999999999998]",0.022348920504252117,9.386546611785889,6.879999999999998,"[0.12899999999999984, 0.5589999999999999]",4912253,"[1.2899999999999983, 5.59]",0.020701426551455543,8.694599151611328,2.429999999999997,"[0.15499999999999986, 0.08799999999999986]",4913253,"[1.5499999999999985, 0.8799999999999986]",0.02129169021333967,8.942509889602661,MinimaxSolutionConcept,2.2949999999999986,1.2076940837811538,0.021292119650613693,0.0006485759132854792,8.942690253257751,0.27240188357990114,COMPLETE
492,5.679999999999998,2025-06-12 22:31:03.367679,2025-06-12 22:31:08.134300,0 days 00:00:04.766621,46,0.6618703707015364,0.05999231942039659,0.9325982765890477,0.0001933663813949751,188,4920263,5.679999999999998,2.874482562131836,0.28399999999999986,0.1574404649383379,180.0,4,9.129999999999999,"[0.46499999999999997, 0.44799999999999995]",4920263,"[4.6499999999999995, 4.4799999999999995]",0.02193063497543335,3.947514295578003,7.759999999999998,"[0.30599999999999994, 0.4699999999999999]",4921263,"[3.0599999999999996, 4.699999999999999]",0.021869862079620363,3.936575174331665,3.7899999999999974,"[0.33299999999999985, 0.04599999999999985]",4922263,"[3.3299999999999983, 0.45999999999999847]",0.021692030959659152,3.9045655727386475,2.0399999999999974,"[0.03199999999999985, 0.17199999999999988]",4923263,"[0.3199999999999985, 1.7199999999999989]",0.025345414214664037,4.562174558639526,MinimaxSolutionConcept,2.839999999999999,1.5744046493833792,0.022709485557344224,0.0015243777056653594,4.0877074003219604,0.27438798701976463,COMPLETE
493,9.534999999999998,2025-06-12 22:31:08.153111,2025-06-12 22:31:11.950099,0 days 00:00:03.796988,50,0.641318524012547,0.09764975763449607,0.9783775124386874,0.06075807184379516,138,4930268,9.534999999999998,1.4691579220764528,0.4277499999999999,0.1662398493141762,130.0,4,10.209999999999999,"[0.4379999999999999, 0.583]",4930268,"[4.379999999999999, 5.83]",0.025426308925335223,3.305420160293579,7.719999999999997,"[0.16499999999999987, 0.6069999999999999]",4931268,"[1.6499999999999986, 6.0699999999999985]",0.027695472423846904,3.6004114151000977,11.559999999999997,"[0.623, 0.5329999999999999]",4932268,"[6.23, 5.329999999999999]",0.025707809741680437,3.342015266418457,8.649999999999997,"[0.4849999999999999, 0.3799999999999999]",4933268,"[4.849999999999999, 3.799999999999999]",0.027370174114520734,3.5581226348876953,MinimaxSolutionConcept,4.277499999999999,1.6623984931417624,0.026549941301345827,0.0009945801501929214,3.4514923691749573,0.12929541952507972,COMPLETE
494,8.084999999999997,2025-06-12 22:31:11.965558,2025-06-12 22:31:14.753196,0 days 00:00:02.787638,48,0.5708953525752833,0.034811986464909496,0.9888639643056439,0.029539047730018315,118,4940272,8.084999999999997,3.0894376510944515,0.3092499999999999,0.16441924309520467,110.0,4,8.039999999999997,"[0.3679999999999999, 0.43599999999999994]",4940272,"[3.679999999999999, 4.359999999999999]",0.02093871940266002,2.3032591342926025,5.919999999999998,"[0.2859999999999999, 0.3059999999999999]",4941272,"[2.8599999999999994, 3.0599999999999987]",0.023564852367747913,2.5921337604522705,5.249999999999998,"[0.06399999999999983, 0.46099999999999997]",4942272,"[0.6399999999999983, 4.609999999999999]",0.021571092172102495,2.3728201389312744,13.129999999999999,"[0.5189999999999999, 0.794]",4943272,"[5.1899999999999995, 7.94]",0.022881158915433016,2.516927480697632,MinimaxSolutionConcept,3.092499999999999,1.6441924309520468,0.022238955714485864,0.001037675655524596,2.446285128593445,0.11414432210770557,COMPLETE
495,7.062499999999998,2025-06-12 22:31:14.768465,2025-06-12 22:31:18.919642,0 days 00:00:04.151177,47,0.8884339627533854,0.04458620372899855,0.9155320345088891,0.046022649436067216,177,4950274,7.062499999999998,1.9350371443463308,0.5247499999999998,0.10258989960030183,170.0,4,5.9899999999999975,"[0.5539999999999999, 0.04499999999999986]",4950274,"[5.539999999999999, 0.4499999999999986]",0.021818311074200798,3.7091128826141357,10.12,"[0.6779999999999999, 0.3339999999999999]",4951274,"[6.779999999999999, 3.339999999999999]",0.023330085417803598,3.9661145210266113,7.189999999999998,"[0.4099999999999998, 0.3089999999999999]",4952274,"[4.099999999999998, 3.089999999999999]",0.022046777781318215,3.7479522228240967,4.9499999999999975,"[0.45699999999999985, 0.037999999999999826]",4953274,"[4.5699999999999985, 0.37999999999999823]",0.02202326550203211,3.743955135345459,MinimaxSolutionConcept,5.247499999999999,1.0258989960030183,0.02230460994383868,0.0005986899567555989,3.7917836904525757,0.10177729264845166,COMPLETE
496,7.432499999999997,2025-06-12 22:31:21.549544,2025-06-12 22:31:24.875378,0 days 00:00:03.325834,49,0.807876926554801,0.086370035476798,0.9798561706344718,0.00014923222420428487,132,4960281,7.432499999999997,1.630987047771992,0.3579999999999998,0.12512593655993148,130.0,4,8.369999999999997,"[0.28099999999999986, 0.5559999999999998]",4960281,"[2.8099999999999987, 5.559999999999999]",0.023779626993032602,3.0913515090942383,6.529999999999998,"[0.34799999999999975, 0.3049999999999998]",4961281,"[3.4799999999999978, 3.049999999999998]",0.022230674670292782,2.8899877071380615,9.529999999999996,"[0.5639999999999998, 0.38899999999999985]",4962281,"[5.639999999999999, 3.8899999999999983]",0.024223714608412522,3.149082899093628,5.299999999999997,"[0.23899999999999988, 0.29099999999999987]",4963281,"[2.389999999999999, 2.909999999999999]",0.022528776755699746,2.928740978240967,MinimaxSolutionConcept,3.5799999999999987,1.251259365599315,0.02319069825685941,0.0008327282268736258,3.0147907733917236,0.10825466949357145,COMPLETE
497,8.849999999999998,2025-06-12 22:31:24.890496,2025-06-12 22:31:28.546500,0 days 00:00:03.656004,46,0.826991780015017,0.0793874392911504,0.9512556906038171,0.00016666642494058055,151,4970284,8.849999999999998,1.72745477509543,0.44574999999999987,0.10537878107095378,150.0,4,11.44,"[0.579, 0.5649999999999998]",4970284,"[5.789999999999999, 5.649999999999999]",0.022408878008524577,3.3613317012786865,6.879999999999997,"[0.2949999999999999, 0.3929999999999999]",4971284,"[2.949999999999999, 3.929999999999999]",0.02311215877532959,3.4668238162994385,7.779999999999998,"[0.4109999999999999, 0.3669999999999999]",4972284,"[4.109999999999999, 3.669999999999999]",0.022300368944803875,3.345055341720581,9.299999999999999,"[0.4979999999999999, 0.43199999999999994]",4973284,"[4.979999999999999, 4.319999999999999]",0.02074947992960612,3.112421989440918,MinimaxSolutionConcept,4.4575,1.0537878107095375,0.02214272141456604,0.0008626445832663677,3.321408212184906,0.12939668748995511,COMPLETE
498,6.579999999999997,2025-06-12 22:31:28.563058,2025-06-12 22:31:32.820308,0 days 00:00:04.257250,49,0.87416747595141,0.14855167180767243,0.9829472025557022,0.07051767943382509,167,4980288,6.579999999999997,1.3052394416351363,0.32399999999999984,0.17745844584014592,160.0,4,6.479999999999997,"[0.14099999999999985, 0.5069999999999999]",4980288,"[1.4099999999999984, 5.0699999999999985]",0.02275284081697464,3.6404545307159424,6.989999999999997,"[0.2519999999999999, 0.4469999999999999]",4981288,"[2.5199999999999987, 4.469999999999999]",0.022749975323677063,3.63999605178833,8.239999999999998,"[0.6169999999999999, 0.20699999999999985]",4982288,"[6.169999999999999, 2.0699999999999985]",0.02328028380870819,3.7248454093933105,4.609999999999996,"[0.2859999999999998, 0.17499999999999985]",4983288,"[2.859999999999998, 1.7499999999999984]",0.025437255203723908,4.069960832595825,MinimaxSolutionConcept,3.2399999999999984,1.7745844584014594,0.023555088788270947,0.0011079121908539214,3.768814206123352,0.17726595053662736,COMPLETE
499,3.2974999999999977,2025-06-12 22:31:32.836623,2025-06-12 22:31:36.930838,0 days 00:00:04.094215,48,0.5921825287730074,0.09188059039723213,0.9771709775827698,0.00014131685182715978,145,4990292,3.2974999999999977,2.9687402631419277,0.05049999999999988,0.25218693463381486,140.0,4,4.939999999999998,"[0.20999999999999988, 0.2839999999999999]",4990292,"[2.0999999999999988, 2.839999999999999]",0.025787912096296037,3.6103076934814453,3.7399999999999975,"[0.052999999999999846, 0.3209999999999999]",4991292,"[0.5299999999999985, 3.209999999999999]",0.025326107229505266,3.5456550121307373,6.139999999999997,"[0.29799999999999993, 0.3159999999999999]",4992292,"[2.9799999999999995, 3.159999999999999]",0.02443551846912929,3.4209725856781006,-1.6300000000000034,"[-0.3590000000000002, 0.1959999999999999]",4993292,"[-3.590000000000002, 1.959999999999999]",0.02783876487186977,3.8974270820617676,MinimaxSolutionConcept,0.5049999999999987,2.521869346338149,0.02584707566670009,0.0012484218089872038,3.6185905933380127,0.1747790532582085,COMPLETE
500,4.879999999999997,2025-06-12 22:31:36.949730,2025-06-12 22:31:42.217336,0 days 00:00:05.267606,50,0.7666501228971756,0.10030952174611363,0.9304928498913806,0.021879242105747175,195,5000297,4.879999999999997,1.4629080627298492,0.2554999999999999,0.18108354425513107,190.0,4,3.349999999999997,"[0.29599999999999993, 0.038999999999999826]",5000297,"[2.959999999999999, 0.38999999999999824]",0.026626548014189066,5.059044122695923,5.589999999999998,"[0.5249999999999999, 0.03399999999999982]",5001297,"[5.249999999999999, 0.3399999999999982]",0.025150450907255473,4.77858567237854,6.929999999999997,"[0.16699999999999982, 0.5259999999999999]",5002297,"[1.6699999999999982, 5.259999999999999]",0.02255724982211464,4.285877466201782,3.6499999999999972,"[0.03399999999999982, 0.33099999999999985]",5003297,"[0.3399999999999982, 3.3099999999999987]",0.022232148521824886,4.2241082191467285,MinimaxSolutionConcept,2.5549999999999984,1.8108354425513107,0.024141599316346015,0.0018268085025503495,4.586903870105743,0.3470936154845664,COMPLETE
501,8.134999999999998,2025-06-12 22:31:44.811925,2025-06-12 22:31:48.710699,0 days 00:00:03.898774,47,0.6341718475463484,0.08263763157058025,0.9858874291006776,0.05641381771803311,159,5010304,8.134999999999998,1.5337617155216778,0.4412499999999999,0.07368980594356325,150.0,4,9.76,"[0.4009999999999999, 0.575]",5010304,"[4.009999999999999, 5.75]",0.024188059171040853,3.628208875656128,9.409999999999997,"[0.5650000000000001, 0.37599999999999983]",5011304,"[5.65, 3.7599999999999985]",0.0228466796875,3.427001953125,7.369999999999998,"[0.3739999999999999, 0.3629999999999999]",5012304,"[3.739999999999999, 3.629999999999999]",0.024717698097229002,3.7076547145843506,5.999999999999998,"[0.42499999999999993, 0.17499999999999988]",5013304,"[4.249999999999999, 1.7499999999999987]",0.023671833674112956,3.5507750511169434,MinimaxSolutionConcept,4.4125,0.7368980594356325,0.023856067657470705,0.0006901868613546116,3.5784101486206055,0.10352802920319179,COMPLETE
502,7.207499999999998,2025-06-12 22:31:48.726159,2025-06-12 22:31:52.624206,0 days 00:00:03.898047,46,0.8664230699515205,0.06476295338743747,0.9145367337158393,0.013099171540533397,174,5020308,7.207499999999998,1.5009226329161673,0.5304999999999999,0.1279267368457431,170.0,4,5.399999999999998,"[0.603, -0.06300000000000018]",5020308,"[6.029999999999999, -0.6300000000000018]",0.02017345708959243,3.429487705230713,6.059999999999998,"[0.3139999999999999, 0.2919999999999999]",5021308,"[3.139999999999999, 2.919999999999999]",0.021790219755733715,3.7043373584747314,8.859999999999998,"[0.5639999999999998, 0.3219999999999999]",5022308,"[5.639999999999999, 3.219999999999999]",0.021485153366537654,3.6524760723114014,8.509999999999998,"[0.6409999999999999, 0.20999999999999988]",5023308,"[6.409999999999999, 2.0999999999999988]",0.020272137137020335,3.446263313293457,MinimaxSolutionConcept,5.304999999999999,1.279267368457431,0.020930241837221034,0.000716469429977207,3.5581411123275757,0.12179980309612522,COMPLETE
503,3.882499999999997,2025-06-12 22:31:52.641869,2025-06-12 22:31:56.908006,0 days 00:00:04.266137,49,0.6869562875114075,0.07140815827233157,0.975149286611712,0.0405704208336852,142,5030312,3.882499999999997,2.3974713241246497,0.37199999999999983,0.1532726329127284,140.0,4,1.5899999999999967,"[0.2949999999999998, -0.1360000000000002]",5030312,"[2.9499999999999984, -1.360000000000002]",0.028959969111851284,4.05439567565918,5.269999999999997,"[0.4839999999999999, 0.04299999999999988]",5031312,"[4.839999999999999, 0.42999999999999877]",0.02822695119040353,3.951773166656494,7.109999999999998,"[0.5479999999999998, 0.16299999999999987]",5032312,"[5.479999999999999, 1.6299999999999986]",0.025688890048435758,3.596444606781006,1.5599999999999972,"[0.16099999999999984, -0.005000000000000171]",5033312,"[1.6099999999999983, -0.05000000000000171]",0.027142201151166643,3.79990816116333,MinimaxSolutionConcept,3.7199999999999984,1.5327263291272846,0.027504502875464302,0.001231668178743838,3.8506304025650024,0.17243354502413744,COMPLETE
504,7.117499999999998,2025-06-12 22:31:56.923398,2025-06-12 22:32:04.518205,0 days 00:00:07.594807,50,0.6180369162625934,0.12343014026684294,0.9819209642320081,0.000183115508173473,325,5040316,7.117499999999998,1.938651270858171,0.4482499999999998,0.09163071264592457,320.0,4,3.889999999999997,"[0.33199999999999985, 0.05699999999999985]",5040316,"[3.3199999999999985, 0.5699999999999985]",0.021335383504629137,6.827322721481323,8.509999999999998,"[0.4249999999999998, 0.4259999999999999]",5041316,"[4.249999999999998, 4.259999999999999]",0.02195943295955658,7.0270185470581055,7.329999999999997,"[0.5879999999999999, 0.14499999999999985]",5042316,"[5.879999999999999, 1.4499999999999984]",0.022034625709056854,7.051080226898193,8.739999999999997,"[0.44799999999999984, 0.4259999999999999]",5043316,"[4.479999999999999, 4.259999999999999]",0.02314901128411293,7.407683610916138,MinimaxSolutionConcept,4.482499999999998,0.9163071264592458,0.022119613364338875,0.0006533676632880729,7.07827627658844,0.2090776522521833,COMPLETE
505,4.942499999999998,2025-06-12 22:32:04.533862,2025-06-12 22:32:08.482849,0 days 00:00:03.948987,47,0.6540792198268482,0.09624690621148624,0.9802940291054405,0.00013096570845944958,164,5050324,4.942499999999998,2.163173305586032,0.2167499999999999,0.08766234938672358,160.0,4,3.519999999999998,"[0.07599999999999989, 0.2759999999999998]",5050324,"[0.7599999999999989, 2.759999999999998]",0.022734856605529784,3.6375770568847656,2.689999999999997,"[0.2639999999999999, 0.004999999999999815]",5051324,"[2.639999999999999, 0.04999999999999816]",0.023416967689991,3.7467148303985596,8.339999999999998,"[0.30999999999999983, 0.5239999999999999]",5052324,"[3.0999999999999983, 5.239999999999999]",0.02172681987285614,3.4762911796569824,5.219999999999998,"[0.21699999999999986, 0.30499999999999977]",5053324,"[2.1699999999999986, 3.0499999999999976]",0.021906597912311553,3.5050556659698486,MinimaxSolutionConcept,2.1674999999999986,0.8766234938672359,0.022446310520172118,0.0006771983969552149,3.591409683227539,0.10835174351283425,COMPLETE
506,8.724999999999998,2025-06-12 22:32:10.932899,2025-06-12 22:32:15.472842,0 days 00:00:04.539943,49,0.6735332733536208,0.04045695901420178,0.9856111430910713,0.00016122614412180107,186,5060330,8.724999999999998,4.298688753561952,0.5109999999999999,0.3176845920091184,180.0,4,8.669999999999996,"[0.4419999999999999, 0.42499999999999993]",5060330,"[4.419999999999999, 4.249999999999999]",0.02100445959303114,3.7808027267456055,9.759999999999998,"[0.6629999999999998, 0.3129999999999999]",5061330,"[6.629999999999998, 3.129999999999999]",0.022317012151082356,4.017062187194824,14.25,"[0.901, 0.5239999999999998]",5062330,"[9.01, 5.239999999999998]",0.02120346360736423,3.8166234493255615,2.2199999999999966,"[0.037999999999999826, 0.18399999999999986]",5063330,"[0.37999999999999823, 1.8399999999999985]",0.024180018901824953,4.352403402328491,MinimaxSolutionConcept,5.1099999999999985,3.1768459200911843,0.02217623856332567,0.001260387829016973,3.9917229413986206,0.22686980922305505,COMPLETE
507,8.1725,2025-06-12 22:32:15.491653,2025-06-12 22:32:25.436314,0 days 00:00:09.944661,48,0.6028407276175621,0.0884627499661917,0.977386194949708,0.00020998249866449777,410,5070335,8.1725,3.406364447618605,0.5392499999999999,0.1968608328235965,410.0,4,8.929999999999998,"[0.5759999999999998, 0.3169999999999999]",5070335,"[5.759999999999998, 3.169999999999999]",0.023747465668655023,9.73646092414856,11.87,"[0.743, 0.44399999999999995]",5071335,"[7.43, 4.4399999999999995]",0.022229492373582793,9.114091873168945,9.28,"[0.6229999999999999, 0.3049999999999999]",5072335,"[6.229999999999999, 3.049999999999999]",0.023709401851747094,9.720854759216309,2.6099999999999977,"[0.21499999999999986, 0.04599999999999986]",5073335,"[2.1499999999999986, 0.45999999999999863]",0.023017183164270913,9.437045097351074,MinimaxSolutionConcept,5.392499999999998,1.9686083282359652,0.023175885764563958,0.000618908306592454,9.502113163471222,0.2537524057029062,COMPLETE
508,7.739999999999998,2025-06-12 22:32:25.451603,2025-06-12 22:32:33.134034,0 days 00:00:07.682431,46,0.8823278690529719,0.09278730605121159,0.9188785510611812,0.00012683750136145445,379,5080345,7.739999999999998,0.9595571895410923,0.3544999999999999,0.20167114320100435,370.0,4,9.369999999999997,"[0.5579999999999998, 0.3789999999999999]",5080345,"[5.579999999999998, 3.789999999999999]",0.01910601048856168,7.069223880767822,6.929999999999998,"[0.41999999999999993, 0.27299999999999985]",5081345,"[4.199999999999999, 2.7299999999999986]",0.020239214639405947,7.4885094165802,7.459999999999998,"[0.01899999999999985, 0.727]",5082345,"[0.1899999999999985, 7.27]",0.01727047417614911,6.390075445175171,7.1999999999999975,"[0.42099999999999993, 0.2989999999999998]",5083345,"[4.209999999999999, 2.9899999999999984]",0.019271590258624103,7.130488395690918,MinimaxSolutionConcept,3.5449999999999986,2.016711432010043,0.01897182239068521,0.0010733983509726148,7.019574284553528,0.3971573898598674,COMPLETE
509,6.777499999999998,2025-06-12 22:32:33.149452,2025-06-12 22:32:36.847438,0 days 00:00:03.697986,48,0.9675211072391665,0.08468198195491031,0.9832962677670576,0.04870036240760235,154,5090353,6.777499999999998,1.6267970832282677,0.3199999999999999,0.14347996375801045,150.0,4,5.849999999999998,"[0.17999999999999988, 0.4049999999999998]",5090353,"[1.799999999999999, 4.049999999999998]",0.023229069709777832,3.484360456466675,7.979999999999999,"[0.4909999999999998, 0.30699999999999994]",5091353,"[4.909999999999998, 3.0699999999999994]",0.02151644229888916,3.227466344833374,8.669999999999996,"[0.43299999999999983, 0.4339999999999999]",5092353,"[4.329999999999998, 4.339999999999999]",0.020616679191589354,3.0925018787384033,4.609999999999998,"[0.17599999999999985, 0.28499999999999986]",5093353,"[1.7599999999999985, 2.8499999999999988]",0.023159872690836587,3.4739809036254883,MinimaxSolutionConcept,3.1999999999999984,1.4347996375801044,0.022130515972773233,0.001110763683590211,3.319577395915985,0.16661455253853166,COMPLETE
510,5.569999999999997,2025-06-12 22:32:36.863416,2025-06-12 22:32:39.723699,0 days 00:00:02.860283,45,0.8964393351951421,0.04841580148945579,0.9125025974198722,0.00014660381245886882,129,5100356,5.569999999999997,1.6336921374604219,0.29224999999999984,0.20385702710478243,120.0,4,4.3699999999999966,"[0.09099999999999986, 0.3459999999999998]",5100356,"[0.9099999999999986, 3.459999999999998]",0.02220755219459534,2.6649062633514404,8.349999999999998,"[0.6169999999999999, 0.21799999999999983]",5101356,"[6.169999999999999, 2.1799999999999984]",0.018121590216954548,2.174590826034546,4.4199999999999955,"[0.1509999999999998, 0.29099999999999987]",5102356,"[1.509999999999998, 2.909999999999999]",0.020561865965525308,2.467423915863037,5.139999999999997,"[0.30999999999999983, 0.20399999999999988]",5103356,"[3.0999999999999983, 2.0399999999999987]",0.02240526080131531,2.688631296157837,MinimaxSolutionConcept,2.9224999999999985,2.0385702710478246,0.020824067294597626,0.0017165616262139706,2.498888075351715,0.20598739514567632,COMPLETE
511,6.482499999999998,2025-06-12 22:32:42.377315,2025-06-12 22:32:47.139488,0 days 00:00:04.762173,50,0.6466583099010415,0.10687908970395568,0.9354594859891419,0.08264235744295544,178,5110362,6.482499999999998,3.410471924822136,0.38574999999999987,0.2828430439307285,170.0,4,12.139999999999999,"[0.817, 0.3969999999999999]",5110362,"[8.17, 3.969999999999999]",0.024672920563641718,4.194396495819092,3.0699999999999963,"[0.02599999999999981, 0.28099999999999986]",5111362,"[0.2599999999999981, 2.8099999999999987]",0.026855931562535903,4.5655083656311035,5.779999999999998,"[0.38199999999999984, 0.19599999999999984]",5112362,"[3.8199999999999985, 1.9599999999999984]",0.02653017464806052,4.510129690170288,4.939999999999998,"[0.3179999999999999, 0.17599999999999985]",5113362,"[3.179999999999999, 1.7599999999999985]",0.02570297718048096,4.369506120681763,MinimaxSolutionConcept,3.857499999999999,2.828430439307285,0.025940500988679775,0.0008439351061424935,4.4098851680755615,0.143468968044224,COMPLETE
512,8.485,2025-06-12 22:32:47.155069,2025-06-12 22:32:51.076911,0 days 00:00:03.921842,47,0.8583008055219606,0.0773092885198373,0.9910989480824263,0.0013688743144541114,167,5120367,8.485,2.4790774493750702,0.3994999999999999,0.201010571861283,160.0,4,10.49,"[0.619, 0.4299999999999998]",5120367,"[6.1899999999999995, 4.299999999999998]",0.01890786290168762,3.0252580642700195,10.939999999999998,"[0.581, 0.5129999999999999]",5121367,"[5.81, 5.129999999999999]",0.02147015482187271,3.435224771499634,4.7399999999999975,"[0.20599999999999982, 0.2679999999999999]",5122367,"[2.0599999999999983, 2.679999999999999]",0.02162605822086334,3.4601693153381348,7.769999999999997,"[0.1919999999999999, 0.585]",5123367,"[1.919999999999999, 5.85]",0.023196789622306823,3.711486339569092,MinimaxSolutionConcept,3.994999999999999,2.0101057186128304,0.021300216391682624,0.0015374814802064192,3.40803462266922,0.24599703683302707,COMPLETE
513,6.137499999999998,2025-06-12 22:32:51.097456,2025-06-12 22:32:55.150589,0 days 00:00:04.053133,49,0.6233585107737801,0.08989453031451289,0.9754293929092203,0.00011772013247263817,158,5130371,6.137499999999998,4.403534801724633,0.3334999999999999,0.15173414249930697,150.0,4,1.7799999999999971,"[0.15799999999999986, 0.019999999999999834]",5130371,"[1.5799999999999987, 0.19999999999999835]",0.02418808619181315,3.6282129287719727,13.419999999999998,"[0.5759999999999998, 0.7659999999999998]",5131371,"[5.759999999999998, 7.659999999999998]",0.022066996892293293,3.310049533843994,5.469999999999998,"[0.28899999999999987, 0.2579999999999999]",5132371,"[2.889999999999999, 2.579999999999999]",0.02559774398803711,3.8396615982055664,3.8799999999999977,"[0.31099999999999983, 0.07699999999999985]",5133371,"[3.1099999999999985, 0.7699999999999985]",0.02367500146230062,3.5512502193450928,MinimaxSolutionConcept,3.334999999999998,1.5173414249930697,0.02388195713361104,0.0012623936447824762,3.5822935700416565,0.18935904671737136,COMPLETE
514,7.5699999999999985,2025-06-12 22:32:55.166277,2025-06-12 22:32:58.688244,0 days 00:00:03.521967,46,0.5778449284279588,0.08132093818416272,0.9536335814203076,0.00019365348211899778,144,5140375,7.5699999999999985,4.42478248052941,0.4524999999999999,0.20968726713846983,140.0,4,7.619999999999999,"[0.44299999999999995, 0.3189999999999999]",5140375,"[4.43, 3.189999999999999]",0.022895680155072894,3.205395221710205,6.419999999999998,"[0.43699999999999994, 0.20499999999999985]",5141375,"[4.369999999999999, 2.0499999999999985]",0.020451264722006663,2.8631770610809326,1.9399999999999977,"[0.1689999999999999, 0.02499999999999984]",5142375,"[1.689999999999999, 0.2499999999999984]",0.023830878734588622,3.3363230228424072,14.299999999999997,"[0.761, 0.6689999999999998]",5143375,"[7.61, 6.689999999999998]",0.021323745591299875,2.9853243827819824,MinimaxSolutionConcept,4.5249999999999995,2.0968726713846984,0.022125392300742015,0.0013178930107567714,3.097554922103882,0.1845050215059481,COMPLETE
515,6.7274999999999965,2025-06-12 22:32:58.703540,2025-06-12 22:33:02.440440,0 days 00:00:03.736900,47,0.630903064990419,0.0956086824443123,0.9793269381827197,0.00015892111256718582,151,5150378,6.7274999999999965,1.7714594971378828,0.22449999999999984,0.06822206387965699,150.0,4,5.579999999999997,"[0.17199999999999985, 0.3859999999999999]",5150378,"[1.7199999999999984, 3.859999999999999]",0.023714089393615724,3.5571134090423584,4.489999999999997,"[0.15099999999999986, 0.2979999999999999]",5151378,"[1.5099999999999985, 2.9799999999999986]",0.02368228276570638,3.552342414855957,7.9199999999999955,"[0.25199999999999984, 0.5399999999999999]",5152378,"[2.5199999999999982, 5.3999999999999995]",0.021696853637695312,3.254528045654297,8.919999999999998,"[0.32299999999999984, 0.569]",5153378,"[3.2299999999999986, 5.6899999999999995]",0.020586546262105307,3.087981939315796,MinimaxSolutionConcept,2.2449999999999983,0.68222063879657,0.02241994301478068,0.001337209631713865,3.362991452217102,0.20058144475707979,COMPLETE
516,7.199999999999999,2025-06-12 22:33:04.987010,2025-06-12 22:33:07.348512,0 days 00:00:02.361502,34,0.8753248181276673,0.08561626046472136,0.9884419951822225,0.00011410809108693571,138,5160385,7.199999999999999,1.0820813278122858,0.36049999999999993,0.15865449883315633,130.0,4,6.489999999999998,"[0.14499999999999993, 0.5039999999999999]",5160385,"[1.4499999999999993, 5.039999999999999]",0.016301041383009692,2.1191353797912598,8.669999999999998,"[0.579, 0.2879999999999999]",5161385,"[5.789999999999999, 2.879999999999999]",0.016420578956604003,2.1346752643585205,5.889999999999999,"[0.30199999999999994, 0.2869999999999999]",5162385,"[3.0199999999999996, 2.869999999999999]",0.016763569758488583,2.1792640686035156,7.749999999999998,"[0.4159999999999999, 0.3589999999999999]",5163385,"[4.159999999999999, 3.589999999999999]",0.016126562998845028,2.0964531898498535,MinimaxSolutionConcept,3.6049999999999995,1.586544988331563,0.016402938274236827,0.00023298740867139779,2.1323819756507874,0.03028836312728169,COMPLETE
517,8.012499999999998,2025-06-12 22:33:07.363919,2025-06-12 22:33:11.299550,0 days 00:00:03.935631,49,0.8385963517878465,0.05305187560721714,0.9163134904345908,0.00013865175873388748,174,5170387,8.012499999999998,3.723985600133277,0.43599999999999983,0.17447779228314417,170.0,4,13.2,"[0.7339999999999999, 0.586]",5170387,"[7.339999999999999, 5.859999999999999]",0.01985479943892535,3.3753159046173096,9.259999999999998,"[0.35299999999999987, 0.573]",5171387,"[3.5299999999999985, 5.7299999999999995]",0.020670673426459816,3.514014482498169,6.569999999999998,"[0.28999999999999987, 0.3669999999999998]",5172387,"[2.8999999999999986, 3.669999999999998]",0.02182044562171487,3.7094757556915283,3.019999999999997,"[0.3669999999999998, -0.0650000000000002]",5173387,"[3.669999999999998, -0.6500000000000019]",0.021651061843423282,3.680680513381958,MinimaxSolutionConcept,4.3599999999999985,1.744777922831442,0.020999245082630832,0.0007932450093882245,3.569871664047241,0.1348516515959982,COMPLETE
518,5.627499999999996,2025-06-12 22:33:11.315522,2025-06-12 22:33:15.010731,0 days 00:00:03.695209,48,0.8611638802230506,0.09963606301044362,0.9225420379304807,0.00046243720861863615,161,5180391,5.627499999999996,1.9026478260571493,0.32299999999999984,0.14681791443825917,160.0,4,5.359999999999998,"[0.19999999999999987, 0.3359999999999999]",5180391,"[1.9999999999999987, 3.359999999999999]",0.02085794061422348,3.337270498275757,3.6599999999999966,"[0.20899999999999985, 0.15699999999999986]",5181391,"[2.0899999999999985, 1.5699999999999985]",0.021966800093650818,3.514688014984131,4.7399999999999975,"[0.3189999999999999, 0.15499999999999986]",5182391,"[3.189999999999999, 1.5499999999999985]",0.02026931494474411,3.2430903911590576,8.749999999999995,"[0.5639999999999998, 0.3109999999999998]",5183391,"[5.639999999999999, 3.1099999999999977]",0.020048409700393677,3.2077455520629883,MinimaxSolutionConcept,3.2299999999999986,1.468179144382592,0.020785616338253023,0.0007433819039957551,3.3256986141204834,0.11894110463932078,COMPLETE
519,6.5124999999999975,2025-06-12 22:33:15.026010,2025-06-12 22:33:19.848505,0 days 00:00:04.822495,45,0.6079077888154636,0.08978050450087434,0.9176795167205357,0.0001713591259461696,200,5190395,6.5124999999999975,2.202298515188166,0.4284999999999998,0.1460556400828123,200.0,4,8.169999999999998,"[0.6279999999999999, 0.18899999999999986]",5190395,"[6.279999999999999, 1.8899999999999986]",0.020313379764556886,4.062675952911377,7.939999999999998,"[0.4469999999999999, 0.34699999999999986]",5191395,"[4.469999999999999, 3.469999999999999]",0.021344408988952637,4.268881797790527,7.189999999999998,"[0.4229999999999999, 0.29599999999999993]",5192395,"[4.229999999999999, 2.959999999999999]",0.02122192144393921,4.244384288787842,2.7499999999999973,"[0.21599999999999983, 0.05899999999999983]",5193395,"[2.1599999999999984, 0.5899999999999983]",0.023251627683639527,4.650325536727905,MinimaxSolutionConcept,4.284999999999998,1.460556400828123,0.021532834470272065,0.001069286089122417,4.306566894054413,0.2138572178244834,COMPLETE
520,6.407499999999997,2025-06-12 22:33:19.863661,2025-06-12 22:33:23.924072,0 days 00:00:04.060411,50,0.9849860344827258,0.0792308454323902,0.9246742126099815,0.018118680569674646,184,5200399,6.407499999999997,1.7476323268925877,0.23449999999999988,0.057534772094794975,180.0,4,9.369999999999997,"[0.2569999999999999, 0.6799999999999999]",5200399,"[2.569999999999999, 6.799999999999999]",0.02080467144648234,3.7448408603668213,5.319999999999997,"[0.16399999999999987, 0.3679999999999999]",5201399,"[1.6399999999999988, 3.679999999999999]",0.019809749391343858,3.5657548904418945,5.969999999999997,"[0.31599999999999984, 0.28099999999999986]",5202399,"[3.1599999999999984, 2.8099999999999987]",0.020638545354207356,3.714938163757324,4.969999999999997,"[0.20099999999999985, 0.2959999999999998]",5203399,"[2.0099999999999985, 2.959999999999998]",0.021203523212009006,3.816634178161621,MinimaxSolutionConcept,2.3449999999999984,0.5753477209479498,0.02061412235101064,0.0005077683216928129,3.7105420231819153,0.09139829790470629,COMPLETE
521,7.379999999999999,2025-06-12 22:33:26.442320,2025-06-12 22:33:29.913845,0 days 00:00:03.471525,48,0.8901229946245561,0.07366264548166217,0.9565825045407959,0.0005566792642375761,151,5210406,7.379999999999999,1.622636743082074,0.3234999999999999,0.10181478281664212,150.0,4,4.869999999999997,"[0.1869999999999999, 0.2999999999999999]",5210406,"[1.8699999999999988, 2.9999999999999987]",0.02076546351114909,3.1148195266723633,9.399999999999999,"[0.4739999999999999, 0.4659999999999999]",5211406,"[4.739999999999999, 4.659999999999999]",0.02164623737335205,3.2469356060028076,7.749999999999998,"[0.3099999999999999, 0.46499999999999986]",5212406,"[3.0999999999999988, 4.649999999999999]",0.020191864967346193,3.0287797451019287,7.499999999999998,"[0.32299999999999984, 0.4269999999999999]",5213406,"[3.2299999999999986, 4.269999999999999]",0.020473685264587402,3.0710527896881104,MinimaxSolutionConcept,3.234999999999999,1.0181478281664211,0.020769312779108682,0.0005454019534948595,3.1153969168663025,0.08181029302422907,COMPLETE
522,6.229999999999997,2025-06-12 22:33:29.929790,2025-06-12 22:33:33.658075,0 days 00:00:03.728285,46,0.8510426916411523,0.035036542294912834,0.9482616146726719,0.0015917646258072392,168,5220409,6.229999999999997,2.3672874772616854,0.3644999999999999,0.12022790857367519,160.0,4,6.449999999999998,"[0.3209999999999999, 0.3239999999999999]",5220409,"[3.209999999999999, 3.239999999999999]",0.018151789903640747,2.9042863845825195,5.139999999999998,"[0.4749999999999999, 0.038999999999999826]",5221409,"[4.749999999999999, 0.38999999999999824]",0.022129040956497193,3.540646553039551,9.889999999999995,"[0.4749999999999999, 0.514]",5222409,"[4.749999999999999, 5.140000000000001]",0.018865418434143067,3.0184669494628906,3.4399999999999973,"[0.18699999999999992, 0.15699999999999986]",5223409,"[1.8699999999999992, 1.5699999999999985]",0.02087210416793823,3.339536666870117,MinimaxSolutionConcept,3.644999999999999,1.202279085736752,0.02000458836555481,0.0015808583706052315,3.2007341384887695,0.25293733929683704,COMPLETE
523,5.189999999999998,2025-06-12 22:33:33.673608,2025-06-12 22:33:36.867791,0 days 00:00:03.194183,49,0.6446178882549214,0.18507968310710587,0.9841367782319393,0.034732200982265114,124,5230413,5.189999999999998,2.9413942272330655,0.26174999999999987,0.13895750249626687,120.0,4,0.7899999999999965,"[0.06799999999999981, 0.01099999999999981]",5230413,"[0.6799999999999982, 0.1099999999999981]",0.023897836605707806,2.8677403926849365,4.729999999999997,"[0.21999999999999983, 0.25299999999999984]",5231413,"[2.1999999999999984, 2.5299999999999985]",0.0250862717628479,3.010352611541748,8.889999999999999,"[0.4509999999999999, 0.43799999999999983]",5232413,"[4.509999999999999, 4.379999999999998]",0.02424483895301819,2.9093806743621826,6.349999999999998,"[0.30799999999999994, 0.32699999999999985]",5233413,"[3.079999999999999, 3.2699999999999987]",0.022962226470311483,2.755467176437378,MinimaxSolutionConcept,2.617499999999999,1.3895750249626684,0.024047793447971345,0.0007612829400188925,2.8857352137565613,0.09135395280226713,COMPLETE
524,5.692499999999997,2025-06-12 22:33:36.883382,2025-06-12 22:33:39.977008,0 days 00:00:03.093626,47,0.9020878708175568,0.04483188712259526,0.9927140414775575,0.058774622236230666,135,5240416,5.692499999999997,1.3913190683664187,0.3682499999999999,0.175866959659852,130.0,4,5.5799999999999965,"[0.38999999999999996, 0.16799999999999984]",5240416,"[3.8999999999999995, 1.6799999999999984]",0.020897791935847357,2.7167129516601562,6.679999999999996,"[0.518, 0.14999999999999986]",5241416,"[5.18, 1.4999999999999987]",0.02166763635782095,2.8167927265167236,3.4699999999999975,"[0.07499999999999987, 0.2719999999999999]",5242416,"[0.7499999999999987, 2.719999999999999]",0.02245305134699895,2.9188966751098633,7.039999999999997,"[0.4899999999999999, 0.21399999999999988]",5243416,"[4.899999999999999, 2.139999999999999]",0.021060595145592324,2.737877368927002,MinimaxSolutionConcept,3.6824999999999988,1.75866959659852,0.021519768696564898,0.0006104459008855717,2.7975699305534363,0.0793579671151244,COMPLETE
525,5.494999999999998,2025-06-12 22:33:39.992387,2025-06-12 22:33:42.055256,0 days 00:00:02.062869,23,0.8764790692783797,0.09470165969144474,0.9086442069750792,0.00011558722555587202,158,5250420,5.494999999999998,0.34091787867461587,0.31149999999999994,0.03320015060206809,150.0,4,4.959999999999998,"[0.2579999999999999, 0.2379999999999999]",5250420,"[2.579999999999999, 2.379999999999999]",0.011815584500630697,1.7723376750946045,5.849999999999998,"[0.32199999999999995, 0.2629999999999999]",5251420,"[3.2199999999999998, 2.629999999999999]",0.011998236974080404,1.7997355461120605,5.449999999999998,"[0.317, 0.22799999999999998]",5252420,"[3.17, 2.28]",0.012557158470153809,1.8835737705230713,5.72,"[0.349, 0.223]",5253420,"[3.4899999999999998, 2.23]",0.011817175547281901,1.7725763320922852,MinimaxSolutionConcept,3.1149999999999998,0.3320015060206808,0.012047038873036703,0.0003037317499610369,1.8070558309555054,0.04555976249415554,COMPLETE
526,7.169999999999998,2025-06-12 22:33:44.582951,2025-06-12 22:33:48.329236,0 days 00:00:03.746285,50,0.6651464471988618,0.08687987602326919,0.9806534465052255,0.00010098769125464387,146,5260424,7.169999999999998,2.286405475850686,0.38274999999999987,0.17033404680215877,140.0,4,9.379999999999999,"[0.61, 0.32799999999999985]",5260424,"[6.1, 3.2799999999999985]",0.02318833214896066,3.246366500854492,9.349999999999998,"[0.46399999999999986, 0.4709999999999999]",5261424,"[4.639999999999999, 4.709999999999999]",0.023449860300336564,3.282980442047119,4.069999999999997,"[0.15699999999999986, 0.24999999999999986]",5262424,"[1.5699999999999985, 2.4999999999999987]",0.02527542795453753,3.538559913635254,5.879999999999997,"[0.2999999999999999, 0.2879999999999999]",5263424,"[2.9999999999999987, 2.879999999999999]",0.02343651226588658,3.281111717224121,MinimaxSolutionConcept,3.827499999999999,1.7033404680215878,0.023837533167430335,0.0008366766694081676,3.3372546434402466,0.11713473371714343,COMPLETE
527,7.984999999999998,2025-06-12 22:33:48.344905,2025-06-12 22:33:52.431288,0 days 00:00:04.086383,45,0.8655145422111965,0.04057426668324955,0.987299701345821,0.0001368668645869726,191,5270428,7.984999999999998,2.337589570476392,0.3287499999999999,0.2176320001746067,190.0,4,11.829999999999998,"[0.615, 0.568]",5270428,"[6.15, 5.68]",0.020555483667474044,3.9055418968200684,7.759999999999998,"[0.45599999999999985, 0.3199999999999999]",5271428,"[4.559999999999999, 3.199999999999999]",0.02052209502772281,3.899198055267334,5.689999999999997,"[0.06799999999999987, 0.5009999999999999]",5272428,"[0.6799999999999986, 5.009999999999999]",0.020387373472514906,3.873600959777832,6.659999999999997,"[0.17599999999999988, 0.4899999999999999]",5273428,"[1.759999999999999, 4.899999999999999]",0.020005882413763748,3.8011176586151123,MinimaxSolutionConcept,3.2874999999999988,2.176320001746067,0.020367708645368878,0.0002181739794792121,3.8698646426200867,0.041453056101050205,COMPLETE
528,8.612499999999997,2025-06-12 22:33:52.447134,2025-06-12 22:33:56.425788,0 days 00:00:03.978654,41,0.593409100517782,0.11476543573923333,0.9765672060500776,0.0001966469496341636,180,5280432,8.612499999999997,1.6046085971351396,0.43574999999999986,0.10343445992511394,180.0,4,6.069999999999998,"[0.35299999999999987, 0.2539999999999999]",5280432,"[3.5299999999999985, 2.539999999999999]",0.019428457154168022,3.497122287750244,10.259999999999998,"[0.4049999999999999, 0.621]",5281432,"[4.049999999999999, 6.21]",0.019006246990627713,3.4211244583129883,8.459999999999999,"[0.6119999999999999, 0.2339999999999999]",5282432,"[6.119999999999999, 2.339999999999999]",0.02106686035792033,3.792034864425659,9.659999999999998,"[0.3729999999999999, 0.593]",5283432,"[3.7299999999999986, 5.93]",0.019274715582529703,3.4694488048553467,MinimaxSolutionConcept,4.357499999999998,1.0343445992511395,0.01969407002131144,0.0008068553417967477,3.5449326038360596,0.14523396152341456,COMPLETE
529,8.202499999999999,2025-06-12 22:33:56.441047,2025-06-12 22:34:00.495889,0 days 00:00:04.054842,48,0.616354966847537,0.09167628600575467,0.974108470546445,0.00021930117186612258,168,5290436,8.202499999999999,3.227765287315669,0.4687499999999999,0.1939708418809384,160.0,4,12.349999999999998,"[0.694, 0.5409999999999999]",5290436,"[6.9399999999999995, 5.409999999999999]",0.023739638924598693,3.798342227935791,10.229999999999999,"[0.45699999999999996, 0.5659999999999998]",5291436,"[4.569999999999999, 5.659999999999998]",0.02240186035633087,3.5842976570129395,5.919999999999997,"[0.5579999999999999, 0.03399999999999982]",5292436,"[5.579999999999999, 0.3399999999999982]",0.023089103400707245,3.694256544113159,4.309999999999997,"[0.16599999999999987, 0.26499999999999985]",5293436,"[1.6599999999999988, 2.6499999999999986]",0.024215303361415863,3.874448537826538,MinimaxSolutionConcept,4.687499999999999,1.939708418809384,0.023361476510763167,0.0006832051992378238,3.737836241722107,0.10931283187805176,COMPLETE
530,6.564999999999997,2025-06-12 22:34:00.511038,2025-06-12 22:34:04.023482,0 days 00:00:03.512444,49,0.6340197041292918,0.08220395583490256,0.913629050180354,0.09934821040980214,131,5300440,6.564999999999997,2.6278651030827285,0.3009999999999999,0.16811454428454428,130.0,4,9.439999999999996,"[0.4679999999999998, 0.4759999999999998]",5300440,"[4.679999999999998, 4.759999999999998]",0.022330203423133264,2.902926445007324,7.299999999999997,"[0.25699999999999984, 0.473]",5301440,"[2.5699999999999985, 4.7299999999999995]",0.02394531323359563,3.1128907203674316,7.239999999999997,"[0.4339999999999999, 0.28999999999999976]",5302440,"[4.339999999999999, 2.8999999999999977]",0.023923578629126915,3.110065221786499,2.2799999999999967,"[0.04499999999999983, 0.18299999999999988]",5303440,"[0.4499999999999983, 1.8299999999999987]",0.025604416773869442,3.3285741806030273,MinimaxSolutionConcept,3.0099999999999985,1.6811454428454429,0.023950878014931315,0.00115775135316991,3.1136141419410706,0.1505076759120883,COMPLETE
531,8.122499999999997,2025-06-12 22:34:06.616815,2025-06-12 22:34:10.390778,0 days 00:00:03.773963,44,0.8823962486656056,0.10049737265459575,0.9788027311117143,0.0006996652865263527,174,5310446,8.122499999999997,1.962630568904907,0.3635,0.24026495791105287,170.0,4,7.539999999999997,"[0.44299999999999995, 0.31099999999999983]",5310446,"[4.43, 3.1099999999999985]",0.02018715213326847,3.4318158626556396,9.959999999999997,"[0.706, 0.28999999999999987]",5311446,"[7.06, 2.8999999999999986]",0.019667142980238972,3.343414306640625,5.1599999999999975,"[0.05699999999999986, 0.4589999999999998]",5312446,"[0.5699999999999986, 4.589999999999998]",0.020844445509069106,3.543555736541748,9.829999999999997,"[0.24799999999999991, 0.735]",5313446,"[2.479999999999999, 7.35]",0.020364545373355643,3.461972713470459,MinimaxSolutionConcept,3.634999999999999,2.402649579110529,0.020265821498983046,0.000421057296079388,3.445189654827118,0.07157974033349604,COMPLETE
532,7.527499999999997,2025-06-12 22:34:10.406256,2025-06-12 22:34:14.200203,0 days 00:00:03.793947,46,0.6548270816891574,0.09693935846158173,0.9811131285986322,0.06726232520524608,155,5320450,7.527499999999997,1.9716284513061784,0.3192499999999999,0.15426661174732534,150.0,4,6.949999999999997,"[0.20899999999999985, 0.48599999999999993]",5320450,"[2.0899999999999985, 4.859999999999999]",0.022596460978190104,3.3894691467285156,6.259999999999998,"[0.4129999999999999, 0.2129999999999999]",5321450,"[4.129999999999999, 2.129999999999999]",0.02324703852335612,3.487055778503418,6.009999999999997,"[0.13499999999999987, 0.4659999999999999]",5322450,"[1.3499999999999988, 4.659999999999999]",0.02399056593577067,3.5985848903656006,10.889999999999997,"[0.52, 0.5689999999999998]",5323450,"[5.2, 5.689999999999999]",0.023519226710001628,3.527884006500244,MinimaxSolutionConcept,3.192499999999999,1.5426661174732534,0.02333832303682963,0.0005041922040836969,3.5007484555244446,0.0756288306125545,COMPLETE
533,4.847499999999999,2025-06-12 22:34:14.215804,2025-06-12 22:34:16.169788,0 days 00:00:01.953984,30,0.9897256677018977,0.12936805243100657,0.9897263462943405,0.009133227332633043,114,5330454,4.847499999999999,2.5877825932639706,0.26399999999999996,0.10245730818248154,110.0,4,2.1999999999999993,"[0.16499999999999995, 0.05499999999999994]",5330454,"[1.6499999999999995, 0.5499999999999994]",0.01539047197862105,1.6929519176483154,2.629999999999999,"[0.188, 0.07499999999999996]",5331454,"[1.88, 0.7499999999999996]",0.0161234205419367,1.773576259613037,6.049999999999999,"[0.27699999999999997, 0.32799999999999996]",5332454,"[2.7699999999999996, 3.2799999999999994]",0.015720430287447844,1.7292473316192627,8.51,"[0.426, 0.425]",5333454,"[4.26, 4.25]",0.01509868014942516,1.6608548164367676,MinimaxSolutionConcept,2.6399999999999997,1.0245730818248155,0.01558325073935769,0.0003816326608307983,1.7141575813293457,0.041979592691387846,COMPLETE
534,8.322499999999998,2025-06-12 22:34:16.185312,2025-06-12 22:34:19.771458,0 days 00:00:03.586146,47,0.6259432440272522,0.05028829478418662,0.9847132030498849,0.00013168308862924875,143,5340456,8.322499999999998,2.6098407518467495,0.35824999999999985,0.18374081609702295,140.0,4,8.769999999999998,"[0.15299999999999986, 0.724]",5340456,"[1.5299999999999985, 7.24]",0.02413149050303868,3.378408670425415,12.32,"[0.591, 0.6409999999999998]",5341456,"[5.91, 6.409999999999998]",0.020123916012900218,2.8173482418060303,5.329999999999997,"[0.20599999999999988, 0.3269999999999999]",5342456,"[2.0599999999999987, 3.269999999999999]",0.021755283219473703,3.0457396507263184,6.869999999999997,"[0.4829999999999998, 0.20399999999999982]",5343456,"[4.829999999999998, 2.0399999999999983]",0.02384073223386492,3.337702512741089,MinimaxSolutionConcept,3.5824999999999987,1.8374081609702295,0.02246285549231938,0.0016320373405329862,3.144799768924713,0.22848522767461815,COMPLETE
535,7.6149999999999975,2025-06-12 22:34:19.788251,2025-06-12 22:34:23.572624,0 days 00:00:03.784373,48,0.8731297212382654,0.03161497901106404,0.9202464869928046,0.0001475113818196418,163,5350459,7.6149999999999975,1.0577925127358383,0.3784999999999999,0.13265085751701722,160.0,4,7.929999999999998,"[0.33299999999999985, 0.45999999999999985]",5350459,"[3.3299999999999983, 4.599999999999999]",0.019316893815994263,3.090703010559082,7.779999999999998,"[0.5319999999999999, 0.24599999999999986]",5351459,"[5.319999999999999, 2.4599999999999986]",0.022362318634986878,3.5779709815979004,8.829999999999997,"[0.46399999999999986, 0.41899999999999976]",5352459,"[4.639999999999999, 4.189999999999998]",0.02077122628688812,3.3233962059020996,5.919999999999998,"[0.1849999999999999, 0.40699999999999986]",5353459,"[1.8499999999999988, 4.0699999999999985]",0.02203547954559326,3.525676727294922,MinimaxSolutionConcept,3.7849999999999993,1.3265085751701724,0.02112147957086563,0.001199404502917291,3.379436731338501,0.19190472046676657,COMPLETE
536,7.107499999999998,2025-06-12 22:34:26.151961,2025-06-12 22:34:30.034001,0 days 00:00:03.882040,50,0.8490463957397856,0.08536282497086067,0.910577251051098,0.00010014378949026802,151,5360466,7.107499999999998,2.6625586847992673,0.3852499999999999,0.21103835551861186,150.0,4,9.809999999999999,"[0.575, 0.40599999999999986]",5360466,"[5.75, 4.059999999999999]",0.020918003718058267,3.1377005577087402,7.779999999999996,"[0.5069999999999999, 0.2709999999999999]",5361466,"[5.0699999999999985, 2.709999999999999]",0.024527082443237303,3.6790623664855957,8.149999999999999,"[0.42799999999999994, 0.3869999999999999]",5362466,"[4.279999999999999, 3.869999999999999]",0.022117288907368977,3.3175933361053467,2.689999999999997,"[0.030999999999999868, 0.23799999999999985]",5363466,"[0.30999999999999867, 2.3799999999999986]",0.02183236281077067,3.2748544216156006,MinimaxSolutionConcept,3.852499999999999,2.1103835551861185,0.022348684469858805,0.0013334538899016728,3.352302670478821,0.20001808348525094,COMPLETE
537,5.909999999999998,2025-06-12 22:34:30.049638,2025-06-12 22:34:34.242839,0 days 00:00:04.193201,42,0.6393560558431995,0.09259778252520545,0.9778835910873632,0.00011817766646678498,189,5370470,5.909999999999998,2.0365289096892294,0.2149999999999999,0.08704309277593485,180.0,4,5.679999999999998,"[0.2129999999999999, 0.3549999999999999]",5370470,"[2.129999999999999, 3.5499999999999994]",0.02097774479124281,3.775994062423706,8.329999999999998,"[0.22099999999999986, 0.612]",5371470,"[2.2099999999999986, 6.12]",0.022012941042582192,3.962329387664795,2.7799999999999976,"[0.08999999999999989, 0.1879999999999999]",5372470,"[0.8999999999999988, 1.879999999999999]",0.020668232440948488,3.7202818393707275,6.85,"[0.3359999999999999, 0.3489999999999999]",5373470,"[3.359999999999999, 3.4899999999999993]",0.020765064822302923,3.7377116680145264,MinimaxSolutionConcept,2.149999999999999,0.8704309277593485,0.021105995774269103,0.0005354597754199781,3.7990792393684387,0.09638275957559621,COMPLETE
538,8.019999999999998,2025-06-12 22:34:34.262110,2025-06-12 22:34:39.014762,0 days 00:00:04.752652,45,0.5835396779627784,0.06126109820460746,0.9150286395156548,0.00017858697731052849,177,5380474,8.019999999999998,2.313298510784979,0.4517499999999999,0.2205814758768288,170.0,4,5.329999999999997,"[0.3179999999999999, 0.21499999999999986]",5380474,"[3.179999999999999, 2.1499999999999986]",0.025283594692454617,4.298211097717285,9.479999999999997,"[0.5269999999999999, 0.4209999999999998]",5381474,"[5.27, 4.209999999999998]",0.0242251059588264,4.118268013000488,11.009999999999998,"[0.7719999999999999, 0.32899999999999985]",5382474,"[7.719999999999999, 3.2899999999999983]",0.024515310455771055,4.167602777481079,6.259999999999998,"[0.18999999999999986, 0.43599999999999994]",5383474,"[1.8999999999999986, 4.359999999999999]",0.02675946600296918,4.549109220504761,MinimaxSolutionConcept,4.517499999999999,2.2058147587682884,0.025195869277505313,0.0009820987983703792,4.283297777175903,0.16695679572296454,COMPLETE
539,5.237499999999998,2025-06-12 22:34:39.030461,2025-06-12 22:34:42.005919,0 days 00:00:02.975458,44,0.8939425894505663,0.0771540268804729,0.9750791846283908,0.04873255249553118,136,5390479,5.237499999999998,1.341759572352663,0.3039999999999998,0.1827963347553774,130.0,4,7.2799999999999985,"[0.37599999999999983, 0.352]",5390479,"[3.7599999999999985, 3.5199999999999996]",0.02139288095327524,2.7810745239257812,5.529999999999998,"[0.22099999999999986, 0.3319999999999999]",5391479,"[2.2099999999999986, 3.319999999999999]",0.02104771320636456,2.7362027168273926,3.7399999999999975,"[0.06299999999999986, 0.3109999999999999]",5392479,"[0.6299999999999986, 3.109999999999999]",0.020090572650615986,2.611774444580078,4.399999999999998,"[0.5559999999999998, -0.11600000000000019]",5393479,"[5.559999999999999, -1.160000000000002]",0.020880856880774866,2.7145113945007324,MinimaxSolutionConcept,3.0399999999999987,1.8279633475537742,0.020853005922757663,0.0004773510619023152,2.710890769958496,0.062055638047300986,COMPLETE
540,8.867499999999996,2025-06-12 22:34:42.022948,2025-06-12 22:34:45.766359,0 days 00:00:03.743411,49,0.8675294936090145,0.1033457969472423,0.9182713686134101,0.00015130445691974428,162,5400482,8.867499999999996,2.4980229682691073,0.4637499999999999,0.18368638354543326,160.0,4,7.289999999999996,"[0.32699999999999985, 0.4019999999999998]",5400482,"[3.2699999999999987, 4.019999999999998]",0.020089882612228393,3.214381217956543,12.889999999999997,"[0.7759999999999999, 0.5129999999999999]",5401482,"[7.759999999999999, 5.129999999999999]",0.022184625267982483,3.5495400428771973,6.359999999999996,"[0.33499999999999985, 0.3009999999999998]",5402482,"[3.3499999999999988, 3.009999999999998]",0.021625708043575286,3.460113286972046,8.929999999999996,"[0.4169999999999998, 0.47599999999999987]",5403482,"[4.169999999999998, 4.759999999999999]",0.022036418318748474,3.525826930999756,MinimaxSolutionConcept,4.637499999999998,1.8368638354543323,0.02148415856063366,0.0008306151523057449,3.4374653697013855,0.13289842436891916,COMPLETE
541,6.569999999999998,2025-06-12 22:34:48.751610,2025-06-12 22:34:54.359288,0 days 00:00:05.607678,48,0.6023080534963542,0.037052065721991795,0.9826005463247443,0.03867306947307277,200,5410488,6.569999999999998,1.3850992744204291,0.3369999999999999,0.1907157570836768,200.0,4,4.8599999999999985,"[0.16999999999999987, 0.3159999999999999]",5410488,"[1.6999999999999988, 3.159999999999999]",0.027056006193161012,5.411201238632202,7.5799999999999965,"[0.5229999999999999, 0.23499999999999982]",5411488,"[5.229999999999999, 2.3499999999999983]",0.02589816689491272,5.179633378982544,5.599999999999998,"[0.12399999999999985, 0.43599999999999994]",5412488,"[1.2399999999999984, 4.359999999999999]",0.02669363617897034,5.338727235794067,8.239999999999998,"[0.5309999999999999, 0.293]",5413488,"[5.309999999999999, 2.9299999999999997]",0.025205198526382446,5.041039705276489,MinimaxSolutionConcept,3.3699999999999988,1.9071575708367676,0.02621325194835663,0.0007170170881185019,5.242650389671326,0.14340341762370026,COMPLETE
542,8.264999999999997,2025-06-12 22:34:54.374559,2025-06-12 22:34:58.867524,0 days 00:00:04.492965,46,0.6143619656510317,0.02236587243596721,0.9866462913079481,0.00013234331179224978,171,5420494,8.264999999999997,2.0950954632187995,0.4687499999999999,0.06856885225815,170.0,4,7.139999999999999,"[0.3599999999999999, 0.35399999999999987]",5420494,"[3.5999999999999988, 3.5399999999999987]",0.023882122600779813,4.059960842132568,6.579999999999998,"[0.47199999999999986, 0.1859999999999999]",5421494,"[4.719999999999999, 1.859999999999999]",0.023946080488317152,4.070833683013916,11.849999999999996,"[0.49499999999999994, 0.6899999999999998]",5422494,"[4.949999999999999, 6.899999999999999]",0.025258138600517722,4.293883562088013,7.489999999999998,"[0.5479999999999999, 0.20099999999999985]",5423494,"[5.4799999999999995, 2.0099999999999985]",0.02405225950128892,4.088884115219116,MinimaxSolutionConcept,4.687499999999999,0.6856885225815001,0.0242846502977259,0.0005653191621979818,4.128390550613403,0.09610425757365687,COMPLETE
543,8.474999999999998,2025-06-12 22:34:58.883178,2025-06-12 22:35:01.620226,0 days 00:00:02.737048,47,0.6730054180994152,0.08904275928399415,0.9797759255737534,0.03171730352222174,101,5430498,8.474999999999998,1.403575790614814,0.3517499999999999,0.24478906736208633,100.0,4,6.539999999999997,"[0.05899999999999985, 0.595]",5430498,"[0.5899999999999985, 5.949999999999999]",0.02557391881942749,2.557391881942749,9.349999999999998,"[0.46599999999999986, 0.46899999999999986]",5431498,"[4.659999999999998, 4.689999999999999]",0.024720070362091066,2.4720070362091064,10.189999999999998,"[0.6910000000000001, 0.32799999999999985]",5432498,"[6.91, 3.2799999999999985]",0.025192224979400636,2.5192224979400635,7.819999999999998,"[0.1909999999999998, 0.591]",5433498,"[1.9099999999999981, 5.91]",0.022676565647125245,2.2676565647125244,MinimaxSolutionConcept,3.5174999999999987,2.447890673620863,0.02454069495201111,0.0011179441555668897,2.454069495201111,0.11179441555668904,COMPLETE
544,9.672499999999998,2025-06-12 22:35:01.635534,2025-06-12 22:35:04.898939,0 days 00:00:03.263405,43,0.8574813794455672,0.08342468574617513,0.9764083997631477,0.00011640670000998572,148,5440501,9.672499999999998,3.0398632781755173,0.5155,0.08922583706528059,140.0,4,12.66,"[0.6689999999999999, 0.597]",5440501,"[6.6899999999999995, 5.97]",0.020603673798697337,2.884514331817627,12.359999999999998,"[0.45099999999999996, 0.7849999999999999]",5441501,"[4.51, 7.85]",0.020020294189453124,2.8028411865234375,5.299999999999998,"[0.4619999999999999, 0.06799999999999987]",5442501,"[4.619999999999999, 0.6799999999999986]",0.020919178213391985,2.928684949874878,8.37,"[0.47999999999999987, 0.3569999999999999]",5443501,"[4.799999999999999, 3.5699999999999985]",0.021683221203940256,3.0356509685516357,MinimaxSolutionConcept,5.154999999999999,0.8922583706528059,0.020806591851370675,0.0006001238330414614,2.9129228591918945,0.08401733662580453,COMPLETE
545,8.2175,2025-06-12 22:35:04.916464,2025-06-12 22:35:08.474618,0 days 00:00:03.558154,42,0.8357365886285691,0.080164494771056,0.9770390375149519,0.001124127635838077,157,5450504,8.2175,3.414757495049978,0.3667499999999999,0.17608431929050355,150.0,4,4.449999999999998,"[0.21299999999999994, 0.23199999999999993]",5450504,"[2.1299999999999994, 2.3199999999999994]",0.021297450065612792,3.194617509841919,11.0,"[0.58, 0.5199999999999999]",5451504,"[5.8, 5.199999999999999]",0.019113771120707192,2.867065668106079,12.189999999999998,"[0.4999999999999999, 0.719]",5452504,"[4.999999999999999, 7.1899999999999995]",0.02139400800069173,3.2091012001037598,5.229999999999998,"[0.17399999999999988, 0.34899999999999987]",5453504,"[1.7399999999999989, 3.4899999999999984]",0.022347750663757323,3.3521625995635986,MinimaxSolutionConcept,3.6674999999999995,1.7608431929050357,0.02103824496269226,0.0011844998284290004,3.155736744403839,0.17767497426435003,COMPLETE
546,7.362499999999998,2025-06-12 22:35:11.416628,2025-06-12 22:35:15.002739,0 days 00:00:03.586111,44,0.7861518299494787,0.08208653520151862,0.9744749616289471,0.00011108717310260507,166,5460511,7.362499999999998,1.761567129007578,0.3164999999999999,0.15290765186870148,160.0,4,8.02,"[0.4419999999999999, 0.35999999999999993]",5460511,"[4.419999999999999, 3.599999999999999]",0.020636105537414552,3.301776885986328,4.339999999999997,"[0.05599999999999985, 0.3779999999999999]",5461511,"[0.5599999999999985, 3.779999999999999]",0.02095944881439209,3.3535118103027344,8.699999999999998,"[0.4039999999999999, 0.46599999999999986]",5462511,"[4.039999999999999, 4.659999999999998]",0.021167939901351927,3.3868703842163086,8.389999999999997,"[0.3639999999999998, 0.4749999999999999]",5463511,"[3.6399999999999983, 4.749999999999999]",0.01938158869743347,3.1010541915893555,MinimaxSolutionConcept,3.1649999999999987,1.5290765186870148,0.020536270737648014,0.0006930626267246096,3.2858033180236816,0.11089002027593749,COMPLETE
547,6.5699999999999985,2025-06-12 22:35:15.020400,2025-06-12 22:35:19.090927,0 days 00:00:04.070527,42,0.8466822393852862,0.0755807240625932,0.9753628458447542,0.00012221937832276297,185,5470515,6.5699999999999985,3.3633391146299845,0.25549999999999984,0.25295602384604327,180.0,4,2.9799999999999978,"[0.07699999999999987, 0.22099999999999992]",5470515,"[0.7699999999999987, 2.209999999999999]",0.0215715487798055,3.8828787803649902,9.129999999999999,"[0.5969999999999999, 0.31599999999999995]",5471515,"[5.969999999999999, 3.1599999999999993]",0.01945754024717543,3.502357244491577,3.5299999999999967,"[-0.04300000000000014, 0.3959999999999999]",5472515,"[-0.43000000000000144, 3.959999999999999]",0.02129934893714057,3.8338828086853027,10.64,"[0.3909999999999999, 0.6729999999999999]",5473515,"[3.9099999999999993, 6.7299999999999995]",0.01778985791736179,3.202174425125122,MinimaxSolutionConcept,2.554999999999999,2.5295602384604328,0.02002957397037082,0.0015275442184880742,3.605323314666748,0.2749579593278535,COMPLETE
548,7.757499999999997,2025-06-12 22:35:19.106473,2025-06-12 22:35:22.135233,0 days 00:00:03.028760,43,0.8620159727372257,0.06859242783284009,0.9730210351056746,0.002434814589793631,149,5480519,7.757499999999997,3.756470251446163,0.3477499999999999,0.2186462611159862,140.0,4,6.709999999999997,"[0.3419999999999999, 0.32899999999999985]",5480519,"[3.419999999999999, 3.2899999999999983]",0.020239479201180594,2.833527088165283,14.149999999999997,"[0.7, 0.7149999999999999]",5481519,"[7.0, 7.149999999999999]",0.01856149775641305,2.598609685897827,4.769999999999997,"[0.2339999999999999, 0.24299999999999983]",5482519,"[2.339999999999999, 2.4299999999999984]",0.019662788936070034,2.7527904510498047,5.399999999999998,"[0.11499999999999988, 0.42499999999999993]",5483519,"[1.1499999999999988, 4.249999999999999]",0.019114220142364503,2.6759908199310303,MinimaxSolutionConcept,3.477499999999999,2.186462611159862,0.019394496509007045,0.0006241831341869357,2.7152295112609863,0.08738563878617096,COMPLETE
549,7.6949999999999985,2025-06-12 22:35:22.150566,2025-06-12 22:35:26.064230,0 days 00:00:03.913664,43,0.8584798230730778,0.07207341559935562,0.9783600704888711,0.027099212106142575,181,5490522,7.6949999999999985,2.77825934714526,0.3912499999999999,0.15900216193498756,180.0,4,7.519999999999999,"[0.3769999999999999, 0.3749999999999999]",5490522,"[3.7699999999999987, 3.749999999999999]",0.019280281331804063,3.4704506397247314,6.589999999999999,"[0.1979999999999999, 0.46099999999999997]",5491522,"[1.979999999999999, 4.609999999999999]",0.019895391994052464,3.5811705589294434,12.13,"[0.6399999999999999, 0.573]",5492522,"[6.399999999999999, 5.7299999999999995]",0.019672077231936983,3.5409739017486572,4.539999999999997,"[0.34999999999999987, 0.10399999999999987]",5493522,"[3.4999999999999987, 1.0399999999999987]",0.020517807536655,3.6932053565979004,MinimaxSolutionConcept,3.9124999999999988,1.5900216193498753,0.019841389523612127,0.00044832093699963775,3.571450114250183,0.08069776865993485,COMPLETE
550,6.767499999999998,2025-06-12 22:35:26.079929,2025-06-12 22:35:29.735670,0 days 00:00:03.655741,43,0.6301806925486894,0.08255987114977743,0.9770270983780281,0.0001002953879197947,161,5500526,6.767499999999998,0.8486570273084414,0.3024999999999999,0.04188973621306295,160.0,4,6.909999999999999,"[0.34299999999999986, 0.34799999999999986]",5500526,"[3.429999999999999, 3.4799999999999986]",0.01879163980484009,3.006662368774414,6.289999999999997,"[0.3089999999999999, 0.31999999999999984]",5501526,"[3.089999999999999, 3.1999999999999984]",0.01966162919998169,3.1458606719970703,8.069999999999999,"[0.32499999999999984, 0.48199999999999993]",5502526,"[3.2499999999999982, 4.819999999999999]",0.020957255363464357,3.353160858154297,5.799999999999998,"[0.23299999999999993, 0.3469999999999998]",5503526,"[2.329999999999999, 3.469999999999998]",0.021554839611053467,3.4487743377685547,MinimaxSolutionConcept,3.0249999999999986,0.4188973621306296,0.020241340994834902,0.0010811465330128134,3.238614559173584,0.17298344528205017,COMPLETE
551,9.174999999999999,2025-06-12 22:35:32.398263,2025-06-12 22:35:39.969559,0 days 00:00:07.571296,44,0.976051596307167,0.027063351145960847,0.9812967015703987,0.00016366399280392765,397,5510532,9.174999999999999,2.136182342404319,0.41924999999999996,0.16230738584549995,390.0,4,12.42,"[0.6479999999999999, 0.5939999999999999]",5510532,"[6.479999999999999, 5.939999999999999]",0.016945284452193822,6.608660936355591,9.739999999999998,"[0.49399999999999994, 0.47999999999999987]",5511532,"[4.9399999999999995, 4.799999999999999]",0.018807881306379268,7.335073709487915,6.999999999999998,"[0.29399999999999993, 0.40599999999999986]",5512532,"[2.9399999999999995, 4.059999999999999]",0.018909717828799518,7.3747899532318115,7.539999999999998,"[0.24099999999999994, 0.5129999999999999]",5513532,"[2.4099999999999993, 5.129999999999999]",0.017187075737195138,6.7029595375061035,MinimaxSolutionConcept,4.192499999999999,1.6230738584549993,0.017962489831141935,0.0009010967520198171,7.005371034145355,0.35142773328772864,COMPLETE
552,8.309999999999999,2025-06-12 22:35:39.985129,2025-06-12 22:35:47.551997,0 days 00:00:07.566868,41,0.6463987186816921,0.08675563131456433,0.9790907334118139,0.00012248630015290215,368,5520540,8.309999999999999,2.7030815747957,0.4554999999999999,0.202546908147224,360.0,4,9.879999999999999,"[0.5279999999999999, 0.45999999999999996]",5520540,"[5.279999999999999, 4.6]",0.019060550795661078,6.861798286437988,5.889999999999999,"[0.21899999999999986, 0.3699999999999999]",5521540,"[2.1899999999999986, 3.699999999999999]",0.019915646976894803,7.169632911682129,5.529999999999998,"[0.3259999999999999, 0.22699999999999992]",5522540,"[3.259999999999999, 2.269999999999999]",0.02045956055323283,7.365441799163818,11.939999999999998,"[0.7489999999999999, 0.44499999999999984]",5523540,"[7.489999999999998, 4.449999999999998]",0.019854011138280232,7.147444009780884,MinimaxSolutionConcept,4.554999999999999,2.0254690814722403,0.019822442366017236,0.0004990195477963985,7.136079251766205,0.17964703720670328,COMPLETE
553,6.842499999999998,2025-06-12 22:35:47.568294,2025-06-12 22:35:51.412152,0 days 00:00:03.843858,45,0.8519177768526945,0.04228724932002413,0.9761405041611493,0.0001487842294801294,170,5530547,6.842499999999998,2.845095560785262,0.3822499999999999,0.15459200335075554,170.0,4,4.009999999999997,"[0.43699999999999983, -0.03600000000000016]",5530547,"[4.369999999999998, -0.36000000000000154]",0.021456116788527546,3.6475398540496826,8.429999999999998,"[0.2469999999999999, 0.596]",5531547,"[2.469999999999999, 5.96]",0.021076548800748936,3.5830132961273193,10.709999999999999,"[0.611, 0.45999999999999985]",5532547,"[6.109999999999999, 4.599999999999999]",0.020444369316101073,3.4755427837371826,4.219999999999997,"[0.2339999999999999, 0.1879999999999999]",5533547,"[2.339999999999999, 1.879999999999999]",0.020149776514838725,3.425462007522583,MinimaxSolutionConcept,3.822499999999999,1.5459200335075551,0.020781702855054072,0.0005135399452127311,3.532889485359192,0.08730179068616428,COMPLETE
554,9.627499999999998,2025-06-12 22:35:51.428547,2025-06-12 22:35:54.310599,0 days 00:00:02.882052,43,0.6202165468150946,0.07817727257118805,0.9737822322298709,0.00011718559369123831,127,5540551,9.627499999999998,1.6210702483236195,0.412,0.14830711378757264,120.0,4,7.959999999999998,"[0.35299999999999987, 0.44299999999999995]",5540551,"[3.5299999999999985, 4.43]",0.02200112541516622,2.6401350498199463,12.309999999999999,"[0.5050000000000001, 0.726]",5541551,"[5.050000000000001, 7.26]",0.019878987471262613,2.3854784965515137,9.219999999999997,"[0.589, 0.33299999999999985]",5542551,"[5.89, 3.3299999999999983]",0.022527915239334107,2.7033498287200928,9.019999999999998,"[0.2009999999999999, 0.701]",5543551,"[2.009999999999999, 7.01]",0.02063806454340617,2.4765677452087402,MinimaxSolutionConcept,4.119999999999999,1.4830711378757264,0.021261523167292275,0.0010548537779811924,2.5513827800750732,0.12658245335774299,COMPLETE
555,7.107499999999998,2025-06-12 22:35:54.326817,2025-06-12 22:35:57.652950,0 days 00:00:03.326133,42,0.6863491121358277,0.0564436527496375,0.912863789794724,0.00017829381555980767,142,5550554,7.107499999999998,0.934408235194875,0.39174999999999993,0.11103237140582026,140.0,4,7.09,"[0.348, 0.36099999999999993]",5550554,"[3.4799999999999995, 3.6099999999999994]",0.021368285587855747,2.9915599822998047,8.549999999999999,"[0.512, 0.3429999999999999]",5551554,"[5.12, 3.4299999999999993]",0.02214031560080392,3.099644184112549,6.839999999999998,"[0.476, 0.2079999999999999]",5552554,"[4.76, 2.079999999999999]",0.021876439026423864,3.062701463699341,5.9499999999999975,"[0.23099999999999987, 0.36399999999999993]",5553554,"[2.3099999999999987, 3.6399999999999992]",0.021274713107517787,2.9784598350524902,MinimaxSolutionConcept,3.9174999999999995,1.1103237140582025,0.021664938330650328,0.00035741945521605326,3.033091366291046,0.05003872373024736,COMPLETE
556,3.3274999999999983,2025-06-12 22:36:00.374763,2025-06-12 22:36:03.543817,0 days 00:00:03.169054,36,0.6597389530900372,0.08369490174563884,0.9261830633307443,0.00013334837816101353,152,5560560,3.3274999999999983,2.843953014731432,0.16224999999999992,0.19564812163677933,150.0,4,2.7399999999999984,"[-0.1380000000000001, 0.4119999999999999]",5560560,"[-1.380000000000001, 4.119999999999999]",0.018933792114257813,2.840068817138672,6.559999999999999,"[0.24599999999999994, 0.41]",5561560,"[2.4599999999999995, 4.1]",0.01863285541534424,2.7949283123016357,5.009999999999998,"[0.3979999999999999, 0.10299999999999991]",5562560,"[3.979999999999999, 1.0299999999999991]",0.01919058958689372,2.8785884380340576,-1.0000000000000022,"[0.14299999999999993, -0.2430000000000001]",5563560,"[1.4299999999999993, -2.430000000000001]",0.01987879753112793,2.9818196296691895,MinimaxSolutionConcept,1.6224999999999992,1.9564812163677934,0.019159008661905924,0.00046006877292447117,2.8738512992858887,0.06901031593867067,COMPLETE
557,7.212499999999999,2025-06-12 22:36:03.559930,2025-06-12 22:36:07.817383,0 days 00:00:04.257453,44,0.5957249067767904,0.11826664601749606,0.9816667688702595,0.00022366712090496913,175,5570563,7.212499999999999,1.1425711137605392,0.5349999999999999,0.12816200685070436,170.0,4,8.499999999999996,"[0.6389999999999999, 0.2109999999999999]",5570563,"[6.389999999999999, 2.109999999999999]",0.0207504763322718,3.527580976486206,8.049999999999999,"[0.6049999999999999, 0.1999999999999999]",5571563,"[6.049999999999999, 1.9999999999999991]",0.02388311834896312,4.0601301193237305,6.699999999999998,"[0.5799999999999998, 0.0899999999999999]",5572563,"[5.799999999999999, 0.899999999999999]",0.021797808478860294,3.70562744140625,5.599999999999998,"[0.31599999999999995, 0.2439999999999999]",5573563,"[3.1599999999999993, 2.439999999999999]",0.021807217597961427,3.7072269916534424,MinimaxSolutionConcept,5.349999999999999,1.2816200685070438,0.02205965518951416,0.0011370197460496441,3.7501413822174072,0.1932933568284395,COMPLETE
558,6.937499999999997,2025-06-12 22:36:07.835241,2025-06-12 22:36:12.457306,0 days 00:00:04.622065,45,0.6376227425176364,0.08758803788482368,0.9786925916400044,0.00011634922968981261,192,5580567,6.937499999999997,1.2599479155901643,0.3327499999999999,0.07849641711568756,190.0,4,5.569999999999998,"[0.21599999999999983, 0.3409999999999999]",5580567,"[2.1599999999999984, 3.4099999999999993]",0.022495720261021663,4.274186849594116,5.789999999999998,"[0.3639999999999999, 0.21499999999999986]",5581567,"[3.639999999999999, 2.1499999999999986]",0.023191730599654348,4.406428813934326,8.179999999999998,"[0.43199999999999994, 0.38599999999999984]",5582567,"[4.319999999999999, 3.8599999999999985]",0.021945382419385408,4.1696226596832275,8.209999999999997,"[0.31899999999999984, 0.502]",5583567,"[3.1899999999999986, 5.02]",0.01977739459589908,3.757704973220825,MinimaxSolutionConcept,3.327499999999999,0.7849641711568756,0.021852556968990126,0.0012769064640976236,4.151985824108124,0.2426122281785486,COMPLETE
559,5.237499999999998,2025-06-12 22:36:12.472877,2025-06-12 22:36:16.218657,0 days 00:00:03.745780,42,0.608302550834413,0.0749370696304776,0.9207048288063405,0.0001515692237642418,160,5590572,5.237499999999998,1.8436021127130444,0.2524999999999999,0.0633896679278256,160.0,4,6.869999999999998,"[0.21699999999999992, 0.4699999999999999]",5590572,"[2.169999999999999, 4.699999999999999]",0.020510585606098176,3.281693696975708,5.669999999999998,"[0.36199999999999993, 0.2049999999999999]",5591572,"[3.619999999999999, 2.049999999999999]",0.021535247564315796,3.4456396102905273,6.279999999999999,"[0.22199999999999992, 0.40599999999999997]",5592572,"[2.2199999999999993, 4.06]",0.021066957712173463,3.370713233947754,2.129999999999998,"[0.2089999999999999, 0.00399999999999987]",5593572,"[2.089999999999999, 0.0399999999999987]",0.02224510759115219,3.5592172145843506,MinimaxSolutionConcept,2.5249999999999995,0.633896679278256,0.021339474618434905,0.00063636086196876,3.414315938949585,0.10181773791500179,COMPLETE
560,6.4674999999999985,2025-06-12 22:36:16.234484,2025-06-12 22:36:24.416129,0 days 00:00:08.181645,44,0.8836467788398036,0.11056398535989811,0.9155891191447542,0.0001343576978342126,429,5600576,6.4674999999999985,1.6953521020720153,0.27649999999999986,0.17918356509456995,420.0,4,8.709999999999999,"[0.5639999999999998, 0.3069999999999999]",5600576,"[5.639999999999999, 3.069999999999999]",0.01758993182863508,7.387771368026733,5.539999999999997,"[0.2579999999999999, 0.29599999999999993]",5601576,"[2.579999999999999, 2.959999999999999]",0.018399163087209066,7.727648496627808,7.349999999999998,"[0.2099999999999999, 0.525]",5602576,"[2.099999999999999, 5.25]",0.01903246584392729,7.993635654449463,4.269999999999999,"[0.07399999999999987, 0.35299999999999987]",5603576,"[0.7399999999999987, 3.5299999999999985]",0.01854227270398821,7.787754535675049,MinimaxSolutionConcept,2.7649999999999992,1.7918356509456999,0.018390958365939913,0.0005186855271092485,7.724202513694763,0.2178479213858847,COMPLETE
561,6.307499999999997,2025-06-12 22:36:27.163328,2025-06-12 22:36:29.579587,0 days 00:00:02.416259,43,0.8306165386152884,0.1336224630212569,0.9728620544683368,0.00011005041475232109,119,5610587,6.307499999999997,2.097514898636003,0.3757499999999999,0.09941170705706649,110.0,4,9.239999999999998,"[0.3599999999999999, 0.564]",5610587,"[3.5999999999999988, 5.64]",0.020220728354020553,2.2242801189422607,6.739999999999998,"[0.44099999999999995, 0.23299999999999993]",5611587,"[4.409999999999999, 2.329999999999999]",0.020119402625344018,2.213134288787842,3.369999999999998,"[0.22099999999999986, 0.11599999999999991]",5612587,"[2.2099999999999986, 1.159999999999999]",0.019997650926763363,2.1997416019439697,5.879999999999997,"[0.48099999999999987, 0.10699999999999987]",5613587,"[4.809999999999999, 1.0699999999999987]",0.020121034708890047,2.2133138179779053,MinimaxSolutionConcept,3.757499999999999,0.9941170705706649,0.020114704153754492,7.90644366240228e-05,2.2126174569129944,0.008697088028642552,COMPLETE
562,7.457499999999998,2025-06-12 22:36:29.595629,2025-06-12 22:36:32.732309,0 days 00:00:03.136680,46,0.8559591202032882,0.04669779329080266,0.9756675903210675,0.02220742167184218,135,5620589,7.457499999999998,1.5754106607484926,0.4207499999999999,0.051958517107400216,130.0,4,6.679999999999998,"[0.3339999999999999, 0.3339999999999999]",5620589,"[3.339999999999999, 3.339999999999999]",0.02244115976186899,2.9173507690429688,8.5,"[0.4699999999999999, 0.3799999999999999]",5621589,"[4.699999999999999, 3.799999999999999]",0.02061663774343637,2.6801629066467285,9.349999999999998,"[0.4309999999999999, 0.5039999999999998]",5622589,"[4.309999999999999, 5.039999999999997]",0.022037726182204027,2.8649044036865234,5.299999999999997,"[0.44799999999999995, 0.08199999999999984]",5623589,"[4.4799999999999995, 0.8199999999999984]",0.020084742399362417,2.6110165119171143,MinimaxSolutionConcept,4.2075,0.5195851710740022,0.02129506652171795,0.0009734247755719918,2.7683586478233337,0.1265452208243589,COMPLETE
563,3.9975,2025-06-12 22:36:32.748160,2025-06-12 22:36:34.508625,0 days 00:00:01.760465,14,0.6249435865879202,0.08175940945819736,0.9056773402646865,0.0008719673423449557,152,5630592,3.9975,2.303110668205069,0.17375000000000002,0.08534159302473794,150.0,4,1.84,"[0.09600000000000003, 0.08800000000000002]",5630592,"[0.9600000000000003, 0.8800000000000002]",0.009448191324869792,1.4172286987304688,7.359999999999999,"[0.20600000000000002, 0.53]",5631592,"[2.06, 5.300000000000001]",0.009660809834798178,1.4491214752197266,1.8900000000000003,"[0.09400000000000001, 0.095]",5632592,"[0.9400000000000002, 0.95]",0.009766791661580404,1.4650187492370605,4.9,"[0.29900000000000004, 0.191]",5633592,"[2.99, 1.9100000000000001]",0.009717302322387695,1.4575953483581543,MinimaxSolutionConcept,1.7375000000000003,0.8534159302473794,0.009648273785909017,0.00012145119332401672,1.4472410678863525,0.018217678998602552,COMPLETE
564,6.4049999999999985,2025-06-12 22:36:34.524416,2025-06-12 22:36:38.150694,0 days 00:00:03.626278,41,0.6531766532865732,0.03717826707877651,0.9836469463230592,0.0001882842190849988,168,5640594,6.4049999999999985,4.105815996851296,0.23149999999999987,0.2955287634055271,160.0,4,9.879999999999999,"[0.3329999999999999, 0.655]",5640594,"[3.329999999999999, 6.550000000000001]",0.020823600888252258,3.3317761421203613,9.899999999999999,"[0.5299999999999999, 0.45999999999999985]",5641594,"[5.299999999999999, 4.599999999999999]",0.02014861851930618,3.2237789630889893,-0.1500000000000028,"[-0.2600000000000002, 0.24499999999999988]",5642594,"[-2.600000000000002, 2.449999999999999]",0.02148185223340988,3.437096357345581,5.9899999999999975,"[0.3229999999999999, 0.27599999999999986]",5643594,"[3.229999999999999, 2.7599999999999985]",0.02084157317876816,3.3346517086029053,MinimaxSolutionConcept,2.314999999999999,2.955287634055271,0.02082391120493412,0.0004714919537570321,3.3318257927894592,0.07543871260112509,COMPLETE
565,4.822499999999998,2025-06-12 22:36:38.166015,2025-06-12 22:36:42.213801,0 days 00:00:04.047786,43,0.8447515460738909,0.08536079685634415,0.9589145576689787,0.00013930282356158856,181,5650598,4.822499999999998,0.5642417478350923,0.2084999999999999,0.062315728351677,180.0,4,5.269999999999998,"[0.3029999999999999, 0.2239999999999999]",5650598,"[3.029999999999999, 2.239999999999999]",0.01976532538731893,3.5577585697174072,4.209999999999997,"[0.12799999999999986, 0.29299999999999987]",5651598,"[1.2799999999999987, 2.929999999999999]",0.020486716429392496,3.6876089572906494,4.3199999999999985,"[0.2049999999999999, 0.2269999999999998]",5652598,"[2.049999999999999, 2.2699999999999982]",0.01995764970779419,3.592376947402954,5.4899999999999975,"[0.1979999999999999, 0.35099999999999987]",5653598,"[1.979999999999999, 3.509999999999999]",0.021327180332607693,3.8388924598693848,MinimaxSolutionConcept,2.084999999999999,0.62315728351677,0.020384217964278327,0.0006051182658562387,3.669159233570099,0.10892128785412307,COMPLETE
566,5.859999999999998,2025-06-12 22:36:44.972936,2025-06-12 22:36:49.146425,0 days 00:00:04.173489,45,0.8665834023877017,0.0943061087238321,0.9794894241449726,0.0006393081831793015,205,5660605,5.859999999999998,2.10277198003017,0.2589999999999999,0.182995901593451,200.0,4,3.929999999999997,"[0.31599999999999995, 0.07699999999999985]",5660605,"[3.1599999999999993, 0.7699999999999985]",0.018673291206359865,3.7346582412719727,4.039999999999998,"[-0.04800000000000016, 0.45199999999999996]",5661605,"[-0.4800000000000016, 4.52]",0.01989209294319153,3.9784185886383057,6.389999999999998,"[0.33299999999999985, 0.3059999999999999]",5662605,"[3.3299999999999983, 3.0599999999999987]",0.019258323907852173,3.8516647815704346,9.079999999999998,"[0.4349999999999999, 0.47299999999999986]",5663605,"[4.349999999999999, 4.729999999999999]",0.01836070656776428,3.6721413135528564,MinimaxSolutionConcept,2.589999999999999,1.82995901593451,0.019046103656291963,0.0005851268239680416,3.8092207312583923,0.1170253647936083,COMPLETE
567,4.554999999999997,2025-06-12 22:36:49.162207,2025-06-12 22:36:52.691223,0 days 00:00:03.529016,47,0.9062534032157666,0.08940641933867356,0.9772655708070425,0.007128755912667383,142,5670609,4.554999999999997,1.6521274163937842,0.1754999999999999,0.2131730517678068,140.0,4,3.1799999999999966,"[0.15399999999999986, 0.16399999999999987]",5670609,"[1.5399999999999987, 1.6399999999999988]",0.02296923739569528,3.215693235397339,2.839999999999997,"[-0.06400000000000014, 0.34799999999999986]",5671609,"[-0.6400000000000015, 3.4799999999999986]",0.022876027652195523,3.202643871307373,6.909999999999997,"[0.518, 0.17299999999999988]",5672609,"[5.18, 1.7299999999999986]",0.0219326308795384,3.070568323135376,5.289999999999997,"[0.09399999999999983, 0.4349999999999999]",5673609,"[0.9399999999999984, 4.349999999999999]",0.023795666013445172,3.331393241882324,MinimaxSolutionConcept,1.7549999999999988,2.1317305176780676,0.02289339048521859,0.0006601542188274571,3.205074667930603,0.09242159063584397,COMPLETE
568,5.929999999999998,2025-06-12 22:36:52.707840,2025-06-12 22:36:56.896449,0 days 00:00:04.188609,46,0.6442361718070709,0.07884579346708186,0.9172220903757005,0.00017021048745297844,157,5680612,5.929999999999998,2.653770901943121,0.2947499999999999,0.1508714270496571,150.0,4,2.8999999999999972,"[0.10299999999999987, 0.1869999999999999]",5680612,"[1.0299999999999987, 1.8699999999999988]",0.02422339916229248,3.633509874343872,3.8399999999999976,"[0.1939999999999999, 0.1899999999999999]",5681612,"[1.939999999999999, 1.899999999999999]",0.02465395450592041,3.6980931758880615,9.36,"[0.4669999999999999, 0.469]",5682612,"[4.669999999999999, 4.6899999999999995]",0.023229141235351563,3.4843711853027344,7.619999999999998,"[0.41499999999999987, 0.34699999999999986]",5683612,"[4.149999999999999, 3.469999999999999]",0.026669111251831055,4.000366687774658,MinimaxSolutionConcept,2.947499999999999,1.508714270496571,0.024693901538848876,0.001251992852290468,3.7040852308273315,0.18779892784357022,COMPLETE
569,6.202499999999997,2025-06-12 22:36:56.912455,2025-06-12 22:37:00.671627,0 days 00:00:03.759172,50,0.5855228947254871,0.0984933980490938,0.9706196874040871,0.00011296411553043754,148,5690616,6.202499999999997,1.233620180606657,0.3729999999999999,0.1254930276947688,140.0,4,7.839999999999998,"[0.5339999999999999, 0.24999999999999986]",5690616,"[5.339999999999999, 2.4999999999999987]",0.025512661252702986,3.571772575378418,6.799999999999997,"[0.2519999999999999, 0.42799999999999994]",5691616,"[2.5199999999999987, 4.279999999999999]",0.02438023260661534,3.4132325649261475,5.609999999999998,"[0.24899999999999983, 0.3119999999999999]",5692616,"[2.4899999999999984, 3.1199999999999988]",0.02421919448035104,3.3906872272491455,4.559999999999997,"[0.45699999999999996, -0.0010000000000001785]",5693616,"[4.569999999999999, -0.010000000000001785]",0.023656276294163295,3.3118786811828613,MinimaxSolutionConcept,3.7299999999999986,1.254930276947688,0.024442091158458166,0.0006740057004924761,3.421892762184143,0.09436079806894661,COMPLETE
570,7.267499999999998,2025-06-12 22:37:00.687175,2025-06-12 22:37:04.829217,0 days 00:00:04.142042,48,0.5667640587229843,0.10635272352560211,0.914386418470509,0.00020960697308601887,166,5700620,7.267499999999998,4.113881227016648,0.4884999999999999,0.21188027279574664,160.0,4,10.459999999999999,"[0.6729999999999999, 0.3729999999999999]",5700620,"[6.7299999999999995, 3.7299999999999986]",0.02295529693365097,3.6728475093841553,1.0699999999999967,"[0.16599999999999987, -0.059000000000000184]",5701620,"[1.6599999999999988, -0.5900000000000019]",0.024602149426937104,3.9363439083099365,6.0699999999999985,"[0.43099999999999977, 0.17599999999999988]",5702620,"[4.309999999999998, 1.759999999999999]",0.021649959683418273,3.463993549346924,11.469999999999999,"[0.6839999999999999, 0.4629999999999999]",5703620,"[6.84, 4.629999999999999]",0.023223185539245607,3.715709686279297,MinimaxSolutionConcept,4.884999999999999,2.1188027279574664,0.02310764789581299,0.0010482067441359652,3.697223663330078,0.1677130790617543,COMPLETE
571,7.469999999999998,2025-06-12 22:37:07.639209,2025-06-12 22:37:11.429902,0 days 00:00:03.790693,44,0.8797975248338762,0.04104931440067921,0.9116270374873259,0.004881661105012041,175,5710627,7.469999999999998,1.800944196803444,0.4454999999999999,0.2898943773169808,170.0,4,5.9899999999999975,"[0.17699999999999988, 0.422]",5710627,"[1.7699999999999987, 4.22]",0.02112133923698874,3.590627670288086,8.869999999999997,"[0.739, 0.1479999999999999]",5711627,"[7.39, 1.479999999999999]",0.020077953619115494,3.413252115249634,5.4099999999999975,"[0.13499999999999987, 0.40599999999999986]",5712627,"[1.3499999999999988, 4.059999999999999]",0.019149139348198386,3.2553536891937256,9.61,"[0.7309999999999999, 0.2299999999999999]",5713627,"[7.309999999999999, 2.299999999999999]",0.019129001393037685,3.2519302368164062,MinimaxSolutionConcept,4.454999999999999,2.898943773169808,0.019869358399335076,0.0008182010697195833,3.377790927886963,0.13909418185232922,COMPLETE
572,6.922499999999998,2025-06-12 22:37:11.445603,2025-06-12 22:37:20.492197,0 days 00:00:09.046594,45,0.6338232582293777,0.033201306625204985,0.9295618820854686,0.00016104175842669694,389,5720631,6.922499999999998,3.34478979160126,0.2642499999999999,0.24193426276573562,380.0,4,6.519999999999998,"[0.30999999999999994, 0.3419999999999998]",5720631,"[3.0999999999999996, 3.419999999999998]",0.0232781215717918,8.845686197280884,2.5599999999999974,"[-0.046000000000000166, 0.3019999999999999]",5721631,"[-0.46000000000000163, 3.0199999999999987]",0.021390170800058464,8.128264904022217,11.969999999999997,"[0.6209999999999999, 0.5759999999999998]",5722631,"[6.209999999999999, 5.759999999999998]",0.020876762114073102,7.933169603347778,6.639999999999999,"[0.17199999999999988, 0.4919999999999999]",5723631,"[1.7199999999999989, 4.919999999999999]",0.02152858721582513,8.18086314201355,MinimaxSolutionConcept,2.642499999999999,2.419342627657356,0.021768410425437125,0.0009048266191184158,8.271995961666107,0.34383411526499785,COMPLETE
573,8.894999999999998,2025-06-12 22:37:20.508169,2025-06-12 22:37:23.873846,0 days 00:00:03.365677,47,0.6692588527783329,0.14112913368042773,0.9804337846243497,0.00013391988434483424,132,5730640,8.894999999999998,2.619871180039202,0.5522499999999999,0.13250731111904732,130.0,4,9.019999999999998,"[0.6759999999999999, 0.2259999999999998]",5730640,"[6.76, 2.259999999999998]",0.021198529463547926,2.7558088302612305,4.789999999999997,"[0.3289999999999999, 0.14999999999999986]",5731640,"[3.289999999999999, 1.4999999999999987]",0.02356908688178429,3.063981294631958,9.729999999999997,"[0.5939999999999999, 0.3789999999999999]",5732640,"[5.939999999999999, 3.789999999999999]",0.021859400088970478,2.841722011566162,12.039999999999997,"[0.6099999999999999, 0.594]",5733640,"[6.099999999999999, 5.9399999999999995]",0.024425339698791505,3.1752941608428955,MinimaxSolutionConcept,5.522499999999999,1.3250731111904732,0.022763089033273547,0.001292014914977228,2.9592015743255615,0.16796193894703965,COMPLETE
574,4.707499999999997,2025-06-12 22:37:23.890145,2025-06-12 22:37:27.494701,0 days 00:00:03.604556,46,0.889205996719266,0.08433122193997059,0.9740950284227611,0.00011958051360753555,157,5740643,4.707499999999997,2.1587887228721576,0.23324999999999987,0.25433872591487133,150.0,4,6.319999999999998,"[0.28199999999999986, 0.3499999999999999]",5740643,"[2.8199999999999985, 3.499999999999999]",0.021595425605773926,3.239313840866089,6.499999999999997,"[0.3009999999999999, 0.34899999999999987]",5741643,"[3.009999999999999, 3.4899999999999984]",0.021056118011474608,3.1584177017211914,4.879999999999998,"[0.525, -0.03700000000000018]",5742643,"[5.25, -0.37000000000000177]",0.020954739252726236,3.1432108879089355,1.1299999999999968,"[-0.17500000000000018, 0.2879999999999999]",5743643,"[-1.7500000000000018, 2.879999999999999]",0.022696057955423992,3.4044086933135986,MinimaxSolutionConcept,2.332499999999999,2.543387259148713,0.021575585206349692,0.0006912215071070632,3.2363377809524536,0.10368322606605934,COMPLETE
575,5.109999999999998,2025-06-12 22:37:27.511166,2025-06-12 22:37:32.816365,0 days 00:00:05.305199,49,0.6168198741480614,0.0891266192419771,0.9823920023482211,0.014746386967696977,188,5750647,5.109999999999998,1.7085666507338841,0.17924999999999983,0.30736897615081454,180.0,4,3.309999999999997,"[0.040999999999999835, 0.2899999999999999]",5750647,"[0.40999999999999837, 2.8999999999999995]",0.028386014037662083,5.109482526779175,7.909999999999998,"[0.6979999999999998, 0.09299999999999985]",5751647,"[6.979999999999999, 0.9299999999999985]",0.02674996852874756,4.8149943351745605,4.829999999999997,"[-0.10400000000000018, 0.587]",5752647,"[-1.0400000000000018, 5.869999999999999]",0.02602123816808065,4.683822870254517,4.389999999999997,"[0.08199999999999982, 0.3569999999999998]",5753647,"[0.8199999999999983, 3.569999999999998]",0.024958174758487276,4.49247145652771,MinimaxSolutionConcept,1.7924999999999984,3.0736897615081458,0.02652884887324439,0.001247261214896594,4.7751927971839905,0.2245070186813868,COMPLETE
576,6.237499999999997,2025-06-12 22:37:35.860461,2025-06-12 22:37:43.998517,0 days 00:00:08.138056,42,0.8698971847273531,0.09256719466509068,0.9764875206086455,0.00011151631045539632,415,5760655,6.237499999999997,2.580488083677195,0.3334999999999999,0.14639074424293366,410.0,4,7.679999999999998,"[0.501, 0.2669999999999999]",5760655,"[5.01, 2.669999999999999]",0.017806415441559583,7.300630331039429,1.7999999999999972,"[0.19399999999999987, -0.01400000000000014]",5761655,"[1.9399999999999986, -0.1400000000000014]",0.01911002310310922,7.83510947227478,8.169999999999998,"[0.45699999999999996, 0.36]",5762655,"[4.569999999999999, 3.5999999999999996]",0.018805092718543075,7.710088014602661,7.299999999999998,"[0.18199999999999988, 0.5479999999999999]",5763655,"[1.819999999999999, 5.4799999999999995]",0.019391773968208126,7.950627326965332,MinimaxSolutionConcept,3.334999999999999,1.4639074424293366,0.018778326307855003,0.0005982616419132339,7.6991137862205505,0.2452872731844262,COMPLETE
577,6.262499999999998,2025-06-12 22:37:44.014420,2025-06-12 22:37:46.388405,0 days 00:00:02.373985,27,0.8595898862581409,0.0711077981609206,0.9515036125085332,0.00010000807105750878,138,5770664,6.262499999999998,1.3604296196422656,0.24674999999999997,0.18090380731206293,130.0,4,7.559999999999998,"[0.4129999999999999, 0.3429999999999999]",5770664,"[4.129999999999999, 3.4299999999999993]",0.0154951810836792,2.014373540878296,5.989999999999999,"[0.41500000000000004, 0.18399999999999997]",5771664,"[4.15, 1.8399999999999996]",0.01673267437861516,2.1752476692199707,4.149999999999999,"[-0.018000000000000037, 0.43299999999999994]",5772664,"[-0.18000000000000038, 4.329999999999999]",0.016731783059927133,2.1751317977905273,7.349999999999999,"[0.17699999999999996, 0.558]",5773664,"[1.7699999999999996, 5.58]",0.015677235676692082,2.0380406379699707,MinimaxSolutionConcept,2.4675,1.8090380731206295,0.01615921854972839,0.0005766140286709781,2.100698411464691,0.07495982372722715,COMPLETE
578,6.319999999999997,2025-06-12 22:37:46.404020,2025-06-12 22:37:50.539761,0 days 00:00:04.135741,48,0.6951557007708791,0.12414099735432549,0.9096466313325475,0.01070607784548889,166,5780666,6.319999999999997,4.485632619820755,0.46149999999999985,0.2328406107190067,160.0,4,0.4299999999999965,"[0.10699999999999985, -0.0640000000000002]",5780666,"[1.0699999999999985, -0.6400000000000019]",0.02471068948507309,3.9537103176116943,10.249999999999996,"[0.579, 0.4459999999999999]",5781666,"[5.789999999999999, 4.459999999999999]",0.02146437019109726,3.4342992305755615,3.529999999999997,"[0.42299999999999977, -0.07000000000000017]",5782666,"[4.229999999999998, -0.7000000000000017]",0.021020035445690154,3.363205671310425,11.069999999999999,"[0.7369999999999999, 0.3699999999999999]",5783666,"[7.369999999999999, 3.699999999999999]",0.022090554237365723,3.5344886779785156,MinimaxSolutionConcept,4.614999999999998,2.328406107190067,0.022321412339806557,0.0014309126288456506,3.571425974369049,0.228946020615304,COMPLETE
579,6.277499999999998,2025-06-12 22:37:50.555305,2025-06-12 22:37:54.057710,0 days 00:00:03.502405,45,0.6033661497998067,0.06319391405034515,0.9846632267598339,0.00015739494365240341,148,5790670,6.277499999999998,1.4108397322162436,0.37474999999999986,0.13967171331375586,140.0,4,8.12,"[0.6019999999999999, 0.20999999999999988]",5790670,"[6.019999999999999, 2.0999999999999988]",0.02336761951446533,3.2714667320251465,6.409999999999998,"[0.32099999999999984, 0.3199999999999999]",5791670,"[3.209999999999998, 3.199999999999999]",0.023621628965650288,3.30702805519104,4.149999999999998,"[0.35299999999999987, 0.061999999999999854]",5792670,"[3.5299999999999985, 0.6199999999999986]",0.021659067698887417,3.0322694778442383,6.429999999999998,"[0.22299999999999986, 0.41999999999999993]",5793670,"[2.2299999999999986, 4.199999999999999]",0.023240596907479424,3.253683567047119,MinimaxSolutionConcept,3.7474999999999983,1.3967171331375585,0.022972228271620616,0.0007704654292728206,3.216111958026886,0.10786516009819491,COMPLETE
580,6.932499999999997,2025-06-12 22:37:54.076705,2025-06-12 22:37:58.928929,0 days 00:00:04.852224,50,0.6501784205238098,0.05101901722614854,0.9221573821162156,0.00043405670710161304,171,5800674,6.932499999999997,2.375714366248603,0.29624999999999985,0.18496131352258505,170.0,4,3.7399999999999975,"[0.14699999999999988, 0.22699999999999987]",5800674,"[1.4699999999999989, 2.2699999999999987]",0.02639182315153234,4.486609935760498,5.729999999999997,"[0.14699999999999985, 0.4259999999999999]",5801674,"[1.4699999999999984, 4.259999999999999]",0.025883911637698903,4.4002649784088135,8.329999999999998,"[0.29099999999999987, 0.5419999999999999]",5802674,"[2.909999999999999, 5.419999999999999]",0.027371541191549862,4.653162002563477,9.929999999999998,"[0.5999999999999999, 0.3929999999999999]",5803674,"[5.999999999999998, 3.929999999999999]",0.024156756962046905,4.106648683547974,MinimaxSolutionConcept,2.9624999999999986,1.8496131352258505,0.025951008235707,0.0011657691940458123,4.41167140007019,0.19818076298778825,COMPLETE
581,7.702499999999999,2025-06-12 22:38:01.801983,2025-06-12 22:38:05.014921,0 days 00:00:03.212938,43,0.9881837243201788,0.07938146198997931,0.9781047403412969,0.00013360580581115667,158,5810681,7.702499999999999,1.323260650816762,0.42774999999999996,0.17665556175790229,150.0,4,6.0299999999999985,"[0.18199999999999988, 0.42099999999999993]",5810681,"[1.819999999999999, 4.209999999999999]",0.020222053527832032,3.0333080291748047,6.899999999999998,"[0.3479999999999999, 0.3419999999999998]",5811681,"[3.479999999999999, 3.419999999999998]",0.019926886558532714,2.9890329837799072,9.44,"[0.641, 0.3029999999999999]",5812681,"[6.41, 3.029999999999999]",0.02001550038655599,3.0023250579833984,8.439999999999996,"[0.54, 0.3039999999999998]",5813681,"[5.4, 3.0399999999999983]",0.019780349731445313,2.967052459716797,MinimaxSolutionConcept,4.2775,1.7665556175790227,0.01998619755109151,0.00015998266829713668,2.997929632663727,0.023997400244570494,COMPLETE
582,6.287499999999997,2025-06-12 22:38:05.030189,2025-06-12 22:38:09.184689,0 days 00:00:04.154500,47,0.9671022160371615,0.08561287973311896,0.9718010154886829,0.00022561003264979167,194,5820685,6.287499999999997,2.741216655063952,0.3077499999999999,0.17864682336946272,190.0,4,3.6999999999999966,"[0.09999999999999984, 0.26999999999999985]",5820685,"[0.9999999999999984, 2.6999999999999984]",0.01970280973534835,3.7435338497161865,10.539999999999997,"[0.477, 0.5769999999999998]",5821685,"[4.77, 5.769999999999999]",0.019369543226141678,3.680213212966919,4.059999999999996,"[0.16099999999999987, 0.2449999999999998]",5822685,"[1.6099999999999985, 2.449999999999998]",0.020760895076550937,3.9445700645446777,6.849999999999998,"[0.4929999999999999, 0.19199999999999987]",5823685,"[4.929999999999999, 1.9199999999999986]",0.02028716237921464,3.8545608520507812,MinimaxSolutionConcept,3.077499999999999,1.7864682336946274,0.020030102604313902,0.0005346953991566866,3.805719494819641,0.10159212583977023,COMPLETE
583,10.149999999999999,2025-06-12 22:38:09.200938,2025-06-12 22:38:13.215047,0 days 00:00:04.014109,49,0.8217316145595442,0.09501634097979436,0.980928959957937,0.00017322182548520698,181,5830689,10.149999999999999,1.6880610178545088,0.45799999999999985,0.16216349774224778,180.0,4,9.799999999999997,"[0.3749999999999999, 0.6049999999999998]",5830689,"[3.749999999999999, 6.049999999999997]",0.019823908805847168,3.5683035850524902,7.909999999999997,"[0.23299999999999987, 0.5579999999999998]",5831689,"[2.3299999999999987, 5.579999999999998]",0.021180517143673368,3.812493085861206,12.649999999999997,"[0.6229999999999999, 0.6419999999999998]",5832689,"[6.229999999999999, 6.419999999999998]",0.019576101832919652,3.523698329925537,10.239999999999998,"[0.6009999999999999, 0.42299999999999977]",5833689,"[6.009999999999999, 4.229999999999998]",0.0201385498046875,3.62493896484375,MinimaxSolutionConcept,4.579999999999999,1.6216349774224776,0.020179769396781923,0.0006111968577145534,3.632358491420746,0.1100154343886196,COMPLETE
584,7.922499999999998,2025-06-12 22:38:13.230492,2025-06-12 22:38:16.929443,0 days 00:00:03.698951,39,0.8249423561041274,0.09778866421550353,0.9839452241024881,0.00018990795818535935,191,5840693,7.922499999999998,2.8013869332885815,0.3297499999999999,0.1763921412648534,190.0,4,10.749999999999998,"[0.23399999999999993, 0.841]",5840693,"[2.3399999999999994, 8.41]",0.017541940588700143,3.3329687118530273,5.859999999999998,"[0.3459999999999999, 0.2399999999999999]",5841693,"[3.459999999999999, 2.399999999999999]",0.017889971482126336,3.399094581604004,10.61,"[0.6059999999999999, 0.45499999999999996]",5842693,"[6.059999999999999, 4.55]",0.018464353210047673,3.5082271099090576,4.469999999999997,"[0.1329999999999999, 0.31399999999999983]",5843693,"[1.329999999999999, 3.1399999999999983]",0.018090906896089252,3.437272310256958,MinimaxSolutionConcept,3.297499999999999,1.7639214126485339,0.01799679304424085,0.0003338306188035492,3.4193906784057617,0.06342781757267422,COMPLETE
585,6.2224999999999975,2025-06-12 22:38:16.945214,2025-06-12 22:38:21.001201,0 days 00:00:04.055987,50,0.8213030807347349,0.10262169509609718,0.9819536930676518,0.00020245379893150814,178,5850697,6.2224999999999975,3.6381339653729086,0.3019999999999999,0.1450068963877236,170.0,4,8.179999999999998,"[0.4149999999999999, 0.4029999999999999]",5850697,"[4.1499999999999995, 4.029999999999999]",0.02277500909917495,3.871751546859741,10.669999999999998,"[0.34299999999999986, 0.7239999999999999]",5851697,"[3.429999999999999, 7.239999999999998]",0.01966376164380242,3.342839479446411,5.119999999999997,"[0.39499999999999985, 0.11699999999999981]",5852697,"[3.9499999999999984, 1.1699999999999982]",0.021715478336109834,3.691631317138672,0.9199999999999967,"[0.05499999999999985, 0.036999999999999825]",5853697,"[0.5499999999999985, 0.3699999999999982]",0.022639790703268613,3.848764419555664,MinimaxSolutionConcept,3.019999999999999,1.450068963877236,0.021698509945588956,0.00124351804071648,3.688746690750122,0.2113980669218016,COMPLETE
586,7.437499999999997,2025-06-12 22:38:23.871032,2025-06-12 22:38:28.438309,0 days 00:00:04.567277,49,0.8414381625904561,0.094490875113536,0.9824018977599144,0.00017427313795339227,199,5860703,7.437499999999997,1.3139896308571084,0.49724999999999986,0.1285172653770691,190.0,4,6.229999999999998,"[0.7139999999999999, -0.09100000000000019]",5860703,"[7.139999999999999, -0.9100000000000019]",0.020060624574360093,3.811518669128418,9.249999999999998,"[0.37799999999999984, 0.5469999999999999]",5861703,"[3.7799999999999985, 5.469999999999999]",0.023064899444580077,4.382330894470215,8.129999999999997,"[0.44099999999999995, 0.37199999999999983]",5862703,"[4.409999999999999, 3.7199999999999984]",0.02225539056878341,4.228524208068848,6.139999999999998,"[0.45599999999999985, 0.15799999999999984]",5863703,"[4.559999999999999, 1.5799999999999983]",0.021518573008085552,4.088528871536255,MinimaxSolutionConcept,4.972499999999999,1.285172653770691,0.02172487189895228,0.001105599641808207,4.127725660800934,0.21006393194355927,COMPLETE
587,9.567499999999999,2025-06-12 22:38:28.453963,2025-06-12 22:38:32.678347,0 days 00:00:04.224384,48,0.806373471663123,0.0978467089609031,0.985695415900279,0.0002224796963486421,186,5870708,9.567499999999999,1.3783391273558192,0.5249999999999999,0.16806695094515167,180.0,4,8.959999999999997,"[0.4619999999999999, 0.43399999999999983]",5870708,"[4.619999999999999, 4.339999999999998]",0.020171752240922717,3.630915403366089,7.81,"[0.27899999999999986, 0.5019999999999999]",5871708,"[2.7899999999999987, 5.019999999999999]",0.021067672305636935,3.7921810150146484,11.57,"[0.6599999999999999, 0.4969999999999999]",5872708,"[6.6, 4.969999999999999]",0.021652792559729683,3.8975026607513428,9.929999999999998,"[0.6990000000000001, 0.29399999999999993]",5873708,"[6.99, 2.9399999999999995]",0.02245442072550456,4.04179573059082,MinimaxSolutionConcept,5.25,1.680669509451517,0.021336659457948475,0.0008334706506047106,3.840598702430725,0.15002471710884788,COMPLETE
588,8.519999999999998,2025-06-12 22:38:32.694429,2025-06-12 22:38:36.744510,0 days 00:00:04.050081,48,0.8317047912883094,0.10070440152308585,0.9808521359110477,0.01955053543708857,181,5880712,8.519999999999998,1.9433604915197806,0.42024999999999996,0.13876126080430373,180.0,4,7.609999999999998,"[0.48299999999999993, 0.2779999999999999]",5880712,"[4.829999999999999, 2.7799999999999994]",0.020921738942464192,3.7659130096435547,11.51,"[0.5769999999999998, 0.574]",5881712,"[5.769999999999999, 5.739999999999999]",0.019109690189361574,3.439744234085083,8.739999999999997,"[0.42099999999999993, 0.45299999999999996]",5882712,"[4.209999999999999, 4.529999999999999]",0.021228228674994576,3.8210811614990234,6.219999999999997,"[0.19999999999999987, 0.4219999999999999]",5883712,"[1.9999999999999987, 4.219999999999999]",0.021451531516181097,3.8612756729125977,MinimaxSolutionConcept,4.202499999999999,1.3876126080430373,0.02067779733075036,0.0009246765341500122,3.7220035195350647,0.16644177614700228,COMPLETE
589,6.499999999999997,2025-06-12 22:38:36.760108,2025-06-12 22:38:41.111504,0 days 00:00:04.351396,49,0.7548585675077237,0.09357239149499214,0.9188801657797627,0.00017572260560206842,182,5890716,6.499999999999997,3.5332492128351216,0.33299999999999985,0.3053235988259015,180.0,4,10.709999999999999,"[0.7109999999999999, 0.35999999999999976]",5890716,"[7.1099999999999985, 3.599999999999998]",0.019116290410359702,3.440932273864746,1.1699999999999964,"[0.051999999999999824, 0.06499999999999986]",5891716,"[0.5199999999999982, 0.6499999999999986]",0.02268642054663764,4.083555698394775,8.319999999999997,"[0.5549999999999999, 0.27699999999999986]",5892716,"[5.549999999999999, 2.7699999999999987]",0.022352001402113172,4.023360252380371,5.799999999999996,"[0.013999999999999808, 0.5659999999999998]",5893716,"[0.13999999999999807, 5.659999999999998]",0.02313350174162123,4.164030313491821,MinimaxSolutionConcept,3.3299999999999987,3.0532359882590145,0.02182205352518294,0.0015865863952191869,3.9279696345329285,0.2855855511394537,COMPLETE
590,3.175,2025-06-12 22:38:41.126783,2025-06-12 22:38:43.764114,0 days 00:00:02.637331,20,0.7745918355511838,0.09523365511069143,0.9800777017402548,0.00015383079975670477,216,5900721,3.175,2.468699050107161,0.17149999999999999,0.18551617180181357,210.0,4,-0.5100000000000007,"[0.03099999999999995, -0.08200000000000005]",5900721,"[0.3099999999999995, -0.8200000000000005]",0.01166275455838158,2.449178457260132,4.09,"[0.02999999999999996, 0.379]",5901721,"[0.2999999999999996, 3.79]",0.011084584962754022,2.3277628421783447,6.31,"[0.483, 0.148]",5902721,"[4.83, 1.48]",0.010766835439772833,2.261035442352295,2.8099999999999996,"[0.142, 0.13899999999999996]",5903721,"[1.42, 1.3899999999999997]",0.01142477308000837,2.399202346801758,MinimaxSolutionConcept,1.7149999999999999,1.8551617180181357,0.011234737010229201,0.0003394076628259926,2.3592947721481323,0.0712756091934585,COMPLETE
591,6.5349999999999975,2025-06-12 22:38:46.636988,2025-06-12 22:38:51.012723,0 days 00:00:04.375735,49,0.6290910800287884,0.09032627034614109,0.9558447730237073,0.00023568627691609117,174,5910726,6.5349999999999975,3.2167491353849775,0.4362499999999999,0.19728199993917336,170.0,4,10.949999999999998,"[0.46499999999999986, 0.6299999999999999]",5910726,"[4.649999999999999, 6.299999999999999]",0.021411657333374023,3.639981746673584,7.549999999999998,"[0.7059999999999998, 0.048999999999999835]",5911726,"[7.059999999999999, 0.4899999999999983]",0.022687321550705852,3.856844663619995,5.569999999999997,"[0.42399999999999993, 0.13299999999999984]",5912726,"[4.239999999999999, 1.3299999999999983]",0.023608168433694277,4.013388633728027,2.069999999999997,"[0.14999999999999986, 0.05699999999999983]",5913726,"[1.4999999999999987, 0.5699999999999983]",0.024582594983717974,4.179041147232056,MinimaxSolutionConcept,4.362499999999999,1.9728199993917337,0.02307243557537303,0.0011698384840641964,3.9223140478134155,0.1988725422909134,COMPLETE
592,7.154999999999998,2025-06-12 22:38:51.028233,2025-06-12 22:38:54.930591,0 days 00:00:03.902358,50,0.8967089795912578,0.10448069657260199,0.9164724115578141,0.0001926068089679419,170,5920731,7.154999999999998,3.839873044776351,0.3182499999999999,0.28493014494784513,170.0,4,6.069999999999997,"[0.3099999999999999, 0.2969999999999998]",5920731,"[3.0999999999999988, 2.969999999999998]",0.02052915096282959,3.4899556636810303,1.749999999999997,"[-0.1440000000000002, 0.31899999999999984]",5921731,"[-1.4400000000000022, 3.1899999999999986]",0.021831682149101705,3.71138596534729,12.339999999999998,"[0.5409999999999999, 0.6929999999999998]",5922731,"[5.409999999999999, 6.929999999999998]",0.020739995732026943,3.52579927444458,8.459999999999999,"[0.566, 0.2799999999999999]",5923731,"[5.659999999999999, 2.799999999999999]",0.021211427800795612,3.605942726135254,MinimaxSolutionConcept,3.1824999999999988,2.8493014494784514,0.021078064161188462,0.0005003303644103498,3.5832709074020386,0.08505616194975958,COMPLETE
593,7.242499999999998,2025-06-12 22:38:54.946394,2025-06-12 22:38:59.307041,0 days 00:00:04.360647,48,0.818222550260442,0.03963194553671506,0.9828672475435484,0.0005250702898775406,196,5930735,7.242499999999998,1.828925572569863,0.5005,0.15803401532581524,190.0,4,9.549999999999999,"[0.6299999999999999, 0.32499999999999984]",5930735,"[6.299999999999999, 3.2499999999999982]",0.0195241978293971,3.709597587585449,8.369999999999997,"[0.568, 0.26899999999999985]",5931735,"[5.68, 2.6899999999999986]",0.020928862220362613,3.9764838218688965,4.859999999999998,"[0.2299999999999999, 0.2559999999999999]",5932735,"[2.299999999999999, 2.5599999999999987]",0.021770241386012027,4.136345863342285,6.189999999999998,"[0.574, 0.04499999999999983]",5933735,"[5.739999999999999, 0.4499999999999983]",0.021614451157419307,4.106745719909668,MinimaxSolutionConcept,5.004999999999999,1.5803401532581525,0.02095943814829776,0.00088703066361507,3.9822932481765747,0.16853582608686313,COMPLETE
594,5.784999999999998,2025-06-12 22:38:59.322373,2025-06-12 22:39:03.250636,0 days 00:00:03.928263,47,0.7926136592094662,0.04472033107585778,0.9144310633375367,0.00015701985273024248,177,5940739,5.784999999999998,3.723147190214216,0.3057499999999999,0.2009930036095784,170.0,4,4.579999999999997,"[0.05999999999999987, 0.3979999999999999]",5940739,"[0.5999999999999988, 3.979999999999999]",0.021520217727212344,3.6584370136260986,2.3099999999999974,"[0.4009999999999999, -0.17000000000000018]",5941739,"[4.009999999999999, -1.7000000000000017]",0.021178037980023552,3.600266456604004,12.06,"[0.5819999999999999, 0.6239999999999999]",5942739,"[5.8199999999999985, 6.239999999999998]",0.022014941888697008,3.742540121078491,4.189999999999998,"[0.17999999999999988, 0.23899999999999988]",5943739,"[1.799999999999999, 2.389999999999999]",0.021234788614160876,3.6099140644073486,MinimaxSolutionConcept,3.0574999999999988,2.0099300360957844,0.02148699655252345,0.00033124544077216966,3.6527894139289856,0.056311724931268826,COMPLETE
595,8.357499999999998,2025-06-12 22:39:03.266174,2025-06-12 22:39:08.126292,0 days 00:00:04.860118,49,0.6141996881943167,0.09074767432189111,0.9789096914488963,0.03146815298781011,209,5950743,8.357499999999998,3.0281708587858778,0.34899999999999987,0.12564433930742763,200.0,4,5.229999999999997,"[0.17899999999999985, 0.3439999999999998]",5950743,"[1.7899999999999985, 3.439999999999998]",0.022817484140396117,4.563496828079224,7.659999999999997,"[0.27999999999999986, 0.4859999999999999]",5951743,"[2.7999999999999985, 4.8599999999999985]",0.023342188596725464,4.668437719345093,13.359999999999998,"[0.48999999999999994, 0.8459999999999999]",5952743,"[4.8999999999999995, 8.459999999999999]",0.02176655888557434,4.353311777114868,7.179999999999998,"[0.4469999999999999, 0.27099999999999985]",5953743,"[4.469999999999999, 2.7099999999999986]",0.022096668481826783,4.4193336963653564,MinimaxSolutionConcept,3.489999999999999,1.2564433930742764,0.022505725026130678,0.0006145239804195082,4.501145005226135,0.1229047960839017,COMPLETE
596,7.214999999999998,2025-06-12 22:39:11.066746,2025-06-12 22:39:14.989597,0 days 00:00:03.922851,47,0.6664121979842828,0.09701782316457257,0.9427782969832934,0.0001413592650172589,165,5960751,7.214999999999998,2.8742520766279362,0.4967499999999998,0.1573362243731557,160.0,4,4.2399999999999975,"[0.5239999999999998, -0.1000000000000002]",5960751,"[5.239999999999998, -1.000000000000002]",0.022751405835151672,3.6402249336242676,11.969999999999999,"[0.7299999999999999, 0.4669999999999999]",5961751,"[7.299999999999999, 4.669999999999999]",0.021203570067882538,3.392571210861206,6.309999999999998,"[0.43699999999999994, 0.1939999999999999]",5962751,"[4.369999999999999, 1.939999999999999]",0.021852107346057893,3.4963371753692627,6.339999999999998,"[0.2959999999999999, 0.33799999999999986]",5963751,"[2.9599999999999986, 3.3799999999999986]",0.02328054904937744,3.7248878479003906,MinimaxSolutionConcept,4.9674999999999985,1.5733622437315573,0.022271908074617385,0.000800757995067108,3.5635052919387817,0.12812127921073735,COMPLETE
597,6.354999999999997,2025-06-12 22:39:15.005089,2025-06-12 22:39:18.985253,0 days 00:00:03.980164,50,0.9996959324115225,0.04786485378599637,0.9861307470516699,0.0030766613156167732,185,5970755,6.354999999999997,2.2301625501294753,0.3934999999999999,0.11407124966440937,180.0,4,8.12,"[0.3169999999999999, 0.49499999999999994]",5970755,"[3.169999999999999, 4.949999999999999]",0.019458366764916316,3.5025060176849365,8.089999999999998,"[0.53, 0.2789999999999998]",5971755,"[5.300000000000001, 2.7899999999999983]",0.021030108133951824,3.785419464111328,2.6499999999999964,"[0.477, -0.2120000000000002]",5972755,"[4.77, -2.120000000000002]",0.020347821712493896,3.6626079082489014,6.559999999999997,"[0.24999999999999983, 0.40599999999999986]",5973755,"[2.4999999999999982, 4.059999999999999]",0.01998581091562907,3.5974459648132324,MinimaxSolutionConcept,3.934999999999999,1.1407124966440938,0.020205526881747777,0.0005715560791152827,3.6369948387145996,0.10288009424075091,COMPLETE
598,7.754999999999998,2025-06-12 22:39:19.001388,2025-06-12 22:39:25.651910,0 days 00:00:06.650522,46,0.6413060441820978,0.10843834904086738,0.9130010290352968,0.0002020217772802054,273,5980759,7.754999999999998,0.8874823941915692,0.4837499999999999,0.05576008877324359,270.0,4,9.009999999999998,"[0.578, 0.32299999999999984]",5980759,"[5.779999999999999, 3.2299999999999986]",0.02347667305557816,6.3387017250061035,6.499999999999998,"[0.4579999999999999, 0.1919999999999999]",5981759,"[4.579999999999999, 1.919999999999999]",0.023945414578473125,6.465261936187744,7.769999999999998,"[0.46599999999999986, 0.31099999999999994]",5982759,"[4.659999999999998, 3.1099999999999994]",0.022826834078188297,6.16324520111084,7.739999999999998,"[0.43299999999999983, 0.34099999999999986]",5983759,"[4.329999999999998, 3.4099999999999984]",0.0218840342980844,5.908689260482788,MinimaxSolutionConcept,4.837499999999999,0.5576008877324357,0.023033239002580995,0.0007733001497255596,6.218974530696869,0.20879104042590133,COMPLETE
599,8.772499999999997,2025-06-12 22:39:25.667315,2025-06-12 22:39:29.817693,0 days 00:00:04.150378,49,0.5761267179555187,0.10001046474549168,0.9805604522349608,0.00017269154922429516,164,5990765,8.772499999999997,1.2464223802547838,0.5369999999999999,0.03507135583350037,160.0,4,8.959999999999997,"[0.5509999999999999, 0.34499999999999986]",5990765,"[5.51, 3.4499999999999984]",0.024171452224254607,3.8674323558807373,6.919999999999997,"[0.4789999999999999, 0.21299999999999986]",5991765,"[4.789999999999999, 2.1299999999999986]",0.02342924475669861,3.7486791610717773,8.779999999999998,"[0.5449999999999999, 0.33299999999999985]",5992765,"[5.449999999999999, 3.3299999999999983]",0.024751584231853484,3.9602534770965576,10.429999999999998,"[0.573, 0.46999999999999986]",5993765,"[5.7299999999999995, 4.699999999999998]",0.020133484899997712,3.221357583999634,MinimaxSolutionConcept,5.369999999999999,0.35071355833500384,0.023121441528201104,0.0017876321864127927,3.6994306445121765,0.2860211498260469,COMPLETE
600,8.694999999999997,2025-06-12 22:54:28.783285,2025-06-12 22:54:35.395470,0 days 00:00:06.612185,48,0.7247949111734464,0.030601693675438902,0.9179958109469859,0.00580700700904499,295,6001668,8.694999999999997,3.135677757678553,0.4667499999999999,0.1746244183955955,290.0,4,3.969999999999997,"[0.17799999999999988, 0.21899999999999992]",6001668,"[1.779999999999999, 2.189999999999999]",0.022120451927185057,6.414931058883667,7.889999999999999,"[0.4899999999999999, 0.2989999999999999]",6002668,"[4.899999999999999, 2.989999999999999]",0.020485419240491142,5.940771579742432,10.729999999999997,"[0.5619999999999998, 0.5109999999999999]",6003668,"[5.619999999999998, 5.109999999999999]",0.020482574660202552,5.93994665145874,12.189999999999998,"[0.6369999999999999, 0.582]",6004668,"[6.369999999999999, 5.819999999999999]",0.020488745590736126,5.941736221313477,MinimaxSolutionConcept,4.667499999999999,1.7462441839559553,0.02089429785465372,0.0007079237526602802,6.059346377849579,0.20529788827148132,COMPLETE
601,8.189999999999998,2025-06-12 22:54:38.234615,2025-06-12 22:54:42.364556,0 days 00:00:04.129941,50,0.6284175074451895,0.08841594820240316,0.9004775968722432,0.0001321802889463694,173,6011678,8.189999999999998,2.701064604928954,0.46824999999999994,0.07449286878621338,170.0,4,7.719999999999997,"[0.4999999999999999, 0.27199999999999985]",6011678,"[4.999999999999999, 2.7199999999999984]",0.023140863811268526,3.9339468479156494,10.649999999999999,"[0.475, 0.59]",6012678,"[4.75, 5.8999999999999995]",0.020358754606807934,3.4609882831573486,3.9599999999999964,"[0.34799999999999986, 0.047999999999999814]",6013678,"[3.4799999999999986, 0.47999999999999815]",0.02310773765339571,3.9283154010772705,10.43,"[0.5499999999999999, 0.493]",6014678,"[5.499999999999999, 4.93]",0.02191150468938491,3.7249557971954346,MinimaxSolutionConcept,4.682499999999999,0.7449286878621337,0.02212971519021427,0.0011360971220585108,3.762051582336426,0.1931365107499469,COMPLETE
602,7.134999999999998,2025-06-12 22:54:42.380218,2025-06-12 22:54:46.694538,0 days 00:00:04.314320,46,0.5905032000940313,0.09353108247294364,0.9606233556290287,0.02599738999392223,182,6021682,7.134999999999998,3.951110603362048,0.34499999999999986,0.2641817556153339,180.0,4,0.6199999999999969,"[-0.10300000000000016, 0.16499999999999987]",6021682,"[-1.0300000000000016, 1.6499999999999986]",0.022908618715074328,4.123551368713379,7.619999999999997,"[0.4169999999999998, 0.3449999999999999]",6022682,"[4.169999999999998, 3.4499999999999993]",0.021569180488586425,3.8824524879455566,9.259999999999998,"[0.4969999999999999, 0.42899999999999994]",6023682,"[4.969999999999999, 4.289999999999999]",0.02070096731185913,3.7261741161346436,11.039999999999997,"[0.569, 0.5349999999999999]",6024682,"[5.6899999999999995, 5.35]",0.022630321979522704,4.073457956314087,MinimaxSolutionConcept,3.449999999999999,2.641817556153339,0.021952272123760646,0.0008784750057407147,3.9514089822769165,0.15812550103332854,COMPLETE
603,7.314999999999998,2025-06-12 22:54:46.710101,2025-06-12 22:54:50.197425,0 days 00:00:03.487324,47,0.9093427165002694,0.03637499969120919,0.9845626362424722,0.00014612239929533458,159,6031686,7.314999999999998,1.5550321540083987,0.5159999999999999,0.18413581943771828,150.0,4,9.759999999999998,"[0.8299999999999998, 0.14599999999999985]",6031686,"[8.299999999999999, 1.4599999999999986]",0.021373658180236815,3.2060487270355225,5.4499999999999975,"[0.45199999999999996, 0.09299999999999983]",6032686,"[4.52, 0.9299999999999984]",0.02094747543334961,3.1421213150024414,7.179999999999998,"[0.41999999999999993, 0.2979999999999999]",6033686,"[4.199999999999999, 2.9799999999999986]",0.02199509143829346,3.2992637157440186,6.869999999999997,"[0.3619999999999999, 0.32499999999999984]",6034686,"[3.6199999999999988, 3.2499999999999982]",0.01960694154103597,2.9410412311553955,MinimaxSolutionConcept,5.159999999999998,1.841358194377183,0.020980791648228966,0.0008763164758386158,3.1471187472343445,0.13144747137579224,COMPLETE
604,4.109999999999998,2025-06-12 22:54:50.213054,2025-06-12 22:54:53.294710,0 days 00:00:03.081656,48,0.8385939390465386,0.15443404408104705,0.9355890530499366,0.00024214629774814355,127,6041690,4.109999999999998,1.3461612087710748,0.23024999999999984,0.1906900298914445,120.0,4,5.689999999999999,"[0.29299999999999987, 0.2759999999999999]",6041690,"[2.929999999999999, 2.759999999999999]",0.023450630903244018,2.8140757083892822,2.1799999999999966,"[-0.09100000000000019, 0.30899999999999983]",6042690,"[-0.9100000000000019, 3.089999999999998]",0.020155481497446694,2.4186577796936035,3.589999999999997,"[0.30999999999999994, 0.048999999999999884]",6043690,"[3.0999999999999996, 0.4899999999999988]",0.023884133497873942,2.866096019744873,4.979999999999997,"[0.4089999999999998, 0.08899999999999987]",6044690,"[4.089999999999998, 0.8899999999999987]",0.021327569087346395,2.5593082904815674,MinimaxSolutionConcept,2.3024999999999984,1.9069002989144452,0.022204453746477764,0.0015281930143159052,2.6645344495773315,0.18338316171790855,COMPLETE
605,3.9174999999999973,2025-06-12 22:54:53.311247,2025-06-12 22:54:57.898543,0 days 00:00:04.587296,48,0.658965278620031,0.11191411552095902,0.9240342815298372,0.03910210556403313,193,6051693,3.9174999999999973,3.1789965004699203,0.24599999999999989,0.27445946877453514,190.0,4,6.119999999999997,"[0.6699999999999999, -0.05800000000000018]",6051693,"[6.699999999999999, -0.5800000000000018]",0.02226221937882273,4.229821681976318,2.7099999999999973,"[0.20599999999999988, 0.06499999999999984]",6052693,"[2.0599999999999987, 0.6499999999999984]",0.023173298333820543,4.402926683425903,-0.6800000000000033,"[-0.09800000000000017, 0.029999999999999843]",6053693,"[-0.9800000000000018, 0.29999999999999843]",0.021949155707108346,4.170339584350586,7.519999999999998,"[0.2059999999999999, 0.5459999999999999]",6054693,"[2.059999999999999, 5.459999999999999]",0.022327610066062525,4.24224591255188,MinimaxSolutionConcept,2.4599999999999986,2.744594687745351,0.022428070871453536,0.0004534100782772219,4.261333465576172,0.0861479148726722,COMPLETE
606,7.407499999999997,2025-06-12 22:55:00.805920,2025-06-12 22:55:08.051507,0 days 00:00:07.245587,49,0.8790826971134712,0.054312587898851475,0.9790070234936354,0.01620396393150753,341,6061700,7.407499999999997,1.318832343400783,0.4559999999999999,0.16655779777602728,340.0,4,6.869999999999997,"[0.5989999999999999, 0.08799999999999988]",6061700,"[5.989999999999998, 0.8799999999999988]",0.02076575896319221,7.060358047485352,8.989999999999998,"[0.6159999999999999, 0.2829999999999998]",6062700,"[6.159999999999998, 2.8299999999999983]",0.02013760945376228,6.846787214279175,5.539999999999997,"[0.40199999999999986, 0.15199999999999986]",6063700,"[4.019999999999999, 1.5199999999999987]",0.019857450092540068,6.751533031463623,8.229999999999997,"[0.2069999999999999, 0.6159999999999999]",6064700,"[2.069999999999999, 6.159999999999998]",0.019816956099341896,6.737765073776245,MinimaxSolutionConcept,4.559999999999999,1.6655779777602726,0.02014444365220911,0.0003793721202542761,6.849110841751099,0.12898652088645401,COMPLETE
607,8.677499999999998,2025-06-12 22:55:08.067111,2025-06-12 22:55:10.942671,0 days 00:00:02.875560,47,0.6097713545609607,0.08742770309198888,0.9825360563720479,0.00010123460864557116,112,6071708,8.677499999999998,2.5501997470786484,0.42724999999999996,0.20767808622962608,110.0,4,10.09,"[0.577, 0.43199999999999983]",6071708,"[5.77, 4.3199999999999985]",0.022552052411166104,2.4807257652282715,9.679999999999998,"[0.4999999999999999, 0.46799999999999986]",6072708,"[4.999999999999999, 4.679999999999999]",0.02166357473893599,2.382993221282959,10.639999999999997,"[0.5609999999999999, 0.5029999999999999]",6073708,"[5.609999999999999, 5.029999999999999]",0.02212201248515736,2.4334213733673096,4.299999999999997,"[0.07099999999999987, 0.3589999999999998]",6074708,"[0.7099999999999986, 3.589999999999998]",0.02438405860554088,2.682246446609497,MinimaxSolutionConcept,4.272499999999999,2.076780862296261,0.022680424560200082,0.0010325521746684515,2.4948467016220093,0.1135807392135297,COMPLETE
608,8.089999999999996,2025-06-12 22:55:10.958606,2025-06-12 22:55:16.612417,0 days 00:00:05.653811,50,0.6384714251366741,0.09290433590060167,0.9631603736207863,0.00015743898286230088,243,6081711,8.089999999999996,3.451050564683166,0.43374999999999997,0.26852316008121174,240.0,4,9.929999999999998,"[0.41899999999999993, 0.574]",6081711,"[4.1899999999999995, 5.739999999999999]",0.021494579315185548,5.158699035644531,9.949999999999998,"[0.7530000000000001, 0.24199999999999985]",6082711,"[7.530000000000001, 2.4199999999999986]",0.02206571896870931,5.295772552490234,2.1199999999999974,"[0.016999999999999856, 0.19499999999999984]",6083711,"[0.16999999999999854, 1.9499999999999984]",0.02225502928098043,5.341207027435303,10.359999999999996,"[0.5459999999999999, 0.4899999999999999]",6084711,"[5.459999999999999, 4.899999999999999]",0.02281690537929535,5.476057291030884,MinimaxSolutionConcept,4.3374999999999995,2.685231600812117,0.02215805823604266,0.00047228533759845133,5.317933976650238,0.11334848102362824,COMPLETE
609,6.702499999999997,2025-06-12 22:55:16.628017,2025-06-12 22:55:20.791897,0 days 00:00:04.163880,49,0.6770599834286838,0.10414447671923618,0.9711458254337474,0.0005910272105708019,172,6091716,6.702499999999997,3.0237755786433627,0.28949999999999987,0.17461457556572993,170.0,4,4.029999999999997,"[0.25199999999999984, 0.15099999999999986]",6091716,"[2.5199999999999982, 1.5099999999999985]",0.021682486814611098,3.6860227584838867,3.419999999999996,"[0.019999999999999858, 0.3219999999999998]",6092716,"[0.19999999999999857, 3.219999999999998]",0.023386733672198127,3.9757447242736816,8.999999999999996,"[0.4629999999999999, 0.43699999999999994]",6093716,"[4.629999999999999, 4.369999999999999]",0.02061307149774888,3.5042221546173096,10.359999999999998,"[0.4229999999999999, 0.6129999999999999]",6094716,"[4.229999999999999, 6.129999999999999]",0.02072339478661032,3.522977113723755,MinimaxSolutionConcept,2.8949999999999987,1.7461457556572992,0.021601421692792108,0.0011114942390547185,3.672241687774658,0.18895402063930214,COMPLETE
610,6.274999999999999,2025-06-12 22:55:20.807562,2025-06-12 22:55:24.241267,0 days 00:00:03.433705,46,0.8856139897344375,0.09718896038324917,0.9738272552909183,0.00019263731182616098,162,6101720,6.274999999999999,0.2864873470155361,0.3447499999999999,0.062395412491624724,160.0,4,6.2399999999999975,"[0.4349999999999999, 0.18899999999999992]",6101720,"[4.349999999999999, 1.8899999999999992]",0.0199611097574234,3.193777561187744,6.719999999999999,"[0.2649999999999999, 0.40699999999999986]",6102720,"[2.649999999999999, 4.0699999999999985]",0.019513021409511565,3.1220834255218506,6.219999999999998,"[0.3169999999999999, 0.3049999999999999]",6103720,"[3.169999999999999, 3.049999999999999]",0.020273859798908233,3.2438175678253174,5.919999999999998,"[0.3619999999999999, 0.2299999999999999]",6104720,"[3.6199999999999988, 2.299999999999999]",0.01923583447933197,3.0777335166931152,MinimaxSolutionConcept,3.4474999999999993,0.6239541249162472,0.019745956361293792,0.0003998299793441291,3.159353017807007,0.0639727966950607,COMPLETE
611,8.307499999999997,2025-06-12 22:55:27.148414,2025-06-12 22:55:35.588577,0 days 00:00:08.440163,45,0.9507463470356233,0.13851145649790686,0.9106954466358852,0.00013444165243481257,437,6111727,8.307499999999997,2.3445508631718788,0.4427499999999999,0.21565525150109385,430.0,4,10.349999999999998,"[0.5209999999999999, 0.5139999999999999]",6111727,"[5.209999999999999, 5.139999999999999]",0.017783998888592386,7.647119522094727,10.529999999999998,"[0.7550000000000001, 0.2979999999999999]",6112727,"[7.550000000000001, 2.9799999999999986]",0.018232086092926734,7.839797019958496,7.549999999999997,"[0.3029999999999998, 0.45199999999999985]",6113727,"[3.0299999999999985, 4.519999999999999]",0.019187910057777584,8.25080132484436,4.799999999999997,"[0.1919999999999999, 0.2879999999999999]",6114727,"[1.919999999999999, 2.879999999999999]",0.01833527365396189,7.884167671203613,MinimaxSolutionConcept,4.427499999999999,2.1565525150109384,0.01838481717331465,0.0005078686187287801,7.905471384525299,0.21838350605337495,COMPLETE
612,8.867499999999998,2025-06-12 22:55:35.603652,2025-06-12 22:55:39.291774,0 days 00:00:03.688122,48,0.6243030297316061,0.1208664683182296,0.980931038326577,0.00010073622437816783,154,6121735,8.867499999999998,2.744698298538475,0.4034999999999999,0.19159658138912608,150.0,4,8.739999999999997,"[0.2049999999999999, 0.6689999999999998]",6121735,"[2.049999999999999, 6.689999999999998]",0.02280974864959717,3.421462297439575,6.939999999999998,"[0.3869999999999999, 0.30699999999999983]",6122735,"[3.869999999999999, 3.0699999999999985]",0.022143845558166505,3.3215768337249756,13.379999999999997,"[0.716, 0.6219999999999999]",6123735,"[7.16, 6.219999999999999]",0.022268880208333335,3.34033203125,6.4099999999999975,"[0.3059999999999999, 0.3349999999999999]",6124735,"[3.0599999999999987, 3.349999999999999]",0.02267414887746175,3.4011223316192627,MinimaxSolutionConcept,4.034999999999999,1.915965813891261,0.02247415582338969,0.0002756187203944832,3.3711233735084534,0.04134280805917253,COMPLETE
613,7.067499999999997,2025-06-12 22:55:39.307357,2025-06-12 22:55:46.216400,0 days 00:00:06.909043,50,0.8715680812965535,0.059072524395702486,0.9775904925730784,0.00012438171158748546,318,6131739,7.067499999999997,3.6885727253234415,0.3684999999999998,0.2118590333216878,310.0,4,11.539999999999997,"[0.5599999999999998, 0.594]",6131739,"[5.599999999999998, 5.9399999999999995]",0.01989508290444651,6.167475700378418,1.849999999999997,"[0.020999999999999817, 0.16399999999999984]",6132739,"[0.2099999999999982, 1.6399999999999983]",0.02166404108847341,6.715852737426758,9.299999999999997,"[0.5169999999999999, 0.4129999999999999]",6133739,"[5.169999999999999, 4.129999999999999]",0.02056482914955385,6.375097036361694,5.579999999999998,"[0.37599999999999983, 0.18199999999999986]",6134739,"[3.7599999999999985, 1.8199999999999985]",0.02094753557635892,6.493736028671265,MinimaxSolutionConcept,3.6849999999999983,2.1185903332168774,0.02076787217970817,0.0006399971172278026,6.438040375709534,0.1983991063406188,COMPLETE
614,6.567499999999997,2025-06-12 22:55:46.231998,2025-06-12 22:55:49.739628,0 days 00:00:03.507630,46,0.6465611735011368,0.07377184907977312,0.9158515755998936,0.00016969378187092654,141,6141746,6.567499999999997,2.0925388287914757,0.3459999999999999,0.03906404996924923,140.0,4,5.309999999999997,"[0.3279999999999999, 0.20299999999999985]",6141746,"[3.279999999999999, 2.0299999999999985]",0.023276235376085554,3.2586729526519775,5.469999999999998,"[0.3019999999999999, 0.24499999999999994]",6142746,"[3.0199999999999987, 2.4499999999999993]",0.021656136853354317,3.0318591594696045,5.299999999999998,"[0.346, 0.18399999999999986]",6143746,"[3.46, 1.8399999999999985]",0.023145648411342076,3.2403907775878906,10.189999999999998,"[0.4079999999999999, 0.611]",6144746,"[4.079999999999999, 6.109999999999999]",0.022026254449571882,3.0836756229400635,MinimaxSolutionConcept,3.459999999999999,0.39064049969249237,0.022526068772588455,0.0006987890889523369,3.153649628162384,0.0978304724533271,COMPLETE
615,6.672499999999998,2025-06-12 22:55:49.754873,2025-06-12 22:55:57.857859,0 days 00:00:08.102986,47,0.9016904263264738,0.08807195252731193,0.9487665474741056,0.0005022293238463241,404,6151749,6.672499999999998,1.6729072747764597,0.35174999999999984,0.10808185555401982,400.0,4,8.479999999999999,"[0.3979999999999998, 0.4499999999999999]",6151749,"[3.9799999999999978, 4.499999999999999]",0.01902598559856415,7.610394239425659,8.19,"[0.481, 0.33799999999999986]",6152749,"[4.81, 3.3799999999999986]",0.019074763059616088,7.6299052238464355,4.789999999999997,"[0.34299999999999986, 0.13599999999999984]",6153749,"[3.429999999999999, 1.3599999999999985]",0.018405041694641112,7.362016677856445,5.229999999999999,"[0.1849999999999999, 0.3379999999999999]",6154749,"[1.8499999999999988, 3.379999999999999]",0.019721085429191588,7.888434171676636,MinimaxSolutionConcept,3.5174999999999983,1.0808185555401981,0.019056718945503235,0.0004656544299713673,7.622687578201294,0.18626177198854704,COMPLETE
616,7.274999999999998,2025-06-12 22:56:00.805942,2025-06-12 22:56:04.714421,0 days 00:00:03.908479,40,0.619753302851617,0.04481849308247002,0.9862969222583415,0.0001175659309642202,182,6161760,7.274999999999998,2.449392781895137,0.3897499999999999,0.1451126717416505,180.0,4,8.579999999999997,"[0.3319999999999999, 0.5259999999999999]",6161760,"[3.319999999999999, 5.259999999999999]",0.019651142756144206,3.537205696105957,4.3199999999999985,"[0.19299999999999992, 0.23899999999999993]",6162760,"[1.9299999999999993, 2.3899999999999992]",0.020670918623606364,3.7207653522491455,10.569999999999999,"[0.587, 0.4699999999999999]",6163760,"[5.869999999999999, 4.699999999999999]",0.01834567387898763,3.3022212982177734,5.629999999999998,"[0.4469999999999999, 0.11599999999999991]",6164760,"[4.469999999999999, 1.159999999999999]",0.019193686379326714,3.4548635482788086,MinimaxSolutionConcept,3.897499999999999,1.4511267174165046,0.019465355409516227,0.0008389562552817313,3.503763973712921,0.1510121259507115,COMPLETE
617,6.769999999999998,2025-06-12 22:56:04.729595,2025-06-12 22:56:08.243531,0 days 00:00:03.513936,49,0.9228272112657814,0.10019040213619301,0.9666542533566228,0.0007083143398540051,169,6171764,6.769999999999998,2.255327027284514,0.15549999999999986,0.1347228636869036,160.0,4,3.4399999999999973,"[0.1979999999999999, 0.14599999999999985]",6171764,"[1.979999999999999, 1.4599999999999986]",0.020500436425209045,3.2800698280334473,7.1999999999999975,"[-0.0630000000000002, 0.7829999999999999]",6172764,"[-0.6300000000000019, 7.829999999999999]",0.020809029042720795,3.329444646835327,9.78,"[0.3049999999999999, 0.6729999999999998]",6173764,"[3.049999999999999, 6.729999999999999]",0.019823311269283293,3.171729803085327,6.6599999999999975,"[0.18199999999999988, 0.4839999999999999]",6174764,"[1.819999999999999, 4.839999999999999]",0.02050628364086151,3.281005382537842,MinimaxSolutionConcept,1.5549999999999988,1.3472286368690358,0.02040976509451866,0.0003608590131424091,3.265562415122986,0.05773744210278535,COMPLETE
618,7.599999999999999,2025-06-12 22:56:08.258749,2025-06-12 22:56:11.312249,0 days 00:00:03.053500,37,0.5526694257880527,0.08100225853270467,0.9837128141684032,0.012492482086609453,155,6181768,7.599999999999999,1.152822622956368,0.29149999999999987,0.23409453218731957,150.0,4,5.759999999999998,"[0.03699999999999988, 0.5389999999999999]",6181768,"[0.3699999999999988, 5.389999999999999]",0.018769431114196777,2.8154146671295166,8.939999999999998,"[0.6399999999999999, 0.25399999999999984]",6182768,"[6.399999999999999, 2.5399999999999983]",0.01853754997253418,2.780632495880127,7.779999999999999,"[0.12499999999999989, 0.6529999999999999]",6183768,"[1.249999999999999, 6.529999999999999]",0.019148990313212075,2.8723485469818115,7.919999999999999,"[0.3639999999999999, 0.42799999999999994]",6184768,"[3.639999999999999, 4.279999999999999]",0.018873408635457358,2.8310112953186035,MinimaxSolutionConcept,2.9149999999999987,2.3409453218731957,0.018832345008850098,0.00021955223853424002,2.8248517513275146,0.032932835780136005,COMPLETE
619,7.587499999999999,2025-06-12 22:56:11.327483,2025-06-12 22:56:16.689936,0 days 00:00:05.362453,49,0.6000301194206631,0.06645105295041856,0.9213867496564269,0.08649210606779958,224,6191771,7.587499999999999,3.10312241943498,0.3339999999999999,0.1344897765631277,220.0,4,8.339999999999998,"[0.39699999999999985, 0.43699999999999983]",6191771,"[3.9699999999999984, 4.369999999999998]",0.02164523168043657,4.761950969696045,7.089999999999998,"[0.28099999999999986, 0.42799999999999977]",6192771,"[2.8099999999999987, 4.279999999999998]",0.02352033311670477,5.174473285675049,11.799999999999999,"[0.5099999999999999, 0.6699999999999999]",6193771,"[5.099999999999999, 6.699999999999999]",0.02262135527350686,4.976698160171509,3.1199999999999966,"[0.14799999999999985, 0.16399999999999987]",6194771,"[1.4799999999999986, 1.6399999999999988]",0.02358129999854348,5.187885999679565,MinimaxSolutionConcept,3.3399999999999985,1.3448977656312764,0.02284205501729792,0.0007886125155925904,5.025252103805542,0.17349475343036988,COMPLETE
620,7.089999999999998,2025-06-12 22:56:16.708190,2025-06-12 22:56:19.536843,0 days 00:00:02.828653,47,0.8492396365116381,0.09077297955355618,0.9075503167582253,0.00014809610281776096,120,6201776,7.089999999999998,2.8860440052085146,0.28949999999999987,0.3082486820734195,120.0,4,2.8699999999999966,"[-0.1790000000000002, 0.4659999999999999]",6201776,"[-1.7900000000000018, 4.659999999999999]",0.022094406684239707,2.6513288021087646,6.779999999999998,"[0.3299999999999999, 0.34799999999999986]",6202776,"[3.299999999999999, 3.4799999999999986]",0.018291292587916057,2.1949551105499268,7.749999999999996,"[0.31999999999999984, 0.4549999999999999]",6203776,"[3.1999999999999984, 4.549999999999999]",0.021034383773803712,2.5241260528564453,10.959999999999999,"[0.687, 0.4089999999999999]",6204776,"[6.870000000000001, 4.089999999999999]",0.02079098622004191,2.4949183464050293,MinimaxSolutionConcept,2.894999999999999,3.0824868207341947,0.020552767316500346,0.0013945987367464513,2.4663320779800415,0.16735184840957412,COMPLETE
621,9.382499999999997,2025-06-12 22:56:22.442404,2025-06-12 22:56:26.408282,0 days 00:00:03.965878,48,0.8890787957199952,0.1281736735235317,0.9880316638472311,0.00021051397546083763,189,6211782,9.382499999999997,3.1830125274651366,0.48749999999999993,0.25483376934778484,180.0,4,7.599999999999998,"[0.578, 0.18199999999999988]",6211782,"[5.779999999999999, 1.819999999999999]",0.02083295716179742,3.749932289123535,11.569999999999997,"[0.7019999999999997, 0.4549999999999999]",6212782,"[7.019999999999998, 4.549999999999999]",0.02013985580868191,3.625174045562744,5.149999999999998,"[0.052999999999999846, 0.4619999999999999]",6213782,"[0.5299999999999985, 4.619999999999999]",0.020682795842488607,3.722903251647949,13.209999999999997,"[0.6169999999999999, 0.704]",6214782,"[6.169999999999999, 7.039999999999999]",0.019173835383521187,3.4512903690338135,MinimaxSolutionConcept,4.874999999999998,2.5483376934778486,0.020207361049122283,0.0006500271144115106,3.6373249888420105,0.11700488059407195,COMPLETE
622,7.722499999999998,2025-06-12 22:56:26.423915,2025-06-12 22:56:30.453243,0 days 00:00:04.029328,45,0.6319994141390537,0.08458294581895759,0.9755421281906678,0.0002559050766515024,177,6221786,7.722499999999998,2.0661361886381067,0.46324999999999994,0.12810030249769125,170.0,4,6.339999999999998,"[0.3179999999999999, 0.31599999999999984]",6221786,"[3.179999999999999, 3.1599999999999984]",0.0215819330776439,3.668928623199463,5.119999999999997,"[0.35399999999999987, 0.15799999999999986]",6222786,"[3.5399999999999987, 1.5799999999999987]",0.021206944129046272,3.605180501937866,9.239999999999998,"[0.58, 0.3439999999999999]",6223786,"[5.8, 3.439999999999999]",0.022591314596288343,3.8405234813690186,10.189999999999998,"[0.6009999999999999, 0.41799999999999987]",6224786,"[6.009999999999999, 4.179999999999999]",0.02163859255173627,3.678560733795166,MinimaxSolutionConcept,4.6324999999999985,1.2810030249769127,0.021754696088678693,0.0005107077994872665,3.6982983350753784,0.08682032591283541,COMPLETE
623,4.469999999999997,2025-06-12 22:56:30.468620,2025-06-12 22:56:39.033481,0 days 00:00:08.564861,50,0.8708388295748942,0.040091659353170196,0.9794803819293062,0.00012792551432841374,376,6231790,4.469999999999997,4.9842602259512905,0.16874999999999984,0.28934008968685965,370.0,4,-2.2100000000000044,"[-0.2240000000000002, 0.002999999999999797]",6231790,"[-2.240000000000002, 0.029999999999997973]",0.022572904664116936,8.351974725723267,7.539999999999997,"[0.13099999999999984, 0.6229999999999999]",6232790,"[1.3099999999999983, 6.229999999999999]",0.020188147957260545,7.469614744186401,1.8699999999999966,"[0.17599999999999985, 0.01099999999999982]",6233790,"[1.7599999999999985, 0.10999999999999821]",0.02200478798634297,8.1417715549469,10.68,"[0.5919999999999999, 0.47599999999999987]",6234790,"[5.919999999999998, 4.759999999999999]",0.019349444234693373,7.159294366836548,MinimaxSolutionConcept,1.6874999999999982,2.893400896868597,0.021028821210603454,0.0013099373462941415,7.780663847923279,0.4846768181288325,COMPLETE
624,6.077499999999998,2025-06-12 22:56:39.049582,2025-06-12 22:56:44.025920,0 days 00:00:04.976338,48,0.6532913754702959,0.14628373640870768,0.9198277432435195,0.0001852547688555305,202,6241799,6.077499999999998,3.5474876673499525,0.2772499999999999,0.13475231908950588,200.0,4,5.959999999999999,"[0.2939999999999999, 0.3019999999999999]",6241799,"[2.9399999999999986, 3.0199999999999987]",0.02217917561531067,4.435835123062134,11.79,"[0.49099999999999994, 0.688]",6242799,"[4.909999999999999, 6.879999999999999]",0.018775384426116943,3.7550768852233887,2.269999999999997,"[0.15499999999999986, 0.07199999999999984]",6243799,"[1.5499999999999985, 0.7199999999999984]",0.023733917474746704,4.746783494949341,4.2899999999999965,"[0.16899999999999982, 0.2599999999999999]",6244799,"[1.6899999999999982, 2.5999999999999988]",0.022762099504470824,4.552419900894165,MinimaxSolutionConcept,2.7724999999999986,1.347523190895059,0.021862644255161285,0.0018669526347658758,4.372528851032257,0.37339052695317515,COMPLETE
625,6.852499999999998,2025-06-12 22:56:44.047970,2025-06-12 22:56:47.420598,0 days 00:00:03.372628,46,0.6084482641580556,0.09529690433927329,0.9134114983744125,0.00016458921669285678,147,6251804,6.852499999999998,0.9532936326232333,0.40249999999999997,0.11464183355128268,140.0,4,5.229999999999998,"[0.5519999999999999, -0.029000000000000154]",6251804,"[5.52, -0.29000000000000153]",0.020198183400290354,2.8277456760406494,7.639999999999999,"[0.4039999999999999, 0.3599999999999999]",6252804,"[4.039999999999999, 3.5999999999999988]",0.020269896302904402,2.837785482406616,7.399999999999997,"[0.42400000000000004, 0.31599999999999984]",6253804,"[4.24, 3.1599999999999984]",0.021951964923313687,3.073275089263916,7.139999999999997,"[0.2299999999999999, 0.4839999999999999]",6254804,"[2.299999999999999, 4.839999999999999]",0.02260080405644008,3.1641125679016113,MinimaxSolutionConcept,4.0249999999999995,1.1464183355128268,0.021255212170737132,0.001046928734686346,2.9757297039031982,0.14657002285608853,COMPLETE
626,6.969999999999998,2025-06-12 22:56:50.427995,2025-06-12 22:56:54.267851,0 days 00:00:03.839856,49,0.8802582544022124,0.07704552040868136,0.9691074119380431,0.00012708553399043548,161,6261810,6.969999999999998,3.626575519687962,0.24449999999999983,0.14520588831035744,160.0,4,2.969999999999997,"[0.08499999999999985, 0.21199999999999988]",6261810,"[0.8499999999999985, 2.1199999999999988]",0.02182607352733612,3.4921717643737793,4.1199999999999966,"[0.12699999999999984, 0.2849999999999998]",6262810,"[1.2699999999999982, 2.849999999999998]",0.022782576084136964,3.645212173461914,8.809999999999997,"[0.32499999999999984, 0.5559999999999999]",6263810,"[3.2499999999999982, 5.56]",0.020617017149925233,3.298722743988037,11.98,"[0.44099999999999984, 0.757]",6264810,"[4.409999999999998, 7.57]",0.021969103813171388,3.515056610107422,MinimaxSolutionConcept,2.4449999999999985,1.4520588831035743,0.021798692643642426,0.0007736558143682525,3.487790822982788,0.12378493029892043,COMPLETE
627,6.122499999999997,2025-06-12 22:56:54.283100,2025-06-12 22:56:57.183444,0 days 00:00:02.900344,41,0.8137548705153664,0.03397720255014116,0.9729040754837325,0.00011447816747763109,136,6271814,6.122499999999997,2.915513462496786,0.2904999999999999,0.20637405360170646,130.0,4,8.899999999999999,"[0.3909999999999999, 0.49899999999999994]",6271814,"[3.9099999999999993, 4.989999999999999]",0.019014560259305514,2.471892833709717,9.169999999999996,"[0.3599999999999999, 0.5569999999999998]",6272814,"[3.5999999999999988, 5.5699999999999985]",0.020412318523113544,2.6536014080047607,3.339999999999998,"[0.4709999999999999, -0.13700000000000015]",6273814,"[4.709999999999999, -1.3700000000000014]",0.02046822767991286,2.660869598388672,3.079999999999998,"[-0.060000000000000143, 0.36799999999999994]",6274814,"[-0.6000000000000014, 3.6799999999999993]",0.020824830348675067,2.707227945327759,MinimaxSolutionConcept,2.904999999999999,2.0637405360170646,0.020179984202751747,0.000691213255517759,2.623397946357727,0.08985772321730871,COMPLETE
628,7.214999999999998,2025-06-12 22:56:57.199107,2025-06-12 22:57:01.039127,0 days 00:00:03.840020,44,0.801254289964453,0.08938179472991155,0.9774575121717624,0.00014296788950495488,170,6281817,7.214999999999998,2.888879540583166,0.23624999999999985,0.33486368495254903,170.0,4,6.669999999999998,"[0.563, 0.1039999999999999]",6281817,"[5.629999999999999, 1.039999999999999]",0.01826963144190171,3.105837345123291,2.7099999999999973,"[-0.2990000000000002, 0.57]",6282817,"[-2.990000000000002, 5.699999999999999]",0.02144911148968865,3.6463489532470703,9.879999999999999,"[0.46999999999999986, 0.5179999999999999]",6283817,"[4.699999999999998, 5.179999999999999]",0.020399054358987246,3.467839241027832,9.6,"[0.21099999999999985, 0.749]",6284817,"[2.1099999999999985, 7.49]",0.019736447053797106,3.355195999145508,MinimaxSolutionConcept,2.3624999999999985,3.3486368495254903,0.01996356108609368,0.0011529844768572418,3.3938053846359253,0.196007361065731,COMPLETE
629,3.9124999999999974,2025-06-12 22:57:01.055119,2025-06-12 22:57:08.699316,0 days 00:00:07.644197,47,0.9348270145333825,0.027842960073870868,0.9823438619651105,0.0001118666884316536,358,6291821,3.9124999999999974,2.2412872975145333,0.2802499999999999,0.06955708087606897,350.0,4,5.919999999999997,"[0.24099999999999988, 0.35099999999999987]",6291821,"[2.409999999999999, 3.509999999999999]",0.021121315274919783,7.392460346221924,0.2499999999999969,"[0.19999999999999987, -0.1750000000000002]",6292821,"[1.9999999999999987, -1.7500000000000022]",0.019039762360709055,6.663916826248169,5.539999999999997,"[0.3859999999999999, 0.16799999999999987]",6293821,"[3.859999999999999, 1.6799999999999988]",0.019175968851361955,6.711589097976685,3.9399999999999973,"[0.2939999999999998, 0.0999999999999999]",6294821,"[2.939999999999998, 0.9999999999999989]",0.021195792470659527,7.418527364730835,MinimaxSolutionConcept,2.8024999999999984,0.6955708087606898,0.02013320973941258,0.0010268120443627643,7.046623408794403,0.3593842155269676,COMPLETE
630,5.587499999999998,2025-06-12 22:57:08.721527,2025-06-12 22:57:12.090204,0 days 00:00:03.368677,45,0.8619060553439768,0.05098369520003733,0.9274720576136428,0.00017351510656609027,153,6301828,5.587499999999998,1.0275304131752014,0.3449999999999998,0.0597034337370976,150.0,4,4.089999999999998,"[0.32299999999999984, 0.08599999999999988]",6301828,"[3.2299999999999986, 0.8599999999999988]",0.02039302349090576,3.0589535236358643,6.109999999999997,"[0.2699999999999998, 0.34099999999999986]",6302828,"[2.699999999999998, 3.4099999999999984]",0.02104804515838623,3.1572067737579346,6.8599999999999985,"[0.35199999999999976, 0.3339999999999999]",6303828,"[3.519999999999998, 3.339999999999999]",0.021121657689412435,3.1682486534118652,5.2899999999999965,"[0.4349999999999999, 0.09399999999999989]",6304828,"[4.349999999999999, 0.9399999999999988]",0.02096548875172933,3.1448233127593994,MinimaxSolutionConcept,3.4499999999999984,0.5970343373709759,0.02088205377260844,0.00028769566787812095,3.132308065891266,0.043154350181718065,COMPLETE
631,6.384999999999998,2025-06-12 22:57:15.100238,2025-06-12 22:57:18.863354,0 days 00:00:03.763116,48,0.9787521189320065,0.08606684378338102,0.9753889265889577,0.0004125099740233235,179,6311835,6.384999999999998,0.6951438700010228,0.28049999999999986,0.1587978274410579,170.0,4,6.139999999999999,"[0.46899999999999975, 0.14499999999999985]",6311835,"[4.689999999999998, 1.4499999999999984]",0.019823862524593578,3.370056629180908,7.549999999999997,"[0.3189999999999999, 0.43599999999999994]",6312835,"[3.189999999999999, 4.359999999999999]",0.02084350726183723,3.543396234512329,6.139999999999999,"[0.3049999999999999, 0.30899999999999994]",6313835,"[3.049999999999999, 3.0899999999999994]",0.018954999306622672,3.2223498821258545,5.709999999999999,"[0.02899999999999982, 0.5419999999999998]",6314835,"[0.2899999999999982, 5.419999999999998]",0.017824456271003274,3.0301575660705566,MinimaxSolutionConcept,2.8049999999999984,1.5879782744105788,0.01936170634101419,0.0011110660080014129,3.291490077972412,0.18888122136024016,COMPLETE
632,6.492499999999997,2025-06-12 22:57:18.879061,2025-06-12 22:57:22.832115,0 days 00:00:03.953054,50,0.5938632176563412,0.09263098788705164,0.9171108317299659,0.0010233093621878958,166,6321838,6.492499999999997,3.2172843750591893,0.32799999999999985,0.1503662196106559,160.0,4,9.229999999999997,"[0.4219999999999999, 0.5009999999999999]",6321838,"[4.219999999999999, 5.009999999999999]",0.02228187769651413,3.5651004314422607,2.609999999999997,"[0.24399999999999986, 0.016999999999999838]",6322838,"[2.4399999999999986, 0.16999999999999837]",0.02323259860277176,3.7172157764434814,10.079999999999997,"[0.5159999999999999, 0.4919999999999999]",6323838,"[5.159999999999999, 4.919999999999999]",0.021454843878746032,3.4327750205993652,4.049999999999997,"[0.12999999999999984, 0.2749999999999999]",6324838,"[1.2999999999999985, 2.749999999999999]",0.023514914512634277,3.7623863220214844,MinimaxSolutionConcept,3.279999999999999,1.5036621961065593,0.02262105867266655,0.0008136430465659188,3.619369387626648,0.13018288745054699,COMPLETE
633,8.812499999999998,2025-06-12 22:57:22.847565,2025-06-12 22:57:26.419553,0 days 00:00:03.571988,49,0.6379660674819791,0.09710845248016456,0.9809079750956611,0.04434127124893958,141,6331842,8.812499999999998,3.5994122784143525,0.31324999999999986,0.21068267014636025,140.0,4,14.509999999999998,"[0.633, 0.818]",6331842,"[6.33, 8.18]",0.0223288927759443,3.126044988632202,7.3599999999999985,"[0.04099999999999983, 0.695]",6332842,"[0.40999999999999825, 6.949999999999999]",0.022388402053288053,3.134376287460327,8.719999999999999,"[0.2949999999999998, 0.577]",6333842,"[2.9499999999999984, 5.77]",0.02341550588607788,3.2781708240509033,4.6599999999999975,"[0.28399999999999986, 0.18199999999999986]",6334842,"[2.8399999999999985, 1.8199999999999985]",0.024049816812787738,3.366974353790283,MinimaxSolutionConcept,3.132499999999999,2.106826701463602,0.023045654382024494,0.0007229903432942642,3.226391613483429,0.101218648061197,COMPLETE
634,5.712499999999998,2025-06-12 22:57:26.434651,2025-06-12 22:57:29.348741,0 days 00:00:02.914090,48,0.6804801658282713,0.10198212095613793,0.9704738402969347,0.00020300505528211767,129,6341846,5.712499999999998,2.8446122319219547,0.34649999999999986,0.1500808115649699,120.0,4,4.4499999999999975,"[0.14799999999999985, 0.2969999999999998]",6341846,"[1.4799999999999986, 2.969999999999998]",0.0224625825881958,2.695509910583496,3.1099999999999968,"[0.26299999999999985, 0.04799999999999985]",6342846,"[2.6299999999999986, 0.4799999999999985]",0.022799871365229287,2.7359845638275146,4.769999999999998,"[0.5319999999999998, -0.055000000000000195]",6343846,"[5.3199999999999985, -0.5500000000000019]",0.021882671117782592,2.625920534133911,10.52,"[0.44299999999999995, 0.609]",6344846,"[4.43, 6.09]",0.020699959993362427,2.483995199203491,MinimaxSolutionConcept,3.464999999999999,1.500808115649699,0.021961271266142526,0.0007986938208680912,2.6353525519371033,0.09584325850417105,COMPLETE
635,7.129999999999997,2025-06-12 22:57:29.364114,2025-06-12 22:57:33.020360,0 days 00:00:03.656246,47,0.8530072381495312,0.11610906373559565,0.9909313806218544,0.00010150707630990932,163,6351849,7.129999999999997,3.178096914821825,0.3254999999999999,0.215987846880328,160.0,4,5.839999999999997,"[0.34799999999999986, 0.2359999999999999]",6351849,"[3.4799999999999986, 2.359999999999999]",0.018796822428703307,3.0074915885925293,5.2399999999999975,"[0.10999999999999985, 0.41399999999999987]",6352849,"[1.0999999999999985, 4.139999999999999]",0.02149578034877777,3.4393248558044434,12.599999999999998,"[0.6679999999999999, 0.5920000000000001]",6353849,"[6.68, 5.920000000000001]",0.019615544378757475,3.1384871006011963,4.839999999999997,"[0.17599999999999988, 0.3079999999999998]",6354849,"[1.759999999999999, 3.079999999999998]",0.020269112288951875,3.2430579662323,MinimaxSolutionConcept,3.254999999999999,2.15987846880328,0.020044314861297607,0.0009870875646192368,3.207090377807617,0.15793401033907786,COMPLETE
636,7.107499999999998,2025-06-12 22:57:36.047421,2025-06-12 22:57:40.214710,0 days 00:00:04.167289,46,0.6631106126426392,0.08068825811906924,0.9847864885203558,0.0017030422798568834,185,6361856,7.107499999999998,1.803155220717285,0.3777499999999999,0.2097514898636003,180.0,4,9.54,"[0.723, 0.23099999999999993]",6361856,"[7.2299999999999995, 2.309999999999999]",0.020476563771565755,3.685781478881836,8.099999999999998,"[0.34699999999999986, 0.46299999999999997]",6362856,"[3.469999999999999, 4.63]",0.021294866667853463,3.833076000213623,5.7399999999999975,"[0.2769999999999999, 0.2969999999999999]",6363856,"[2.769999999999999, 2.969999999999999]",0.02210623688167996,3.9791226387023926,5.049999999999999,"[0.16399999999999987, 0.34099999999999986]",6364856,"[1.6399999999999988, 3.4099999999999984]",0.021199468771616617,3.815904378890991,MinimaxSolutionConcept,3.7774999999999994,2.097514898636003,0.021269284023178948,0.0005775863843898053,3.8284711241722107,0.1039655491901649,COMPLETE
637,6.092499999999997,2025-06-12 22:57:40.229886,2025-06-12 22:57:43.662595,0 days 00:00:03.432709,45,0.6203420911703391,0.09180979104258746,0.9149372056978469,0.0007909911677949317,152,6371860,6.092499999999997,3.265787615568409,0.40924999999999984,0.19865595259140867,150.0,4,5.079999999999997,"[0.599, -0.09100000000000019]",6371860,"[5.99, -0.9100000000000019]",0.02166826566060384,3.250239849090576,11.599999999999996,"[0.5409999999999998, 0.619]",6372860,"[5.409999999999998, 6.1899999999999995]",0.020573288599650064,3.0859932899475098,4.619999999999997,"[0.41099999999999987, 0.050999999999999844]",6373860,"[4.1099999999999985, 0.5099999999999985]",0.021375880241394044,3.2063820362091064,3.0699999999999976,"[0.08599999999999985, 0.22099999999999986]",6374860,"[0.8599999999999985, 2.2099999999999986]",0.02163320541381836,3.244980812072754,MinimaxSolutionConcept,4.092499999999999,1.9865595259140867,0.021312659978866576,0.0004415516999035398,3.1968989968299866,0.06623275498553088,COMPLETE
638,6.152499999999998,2025-06-12 22:57:43.679751,2025-06-12 22:57:47.568649,0 days 00:00:03.888898,50,0.8779666108555197,0.07657928124996781,0.9117943102503199,0.00014037890961791734,175,6381863,6.152499999999998,1.000259341371027,0.3164999999999999,0.22745274234442636,170.0,4,5.049999999999998,"[0.029999999999999843, 0.4749999999999999]",6381863,"[0.29999999999999843, 4.749999999999999]",0.020402711980483112,3.468461036682129,5.349999999999998,"[0.16799999999999987, 0.3669999999999999]",6382863,"[1.6799999999999988, 3.669999999999999]",0.02170564707587747,3.68996000289917,7.509999999999999,"[0.4699999999999999, 0.28099999999999986]",6383863,"[4.699999999999999, 2.8099999999999987]",0.019095792489893296,3.2462847232818604,6.6999999999999975,"[0.5979999999999999, 0.07199999999999984]",6384863,"[5.979999999999999, 0.7199999999999984]",0.020093908029444076,3.415964365005493,MinimaxSolutionConcept,3.1649999999999987,2.2745274234442636,0.02032451489392449,0.000932279351976399,3.455167531967163,0.15848748983598787,COMPLETE
639,6.322499999999998,2025-06-12 22:57:47.584502,2025-06-12 22:57:51.493583,0 days 00:00:03.909081,39,0.7076307092147014,0.04264457475930152,0.9871168029191805,0.00022626426457858436,193,6391867,6.322499999999998,4.067237237978626,0.35849999999999993,0.19600063775406448,190.0,4,7.539999999999997,"[0.37799999999999984, 0.3759999999999999]",6391867,"[3.7799999999999985, 3.759999999999999]",0.018834741492020458,3.5786008834838867,5.839999999999997,"[0.36499999999999994, 0.21899999999999986]",6392867,"[3.6499999999999995, 2.1899999999999986]",0.01818470703928094,3.455094337463379,0.2899999999999973,"[0.06899999999999988, -0.04000000000000013]",6393867,"[0.6899999999999988, -0.40000000000000135]",0.019605207443237304,3.724989414215088,11.62,"[0.622, 0.5399999999999998]",6394867,"[6.22, 5.399999999999999]",0.01578710957577354,2.9995508193969727,MinimaxSolutionConcept,3.584999999999999,1.9600063775406449,0.018102941387578064,0.0014284692241357607,3.4395588636398315,0.2714091525857945,COMPLETE
640,8.407499999999999,2025-06-12 22:57:51.508784,2025-06-12 22:57:54.799374,0 days 00:00:03.290590,48,0.8410777889978829,0.08510219349170443,0.9651701359524132,0.03261802170787544,159,6401871,8.407499999999999,2.452747184281332,0.3322499999999998,0.09276145481825943,150.0,4,11.46,"[0.3069999999999999, 0.8389999999999999]",6401871,"[3.069999999999999, 8.389999999999999]",0.02069087346394857,3.103631019592285,10.029999999999996,"[0.4679999999999997, 0.5349999999999999]",6402871,"[4.679999999999997, 5.35]",0.019887043635050457,2.9830565452575684,6.839999999999999,"[0.34499999999999986, 0.33899999999999986]",6403871,"[3.4499999999999984, 3.389999999999999]",0.020178643862406413,3.026796579360962,5.299999999999997,"[0.2089999999999999, 0.32099999999999995]",6404871,"[2.089999999999999, 3.2099999999999995]",0.018298408190409343,2.7447612285614014,MinimaxSolutionConcept,3.322499999999999,0.9276145481825944,0.019763742287953696,0.0008936054461571643,2.964561343193054,0.1340408169235746,COMPLETE
641,8.619999999999997,2025-06-12 22:57:57.798980,2025-06-12 22:58:00.928423,0 days 00:00:03.129443,49,0.8950669934244846,0.10668771882661354,0.9741822274866742,0.00012523347088650303,146,6411877,8.619999999999997,1.7749366185867035,0.3892499999999999,0.07260983060164793,140.0,4,11.299999999999997,"[0.3249999999999998, 0.8049999999999999]",6411877,"[3.249999999999998, 8.049999999999999]",0.020262633051191057,2.836768627166748,9.139999999999997,"[0.48699999999999993, 0.42699999999999994]",6412877,"[4.869999999999999, 4.27]",0.02092644146510533,2.929701805114746,7.139999999999997,"[0.4309999999999999, 0.2829999999999998]",6413877,"[4.309999999999999, 2.8299999999999983]",0.021065982750483922,2.949237585067749,6.899999999999996,"[0.3139999999999998, 0.3759999999999998]",6414877,"[3.139999999999998, 3.759999999999998]",0.021050911290305,2.9471275806427,MinimaxSolutionConcept,3.8924999999999983,0.7260983060164793,0.020826492139271326,0.00033001766890389467,2.915708899497986,0.04620247364654522,COMPLETE
642,5.429999999999997,2025-06-12 22:58:00.943934,2025-06-12 22:58:05.161748,0 days 00:00:04.217814,46,0.6478993747113275,0.08876209691645703,0.9582426555136633,0.0001674975397600679,173,6421881,5.429999999999997,3.0257891532623353,0.2734999999999999,0.19813947108034788,170.0,4,10.069999999999997,"[0.565, 0.44199999999999984]",6421881,"[5.6499999999999995, 4.419999999999998]",0.020601791494032917,3.5023045539855957,6.169999999999998,"[0.3389999999999999, 0.27799999999999986]",6422881,"[3.3899999999999992, 2.7799999999999985]",0.021893616283641143,3.721914768218994,2.929999999999997,"[0.13999999999999985, 0.1529999999999999]",6423881,"[1.3999999999999986, 1.5299999999999991]",0.021445128496955422,3.645671844482422,2.549999999999997,"[0.049999999999999836, 0.20499999999999985]",6424881,"[0.49999999999999833, 2.0499999999999985]",0.023650891640607047,4.020651578903198,MinimaxSolutionConcept,2.734999999999999,1.9813947108034788,0.02189785697880913,0.0011133168156538156,3.7226356863975525,0.18926385866114878,COMPLETE
643,7.804999999999999,2025-06-12 22:58:05.176951,2025-06-12 22:58:08.347450,0 days 00:00:03.170499,44,0.5800153792277206,0.036608200937337854,0.9797084259614293,0.00015282530195777415,135,6431885,7.804999999999999,1.6569474946418796,0.4957499999999999,0.18279274465908107,130.0,4,5.789999999999997,"[0.5059999999999999, 0.07299999999999987]",6431885,"[5.059999999999999, 0.7299999999999986]",0.021784230378957894,2.8319499492645264,6.5699999999999985,"[0.20999999999999988, 0.4469999999999999]",6432885,"[2.0999999999999988, 4.469999999999999]",0.022806033721336952,2.9647843837738037,9.19,"[0.717, 0.20199999999999987]",6433885,"[7.17, 2.0199999999999987]",0.022955115024860088,2.9841649532318115,9.669999999999998,"[0.5499999999999999, 0.4169999999999999]",6434885,"[5.499999999999999, 4.169999999999999]",0.02246725375835712,2.920742988586426,MinimaxSolutionConcept,4.9575,1.8279274465908109,0.022503158220878013,0.0004511498902140999,2.925410568714142,0.05864948572783297,COMPLETE
644,6.144999999999998,2025-06-12 22:58:08.362862,2025-06-12 22:58:12.288586,0 days 00:00:03.925724,49,0.8634177760373127,0.06993976759852931,0.9777184535804286,0.00010008531521793555,165,6441888,6.144999999999998,3.8502824571711627,0.31074999999999986,0.17700194207974104,160.0,4,1.4899999999999967,"[0.15699999999999986, -0.008000000000000184]",6441888,"[1.5699999999999985, -0.08000000000000185]",0.02270100712776184,3.6321611404418945,8.929999999999998,"[0.24199999999999983, 0.6509999999999999]",6442888,"[2.419999999999998, 6.509999999999999]",0.021290166676044463,3.4064266681671143,3.3299999999999965,"[0.23199999999999985, 0.10099999999999984]",6443888,"[2.3199999999999985, 1.0099999999999985]",0.023394201695919038,3.743072271347046,10.829999999999998,"[0.6119999999999999, 0.4709999999999999]",6444888,"[6.119999999999999, 4.709999999999999]",0.019614879786968232,3.138380765914917,MinimaxSolutionConcept,3.1074999999999986,1.7700194207974107,0.021750063821673393,0.0014472386437230094,3.480010211467743,0.23155818299568148,COMPLETE
645,7.582499999999998,2025-06-12 22:58:12.304113,2025-06-12 22:58:16.640922,0 days 00:00:04.336809,47,0.6302433091432847,0.01906044993988522,0.9462692341697642,0.00012412896000499633,186,6451892,7.582499999999998,2.0429436482683516,0.4222499999999999,0.1345722389648029,180.0,4,6.839999999999997,"[0.625, 0.05899999999999987]",6451892,"[6.25, 0.5899999999999987]",0.0230750838915507,4.153515100479126,10.909999999999998,"[0.4589999999999998, 0.6319999999999999]",6452892,"[4.589999999999998, 6.3199999999999985]",0.02196694612503052,3.954050302505493,5.359999999999997,"[0.32799999999999985, 0.2079999999999998]",6453892,"[3.2799999999999985, 2.079999999999998]",0.02282201978895399,4.107963562011719,7.219999999999999,"[0.27699999999999986, 0.44499999999999995]",6454892,"[2.7699999999999987, 4.449999999999999]",0.021536653571658664,3.8765976428985596,MinimaxSolutionConcept,4.222499999999999,1.3457223896480288,0.022350175844298468,0.0006238613409425113,4.023031651973724,0.11229504136965204,COMPLETE
646,5.147499999999997,2025-06-12 22:58:19.729658,2025-06-12 22:58:23.274784,0 days 00:00:03.545126,45,0.6138680397560009,0.13179895286157406,0.9838120934465603,0.02326928563293084,155,6461899,5.147499999999997,2.993153646240033,0.18749999999999986,0.09793237462657585,150.0,4,0.6199999999999969,"[0.10199999999999987, -0.04000000000000014]",6461899,"[1.0199999999999987, -0.4000000000000014]",0.019081304868062338,2.8621957302093506,8.129999999999997,"[0.08999999999999989, 0.723]",6462899,"[0.8999999999999988, 7.2299999999999995]",0.022350069681803385,3.352510452270508,7.539999999999998,"[0.32799999999999985, 0.4259999999999999]",6463899,"[3.2799999999999985, 4.259999999999999]",0.021508653958638508,3.2262980937957764,4.299999999999997,"[0.2299999999999999, 0.1999999999999999]",6464899,"[2.299999999999999, 1.9999999999999991]",0.020975313186645507,3.146296977996826,MinimaxSolutionConcept,1.8749999999999987,0.9793237462657586,0.020978835423787437,0.0012001693303752153,3.1468253135681152,0.18002539955628236,COMPLETE
647,5.817499999999997,2025-06-12 22:58:23.290112,2025-06-12 22:58:26.829870,0 days 00:00:03.539758,50,0.6033948987512515,0.09630582815735252,0.9379690623627154,0.00015058754203009928,122,6471903,5.817499999999997,2.439819409300615,0.3817499999999999,0.3064207687151771,120.0,4,7.869999999999997,"[0.5169999999999999, 0.2699999999999999]",6471903,"[5.169999999999999, 2.6999999999999993]",0.026763121287027996,3.2115745544433594,7.799999999999997,"[0.5029999999999999, 0.27699999999999986]",6472903,"[5.029999999999999, 2.7699999999999987]",0.025058146317799887,3.0069775581359863,5.7399999999999975,"[0.6469999999999999, -0.0730000000000002]",6473903,"[6.469999999999999, -0.730000000000002]",0.02438152631123861,2.925783157348633,1.8599999999999963,"[-0.1400000000000002, 0.3259999999999999]",6474903,"[-1.4000000000000021, 3.259999999999999]",0.02769085963567098,3.3229031562805176,MinimaxSolutionConcept,3.817499999999999,3.0642076871517707,0.025973413387934366,0.0013176758378276282,3.116809606552124,0.15812110053931544,COMPLETE
648,7.217499999999998,2025-06-12 22:58:26.848613,2025-06-12 22:58:36.023036,0 days 00:00:09.174423,48,0.8708461082458931,0.08316477685999392,0.9963202248588238,0.00018373279482871156,424,6481906,7.217499999999998,3.147136595383176,0.41349999999999987,0.1769385486546106,420.0,4,8.869999999999997,"[0.3089999999999999, 0.5779999999999998]",6481906,"[3.089999999999999, 5.7799999999999985]",0.02001478728793916,8.406210660934448,3.809999999999997,"[0.23399999999999985, 0.14699999999999988]",6482906,"[2.3399999999999985, 1.4699999999999989]",0.019568248022170293,8.218664169311523,4.649999999999997,"[0.41099999999999975, 0.05399999999999984]",6483906,"[4.109999999999998, 0.5399999999999984]",0.021345915113176617,8.96528434753418,11.54,"[0.6999999999999998, 0.45399999999999985]",6484906,"[6.999999999999998, 4.539999999999998]",0.019784443151383172,8.309466123580933,MinimaxSolutionConcept,4.134999999999998,1.7693854865461056,0.02017834839366731,0.0006923416936405867,8.474906325340271,0.2907835113290464,COMPLETE
649,6.624999999999997,2025-06-12 22:58:36.038560,2025-06-12 22:58:38.444652,0 days 00:00:02.406092,46,0.9889498880804557,0.09390113649360393,0.9816285256790359,0.0002456468004187641,108,6491916,6.624999999999997,2.469873478540957,0.2854999999999998,0.14620277015159458,100.0,4,10.57,"[0.46599999999999986, 0.591]",6491916,"[4.659999999999998, 5.91]",0.02016676664352417,2.016676664352417,6.089999999999996,"[0.28499999999999986, 0.32399999999999984]",6492916,"[2.8499999999999988, 3.2399999999999984]",0.021242990493774414,2.1242990493774414,6.089999999999997,"[0.33099999999999985, 0.2779999999999999]",6493916,"[3.3099999999999987, 2.7799999999999994]",0.02164301872253418,2.164301872253418,3.7499999999999973,"[0.05999999999999985, 0.31499999999999984]",6494916,"[0.5999999999999985, 3.1499999999999986]",0.020632011890411375,2.0632011890411377,MinimaxSolutionConcept,2.8549999999999986,1.462027701515946,0.020921196937561035,0.0005651041590135769,2.0921196937561035,0.05651041590135775,COMPLETE
650,7.419999999999998,2025-06-12 22:58:38.460446,2025-06-12 22:58:44.340500,0 days 00:00:05.880054,44,0.8337409491675988,0.07974015127186235,0.9183471707362196,0.00011627571522737205,286,6501918,7.419999999999998,0.8949022292965865,0.4462499999999999,0.06179148404108773,280.0,4,8.839999999999998,"[0.5319999999999999, 0.3519999999999999]",6501918,"[5.319999999999999, 3.519999999999999]",0.019665437936782836,5.506322622299194,6.889999999999998,"[0.4309999999999999, 0.2579999999999999]",6502918,"[4.309999999999999, 2.579999999999999]",0.02032698222569057,5.691555023193359,7.479999999999998,"[0.35999999999999993, 0.3879999999999999]",6503918,"[3.599999999999999, 3.879999999999999]",0.01743792806352888,4.882619857788086,6.469999999999998,"[0.4619999999999999, 0.18499999999999991]",6504918,"[4.619999999999999, 1.8499999999999992]",0.01920661245073591,5.377851486206055,MinimaxSolutionConcept,4.4624999999999995,0.6179148404108774,0.01915924016918455,0.0010706326620964052,5.364587247371674,0.2997771453869934,COMPLETE
651,7.202499999999999,2025-06-12 22:58:47.421481,2025-06-12 22:58:50.407343,0 days 00:00:02.985862,40,0.8950289760512663,0.04597583131443574,0.9725359593196737,0.008741185813033231,146,6511927,7.202499999999999,1.109264959331178,0.37524999999999986,0.1682132203484613,140.0,4,6.949999999999999,"[0.2219999999999999, 0.47299999999999986]",6511927,"[2.219999999999999, 4.729999999999999]",0.019523019450051443,2.733222723007202,7.309999999999999,"[0.6139999999999999, 0.11699999999999988]",6512927,"[6.139999999999999, 1.1699999999999988]",0.019932751996176584,2.7905852794647217,5.719999999999998,"[0.2119999999999999, 0.35999999999999993]",6513927,"[2.119999999999999, 3.599999999999999]",0.01884012392589024,2.637617349624634,8.829999999999998,"[0.45299999999999996, 0.4299999999999999]",6514927,"[4.529999999999999, 4.299999999999999]",0.019073687280927384,2.670316219329834,MinimaxSolutionConcept,3.752499999999999,1.6821322034846131,0.019342395663261413,0.0004200079300042578,2.707935392856598,0.05880111020059597,COMPLETE
652,8.0575,2025-06-12 22:58:50.422925,2025-06-12 22:58:55.714573,0 days 00:00:05.291648,47,0.9093319972656732,0.05667135523688562,0.9759463277171128,0.026807279506065994,256,6521930,8.0575,3.0664749713637,0.40474999999999994,0.13712106876771352,250.0,4,12.83,"[0.607, 0.6759999999999999]",6521930,"[6.07, 6.76]",0.01853975009918213,4.634937524795532,8.62,"[0.445, 0.4169999999999999]",6522930,"[4.45, 4.169999999999999]",0.019959970474243163,4.989992618560791,5.009999999999997,"[0.24299999999999983, 0.2579999999999999]",6523930,"[2.4299999999999984, 2.579999999999999]",0.02045787239074707,5.114468097686768,5.769999999999998,"[0.32399999999999984, 0.2529999999999999]",6524930,"[3.2399999999999984, 2.529999999999999]",0.018678871154785157,4.669717788696289,MinimaxSolutionConcept,4.047499999999999,1.3712106876771353,0.01940911602973938,0.0008204244667235134,4.852279007434845,0.20510611668087855,COMPLETE
653,6.007499999999998,2025-06-12 22:58:55.729758,2025-06-12 22:58:59.936756,0 days 00:00:04.206998,49,0.6417457698370317,0.09913289069314299,0.9778873298412261,0.07207058959417573,178,6531935,6.007499999999998,2.3619523174695973,0.2657499999999999,0.05908627167117588,170.0,4,9.349999999999998,"[0.3299999999999999, 0.6049999999999998]",6531935,"[3.299999999999999, 6.049999999999997]",0.02281785011291504,3.8790345191955566,6.049999999999998,"[0.3079999999999999, 0.2969999999999998]",6532935,"[3.0799999999999987, 2.969999999999998]",0.02361414993510527,4.0144054889678955,5.959999999999998,"[0.17799999999999988, 0.418]",6533935,"[1.779999999999999, 4.18]",0.023650831334731157,4.020641326904297,2.6699999999999973,"[0.2469999999999999, 0.01999999999999985]",6534935,"[2.469999999999999, 0.1999999999999985]",0.0224503895815681,3.816566228866577,MinimaxSolutionConcept,2.657499999999999,0.5908627167117587,0.023133305241079892,0.0005159773767507216,3.9326618909835815,0.08771615404762269,COMPLETE
654,7.572499999999997,2025-06-12 22:58:59.952552,2025-06-12 22:59:03.689977,0 days 00:00:03.737425,49,0.8862950055943416,0.08735299098791649,0.9534749827745606,0.0006082878198552487,169,6541940,7.572499999999997,3.868096269484512,0.3837499999999998,0.32316820310791716,160.0,4,6.479999999999997,"[0.31099999999999983, 0.33699999999999986]",6541940,"[3.1099999999999985, 3.3699999999999983]",0.02170417606830597,3.472668170928955,10.379999999999999,"[0.7609999999999999, 0.2769999999999998]",6542940,"[7.609999999999999, 2.769999999999998]",0.0207417830824852,3.318685293197632,1.749999999999997,"[-0.10300000000000016, 0.27799999999999986]",6543940,"[-1.0300000000000016, 2.7799999999999985]",0.02198445051908493,3.517512083053589,11.679999999999996,"[0.5659999999999998, 0.6019999999999999]",6544940,"[5.659999999999998, 6.019999999999999]",0.018811723589897154,3.009875774383545,MinimaxSolutionConcept,3.837499999999999,3.231682031079172,0.020810533314943314,0.0012426429378767066,3.32968533039093,0.1988228700602729,COMPLETE
655,5.579999999999998,2025-06-12 22:59:03.705469,2025-06-12 22:59:07.426023,0 days 00:00:03.720554,48,0.8490105120524725,0.0387289677235782,0.9793683776733768,0.00013384285209486609,141,6551943,5.579999999999998,2.9260126452221638,0.42924999999999996,0.14173809473814727,140.0,4,8.68,"[0.45199999999999996, 0.4159999999999998]",6551943,"[4.52, 4.159999999999998]",0.022457027435302736,3.143983840942383,8.289999999999997,"[0.575, 0.2539999999999999]",6552943,"[5.75, 2.539999999999999]",0.023959503855024065,3.354330539703369,3.1299999999999977,"[0.49399999999999994, -0.1810000000000002]",6553943,"[4.9399999999999995, -1.8100000000000018]",0.02495018754686628,3.4930262565612793,2.219999999999997,"[0.19599999999999987, 0.02599999999999982]",6554943,"[1.9599999999999986, 0.2599999999999982]",0.024131066458565848,3.3783493041992188,MinimaxSolutionConcept,4.2924999999999995,1.417380947381473,0.023874446323939733,0.000899914462832181,3.3424224853515625,0.12598802479650542,COMPLETE
