number,value,datetime_start,datetime_complete,duration,params_episode_length,params_epsilon_max,params_epsilon_min,params_gamma,params_learning_rate,params_num_episodes,user_attrs_base_seed,user_attrs_collective_reward_mean,user_attrs_collective_reward_std,user_attrs_individual_reward_agent0_mean,user_attrs_individual_reward_agent0_std,user_attrs_num_episodes_mean,user_attrs_num_parallel_runs,user_attrs_run_0_collective_reward,user_attrs_run_0_individual_rewards,user_attrs_run_0_seed,user_attrs_run_0_total_individual_rewards,user_attrs_run_0_training_time_per_episode,user_attrs_run_0_training_time_total,user_attrs_run_1_collective_reward,user_attrs_run_1_individual_rewards,user_attrs_run_1_seed,user_attrs_run_1_total_individual_rewards,user_attrs_run_1_training_time_per_episode,user_attrs_run_1_training_time_total,user_attrs_run_2_collective_reward,user_attrs_run_2_individual_rewards,user_attrs_run_2_seed,user_attrs_run_2_total_individual_rewards,user_attrs_run_2_training_time_per_episode,user_attrs_run_2_training_time_total,user_attrs_run_3_collective_reward,user_attrs_run_3_individual_rewards,user_attrs_run_3_seed,user_attrs_run_3_total_individual_rewards,user_attrs_run_3_training_time_per_episode,user_attrs_run_3_training_time_total,user_attrs_solution_concept,user_attrs_total_individual_reward_agent0_mean,user_attrs_total_individual_reward_agent0_std,user_attrs_training_time_per_episode_mean,user_attrs_training_time_per_episode_std,user_attrs_training_time_total_mean,user_attrs_training_time_total_std,state
0,8.1975,2025-06-12 17:06:44.286340,2025-06-12 17:06:53.706081,0 days 00:00:09.419741,21,0.9399625807473613,0.1560990087811912,0.9736759344574757,0.00048580837295841584,217,804,8.1975,2.7206008068072025,0.68825,0.20610964921613933,210.0,4,7.6899999999999995,"[0.742, 0.026999999999999958]",804,"[7.42, 0.2699999999999996]",0.04089823677426293,8.588629722595215,10.31,"[0.706, 0.32499999999999984]",1804,"[7.06, 3.2499999999999982]",0.04195069358462379,8.809645652770996,10.829999999999998,"[0.9390000000000001, 0.14399999999999996]",2804,"[9.39, 1.4399999999999995]",0.037317781221298946,7.836734056472778,3.959999999999999,"[0.366, 0.02999999999999996]",3804,"[3.66, 0.2999999999999996]",0.04351877030872163,9.138941764831543,ParetoSolutionConcept,6.8825,2.0610964921613935,0.040921370472226826,0.002279933257670181,8.593487799167633,0.4787859841107383,COMPLETE
1,6.992499999999999,2025-06-12 17:06:53.786294,2025-06-12 17:07:11.829843,0 days 00:00:18.043549,44,0.6326090707543275,0.03992453524758087,0.9323795911524464,0.007729193038164855,279,10813,6.992499999999999,4.035878931533998,0.6064999999999999,0.2620023854853235,270.0,4,7.9099999999999975,"[0.6789999999999999, 0.11199999999999988]",10813,"[6.789999999999999, 1.1199999999999988]",0.060827486603348344,16.423421382904053,4.909999999999999,"[0.5259999999999998, -0.035000000000000156]",11813,"[5.259999999999998, -0.35000000000000153]",0.06475445164574517,17.483701944351196,2.129999999999998,"[0.24799999999999991, -0.035000000000000156]",12813,"[2.479999999999999, -0.35000000000000153]",0.06624902707559091,17.887237310409546,13.02,"[0.9730000000000001, 0.3289999999999999]",13813,"[9.73, 3.289999999999999]",0.05418292681376139,14.629390239715576,ParetoSolutionConcept,6.0649999999999995,2.620023854853234,0.061503473034611456,0.004667346668953339,16.605937719345093,1.2601836006174014,COMPLETE
2,8.862499999999999,2025-06-12 17:07:11.843533,2025-06-12 17:07:22.544731,0 days 00:00:10.701198,24,0.8934408395614057,0.08537371219618138,0.9172447715201696,0.03706859049385494,216,20831,8.862499999999999,1.6447093208223762,0.72075,0.07874761901162472,210.0,4,8.23,"[0.71, 0.11299999999999995]",20831,"[7.1, 1.1299999999999994]",0.04628380366734096,9.719598770141602,7.379999999999999,"[0.623, 0.11499999999999995]",21831,"[6.23, 1.1499999999999995]",0.04280162084670294,8.988340377807617,11.65,"[0.843, 0.32199999999999995]",22831,"[8.43, 3.2199999999999998]",0.049923376809983024,10.483909130096436,8.189999999999998,"[0.707, 0.11199999999999996]",23831,"[7.069999999999999, 1.1199999999999997]",0.05018777052561442,10.539431810379028,ParetoSolutionConcept,7.2075,0.787476190116247,0.047299142962410334,0.003020322480755888,9.93282002210617,0.6342677209587368,COMPLETE
3,10.975,2025-06-12 17:07:22.559980,2025-06-12 17:07:46.614290,0 days 00:00:24.054310,37,0.5533754431714895,0.1658784209457924,0.918303787486777,0.0008468395261214832,451,30842,10.975,2.151540146034929,0.87625,0.0877250676830745,450.0,4,13.41,"[0.954, 0.3869999999999999]",30842,"[9.54, 3.869999999999999]",0.04854273160298665,21.844229221343994,8.139999999999999,"[0.8109999999999999, 0.0029999999999998804]",31842,"[8.11, 0.029999999999998805]",0.052226529121398926,23.501938104629517,12.67,"[0.769, 0.4979999999999999]",32842,"[7.69, 4.979999999999999]",0.05311529636383057,23.901883363723755,9.68,"[0.9710000000000001, -0.003000000000000108]",33842,"[9.71, -0.03000000000000108]",0.05170272615220812,23.266226768493652,ParetoSolutionConcept,8.7625,0.877250676830745,0.05139682081010606,0.0017234396849831505,23.12856936454773,0.7755478582424171,COMPLETE
4,7.269999999999999,2025-06-12 17:07:46.628360,2025-06-12 17:07:53.364835,0 days 00:00:06.736475,24,0.6595664883730397,0.09207881839226585,0.9935032955852389,0.004314664739953143,129,40866,7.269999999999999,1.2659581351687732,0.6677500000000001,0.09813097115589961,120.0,4,6.929999999999999,"[0.8009999999999999, -0.10800000000000003]",40866,"[8.01, -1.0800000000000003]",0.05488063295682271,6.585675954818726,9.369999999999997,"[0.7220000000000001, 0.21499999999999994]",41866,"[7.220000000000001, 2.1499999999999995]",0.05235766371091207,6.282919645309448,6.799999999999999,"[0.563, 0.11699999999999995]",42866,"[5.629999999999999, 1.1699999999999995]",0.050036102533340454,6.0043323040008545,5.9799999999999995,"[0.585, 0.012999999999999925]",43866,"[5.85, 0.12999999999999926]",0.054187023639678956,6.502442836761475,ParetoSolutionConcept,6.6775,0.9813097115589964,0.05286535571018854,0.0018755381362077933,6.343842685222626,0.22506457634493526,COMPLETE
5,9.745,2025-06-12 17:10:29.944964,2025-06-12 17:10:36.965344,0 days 00:00:07.020380,17,0.6108119184633266,0.08068464153996524,0.9683222411896598,0.01445530686100249,176,51029,9.745,2.849249901289812,0.71025,0.14357989935920704,170.0,4,10.120000000000001,"[0.8300000000000001, 0.182]",51029,"[8.3, 1.8199999999999998]",0.03945348543279311,6.707092523574829,13.81,"[0.8640000000000001, 0.5169999999999999]",52029,"[8.64, 5.169999999999999]",0.03435744117288028,5.840764999389648,5.799999999999999,"[0.5139999999999999, 0.06599999999999998]",53029,"[5.139999999999999, 0.6599999999999997]",0.040227313602671906,6.838643312454224,9.25,"[0.633, 0.29200000000000004]",54029,"[6.33, 2.9200000000000004]",0.03672349733464858,6.242994546890259,ParetoSolutionConcept,7.102499999999999,1.4357989935920703,0.03769043438574847,0.0023231399104207233,6.40737384557724,0.39493378477152274,COMPLETE
6,8.472500000000002,2025-06-12 17:10:37.102380,2025-06-12 17:10:45.543516,0 days 00:00:08.441136,10,0.984594724549875,0.14453261835248088,0.9827486795969671,0.029921559718130195,387,61037,8.472500000000002,2.416799277970763,0.6524999999999999,0.09833234462779779,380.0,4,5.690000000000001,"[0.5589999999999999, 0.010000000000000014]",61037,"[5.59, 0.10000000000000014]",0.02031112219157972,7.718226432800293,9.91,"[0.7609999999999999, 0.23000000000000007]",62037,"[7.609999999999999, 2.3000000000000007]",0.02131482111780267,8.099632024765015,11.660000000000002,"[0.74, 0.426]",63037,"[7.4, 4.26]",0.021740450984553288,8.261371374130249,6.63,"[0.55, 0.11300000000000002]",64037,"[5.5, 1.1300000000000001]",0.019282639026641846,7.327402830123901,ParetoSolutionConcept,6.525,0.9833234462779783,0.02066225833014438,0.000950655510984474,7.8516581654548645,0.36124909417409995,COMPLETE
7,5.944999999999999,2025-06-12 17:10:45.558136,2025-06-12 17:10:56.027757,0 days 00:00:10.469621,21,0.8936534530356248,0.023782124738979026,0.9713366403139183,0.0011887583714948748,255,71045,5.944999999999999,4.203180343501812,0.48724999999999996,0.14514195637375152,250.0,4,11.92,"[0.485, 0.707]",71045,"[4.85, 7.069999999999999]",0.04100142955780029,10.250357389450073,4.049999999999999,"[0.605, -0.2]",72045,"[6.05, -2.0]",0.03964176177978516,9.910440444946289,7.3,"[0.6079999999999999, 0.12199999999999993]",73045,"[6.079999999999998, 1.2199999999999993]",0.03948442363739014,9.871105909347534,0.5099999999999992,"[0.251, -0.2]",74045,"[2.51, -2.0]",0.041255301475524905,10.313825368881226,ParetoSolutionConcept,4.872499999999999,1.4514195637375154,0.04034572911262513,0.000789728131151725,10.08643227815628,0.1974320327879313,COMPLETE
8,9.62,2025-06-12 17:10:56.041929,2025-06-12 17:11:11.020492,0 days 00:00:14.978563,21,0.9274037132327067,0.12091849030218312,0.9402455452265919,0.08745553517899557,443,81056,9.62,3.175318881624334,0.7329999999999999,0.14376195602453384,440.0,4,14.650000000000002,"[0.97, 0.49499999999999994]",81056,"[9.7, 4.949999999999999]",0.0303861450065266,13.369903802871704,9.939999999999998,"[0.6169999999999999, 0.37699999999999995]",82056,"[6.169999999999999, 3.7699999999999996]",0.03189615173773332,14.034306764602661,7.499999999999998,"[0.726, 0.02399999999999998]",83056,"[7.26, 0.2399999999999998]",0.03129599798809398,13.770239114761353,6.389999999999998,"[0.619, 0.019999999999999966]",84056,"[6.1899999999999995, 0.19999999999999965]",0.033549092574553054,14.761600732803345,ParetoSolutionConcept,7.329999999999998,1.4376195602453383,0.03178184682672674,0.00115328398614578,13.984012603759766,0.5074449539041432,COMPLETE
9,5.459999999999998,2025-06-12 17:11:11.035261,2025-06-12 17:11:22.819551,0 days 00:00:11.784290,37,0.9423491656478713,0.1285917462306511,0.9483738053236731,0.000524568481523292,183,91071,5.459999999999998,1.4658956306640656,0.5337499999999998,0.0810628614101427,180.0,4,4.099999999999999,"[0.5079999999999998, -0.09800000000000011]",91071,"[5.079999999999998, -0.9800000000000011]",0.06239844560623169,11.231720209121704,5.859999999999998,"[0.4259999999999999, 0.15999999999999992]",92071,"[4.259999999999999, 1.5999999999999992]",0.06184143225351969,11.131457805633545,7.689999999999998,"[0.6509999999999999, 0.11799999999999991]",93071,"[6.509999999999999, 1.179999999999999]",0.06451396809683906,11.61251425743103,4.189999999999999,"[0.5499999999999999, -0.13100000000000012]",94071,"[5.499999999999999, -1.3100000000000012]",0.060366953743828666,10.86605167388916,ParetoSolutionConcept,5.337499999999999,0.810628614101427,0.06228019992510478,0.0014880129624732846,11.21043598651886,0.2678423332451913,COMPLETE
10,8.607499999999998,2025-06-12 17:11:22.833326,2025-06-12 17:11:55.742351,0 days 00:00:32.909025,49,0.5007632889083538,0.19932913960249393,0.9012975872883515,0.00016406228970312784,483,101082,8.607499999999998,2.9685634151892404,0.8079999999999998,0.08285227818231668,480.0,4,7.779999999999998,"[0.8699999999999999, -0.09200000000000019]",101082,"[8.7, -0.9200000000000019]",0.06820131341616313,32.7366304397583,7.899999999999998,"[0.667, 0.12299999999999982]",102082,"[6.67, 1.2299999999999982]",0.06236230731010437,29.933907508850098,5.319999999999997,"[0.8649999999999999, -0.3330000000000003]",103082,"[8.649999999999999, -3.3300000000000027]",0.060126228630542754,28.860589742660522,13.43,"[0.8299999999999998, 0.5129999999999999]",104082,"[8.299999999999999, 5.129999999999999]",0.059139219423135124,28.38682532310486,ParetoSolutionConcept,8.079999999999998,0.8285227818231671,0.06245726719498635,0.0035159019531253357,29.979488253593445,1.6876329375001604,COMPLETE
11,9.732499999999998,2025-06-12 17:11:55.849622,2025-06-12 17:12:14.576738,0 days 00:00:18.727116,34,0.5026838191727236,0.06124969593842708,0.9604095872675782,0.01121120414528472,368,111115,9.732499999999998,2.5268792511712945,0.7705,0.11153586867012787,360.0,4,5.989999999999998,"[0.6719999999999999, -0.0730000000000001]",111115,"[6.719999999999999, -0.7300000000000011]",0.049334088961283364,17.76027202606201,12.51,"[0.7, 0.5509999999999999]",112115,"[7.0, 5.51]",0.05026904543240865,18.096856355667114,11.509999999999998,"[0.9570000000000001, 0.19399999999999992]",113115,"[9.57, 1.9399999999999993]",0.04343210193845961,15.635556697845459,8.919999999999998,"[0.753, 0.13899999999999996]",114115,"[7.53, 1.3899999999999997]",0.051395327515072295,18.502317905426025,ParetoSolutionConcept,7.705,1.1153586867012786,0.048607640961805976,0.0030759304288428793,17.498750746250153,1.1073349543834368,COMPLETE
12,7.8075,2025-06-12 17:12:14.590785,2025-06-12 17:12:25.243861,0 days 00:00:10.653076,15,0.6217362949095341,0.18432474997090792,0.9281347603967226,0.0015619834164986189,345,121134,7.8075,2.702890813554998,0.62575,0.11859463520749998,340.0,4,6.7700000000000005,"[0.703, -0.026000000000000002]",121134,"[7.029999999999999, -0.26]",0.029352667752434225,9.979907035827637,9.41,"[0.6489999999999999, 0.2919999999999999]",122134,"[6.489999999999999, 2.919999999999999]",0.029584731073940503,10.05880856513977,3.9600000000000004,"[0.42600000000000005, -0.029999999999999992]",123134,"[4.260000000000001, -0.29999999999999993]",0.03080880080952364,10.474992275238037,11.09,"[0.725, 0.38399999999999995]",124134,"[7.25, 3.8399999999999994]",0.030070788018843705,10.22406792640686,ParetoSolutionConcept,6.2575,1.1859463520749998,0.029954246913685516,0.0005572888912309926,10.184443950653076,0.18947822301853734,COMPLETE
13,8.797499999999998,2025-06-12 17:12:25.258533,2025-06-12 17:12:32.699789,0 days 00:00:07.441256,31,0.7449129244021832,0.0614227125634923,0.9060338700747391,0.015553545267324139,102,131145,8.797499999999998,2.57963539090314,0.649,0.1126609959125163,100.0,4,8.899999999999999,"[0.8300000000000001, 0.05999999999999992]",131145,"[8.3, 0.5999999999999992]",0.06781065464019775,6.781065464019775,6.359999999999999,"[0.567, 0.06899999999999992]",132145,"[5.67, 0.6899999999999993]",0.06606873035430909,6.606873035430908,12.959999999999997,"[0.6559999999999999, 0.64]",133145,"[6.559999999999999, 6.4]",0.07257033824920654,7.257033824920654,6.969999999999998,"[0.5429999999999999, 0.15399999999999994]",134145,"[5.43, 1.5399999999999994]",0.06965788841247558,6.965788841247559,ParetoSolutionConcept,6.49,1.1266099591251628,0.06902690291404726,0.002407494622554327,6.902690291404724,0.24074946225543292,COMPLETE
14,9.849999999999998,2025-06-12 17:12:32.713789,2025-06-12 17:12:56.935118,0 days 00:00:24.221329,39,0.5706625409064385,0.10986645232989148,0.9582420719005329,0.0023616434468323685,428,141152,9.849999999999998,1.4092019017869655,0.76275,0.14804623433238687,420.0,4,10.53,"[0.9400000000000001, 0.1129999999999999]",141152,"[9.4, 1.129999999999999]",0.0546383125441415,22.94809126853943,7.929999999999999,"[0.794, -0.001000000000000123]",142152,"[7.94, -0.01000000000000123]",0.05237303972244263,21.996676683425903,9.24,"[0.788, 0.13599999999999993]",143152,"[7.880000000000001, 1.3599999999999992]",0.04857191698891776,20.40020513534546,11.7,"[0.529, 0.6409999999999999]",144152,"[5.29, 6.409999999999999]",0.057120076815287274,23.990432262420654,ParetoSolutionConcept,7.6274999999999995,1.4804623433238686,0.053175836517697285,0.003143899862233427,22.33385133743286,1.3204379421380392,COMPLETE
15,8.184999999999997,2025-06-12 17:12:56.949309,2025-06-12 17:13:21.967245,0 days 00:00:25.017936,40,0.5557773267038273,0.17439487550933971,0.9576609817381695,0.0024831918627183395,431,151176,8.184999999999997,2.2123121389171096,0.8119999999999998,0.1017767163942716,430.0,4,6.489999999999998,"[0.6609999999999999, -0.012000000000000111]",151176,"[6.609999999999999, -0.1200000000000011]",0.056472675744877306,24.28325057029724,5.619999999999997,"[0.8229999999999998, -0.2610000000000002]",152176,"[8.229999999999999, -2.6100000000000017]",0.05728992140570352,24.634666204452515,11.039999999999996,"[0.9479999999999998, 0.15599999999999992]",153176,"[9.479999999999999, 1.5599999999999992]",0.05195091824198878,22.338894844055176,9.589999999999998,"[0.8160000000000001, 0.14299999999999988]",154176,"[8.16, 1.4299999999999988]",0.05777021341545637,24.84119176864624,ParetoSolutionConcept,8.12,1.0177671639427162,0.05587093220200649,0.0023102707755852355,24.024500846862793,0.9934164335016517,COMPLETE
16,4.757499999999998,2025-06-12 17:13:22.091521,2025-06-12 17:13:52.856108,0 days 00:00:30.764587,42,0.7463148685437273,0.15864378142148694,0.9265977447451039,0.0001089329246899059,486,161202,4.757499999999998,1.1771443199540153,0.59925,0.07205683520666173,480.0,4,6.599999999999999,"[0.675, -0.015000000000000142]",161202,"[6.75, -0.1500000000000014]",0.06371332506338755,30.582396030426025,4.069999999999998,"[0.5359999999999999, -0.12900000000000017]",162202,"[5.359999999999999, -1.2900000000000018]",0.06177854239940643,29.653700351715088,3.4699999999999975,"[0.5189999999999999, -0.17200000000000018]",163202,"[5.1899999999999995, -1.7200000000000017]",0.059935023387273155,28.768811225891113,4.889999999999998,"[0.6669999999999999, -0.17800000000000016]",164202,"[6.669999999999999, -1.7800000000000016]",0.05788452923297882,27.784574031829834,ParetoSolutionConcept,5.992499999999999,0.720568352066617,0.06082785502076149,0.002161600036870323,29.197370409965515,1.0375680176977562,COMPLETE
17,8.614999999999998,2025-06-12 17:13:52.870087,2025-06-12 17:14:14.775347,0 days 00:00:21.905260,48,0.6851342920274448,0.12261095289542241,0.9148366701441337,0.0003705578622327731,325,171232,8.614999999999998,2.0442663720758114,0.6644999999999999,0.10986468950486325,320.0,4,6.029999999999998,"[0.534, 0.06899999999999987]",171232,"[5.34, 0.6899999999999986]",0.05944849476218224,19.023518323898315,7.659999999999998,"[0.7259999999999998, 0.03999999999999983]",172232,"[7.259999999999998, 0.39999999999999825]",0.06790940687060357,21.73101019859314,11.579999999999998,"[0.8110000000000002, 0.3469999999999999]",173232,"[8.110000000000001, 3.4699999999999993]",0.06265241354703903,20.04877233505249,9.189999999999998,"[0.5869999999999999, 0.3319999999999999]",174232,"[5.869999999999998, 3.319999999999999]",0.06088477224111557,19.483127117156982,ParetoSolutionConcept,6.645,1.0986468950486326,0.0627237718552351,0.0032017675640875587,20.071606993675232,1.0245656205080182,COMPLETE
18,11.124999999999998,2025-06-12 17:14:14.788963,2025-06-12 17:14:32.675379,0 days 00:00:17.886416,29,0.8173756329751213,0.13445701320385078,0.9514114650240897,0.0010473325370015391,395,181254,11.124999999999998,1.2102582369064878,0.82025,0.0998983858728459,390.0,4,9.85,"[0.6849999999999999, 0.29999999999999993]",181254,"[6.85, 2.999999999999999]",0.04473545367901142,17.446826934814453,11.229999999999999,"[0.818, 0.30499999999999994]",182254,"[8.18, 3.0499999999999994]",0.040578530384944037,15.825626850128174,10.379999999999997,"[0.8110000000000002, 0.22699999999999995]",183254,"[8.110000000000001, 2.2699999999999996]",0.045285121599833174,17.661197423934937,13.04,"[0.9670000000000002, 0.33699999999999986]",184254,"[9.670000000000002, 3.3699999999999983]",0.04214190152975229,16.435341596603394,ParetoSolutionConcept,8.2025,0.9989838587284589,0.04318525179838523,0.0019167782451342194,16.84224820137024,0.7475435156023456,COMPLETE
19,9.354999999999999,2025-06-12 17:14:32.688946,2025-06-12 17:14:51.919301,0 days 00:00:19.230355,29,0.816310908890368,0.1410922178319083,0.941993165788324,0.0008776881196295358,387,191272,9.354999999999999,1.9358008678580552,0.77975,0.06279480472140986,380.0,4,12.559999999999999,"[0.841, 0.4149999999999999]",191272,"[8.41, 4.1499999999999995]",0.049376418716029116,18.763039112091064,7.909999999999998,"[0.844, -0.05300000000000007]",192272,"[8.44, -0.5300000000000007]",0.04733390745363737,17.986884832382202,7.739999999999999,"[0.72, 0.05399999999999994]",193272,"[7.199999999999999, 0.5399999999999994]",0.050106185360958705,19.040350437164307,9.209999999999997,"[0.7140000000000001, 0.20699999999999993]",194272,"[7.140000000000001, 2.0699999999999994]",0.048079633085351244,18.27026057243347,ParetoSolutionConcept,7.7975,0.6279480472140987,0.04872403615399411,0.0010820873989646207,18.51513373851776,0.4111932116065554,COMPLETE
20,5.6324999999999985,2025-06-12 17:14:51.933656,2025-06-12 17:15:15.631172,0 days 00:00:23.697516,29,0.821303986698346,0.1781595915641543,0.9190719256261706,0.0002381577923964325,451,201291,5.6324999999999985,2.143762755064095,0.5609999999999998,0.2745050090617655,450.0,4,5.299999999999998,"[0.7059999999999998, -0.17600000000000007]",201291,"[7.059999999999999, -1.7600000000000007]",0.05222400930192735,23.50080418586731,6.229999999999999,"[0.6719999999999999, -0.049000000000000064]",202291,"[6.719999999999999, -0.49000000000000066]",0.051028399997287324,22.962779998779297,8.489999999999998,"[0.7759999999999999, 0.07299999999999995]",203291,"[7.759999999999999, 0.7299999999999995]",0.05022709051767985,22.602190732955933,2.509999999999999,"[0.08999999999999994, 0.16099999999999995]",204291,"[0.8999999999999995, 1.6099999999999994]",0.051584030257331,23.21281361579895,ParetoSolutionConcept,5.6099999999999985,2.745050090617655,0.05126588251855638,0.0007339468110315586,23.069647133350372,0.330276064964202,COMPLETE
21,9.564999999999998,2025-06-12 17:15:15.788763,2025-06-12 17:15:41.710487,0 days 00:00:25.921724,37,0.5696939127976131,0.10657777322395845,0.9607036167280869,0.0031308799831655187,402,211315,9.564999999999998,1.6780569120265258,0.7149999999999999,0.12926329718833574,400.0,4,12.309999999999999,"[0.8379999999999999, 0.3929999999999999]",211315,"[8.379999999999999, 3.929999999999999]",0.053460748195648194,21.384299278259277,9.429999999999998,"[0.5619999999999999, 0.38099999999999995]",212315,"[5.619999999999999, 3.8099999999999996]",0.06433548808097839,25.734195232391357,7.869999999999998,"[0.6119999999999999, 0.17499999999999993]",213315,"[6.119999999999999, 1.7499999999999993]",0.06103261649608612,24.41304659843445,8.65,"[0.8480000000000001, 0.01699999999999992]",214315,"[8.48, 0.1699999999999992]",0.0553383195400238,22.13532781600952,ParetoSolutionConcept,7.1499999999999995,1.2926329718833574,0.05854179307818413,0.004354605690892408,23.41671723127365,1.7418422763569639,COMPLETE
22,9.1375,2025-06-12 17:15:41.725264,2025-06-12 17:16:04.101579,0 days 00:00:22.376315,33,0.8229210925752654,0.11237913983754065,0.9495052112273588,0.0007397669681579955,420,221341,9.1375,2.5589682979669752,0.6954999999999999,0.09376166594083102,420.0,4,10.06,"[0.569, 0.437]",221341,"[5.6899999999999995, 4.37]",0.050418840703510104,21.175913095474243,7.51,"[0.8319999999999999, -0.08100000000000011]",222341,"[8.319999999999999, -0.8100000000000012]",0.05067056530997867,21.28163743019104,12.839999999999998,"[0.706, 0.578]",223341,"[7.06, 5.779999999999999]",0.04587694690341041,19.268317699432373,6.139999999999999,"[0.6749999999999999, -0.061000000000000075]",224341,"[6.749999999999999, -0.6100000000000008]",0.052719708851405554,22.142277717590332,ParetoSolutionConcept,6.954999999999999,0.9376166594083103,0.04992151544207619,0.0024998414519847236,20.967036485671997,1.0499334098335833,COMPLETE
23,7.009999999999999,2025-06-12 17:16:04.116133,2025-06-12 17:16:34.908104,0 days 00:00:30.791971,37,0.6876418498892223,0.13687680253230372,0.9374950712076106,0.0022344628269492903,499,231364,7.009999999999999,3.915175602702898,0.5884999999999999,0.10095667387547991,490.0,4,4.469999999999999,"[0.4279999999999998, 0.018999999999999885]",231364,"[4.2799999999999985, 0.18999999999999884]",0.06246756193589191,30.609105348587036,12.149999999999999,"[0.6809999999999999, 0.534]",232364,"[6.81, 5.34]",0.05604680606297084,27.462934970855713,9.249999999999998,"[0.6679999999999999, 0.25699999999999984]",233364,"[6.68, 2.5699999999999985]",0.059345067763815124,29.07908320426941,2.169999999999999,"[0.577, -0.3600000000000002]",234364,"[5.77, -3.6000000000000023]",0.061454988985645526,30.11294460296631,ParetoSolutionConcept,5.884999999999999,1.009566738754799,0.05982860618708085,0.0024568796285706993,29.316017031669617,1.2038710179996428,COMPLETE
24,5.497499999999998,2025-06-12 17:16:34.923392,2025-06-12 17:17:06.644418,0 days 00:00:31.721026,44,0.5473940078959311,0.1616805538005113,0.9489610693086439,0.005367351458848301,458,241394,5.497499999999998,3.8886911358450678,0.60425,0.24486463096984837,450.0,4,10.629999999999999,"[0.9570000000000001, 0.1059999999999999]",241394,"[9.57, 1.059999999999999]",0.05985915978749593,26.93662190437317,6.759999999999999,"[0.5449999999999998, 0.13099999999999987]",242394,"[5.449999999999998, 1.3099999999999987]",0.06540685653686523,29.433085441589355,-0.16000000000000258,"[0.2719999999999999, -0.28800000000000014]",243394,"[2.719999999999999, -2.8800000000000017]",0.07008434083726671,31.53795337677002,4.759999999999998,"[0.643, -0.16700000000000018]",244394,"[6.43, -1.6700000000000017]",0.06483067883385553,29.173805475234985,ParetoSolutionConcept,6.0424999999999995,2.448646309698484,0.06504525899887084,0.003621628371015452,29.270366549491882,1.6297327669569537,COMPLETE
25,7.1499999999999995,2025-06-12 17:17:06.657862,2025-06-12 17:17:23.647311,0 days 00:00:16.989449,27,0.7785053214095421,0.1479673320949354,0.9804309705993209,0.001497087681064254,348,251426,7.1499999999999995,1.6588700973855666,0.7655000000000001,0.09571964270723127,340.0,4,9.049999999999999,"[0.82, 0.08499999999999996]",251426,"[8.2, 0.8499999999999996]",0.04593919866225299,15.619327545166016,4.64,"[0.5999999999999999, -0.13600000000000004]",252426,"[5.999999999999998, -1.3600000000000003]",0.048634383958928724,16.535690546035767,6.779999999999999,"[0.8130000000000001, -0.13500000000000006]",253426,"[8.13, -1.3500000000000005]",0.04818819410660687,16.383985996246338,8.129999999999999,"[0.829, -0.01600000000000006]",254426,"[8.29, -0.1600000000000006]",0.049427261773277734,16.80526900291443,ParetoSolutionConcept,7.654999999999999,0.9571964270723127,0.04804725962526658,0.0012954636682966124,16.336068272590637,0.44045764722084835,COMPLETE
26,6.004999999999999,2025-06-12 17:17:23.815320,2025-06-12 17:17:44.548580,0 days 00:00:20.733260,40,0.5756428236058526,0.19347417057710062,0.9534240767241293,0.00027997981174100533,308,261443,6.004999999999999,1.5575702231360227,0.6092499999999998,0.15052138552378533,300.0,4,4.959999999999999,"[0.6359999999999999, -0.14000000000000012]",261443,"[6.359999999999999, -1.4000000000000012]",0.06305258750915527,18.915776252746582,8.149999999999999,"[0.826, -0.011000000000000131]",262443,"[8.26, -0.11000000000000132]",0.05990674336751302,17.972023010253906,6.759999999999998,"[0.40599999999999986, 0.2699999999999999]",263443,"[4.059999999999999, 2.6999999999999993]",0.06254162073135376,18.762486219406128,4.149999999999999,"[0.569, -0.15400000000000016]",264443,"[5.6899999999999995, -1.5400000000000016]",0.0683277440071106,20.49832320213318,ParetoSolutionConcept,6.092499999999999,1.5052138552378533,0.06345717390378317,0.0030549115325394483,19.03715217113495,0.9164734597618338,COMPLETE
27,7.582499999999999,2025-06-12 17:17:44.562946,2025-06-12 17:18:08.283556,0 days 00:00:23.720610,34,0.7065618514652139,0.16203745373393694,0.9639933212272219,0.0007461305564118941,420,271464,7.582499999999999,1.4322425597642319,0.6595,0.23335862958116638,420.0,4,9.0,"[0.9710000000000001, -0.07100000000000009]",271464,"[9.71, -0.7100000000000009]",0.046125908125014534,19.372881412506104,8.719999999999999,"[0.704, 0.1679999999999999]",272464,"[7.039999999999999, 1.679999999999999]",0.04793168476649693,20.13130760192871,5.4,"[0.648, -0.1080000000000001]",273464,"[6.48, -1.080000000000001]",0.056042936870029994,23.538033485412598,7.209999999999998,"[0.31499999999999995, 0.40599999999999997]",274464,"[3.1499999999999995, 4.06]",0.05317800101779756,22.334760427474976,ParetoSolutionConcept,6.595,2.3335862958116635,0.05081963269483476,0.003975427688547836,21.344245731830597,1.6696796291900915,COMPLETE
28,6.177499999999997,2025-06-12 17:18:08.297773,2025-06-12 17:18:40.361290,0 days 00:00:32.063517,45,0.858362564698626,0.09563657823091079,0.9814979877014475,0.0020058262630812526,465,281488,6.177499999999997,2.0790066738709627,0.5927499999999999,0.16408134415587897,460.0,4,4.189999999999997,"[0.37799999999999995, 0.04099999999999988]",281488,"[3.7799999999999994, 0.40999999999999875]",0.06921598030173261,31.839350938796997,4.499999999999997,"[0.6219999999999999, -0.17200000000000018]",282488,"[6.219999999999999, -1.7200000000000017]",0.06596056689386783,30.3418607711792,9.389999999999999,"[0.5379999999999999, 0.4009999999999999]",283488,"[5.379999999999999, 4.009999999999999]",0.06294172380281532,28.953192949295044,6.629999999999997,"[0.833, -0.1700000000000002]",284488,"[8.33, -1.700000000000002]",0.060402056445246155,27.784945964813232,ParetoSolutionConcept,5.927499999999999,1.64081344155879,0.06463008186091548,0.003298765177316229,29.729837656021118,1.5174319815654644,COMPLETE
29,10.024999999999997,2025-06-12 17:18:40.375451,2025-06-12 17:19:02.547888,0 days 00:00:22.172437,40,0.5304795452011372,0.07197872475730932,0.9336982187293451,0.0005486002564211603,364,291520,10.024999999999997,2.923538096211507,0.8640000000000001,0.139860644929158,360.0,4,12.199999999999998,"[0.9250000000000002, 0.29499999999999993]",291520,"[9.250000000000002, 2.9499999999999993]",0.04807351628939311,17.30646586418152,11.719999999999997,"[0.943, 0.22899999999999993]",292520,"[9.43, 2.289999999999999]",0.050532544983757866,18.191716194152832,4.999999999999997,"[0.623, -0.12300000000000015]",293520,"[6.23, -1.2300000000000015]",0.06095305217636956,21.943098783493042,11.179999999999998,"[0.9650000000000001, 0.15299999999999989]",294520,"[9.65, 1.529999999999999]",0.051184378067652386,18.42637610435486,ParetoSolutionConcept,8.64,1.3986064492915797,0.05268587287929323,0.004912010650881105,18.966914236545563,1.7683238343171983,COMPLETE
30,6.575,2025-06-12 17:19:02.562807,2025-06-12 17:19:19.511512,0 days 00:00:16.948705,27,0.778790771856229,0.06753522236468654,0.9099201527297603,0.0006517503499845108,354,301542,6.575,1.0007622095183255,0.7727499999999999,0.09931861607976623,350.0,4,6.890000000000001,"[0.709, -0.02000000000000004]",301542,"[7.09, -0.2000000000000004]",0.04584579331534249,16.046027660369873,8.07,"[0.944, -0.13700000000000007]",302542,"[9.44, -1.3700000000000006]",0.04611506734575544,16.140273571014404,5.8,"[0.7309999999999999, -0.15100000000000005]",303542,"[7.309999999999999, -1.5100000000000005]",0.045953012875148226,16.08355450630188,5.539999999999999,"[0.707, -0.15300000000000002]",304542,"[7.069999999999999, -1.5300000000000002]",0.0477659729548863,16.718090534210205,ParetoSolutionConcept,7.7275,0.9931861607976624,0.04641996162278311,0.000783009802700681,16.24698656797409,0.2740534309452382,COMPLETE
31,7.207499999999999,2025-06-12 17:19:19.700974,2025-06-12 17:19:45.259768,0 days 00:00:25.558794,38,0.5229140445737365,0.04638410676960285,0.9322941996308285,0.0012252959493184105,402,311559,7.207499999999999,2.64451673278881,0.80475,0.14404751820146025,400.0,4,3.739999999999998,"[0.6439999999999999, -0.27000000000000013]",311559,"[6.4399999999999995, -2.700000000000001]",0.06254190266132355,25.01676106452942,5.809999999999999,"[0.6799999999999999, -0.09900000000000013]",312559,"[6.799999999999999, -0.9900000000000013]",0.06342554986476898,25.370219945907593,8.599999999999998,"[0.9680000000000002, -0.10800000000000014]",313559,"[9.680000000000001, -1.0800000000000014]",0.054791820049285886,21.916728019714355,10.68,"[0.9269999999999999, 0.1409999999999999]",314559,"[9.27, 1.409999999999999]",0.05905033051967621,23.620132207870483,ParetoSolutionConcept,8.0475,1.4404751820146025,0.05995240077376366,0.0033990295964873643,23.980960309505463,1.3596118385949458,COMPLETE
32,8.545,2025-06-12 17:19:45.274973,2025-06-12 17:20:09.702681,0 days 00:00:24.427708,46,0.5943335720807207,0.10678540517106928,0.9238476082254643,0.0004264442490723827,370,321585,8.545,2.5712885874596036,0.753,0.05813346712522827,370.0,4,7.509999999999999,"[0.786, -0.03500000000000017]",321585,"[7.86, -0.3500000000000017]",0.06364450519149367,23.54846692085266,11.37,"[0.7710000000000001, 0.36599999999999994]",322585,"[7.710000000000001, 3.6599999999999993]",0.0653751347516034,24.18879985809326,10.46,"[0.8009999999999998, 0.24499999999999988]",323585,"[8.009999999999998, 2.449999999999999]",0.05915759447458628,21.888309955596924,4.839999999999998,"[0.654, -0.17000000000000018]",324585,"[6.54, -1.7000000000000017]",0.06387670813380061,23.634382009506226,ParetoSolutionConcept,7.529999999999999,0.5813346712522828,0.06301348563787099,0.0023231778856785457,23.314989686012268,0.8595758177010624,COMPLETE
33,7.774999999999999,2025-06-12 17:20:09.717792,2025-06-12 17:20:28.301936,0 days 00:00:18.584144,41,0.6518237041049811,0.07679143205613763,0.9371336718800631,0.004380971783195831,281,331609,7.774999999999999,3.1385466381750646,0.6427499999999999,0.09960515799897116,280.0,4,4.009999999999998,"[0.5319999999999999, -0.13100000000000017]",331609,"[5.319999999999999, -1.3100000000000018]",0.06555806057793753,18.35625696182251,12.169999999999998,"[0.787, 0.4299999999999999]",332609,"[7.87, 4.299999999999999]",0.05871220741953168,16.439418077468872,9.149999999999999,"[0.6809999999999999, 0.23399999999999985]",333609,"[6.81, 2.3399999999999985]",0.06299808025360107,17.6394624710083,5.769999999999998,"[0.571, 0.005999999999999861]",334609,"[5.709999999999999, 0.05999999999999861]",0.06362104671342032,17.81389307975769,ParetoSolutionConcept,6.4275,0.9960515799897115,0.06272234874112265,0.00250030902854872,17.562257647514343,0.7000865279936413,COMPLETE
34,5.347499999999999,2025-06-12 17:20:28.316664,2025-06-12 17:20:46.399345,0 days 00:00:18.082681,32,0.5301079462786902,0.13127025900883596,0.9459403495943636,0.0009968145345840126,325,341628,5.347499999999999,1.531916691599122,0.55375,0.2343516321684148,320.0,4,6.249999999999999,"[0.45, 0.17499999999999993]",341628,"[4.5, 1.7499999999999993]",0.055905991792678834,17.889917373657227,7.3599999999999985,"[0.9289999999999999, -0.19300000000000012]",342628,"[9.29, -1.930000000000001]",0.0527361810207367,16.875577926635742,4.259999999999999,"[0.293, 0.13299999999999992]",343628,"[2.9299999999999997, 1.3299999999999992]",0.05590429231524467,17.889373540878296,3.5199999999999987,"[0.5429999999999999, -0.1910000000000001]",344628,"[5.43, -1.9100000000000008]",0.0545912928879261,17.469213724136353,ParetoSolutionConcept,5.5375,2.343516321684148,0.05478443950414658,0.0012985201466144268,17.531020641326904,0.41552644691661705,COMPLETE
35,6.477499999999997,2025-06-12 17:20:46.415959,2025-06-12 17:21:12.121085,0 days 00:00:25.705126,36,0.5932342113165983,0.0923762521863183,0.920593364778396,0.0002782935335132168,412,351646,6.477499999999997,3.5366324024416222,0.654,0.20277943682730756,410.0,4,8.349999999999998,"[0.784, 0.050999999999999934]",351646,"[7.84, 0.5099999999999993]",0.053684917310389074,22.01081609725952,7.899999999999999,"[0.534, 0.25599999999999995]",352646,"[5.34, 2.5599999999999996]",0.062226684500531454,25.512940645217896,0.4099999999999978,"[0.3909999999999999, -0.35000000000000014]",353646,"[3.9099999999999993, -3.5000000000000013]",0.054835468966786455,22.482542276382446,9.249999999999998,"[0.907, 0.017999999999999898]",354646,"[9.07, 0.179999999999999]",0.057001410461053614,23.370578289031982,ParetoSolutionConcept,6.54,2.0277943682730752,0.05693712030969015,0.0032778569702011395,23.34421932697296,1.3439213577824667,COMPLETE
36,8.579999999999998,2025-06-12 17:21:12.330466,2025-06-12 17:21:38.400775,0 days 00:00:26.070309,43,0.5440928288140983,0.04678157994059546,0.9558367588207062,0.0005532148809822082,383,361672,8.579999999999998,1.6149612998459135,0.7937500000000001,0.10243626066974525,380.0,4,8.669999999999998,"[0.756, 0.11099999999999988]",361672,"[7.5600000000000005, 1.1099999999999988]",0.06487964077999717,24.654263496398926,6.009999999999998,"[0.667, -0.06600000000000017]",362672,"[6.67, -0.6600000000000017]",0.06798475855275204,25.834208250045776,9.21,"[0.95, -0.029000000000000126]",363672,"[9.5, -0.29000000000000126]",0.05789325676466289,21.9994375705719,10.43,"[0.8019999999999999, 0.24099999999999994]",364672,"[8.02, 2.4099999999999993]",0.05696148307699906,21.645363569259644,ParetoSolutionConcept,7.9375,1.0243626066974527,0.06192978479360279,0.004646018134921499,23.53331822156906,1.7654868912701696,COMPLETE
37,8.107499999999998,2025-06-12 17:21:38.415346,2025-06-12 17:21:58.921044,0 days 00:00:20.505698,25,0.6410171451945543,0.014244550340531237,0.9300240120348675,0.005913495707188412,472,371698,8.107499999999998,1.7481186315579387,0.7334999999999999,0.0650096146735235,470.0,4,7.84,"[0.695, 0.08899999999999994]",371698,"[6.949999999999999, 0.8899999999999995]",0.04264788526169797,20.044506072998047,7.909999999999998,"[0.6739999999999999, 0.11699999999999992]",372698,"[6.739999999999999, 1.1699999999999993]",0.04322692434838478,20.316654443740845,5.889999999999999,"[0.7229999999999999, -0.13400000000000006]",373698,"[7.229999999999999, -1.3400000000000007]",0.04176702347207577,19.63050103187561,10.79,"[0.842, 0.23699999999999996]",374698,"[8.42, 2.3699999999999997]",0.03696851781074037,17.375203371047974,ParetoSolutionConcept,7.334999999999999,0.6500961467352351,0.04115258772322473,0.002470969419330576,19.34171622991562,1.1613556270853704,COMPLETE
38,8.599999999999998,2025-06-12 17:21:58.935502,2025-06-12 17:22:24.132263,0 days 00:00:25.196761,39,0.6018185127026302,0.11647835160757397,0.9943838265612712,0.0032198987357722514,446,381718,8.599999999999998,1.1962650208043366,0.756,0.11736055555424069,440.0,4,10.239999999999998,"[0.772, 0.2519999999999999]",381718,"[7.720000000000001, 2.5199999999999987]",0.05562914176420732,24.47682237625122,8.209999999999997,"[0.9350000000000002, -0.11400000000000014]",382718,"[9.350000000000001, -1.1400000000000015]",0.05684265385974537,25.010767698287964,6.949999999999998,"[0.7020000000000001, -0.0070000000000001285]",383718,"[7.0200000000000005, -0.07000000000000128]",0.05433341535654935,23.906702756881714,8.999999999999998,"[0.615, 0.28499999999999986]",384718,"[6.15, 2.8499999999999988]",0.05572570453990589,24.519309997558594,ParetoSolutionConcept,7.5600000000000005,1.1736055555424068,0.055632728880101984,0.0008889307382423323,24.478400707244873,0.3911295248266261,COMPLETE
39,9.139999999999999,2025-06-12 17:22:24.147199,2025-06-12 17:22:50.487013,0 days 00:00:26.339814,35,0.5743109370249779,0.09919918298701502,0.9694425886028389,0.0016391826612122138,435,391744,9.139999999999999,0.6051859218455103,0.6844999999999999,0.10680472835975005,430.0,4,9.84,"[0.8329999999999999, 0.15099999999999994]",391744,"[8.329999999999998, 1.5099999999999993]",0.04998549028884533,21.49376082420349,8.489999999999998,"[0.688, 0.1609999999999999]",392744,"[6.879999999999999, 1.609999999999999]",0.05603161190831384,24.09359312057495,8.59,"[0.5309999999999999, 0.3279999999999999]",393744,"[5.309999999999999, 3.279999999999999]",0.06071938137675441,26.109333992004395,9.639999999999999,"[0.6859999999999999, 0.2779999999999999]",394744,"[6.859999999999999, 2.7799999999999994]",0.05482427020405614,23.57443618774414,ParetoSolutionConcept,6.844999999999999,1.0680472835975006,0.05539018844449243,0.0038191212005422577,23.817781031131744,1.6422221162331707,COMPLETE
40,7.119999999999997,2025-06-12 17:22:50.502156,2025-06-12 17:23:16.597059,0 days 00:00:26.094903,46,0.8800574130306208,0.15187704077219097,0.9746891480445107,0.0001634343243964505,399,401770,7.119999999999997,2.817117320950621,0.5502499999999999,0.09637264912826672,390.0,4,6.959999999999998,"[0.604, 0.09199999999999986]",401770,"[6.04, 0.9199999999999986]",0.06061471608968882,23.639739274978638,6.469999999999998,"[0.5289999999999999, 0.11799999999999986]",402770,"[5.289999999999999, 1.1799999999999986]",0.06029885976742475,23.516555309295654,3.589999999999997,"[0.4049999999999999, -0.046000000000000145]",403770,"[4.049999999999999, -0.46000000000000146]",0.06632359333527393,25.866201400756836,11.459999999999999,"[0.663, 0.48299999999999993]",404770,"[6.630000000000001, 4.829999999999999]",0.04959997886266464,19.34399175643921,ParetoSolutionConcept,5.5024999999999995,0.9637264912826674,0.05920928701376303,0.006043892728449844,23.091621935367584,2.3571181640954397,COMPLETE
41,6.217499999999999,2025-06-12 17:23:16.826870,2025-06-12 17:23:25.302759,0 days 00:00:08.475889,18,0.6179866764290769,0.08227144921829478,0.9634613457429587,0.035580573978096094,179,411796,6.217499999999999,2.4659012044281097,0.50825,0.19619425960001993,170.0,4,3.4599999999999995,"[0.40099999999999997, -0.05500000000000003]",411796,"[4.01, -0.5500000000000003]",0.04869663434870103,8.278427839279175,5.69,"[0.394, 0.175]",412796,"[3.9400000000000004, 1.75]",0.04195951153250302,7.133116960525513,10.21,"[0.8480000000000001, 0.173]",413796,"[8.48, 1.73]",0.04597493480233585,7.815738916397095,5.51,"[0.39, 0.16100000000000003]",414796,"[3.9000000000000004, 1.6100000000000003]",0.04425371113945456,7.523130893707275,ParetoSolutionConcept,5.0825,1.961942596000199,0.04522119795574862,0.0024607624031308273,7.687603652477264,0.4183296085322407,COMPLETE
42,8.1175,2025-06-12 17:23:25.319324,2025-06-12 17:23:31.242498,0 days 00:00:05.923174,10,0.5161876774723569,0.07487023575334757,0.9705613166962525,0.09646866430016872,229,421805,8.1175,1.8812678570581072,0.71475,0.15893611137812577,220.0,4,9.910000000000002,"[0.764, 0.22700000000000004]",421805,"[7.640000000000001, 2.2700000000000005]",0.02290196743878451,5.038432836532593,10.010000000000002,"[0.874, 0.12700000000000003]",422805,"[8.74, 1.2700000000000002]",0.02429697188464078,5.345333814620972,6.81,"[0.7710000000000001, -0.08999999999999998]",423805,"[7.710000000000001, -0.8999999999999998]",0.02566504044966264,5.646308898925781,5.740000000000001,"[0.45, 0.12399999999999997]",424805,"[4.5, 1.2399999999999998]",0.02584560676054521,5.686033487319946,ParetoSolutionConcept,7.147500000000001,1.5893611137812578,0.02467739663340829,0.0011871212052195828,5.429027259349823,0.26116666514830816,COMPLETE
43,8.8225,2025-06-12 17:23:31.257361,2025-06-12 17:23:37.300212,0 days 00:00:06.042851,14,0.5506097445867836,0.08567945683461134,0.9872029063495167,0.02160625089319679,159,431811,8.8225,0.5635323859371342,0.6887500000000001,0.1231003147843254,150.0,4,8.19,"[0.6340000000000001, 0.18500000000000005]",431811,"[6.340000000000002, 1.8500000000000005]",0.03729913393656413,5.594870090484619,9.24,"[0.524, 0.4000000000000001]",432811,"[5.24, 4.000000000000001]",0.03771316528320313,5.656974792480469,9.509999999999998,"[0.8550000000000001, 0.09600000000000002]",433811,"[8.55, 0.9600000000000002]",0.038854486147562664,5.828172922134399,8.350000000000001,"[0.7420000000000001, 0.093]",434811,"[7.420000000000001, 0.9299999999999999]",0.039153486887613935,5.87302303314209,ParetoSolutionConcept,6.887500000000001,1.2310031478432542,0.038255068063735964,0.0007703776835678954,5.738260209560394,0.11555665253518432,COMPLETE
44,7.0875,2025-06-12 17:23:37.315410,2025-06-12 17:23:46.478042,0 days 00:00:09.162632,16,0.6160737584459313,0.059268204640095225,0.9427060931701351,0.05603414115664591,251,441817,7.0875,1.7256792141067236,0.68825,0.12027338649925846,250.0,4,5.92,"[0.627, -0.034999999999999996]",441817,"[6.27, -0.35]",0.03570066452026367,8.925166130065918,8.19,"[0.7450000000000001, 0.074]",442817,"[7.450000000000001, 0.74]",0.03308021354675293,8.270053386688232,9.28,"[0.85, 0.07799999999999999]",443817,"[8.5, 0.7799999999999998]",0.03337621784210205,8.344054460525513,4.96,"[0.5309999999999999, -0.035]",444817,"[5.309999999999999, -0.35000000000000003]",0.03406322288513183,8.515805721282959,ParetoSolutionConcept,6.882499999999999,1.202733864992585,0.03405507969856262,0.00101479470226762,8.513769924640656,0.25369867556690495,COMPLETE
45,8.5375,2025-06-12 17:23:46.495207,2025-06-12 17:23:52.798367,0 days 00:00:06.303160,22,0.9932946984982248,0.12689746374630884,0.9658043152047947,0.011959368050644162,100,451826,8.5375,1.6221956571264766,0.64975,0.060454011446718754,100.0,4,5.979999999999999,"[0.599, -0.0010000000000000453]",451826,"[5.99, -0.010000000000000453]",0.058824782371520994,5.8824782371521,9.64,"[0.727, 0.23699999999999996]",452826,"[7.27, 2.3699999999999997]",0.05626010656356811,5.6260106563568115,8.34,"[0.583, 0.251]",453826,"[5.83, 2.51]",0.06122674942016602,6.122674942016602,10.19,"[0.6900000000000001, 0.32899999999999996]",454826,"[6.9, 3.2899999999999996]",0.05943332195281983,5.943332195281982,ParetoSolutionConcept,6.4975000000000005,0.6045401144671873,0.05893624007701874,0.0017795811897904038,5.893624007701874,0.17795811897904024,COMPLETE
46,8.8525,2025-06-12 17:23:53.061290,2025-06-12 17:24:06.604470,0 days 00:00:13.543180,18,0.6704760148507641,0.036395844153937325,0.9755936119189847,0.0010801023708057597,326,461833,8.8525,2.8547799827657476,0.7822499999999999,0.18898329952670423,320.0,4,11.03,"[0.9369999999999999, 0.166]",461833,"[9.37, 1.6600000000000001]",0.038025105744600295,12.168033838272095,6.739999999999999,"[0.733, -0.05900000000000002]",462833,"[7.33, -0.5900000000000002]",0.04169929251074791,13.343773603439331,12.24,"[0.9650000000000001, 0.259]",463833,"[9.65, 2.59]",0.03820477053523064,12.225526571273804,5.399999999999999,"[0.49399999999999994, 0.046]",464833,"[4.9399999999999995, 0.45999999999999996]",0.040492930263280866,12.957737684249878,ParetoSolutionConcept,7.8225,1.889832995267042,0.039605524763464926,0.001551707815905697,12.673767924308777,0.49654650108982323,COMPLETE
47,8.5725,2025-06-12 17:24:06.619357,2025-06-12 17:24:28.528381,0 days 00:00:21.909024,31,0.5272070087240658,0.101535345218031,0.9532687749785745,0.003092237990653286,368,471846,8.5725,2.5292526069967787,0.7784999999999999,0.09791450352220561,360.0,4,9.810000000000002,"[0.8339999999999999, 0.14699999999999994]",471846,"[8.339999999999998, 1.4699999999999993]",0.055877808729807535,20.116011142730713,6.289999999999999,"[0.6889999999999998, -0.060000000000000074]",472846,"[6.889999999999999, -0.6000000000000008]",0.05873760316107008,21.14553713798523,6.0699999999999985,"[0.6799999999999999, -0.07300000000000006]",473846,"[6.799999999999999, -0.7300000000000006]",0.05900710622469584,21.242558240890503,12.12,"[0.9110000000000001, 0.30099999999999993]",474846,"[9.110000000000001, 3.0099999999999993]",0.06034506095780267,21.72422194480896,ParetoSolutionConcept,7.784999999999998,0.9791450352220561,0.05849189476834404,0.0016273818084300512,21.05708211660385,0.585857451034818,COMPLETE
48,7.104999999999998,2025-06-12 17:24:28.543003,2025-06-12 17:24:40.367829,0 days 00:00:11.824826,42,0.7180607963629433,0.1737316222790889,0.9129675097559591,0.00039510355586708777,147,481868,7.104999999999998,4.688883129275031,0.6627500000000001,0.17306555838756596,140.0,4,12.6,"[0.6370000000000001, 0.6229999999999999]",481868,"[6.370000000000001, 6.229999999999999]",0.07776191064289638,10.886667490005493,3.919999999999998,"[0.8019999999999999, -0.41000000000000025]",482868,"[8.02, -4.100000000000002]",0.08279285601207188,11.590999841690063,10.689999999999998,"[0.8220000000000001, 0.2469999999999999]",483868,"[8.22, 2.469999999999999]",0.06918268033436366,9.685575246810913,1.2099999999999977,"[0.38999999999999996, -0.2690000000000002]",484868,"[3.8999999999999995, -2.6900000000000017]",0.07828776666096278,10.96028733253479,ParetoSolutionConcept,6.6274999999999995,1.7306555838756599,0.07700630341257367,0.004922051386366963,10.780882477760315,0.6890871940913744,COMPLETE
49,9.835,2025-06-12 17:24:40.382629,2025-06-12 17:25:05.634843,0 days 00:00:25.252214,39,0.9272834994679204,0.06829994694186689,0.9362577866727438,0.007540464722548288,432,491880,9.835,1.8444036976757567,0.8612500000000002,0.1089251463161744,430.0,4,11.9,"[0.8240000000000001, 0.3659999999999999]",491880,"[8.24, 3.659999999999999]",0.057824229085168176,24.864418506622314,7.029999999999998,"[0.7020000000000001, 0.0009999999999998788]",492880,"[7.0200000000000005, 0.009999999999998788]",0.058290808699851815,25.06504774093628,9.429999999999998,"[0.933, 0.00999999999999988]",493880,"[9.33, 0.09999999999999881]",0.05531986535981644,23.78754210472107,10.98,"[0.9860000000000001, 0.11199999999999988]",494880,"[9.860000000000001, 1.1199999999999988]",0.049858733110649645,21.439255237579346,ParetoSolutionConcept,8.6125,1.089251463161744,0.05532340906387152,0.0033512034110933205,23.789065897464752,1.441017466770128,COMPLETE
50,10.237499999999999,2025-06-12 17:25:05.649824,2025-06-12 17:25:32.440715,0 days 00:00:26.790891,39,0.9454685725281761,0.13581393204790843,0.9447951633499562,0.007150509161594556,431,501905,10.237499999999999,3.7982520650952063,0.8932499999999999,0.07298758456066347,430.0,4,14.799999999999999,"[0.9730000000000001, 0.5069999999999999]",501905,"[9.73, 5.0699999999999985]",0.05257768021073452,22.608402490615845,9.7,"[0.959, 0.010999999999999888]",502905,"[9.59, 0.10999999999999888]",0.056996158666388935,24.50834822654724,4.449999999999998,"[0.825, -0.3800000000000002]",503905,"[8.25, -3.8000000000000025]",0.061859786233236624,26.599708080291748,11.999999999999996,"[0.8160000000000001, 0.3839999999999999]",504905,"[8.16, 3.839999999999999]",0.0550516732903414,23.6722195148468,ParetoSolutionConcept,8.932500000000001,0.7298758456066347,0.05662132460017537,0.003405761516936004,24.34716957807541,1.4644774522824815,COMPLETE
51,7.664999999999999,2025-06-12 17:25:32.719350,2025-06-12 17:25:58.960048,0 days 00:00:26.240698,39,0.9607618440919821,0.13571132767052357,0.9393159145026695,0.00921404344088662,427,511932,7.664999999999999,2.611862362376701,0.7945,0.10938121410918795,420.0,4,9.26,"[0.9620000000000001, -0.036000000000000136]",511932,"[9.620000000000001, -0.3600000000000014]",0.05553692238671439,23.325507402420044,3.209999999999999,"[0.701, -0.3800000000000002]",512932,"[7.01, -3.8000000000000025]",0.06192388761611212,26.00803279876709,8.459999999999999,"[0.6929999999999998, 0.15299999999999989]",513932,"[6.929999999999998, 1.529999999999999]",0.048005770501636326,20.162423610687256,9.729999999999999,"[0.8220000000000001, 0.15099999999999986]",514932,"[8.22, 1.5099999999999985]",0.05544736555644444,23.287893533706665,ParetoSolutionConcept,7.945,1.0938121410918797,0.05522848651522682,0.004927957569729503,23.195964336395264,2.069742179286392,COMPLETE
52,7.379999999999999,2025-06-12 17:25:58.974880,2025-06-12 17:26:22.266316,0 days 00:00:23.291436,35,0.9261439094556588,0.11559981048050592,0.9343171251138485,0.007613938075331347,438,521959,7.379999999999999,1.4905703606338085,0.7325000000000002,0.16434339049684965,430.0,4,5.859999999999999,"[0.44899999999999995, 0.13699999999999993]",521959,"[4.489999999999999, 1.3699999999999992]",0.05374768390211948,23.111504077911377,5.919999999999998,"[0.8030000000000002, -0.21100000000000013]",522959,"[8.030000000000001, -2.110000000000001]",0.052902274353559625,22.74797797203064,8.92,"[0.837, 0.0549999999999999]",523959,"[8.37, 0.549999999999999]",0.05044081599213356,21.68955087661743,8.82,"[0.841, 0.0409999999999999]",524959,"[8.41, 0.409999999999999]",0.0498918799466865,21.453508377075195,ParetoSolutionConcept,7.325,1.6434339049684963,0.051745663548624796,0.0016190255432200137,22.25063532590866,0.696180983584606,COMPLETE
53,9.382499999999999,2025-06-12 17:26:22.281254,2025-06-12 17:26:54.289533,0 days 00:00:32.008279,40,0.9652250405045556,0.16898302421717531,0.9238079027425133,0.018652982093598478,480,531982,9.382499999999999,2.8674324316363586,0.88625,0.06792044979238589,480.0,4,13.29,"[0.9420000000000002, 0.38699999999999996]",531982,"[9.420000000000002, 3.8699999999999997]",0.055074237287044525,26.435633897781372,6.669999999999999,"[0.8119999999999999, -0.14500000000000016]",532982,"[8.12, -1.4500000000000015]",0.057924059530099235,27.803548574447632,6.599999999999999,"[0.826, -0.16600000000000015]",533982,"[8.26, -1.6600000000000015]",0.066206028064092,31.77889347076416,10.969999999999999,"[0.9650000000000001, 0.1319999999999999]",534982,"[9.65, 1.319999999999999]",0.04994250386953354,23.9724018573761,ParetoSolutionConcept,8.862499999999999,0.6792044979238587,0.057286707187692326,0.0058905188299562695,27.497619450092316,2.8274490383790107,COMPLETE
54,7.802499999999998,2025-06-12 17:26:54.305877,2025-06-12 17:27:17.727714,0 days 00:00:23.421837,38,0.9259467586045094,0.14404903258936425,0.9468132805389218,0.003989104173144985,384,542014,7.802499999999998,1.5255388392302576,0.821,0.10354226190305099,380.0,4,9.04,"[0.812, 0.0919999999999999]",542014,"[8.120000000000001, 0.919999999999999]",0.059685479967217694,22.680482387542725,8.549999999999999,"[0.8460000000000001, 0.008999999999999887]",543014,"[8.46, 0.08999999999999886]",0.05411719585719862,20.564534425735474,5.189999999999998,"[0.6679999999999999, -0.14900000000000013]",544014,"[6.68, -1.4900000000000013]",0.06030001828545018,22.91400694847107,8.429999999999998,"[0.958, -0.11500000000000013]",545014,"[9.58, -1.1500000000000012]",0.061016166837591874,23.186143398284912,ParetoSolutionConcept,8.21,1.0354226190305098,0.05877971523686459,0.002732788586519577,22.336291790008545,1.0384596628774398,COMPLETE
55,9.939999999999998,2025-06-12 17:27:17.742080,2025-06-12 17:27:53.372549,0 days 00:00:35.630469,50,0.9100695190890417,0.06990812504499652,0.9429673951809979,0.007758338268381546,500,552037,9.939999999999998,2.7148664792214006,0.7270000000000001,0.18941092893494826,500.0,4,11.43,"[0.6619999999999999, 0.48099999999999987]",552037,"[6.619999999999999, 4.809999999999999]",0.0597313904762268,29.865695238113403,5.249999999999997,"[0.45899999999999996, 0.06599999999999984]",553037,"[4.59, 0.6599999999999984]",0.07079746389389038,35.39873194694519,11.269999999999998,"[0.8160000000000001, 0.31099999999999983]",554037,"[8.16, 3.1099999999999985]",0.06476268625259399,32.381343126297,11.809999999999999,"[0.9710000000000001, 0.20999999999999988]",555037,"[9.71, 2.0999999999999988]",0.06153305053710938,30.766525268554688,ParetoSolutionConcept,7.27,1.8941092893494826,0.06420614778995513,0.004210821920431013,32.10307389497757,2.1054109602155058,COMPLETE
56,8.802499999999998,2025-06-12 17:27:53.710681,2025-06-12 17:28:27.685086,0 days 00:00:33.974405,49,0.8912788125574556,0.12226160139505736,0.9430076498878379,0.0013706251601489938,492,562073,8.802499999999998,2.657088397099353,0.7154999999999999,0.1385090249767141,490.0,4,8.239999999999997,"[0.4999999999999999, 0.32399999999999984]",562073,"[4.999999999999999, 3.2399999999999984]",0.062388828822544644,30.570526123046875,6.099999999999997,"[0.688, -0.07800000000000018]",563073,"[6.879999999999999, -0.7800000000000018]",0.06896647628472775,33.7935733795166,13.200000000000001,"[0.8400000000000001, 0.47999999999999987]",564073,"[8.4, 4.799999999999999]",0.05034252964720434,24.667839527130127,7.669999999999998,"[0.834, -0.0670000000000002]",565073,"[8.34, -0.6700000000000019]",0.0630636147090367,30.90117120742798,ParetoSolutionConcept,7.155,1.385090249767141,0.061190362365878354,0.006765515844341809,29.983277559280396,3.315102763727487,COMPLETE
57,10.362499999999999,2025-06-12 17:28:27.699691,2025-06-12 17:29:01.714713,0 days 00:00:34.015022,50,0.8380936327310123,0.15341603198764822,0.9579638705730769,0.0019542805365820237,460,572107,10.362499999999999,1.1089043015517615,0.75725,0.07707585549314393,460.0,4,10.0,"[0.806, 0.19399999999999987]",572107,"[8.06, 1.9399999999999986]",0.06566577009532763,30.206254243850708,10.469999999999999,"[0.6299999999999999, 0.4169999999999998]",573107,"[6.299999999999999, 4.169999999999998]",0.06362975265668785,29.269686222076416,8.95,"[0.764, 0.13099999999999987]",574107,"[7.640000000000001, 1.3099999999999987]",0.073433532403863,33.77942490577698,12.03,"[0.829, 0.37399999999999994]",575107,"[8.29, 3.7399999999999993]",0.0512521101080853,23.57597064971924,ParetoSolutionConcept,7.5725,0.7707585549314393,0.06349529131599095,0.007959164214821412,29.207834005355835,3.66121553881785,COMPLETE
58,8.959999999999997,2025-06-12 17:29:01.729454,2025-06-12 17:29:34.152999,0 days 00:00:32.423545,50,0.8518520042879986,0.15484662299169338,0.9525670018274571,0.0008545503764466841,456,582141,8.959999999999997,1.2274363527287273,0.81975,0.05610425563181463,450.0,4,9.399999999999999,"[0.774, 0.16599999999999984]",582141,"[7.74, 1.6599999999999984]",0.062068023681640626,27.93061065673828,9.94,"[0.915, 0.07899999999999988]",583141,"[9.15, 0.7899999999999987]",0.06245802773369683,28.106112480163574,9.639999999999997,"[0.8049999999999999, 0.15899999999999986]",584141,"[8.049999999999999, 1.5899999999999985]",0.06925731447007921,31.165791511535645,6.859999999999998,"[0.7849999999999999, -0.0990000000000002]",585141,"[7.85, -0.990000000000002]",0.07164618810017903,32.240784645080566,ParetoSolutionConcept,8.1975,0.5610425563181463,0.06635738849639893,0.004182841043284974,29.860824823379517,1.882278469478239,COMPLETE
59,8.719999999999999,2025-06-12 17:29:34.167696,2025-06-12 17:30:07.903357,0 days 00:00:33.735661,47,0.7909694579855414,0.18851217806115325,0.9453102672706003,0.0017868144849515282,471,592174,8.719999999999999,1.8079961283144392,0.7309999999999999,0.06140846847137622,470.0,4,7.519999999999998,"[0.8, -0.04800000000000018]",592174,"[8.0, -0.4800000000000018]",0.06507818698883057,30.586747884750366,6.399999999999997,"[0.6759999999999999, -0.03600000000000016]",593174,"[6.76, -0.36000000000000154]",0.06463990262214174,30.380754232406616,10.309999999999999,"[0.6639999999999999, 0.36699999999999994]",594174,"[6.639999999999999, 3.6699999999999995]",0.062416542337295856,29.335774898529053,10.649999999999999,"[0.784, 0.2809999999999998]",595174,"[7.84, 2.809999999999998]",0.07129475410948409,33.50853443145752,ParetoSolutionConcept,7.31,0.614084684713762,0.06585734651443806,0.0032974912409791932,30.95295286178589,1.5498208832602198,COMPLETE
60,6.689999999999998,2025-06-12 17:30:07.918010,2025-06-12 17:30:42.871472,0 days 00:00:34.953462,50,0.8496894460881008,0.16660444317338596,0.9493774292964887,0.0006158936795977068,485,602207,6.689999999999998,3.940184005855565,0.7512500000000001,0.14180510392789117,480.0,4,0.3799999999999967,"[0.5279999999999999, -0.4900000000000003]",602207,"[5.279999999999999, -4.900000000000003]",0.07243839701016744,34.77043056488037,7.149999999999998,"[0.783, -0.0680000000000002]",603207,"[7.83, -0.6800000000000019]",0.06108121126890183,29.318981409072876,8.039999999999997,"[0.772, 0.03199999999999985]",604207,"[7.720000000000001, 0.3199999999999985]",0.06370635231335958,30.579049110412598,11.19,"[0.922, 0.1969999999999999]",605207,"[9.22, 1.9699999999999989]",0.06358907471100489,30.52275586128235,ParetoSolutionConcept,7.512499999999999,1.4180510392789116,0.06520375882585844,0.004306530479157936,31.29780423641205,2.0671346299958095,COMPLETE
61,7.754999999999998,2025-06-12 17:30:43.196580,2025-06-12 17:31:10.129375,0 days 00:00:26.932795,44,0.9558205835554694,0.1500505449452959,0.9585041480670645,0.005587196004083459,413,612243,7.754999999999998,1.922556891225848,0.84625,0.06814093850248916,410.0,4,7.889999999999999,"[0.8059999999999998, -0.017000000000000116]",612243,"[8.059999999999999, -0.17000000000000115]",0.06509129186955893,26.687429666519165,10.479999999999997,"[0.9640000000000001, 0.08399999999999988]",613243,"[9.64, 0.8399999999999987]",0.05863403808779833,24.039955615997314,5.049999999999999,"[0.8140000000000001, -0.3090000000000002]",614243,"[8.14, -3.090000000000002]",0.0648421287536621,26.585272789001465,7.599999999999998,"[0.8009999999999999, -0.041000000000000154]",615243,"[8.01, -0.41000000000000153]",0.05732270101221596,23.502307415008545,ParetoSolutionConcept,8.4625,0.6814093850248913,0.06147253993080883,0.0035258952831992677,25.203741371631622,1.445617066111701,COMPLETE
62,8.719999999999997,2025-06-12 17:31:10.143880,2025-06-12 17:31:39.400413,0 days 00:00:29.256533,47,0.9119985476654906,0.1371741208240319,0.9531886134014171,0.002145819206447268,448,622270,8.719999999999997,2.759737306339137,0.84325,0.11253082910918241,440.0,4,7.389999999999998,"[0.7969999999999999, -0.05800000000000018]",622270,"[7.969999999999999, -0.5800000000000018]",0.06469473080201582,28.465681552886963,4.8599999999999985,"[0.6829999999999999, -0.19700000000000017]",623270,"[6.829999999999999, -1.9700000000000017]",0.06390670917250893,28.11895203590393,10.909999999999997,"[0.9189999999999999, 0.17199999999999988]",624270,"[9.19, 1.7199999999999989]",0.06596457416361029,29.024412631988525,11.719999999999997,"[0.9740000000000002, 0.19799999999999987]",625270,"[9.740000000000002, 1.9799999999999986]",0.06517920927567915,28.678852081298828,ParetoSolutionConcept,8.4325,1.1253082910918244,0.06493630585345354,0.0007474566243419788,28.57197457551956,0.3288809147104695,COMPLETE
63,9.427499999999998,2025-06-12 17:31:39.415039,2025-06-12 17:32:09.775944,0 days 00:00:30.360905,42,0.8089264088797262,0.08795418972538581,0.9597647799129856,0.002559547781706678,460,632299,9.427499999999998,3.1707047718133587,0.751,0.22936978876914021,460.0,4,6.919999999999999,"[0.414, 0.2779999999999999]",632299,"[4.14, 2.7799999999999994]",0.06057727233223293,27.86554527282715,14.52,"[0.9650000000000001, 0.48699999999999993]",633299,"[9.65, 4.869999999999999]",0.05769026486769967,26.537521839141846,6.609999999999998,"[0.665, -0.004000000000000137]",634299,"[6.65, -0.04000000000000137]",0.06560496765634288,30.178285121917725,9.66,"[0.96, 0.005999999999999844]",635299,"[9.6, 0.05999999999999844]",0.05313133675119151,24.440414905548096,ParetoSolutionConcept,7.51,2.293697887691402,0.059250960401866754,0.0045281915734330346,27.255441784858704,2.082968123779196,COMPLETE
64,9.212499999999999,2025-06-12 17:32:09.791203,2025-06-12 17:32:29.389008,0 days 00:00:19.597805,29,0.864593087523548,0.10864757914613156,0.9034074333790655,0.0012505009340618562,399,642329,9.212499999999999,3.2625172413337524,0.75925,0.1400560155794817,390.0,4,11.339999999999998,"[0.821, 0.3129999999999999]",642329,"[8.209999999999999, 3.129999999999999]",0.04795970672216171,18.704285621643066,3.989999999999999,"[0.5559999999999998, -0.15700000000000006]",643329,"[5.559999999999999, -1.5700000000000005]",0.04966431947854849,19.36908459663391,12.489999999999998,"[0.7220000000000001, 0.5269999999999999]",644329,"[7.220000000000001, 5.27]",0.04256449112525353,16.600151538848877,9.030000000000001,"[0.9380000000000001, -0.03500000000000005]",645329,"[9.38, -0.35000000000000053]",0.04675436631227151,18.23420286178589,ParetoSolutionConcept,7.592499999999999,1.4005601557948169,0.04673572090955881,0.002620798371310704,18.226931154727936,1.0221113648111748,COMPLETE
65,9.459999999999999,2025-06-12 17:32:29.403514,2025-06-12 17:33:02.167444,0 days 00:00:32.763930,48,0.9801672821310652,0.14192748859333848,0.9555873572535936,0.003895182327566523,499,652349,9.459999999999999,2.409948132221937,0.7394999999999999,0.20859709969220575,490.0,4,12.79,"[0.931, 0.34799999999999986]",652349,"[9.31, 3.4799999999999986]",0.05640400429161228,27.637962102890015,10.399999999999997,"[0.829, 0.2109999999999999]",653349,"[8.29, 2.109999999999999]",0.05791880208618787,28.380213022232056,6.289999999999997,"[0.3869999999999999, 0.2419999999999999]",654349,"[3.869999999999999, 2.419999999999999]",0.06479137430385667,31.74777340888977,8.359999999999998,"[0.8109999999999999, 0.02499999999999984]",655349,"[8.11, 0.2499999999999984]",0.06638917971630486,32.53069806098938,ParetoSolutionConcept,7.395,2.085970996922057,0.06137584009949042,0.004285723717781954,30.074161648750305,2.100004621713158,COMPLETE
66,7.227499999999999,2025-06-12 17:33:02.497740,2025-06-12 17:33:27.773587,0 days 00:00:25.275847,33,0.8356930405736636,0.15980053414313536,0.9314074142635287,0.0008402585704669959,477,662382,7.227499999999999,3.661709812369079,0.7627499999999999,0.15136772278131164,470.0,4,10.439999999999998,"[0.851, 0.19299999999999995]",662382,"[8.51, 1.9299999999999995]",0.046332041253434854,21.77605938911438,10.969999999999999,"[0.9380000000000001, 0.15899999999999995]",663382,"[9.38, 1.5899999999999994]",0.04805617839732069,22.586403846740723,2.1499999999999986,"[0.5349999999999999, -0.3200000000000002]",664382,"[5.35, -3.200000000000002]",0.05340102124721446,25.098479986190796,5.35,"[0.727, -0.1920000000000001]",665382,"[7.27, -1.9200000000000008]",0.051374822474540546,24.146166563034058,ParetoSolutionConcept,7.6275,1.5136772278131163,0.04979101584312763,0.0027620078131115906,23.40177744626999,1.2981436721624486,COMPLETE
67,10.7875,2025-06-12 17:33:27.788070,2025-06-12 17:33:52.058744,0 days 00:00:24.270674,36,0.9049138596011291,0.12894920775794527,0.9408708468777739,0.006532043275560281,461,672407,10.7875,1.1773142103958485,0.84925,0.10962293327584338,460.0,4,11.059999999999999,"[0.6709999999999999, 0.43499999999999994]",672407,"[6.709999999999999, 4.35]",0.05123883900435074,23.569865942001343,12.6,"[0.8470000000000001, 0.4129999999999999]",673407,"[8.47, 4.129999999999999]",0.05054087120553721,23.24880075454712,9.669999999999998,"[0.9390000000000001, 0.027999999999999907]",674407,"[9.39, 0.2799999999999991]",0.05236675687458204,24.08870816230774,9.82,"[0.9400000000000001, 0.041999999999999885]",675407,"[9.4, 0.4199999999999988]",0.04886178400205529,22.476420640945435,ParetoSolutionConcept,8.4925,1.096229332758434,0.05075206277163132,0.0012710176878336003,23.34594887495041,0.5846681364034565,COMPLETE
68,7.8999999999999995,2025-06-12 17:33:52.073539,2025-06-12 17:34:13.743527,0 days 00:00:21.669988,27,0.9025632423938612,0.1316348053031042,0.9259090571518773,0.009701124853890318,462,682432,7.8999999999999995,2.448315747610998,0.7462499999999999,0.09947707022223772,460.0,4,8.219999999999999,"[0.8320000000000001, -0.010000000000000031]",682432,"[8.32, -0.10000000000000031]",0.04413857045380966,20.30374240875244,5.789999999999999,"[0.5969999999999999, -0.01800000000000006]",683432,"[5.969999999999999, -0.1800000000000006]",0.04557982009390126,20.96671724319458,11.78,"[0.841, 0.33699999999999997]",684432,"[8.41, 3.3699999999999997]",0.04312099011048027,19.835655450820923,5.809999999999999,"[0.7149999999999999, -0.13400000000000004]",685432,"[7.149999999999999, -1.3400000000000003]",0.04657838811045108,21.426058530807495,ParetoSolutionConcept,7.4624999999999995,0.9947707022223772,0.04485444219216056,0.001324338617459254,20.63304340839386,0.6091957640312572,COMPLETE
69,9.112499999999999,2025-06-12 17:34:13.758269,2025-06-12 17:34:39.170634,0 days 00:00:25.412365,36,0.8825166220117961,0.18253923398384148,0.9403978206631687,0.013321516436578366,419,692453,9.112499999999999,2.5455095265977707,0.72775,0.19664863971052537,410.0,4,6.629999999999998,"[0.42699999999999994, 0.2359999999999999]",692453,"[4.27, 2.359999999999999]",0.05801052407520573,23.78431487083435,9.95,"[0.9480000000000001, 0.0469999999999999]",693453,"[9.48, 0.46999999999999903]",0.055958872306637646,22.943137645721436,6.959999999999998,"[0.6890000000000001, 0.006999999999999884]",694453,"[6.890000000000001, 0.06999999999999884]",0.06141780120570485,25.18129849433899,12.910000000000002,"[0.8470000000000001, 0.44399999999999995]",695453,"[8.47, 4.4399999999999995]",0.046260740117328926,18.96690344810486,ParetoSolutionConcept,7.2775,1.9664863971052537,0.055411984426219286,0.005631753773267516,22.71891361474991,2.3090190470396825,COMPLETE
70,7.694999999999998,2025-06-12 17:34:39.185012,2025-06-12 17:35:11.695742,0 days 00:00:32.510730,44,0.7564208866204954,0.05152455773690351,0.9448626760100389,0.00636273191897692,447,702479,7.694999999999998,1.72994942122595,0.7042499999999999,0.050201469102009406,440.0,4,7.479999999999998,"[0.6819999999999999, 0.06599999999999986]",702479,"[6.819999999999999, 0.6599999999999986]",0.06576095115054738,28.934818506240845,9.569999999999997,"[0.6879999999999998, 0.2689999999999999]",703479,"[6.879999999999998, 2.689999999999999]",0.056588208133524116,24.89881157875061,8.739999999999998,"[0.6579999999999999, 0.2159999999999999]",704479,"[6.579999999999999, 2.159999999999999]",0.06762916933406483,29.756834506988525,4.9899999999999975,"[0.789, -0.29000000000000015]",705479,"[7.890000000000001, -2.9000000000000012]",0.07335054170001637,32.2742383480072,ParetoSolutionConcept,7.0424999999999995,0.5020146910200942,0.06583221757953818,0.006025176817541517,28.966175734996796,2.6510777997182675,COMPLETE
71,7.659999999999998,2025-06-12 17:35:12.073128,2025-06-12 17:35:34.687889,0 days 00:00:22.614761,30,0.9493213388164392,0.12512067977469304,0.9507474230680436,0.004668614526359197,439,712512,7.659999999999998,4.328758482521287,0.75125,0.15154434169575584,430.0,4,8.81,"[0.8160000000000001, 0.06499999999999999]",712512,"[8.16, 0.6499999999999999]",0.047283371659212335,20.331849813461304,14.139999999999997,"[0.9620000000000001, 0.45199999999999996]",713512,"[9.620000000000001, 4.52]",0.04874685475992602,20.96114754676819,4.969999999999999,"[0.665, -0.16800000000000007]",714512,"[6.65, -1.6800000000000006]",0.05214343292768611,22.42167615890503,2.719999999999999,"[0.562, -0.2900000000000001]",715512,"[5.620000000000001, -2.900000000000001]",0.05061002165772194,21.762309312820435,ParetoSolutionConcept,7.5125,1.5154434169575584,0.0496959202511366,0.0018403135397531032,21.36924570798874,0.791334822093835,COMPLETE
72,10.0075,2025-06-12 17:35:34.702575,2025-06-12 17:36:02.487656,0 days 00:00:27.785081,41,0.9079683723353188,0.1470440638607009,0.9617175728599856,0.0033188117906449103,466,722534,10.0075,2.0784173666518484,0.8727499999999999,0.10999857953628311,460.0,4,12.120000000000001,"[0.952, 0.2599999999999999]",722534,"[9.52, 2.5999999999999988]",0.05203312635421753,23.935238122940063,11.69,"[0.93, 0.23899999999999988]",723534,"[9.3, 2.389999999999999]",0.05989085228546806,27.549792051315308,6.929999999999998,"[0.6829999999999999, 0.009999999999999887]",724534,"[6.829999999999999, 0.09999999999999887]",0.055626021260800566,25.58796977996826,9.289999999999997,"[0.9259999999999998, 0.0029999999999998582]",725534,"[9.259999999999998, 0.029999999999998583]",0.05588906225950822,25.70896863937378,ParetoSolutionConcept,8.7275,1.0999857953628311,0.05585976553999859,0.002781560825035407,25.695492148399353,1.2795179795162872,COMPLETE
73,5.932499999999997,2025-06-12 17:36:02.502539,2025-06-12 17:36:29.952897,0 days 00:00:27.450358,37,0.9371065422216668,0.16551245718250485,0.9641446387443299,0.0028554297534060403,469,732562,5.932499999999997,0.3209653408080076,0.7747499999999998,0.10122345330999148,460.0,4,5.779999999999998,"[0.6849999999999998, -0.10700000000000012]",732562,"[6.849999999999998, -1.0700000000000012]",0.055502727239028264,25.531254529953003,6.369999999999999,"[0.6699999999999998, -0.03300000000000012]",733562,"[6.699999999999998, -0.3300000000000012]",0.059255773606507675,27.25765585899353,5.509999999999997,"[0.9110000000000001, -0.3600000000000002]",734562,"[9.110000000000001, -3.6000000000000023]",0.05416580127633136,24.916268587112427,6.069999999999998,"[0.833, -0.22600000000000015]",735562,"[8.33, -2.2600000000000016]",0.05735797571099323,26.384668827056885,ParetoSolutionConcept,7.747499999999999,1.0122345330999147,0.056570569458215134,0.001920516007392287,26.02246195077896,0.8834373634004513,COMPLETE
74,7.5625,2025-06-12 17:36:29.968215,2025-06-12 17:36:58.511221,0 days 00:00:28.543006,41,0.9059502765207252,0.14678556535240544,0.9291632187010007,0.00048668518065601027,493,742590,7.5625,2.7851155721082748,0.705,0.1619120131429413,490.0,4,8.68,"[0.6359999999999999, 0.2319999999999999]",742590,"[6.359999999999999, 2.319999999999999]",0.05776722187898597,28.305938720703125,9.569999999999999,"[0.9709999999999999, -0.014000000000000156]",743590,"[9.709999999999999, -0.14000000000000157]",0.0552586910675983,27.07675862312317,2.7699999999999982,"[0.6769999999999999, -0.40000000000000024]",744590,"[6.77, -4.000000000000003]",0.055990777696881974,27.435481071472168,9.229999999999999,"[0.5359999999999999, 0.3869999999999999]",745590,"[5.359999999999999, 3.869999999999999]",0.05763994041754275,28.243570804595947,ParetoSolutionConcept,7.05,1.619120131429413,0.05666415776525225,0.0010721100197986788,27.765437304973602,0.525333909701352,COMPLETE
75,8.5025,2025-06-12 17:36:58.525860,2025-06-12 17:37:23.044125,0 days 00:00:24.518265,34,0.8864770536420051,0.15446728174624644,0.9336643671552142,0.007012625822472634,453,752618,8.5025,1.997991178659205,0.802,0.14395311736812091,450.0,4,7.369999999999999,"[0.5730000000000001, 0.16399999999999992]",752618,"[5.73, 1.6399999999999992]",0.05321809238857693,23.94814157485962,11.549999999999999,"[0.97, 0.18499999999999991]",753618,"[9.7, 1.8499999999999992]",0.04848626772562663,21.818820476531982,8.879999999999999,"[0.8460000000000001, 0.04199999999999989]",754618,"[8.46, 0.41999999999999893]",0.05123885260687934,23.057483673095703,6.209999999999999,"[0.819, -0.1980000000000001]",755618,"[8.19, -1.9800000000000009]",0.053980665736728245,24.29129958152771,ParetoSolutionConcept,8.02,1.4395311736812089,0.05173096961445279,0.0021238488814175906,23.278936326503754,0.955731996637916,COMPLETE
76,11.7425,2025-06-12 17:37:23.476238,2025-06-12 17:37:45.529520,0 days 00:00:22.053282,41,0.8380203850901137,0.137508222973678,0.9560357886810706,0.009568055615465082,357,762643,11.7425,2.3571951022348583,0.8945000000000001,0.06381418337642497,350.0,4,10.549999999999997,"[0.95, 0.10499999999999987]",762643,"[9.5, 1.0499999999999987]",0.06232747963496617,21.81461787223816,9.749999999999998,"[0.835, 0.1399999999999999]",763643,"[8.35, 1.399999999999999]",0.059424827439444404,20.798689603805542,10.91,"[0.8270000000000002, 0.26399999999999985]",764643,"[8.270000000000001, 2.6399999999999983]",0.06042847565242222,21.14996647834778,15.76,"[0.966, 0.61]",765643,"[9.66, 6.1]",0.057682946750095915,20.18903136253357,ParetoSolutionConcept,8.945,0.63814183376425,0.05996593236923218,0.0016804515508743127,20.988076329231262,0.5881580428060098,COMPLETE
77,9.34,2025-06-12 17:37:45.543777,2025-06-12 17:38:08.556143,0 days 00:00:23.012366,41,0.8714399855396491,0.1384633408244744,0.9628060526051109,0.004917229928485157,341,772665,9.34,3.1777429096766165,0.7522499999999999,0.15042668480027077,340.0,4,6.749999999999998,"[0.5519999999999998, 0.12299999999999991]",772665,"[5.519999999999998, 1.229999999999999]",0.06204436947317685,21.095085620880127,14.38,"[0.952, 0.48599999999999993]",773665,"[9.52, 4.859999999999999]",0.060488438606262206,20.56606912612915,9.74,"[0.825, 0.14899999999999988]",774665,"[8.25, 1.4899999999999989]",0.05765151767169728,19.601516008377075,6.489999999999998,"[0.6799999999999999, -0.031000000000000156]",775665,"[6.799999999999999, -0.31000000000000155]",0.06713821537354413,22.826993227005005,ParetoSolutionConcept,7.522499999999999,1.504266848002708,0.061830635281170124,0.003445381134567607,21.02241599559784,1.171429585752987,COMPLETE
78,7.037499999999997,2025-06-12 17:38:08.570736,2025-06-12 17:38:26.902612,0 days 00:00:18.331876,38,0.8357589563720194,0.14463281109965384,0.9612290973520297,0.009598055135915117,305,782688,7.037499999999997,3.8243651433930834,0.67675,0.2171961958690806,300.0,4,2.389999999999998,"[0.3829999999999999, -0.14400000000000013]",782688,"[3.829999999999999, -1.4400000000000013]",0.06033984104792277,18.10195231437683,4.4899999999999975,"[0.5730000000000001, -0.12400000000000011]",783688,"[5.73, -1.240000000000001]",0.058793362776438395,17.63800883293152,9.129999999999997,"[0.7959999999999999, 0.11699999999999991]",784688,"[7.959999999999999, 1.169999999999999]",0.059327066739400226,17.79812002182007,12.139999999999997,"[0.9550000000000001, 0.2589999999999999]",785688,"[9.55, 2.589999999999999]",0.05536367893218994,16.609103679656982,ParetoSolutionConcept,6.767499999999999,2.171961958690806,0.05845598737398783,0.0018697511590475473,17.53679621219635,0.5609253477142645,COMPLETE
79,7.897499999999999,2025-06-12 17:38:26.918589,2025-06-12 17:38:49.007381,0 days 00:00:22.088792,43,0.7631935103380293,0.11743957331443466,0.9674901387235003,0.017548541514113284,377,792706,7.897499999999999,2.653812116559876,0.8477499999999999,0.11789693592286453,370.0,4,6.639999999999999,"[0.9570000000000001, -0.29300000000000026]",792706,"[9.57, -2.9300000000000024]",0.059069986601133606,21.855895042419434,12.030000000000001,"[0.9460000000000001, 0.2569999999999999]",793706,"[9.46, 2.569999999999999]",0.058282823820371886,21.564644813537598,4.819999999999998,"[0.6649999999999998, -0.1830000000000002]",794706,"[6.649999999999999, -1.8300000000000018]",0.05406933410747631,20.005653619766235,8.1,"[0.8230000000000001, -0.013000000000000145]",795706,"[8.23, -0.13000000000000145]",0.05797506216410044,21.450773000717163,ParetoSolutionConcept,8.4775,1.178969359228645,0.05734930167327056,0.0019353283729544222,21.219241619110107,0.7160714979931356,COMPLETE
80,8.2275,2025-06-12 17:38:49.022337,2025-06-12 17:39:11.489540,0 days 00:00:22.467203,36,0.7994366073523055,0.13023123853290614,0.9087106115493644,0.0035200685580017038,360,802729,8.2275,1.7078550143381608,0.76725,0.0630371914031709,360.0,4,8.14,"[0.7679999999999999, 0.04599999999999992]",802729,"[7.679999999999999, 0.45999999999999924]",0.061453916629155475,22.12340998649597,8.499999999999998,"[0.8300000000000001, 0.0199999999999999]",803729,"[8.3, 0.199999999999999]",0.06112857063611348,22.006285429000854,10.539999999999997,"[0.8059999999999998, 0.24799999999999991]",804729,"[8.059999999999999, 2.479999999999999]",0.06188463568687439,22.27846884727478,5.729999999999998,"[0.6649999999999999, -0.09200000000000011]",805729,"[6.6499999999999995, -0.920000000000001]",0.058102705743577746,20.91697406768799,ParetoSolutionConcept,7.672499999999999,0.6303719140317089,0.06064245717393027,0.001490647303320599,21.8312845826149,0.5366330291954158,COMPLETE
81,8.0375,2025-06-12 17:39:11.886284,2025-06-12 17:39:35.710649,0 days 00:00:23.824365,45,0.8293710511951713,0.13507171593923237,0.9476761145176664,0.024984484319756813,392,812751,8.0375,2.7088593079006524,0.8327499999999999,0.046633544793421,390.0,4,11.58,"[0.906, 0.2519999999999999]",812751,"[9.06, 2.5199999999999987]",0.052969159835424176,20.65797233581543,8.719999999999997,"[0.7879999999999999, 0.08399999999999985]",813751,"[7.879999999999999, 0.8399999999999985]",0.06063455801743727,23.647477626800537,3.9999999999999987,"[0.8399999999999999, -0.4400000000000003]",814751,"[8.399999999999999, -4.400000000000003]",0.058433107229379506,22.788911819458008,7.849999999999999,"[0.7969999999999999, -0.012000000000000144]",815751,"[7.969999999999999, -0.12000000000000144]",0.059674837650396884,23.273186683654785,ParetoSolutionConcept,8.327499999999999,0.4663354479342103,0.057927915683159456,0.0029674116305773365,22.59188711643219,1.157290535925161,COMPLETE
82,8.6325,2025-06-12 17:39:35.725270,2025-06-12 17:39:57.226309,0 days 00:00:21.501039,32,0.9151231279601731,0.15623264356931318,0.9564136881340239,0.00032245172042626874,408,822775,8.6325,2.0327121660481104,0.70475,0.1670260084537735,400.0,4,10.09,"[0.5589999999999999, 0.4499999999999999]",822775,"[5.59, 4.499999999999999]",0.05020345091819763,20.081380367279053,5.969999999999999,"[0.5299999999999999, 0.06699999999999992]",823775,"[5.299999999999999, 0.6699999999999993]",0.0531489509344101,21.259580373764038,11.049999999999999,"[0.7999999999999999, 0.30499999999999994]",824775,"[7.999999999999999, 3.0499999999999994]",0.05148267567157745,20.59307026863098,7.419999999999998,"[0.93, -0.18800000000000008]",825775,"[9.3, -1.8800000000000008]",0.0518444436788559,20.73777747154236,ParetoSolutionConcept,7.047499999999999,1.6702600845377351,0.05166988030076027,0.0010492357956541484,20.667952120304108,0.419694318261659,COMPLETE
83,8.077499999999999,2025-06-12 17:39:57.240951,2025-06-12 17:40:26.584630,0 days 00:00:29.343679,43,0.8444111659003751,0.1731162918680587,0.9511427900531572,0.011030486044341961,481,832797,8.077499999999999,1.3155678431764741,0.7347499999999999,0.07969433794191401,480.0,4,6.129999999999998,"[0.623, -0.010000000000000165]",832797,"[6.23, -0.10000000000000164]",0.05777900218963623,27.73392105102539,9.399999999999999,"[0.6990000000000001, 0.24099999999999994]",833797,"[6.99, 2.4099999999999993]",0.0607270081837972,29.148963928222656,7.619999999999999,"[0.7889999999999999, -0.027000000000000125]",834797,"[7.889999999999999, -0.27000000000000124]",0.059579646587371825,28.598230361938477,9.159999999999998,"[0.828, 0.08799999999999988]",835797,"[8.28, 0.8799999999999988]",0.05355251928170522,25.705209255218506,ParetoSolutionConcept,7.3475,0.79694337941914,0.05790954406062762,0.0027261718874371627,27.796581149101257,1.3085625059698387,COMPLETE
84,8.309999999999999,2025-06-12 17:40:26.604248,2025-06-12 17:40:47.287325,0 days 00:00:20.683077,48,0.8721830524545003,0.1508347544958294,0.940799902320719,0.001811272736286988,288,842826,8.309999999999999,1.6672882174357264,0.8727500000000001,0.052589804144910136,280.0,4,6.529999999999997,"[0.8320000000000001, -0.17900000000000021]",842826,"[8.32, -1.7900000000000023]",0.06558038677488054,18.362508296966553,6.759999999999998,"[0.8880000000000001, -0.2120000000000002]",843826,"[8.88, -2.120000000000002]",0.07160075732639858,20.0482120513916,10.019999999999998,"[0.9520000000000002, 0.049999999999999836]",844826,"[9.520000000000001, 0.49999999999999833]",0.07298449533326286,20.4356586933136,9.93,"[0.819, 0.17399999999999985]",845826,"[8.19, 1.7399999999999984]",0.07300722428730556,20.442022800445557,ParetoSolutionConcept,8.727500000000001,0.5258980414491012,0.07079321593046188,0.0030630560448979605,19.822100460529327,0.8576556925714276,COMPLETE
85,6.544999999999997,2025-06-12 17:40:47.301994,2025-06-12 17:41:13.050016,0 days 00:00:25.748022,40,0.7339657372120233,0.07087576491836477,0.9376795666609036,0.0010522484053621642,428,852847,6.544999999999997,1.4287144571257053,0.7234999999999999,0.08002030992191922,420.0,4,5.439999999999998,"[0.8029999999999999, -0.2590000000000002]",852847,"[8.03, -2.5900000000000016]",0.0601335292770749,25.25608229637146,4.829999999999998,"[0.6409999999999999, -0.1580000000000002]",853847,"[6.409999999999999, -1.5800000000000018]",0.06086954900196621,25.565210580825806,7.839999999999998,"[0.6459999999999999, 0.1379999999999999]",854847,"[6.459999999999999, 1.379999999999999]",0.060867640518006826,25.564409017562866,8.069999999999997,"[0.8039999999999999, 0.0029999999999998582]",855847,"[8.04, 0.029999999999998583]",0.05950418370110648,24.99175715446472,ParetoSolutionConcept,7.234999999999999,0.800203099219192,0.0603437256245386,0.000570085560581563,25.344364762306213,0.23943593544425604,COMPLETE
86,7.4849999999999985,2025-06-12 17:41:13.473244,2025-06-12 17:41:37.060564,0 days 00:00:23.587320,46,0.9756447537083545,0.05822624151375516,0.918283677947367,0.015093831427126355,343,862873,7.4849999999999985,2.871537044859425,0.7702499999999999,0.09401961231572914,340.0,4,3.749999999999998,"[0.6799999999999999, -0.3050000000000002]",862873,"[6.799999999999999, -3.050000000000002]",0.06373588337617762,21.67020034790039,5.689999999999999,"[0.6769999999999999, -0.10800000000000018]",863873,"[6.77, -1.0800000000000018]",0.068653605966007,23.342226028442383,10.759999999999998,"[0.833, 0.24299999999999988]",864873,"[8.33, 2.429999999999999]",0.059881509752834544,20.359713315963745,9.739999999999998,"[0.891, 0.08299999999999988]",865873,"[8.91, 0.8299999999999987]",0.05888711915296667,20.021620512008667,ParetoSolutionConcept,7.7025,0.9401961231572915,0.06278952956199646,0.0038395430660649785,21.348440051078796,1.3054446424620934,COMPLETE
87,8.915,2025-06-12 17:41:37.076669,2025-06-12 17:42:05.477918,0 days 00:00:28.401249,38,0.5096768415954323,0.14117788718118596,0.9435075276864523,0.008650726829252851,467,872897,8.915,1.9047375147247982,0.6559999999999999,0.10998408975847367,460.0,4,7.279999999999999,"[0.565, 0.1629999999999999]",872897,"[5.6499999999999995, 1.629999999999999]",0.049917216404624605,22.96191954612732,6.759999999999999,"[0.5579999999999999, 0.11799999999999992]",873897,"[5.579999999999999, 1.1799999999999993]",0.05221328476200933,24.018110990524292,10.729999999999999,"[0.671, 0.40199999999999997]",874897,"[6.710000000000001, 4.02]",0.05908286208691804,27.1781165599823,10.89,"[0.8299999999999998, 0.25899999999999995]",875897,"[8.299999999999999, 2.5899999999999994]",0.061247457628664764,28.17383050918579,ParetoSolutionConcept,6.559999999999999,1.099840897584737,0.05561520522055419,0.004684737204055112,25.582994401454926,2.1549791138653513,COMPLETE
88,8.7075,2025-06-12 17:42:05.492313,2025-06-12 17:42:28.627366,0 days 00:00:23.135053,35,0.93917101120192,0.16308688899082943,0.9558375363778516,0.0006908638373188986,421,882925,8.7075,1.3444585341318644,0.7582500000000001,0.10570329938086132,420.0,4,8.34,"[0.8210000000000001, 0.0129999999999999]",882925,"[8.21, 0.129999999999999]",0.054644718624296644,22.95078182220459,6.839999999999998,"[0.6759999999999999, 0.007999999999999906]",883925,"[6.76, 0.07999999999999907]",0.052385096890585764,22.00174069404602,10.57,"[0.898, 0.1589999999999999]",884925,"[8.98, 1.589999999999999]",0.052388963245210196,22.00336456298828,9.079999999999998,"[0.6380000000000001, 0.2699999999999999]",885925,"[6.380000000000001, 2.6999999999999993]",0.05269125927062262,22.1303288936615,ParetoSolutionConcept,7.582500000000001,1.0570329938086134,0.05302750950767881,0.0009419215530904302,22.271553993225098,0.3956070522979807,COMPLETE
89,7.9399999999999995,2025-06-12 17:42:28.641760,2025-06-12 17:42:48.874243,0 days 00:00:20.232483,26,0.902917765761497,0.11977493555009512,0.9981817090765399,0.0014219493053934757,442,892948,7.9399999999999995,2.6032959877816433,0.6317499999999999,0.1646426053608239,440.0,4,11.45,"[0.694, 0.45099999999999996]",892948,"[6.9399999999999995, 4.51]",0.04554927349090576,20.041680335998535,4.419999999999999,"[0.356, 0.08599999999999994]",893948,"[3.5599999999999996, 0.8599999999999994]",0.04381279295141047,19.277628898620605,9.04,"[0.792, 0.11199999999999996]",894948,"[7.92, 1.1199999999999997]",0.04217352596196261,18.55635142326355,6.85,"[0.6849999999999999, -3.3306690738754695e-17]",895948,"[6.85, -3.3306690738754696e-16]",0.04547578475692055,20.009345293045044,ParetoSolutionConcept,6.317500000000001,1.6464260536082391,0.044252844290299846,0.0013868599378181322,19.471251487731934,0.610218372639978,COMPLETE
90,6.404999999999998,2025-06-12 17:42:48.888541,2025-06-12 17:43:17.339787,0 days 00:00:28.451246,41,0.7746644489274721,0.12608151535923282,0.914712044140207,0.006365282700513021,491,902968,6.404999999999998,3.0130175903900724,0.676,0.1525008196699284,490.0,4,7.889999999999999,"[0.67, 0.11899999999999988]",902968,"[6.7, 1.1899999999999988]",0.055963001445848114,27.421870708465576,9.709999999999997,"[0.821, 0.14999999999999988]",903968,"[8.209999999999999, 1.499999999999999]",0.0527683720296743,25.856502294540405,1.589999999999998,"[0.4299999999999999, -0.2710000000000002]",904968,"[4.299999999999999, -2.7100000000000017]",0.05692195795020279,27.891759395599365,6.429999999999998,"[0.783, -0.14000000000000015]",905968,"[7.83, -1.4000000000000015]",0.05759493234206219,28.221516847610474,ParetoSolutionConcept,6.76,1.5250081966992834,0.05581206594194685,0.0018504950032757152,27.347912311553955,0.9067425516051006,COMPLETE
91,5.472499999999998,2025-06-12 17:43:17.814046,2025-06-12 17:43:43.285895,0 days 00:00:25.471849,39,0.5329830373208921,0.10910586500182134,0.9481589360566206,0.0027294244984474563,429,912997,5.472499999999998,1.794552520825178,0.73925,0.0745498993963104,420.0,4,4.029999999999998,"[0.6679999999999999, -0.2650000000000002]",912997,"[6.68, -2.6500000000000017]",0.05880641994022188,24.69869637489319,5.509999999999998,"[0.7929999999999999, -0.24200000000000016]",913997,"[7.93, -2.4200000000000017]",0.06009607996259417,25.24035358428955,3.9599999999999986,"[0.664, -0.2680000000000001]",914997,"[6.640000000000001, -2.6800000000000015]",0.05942194688887823,24.957217693328857,8.389999999999999,"[0.8320000000000001, 0.006999999999999862]",915997,"[8.32, 0.06999999999999862]",0.0542151757649013,22.770373821258545,ParetoSolutionConcept,7.3925,0.7454989939631038,0.05813490563914889,0.0023085652280724323,24.416660368442535,0.9695973957904219,COMPLETE
92,5.907499999999997,2025-06-12 17:43:43.300253,2025-06-12 17:44:08.915912,0 days 00:00:25.615659,40,0.5798492517778202,0.13358376152961757,0.9581187514402124,0.002292314019621608,395,923023,5.907499999999997,2.2080576871993176,0.69175,0.15747281511422856,390.0,4,6.709999999999997,"[0.7889999999999999, -0.11800000000000013]",923023,"[7.889999999999999, -1.1800000000000013]",0.0612060791406876,23.870370864868164,8.769999999999998,"[0.899, -0.02200000000000014]",924023,"[8.99, -0.22000000000000142]",0.05903083789042937,23.022026777267456,2.669999999999998,"[0.525, -0.2580000000000001]",925023,"[5.25, -2.580000000000001]",0.06520941012944931,25.43166995048523,5.479999999999999,"[0.5539999999999998, -0.006000000000000128]",926023,"[5.539999999999998, -0.060000000000001275]",0.06370507692679381,24.844980001449585,ParetoSolutionConcept,6.9174999999999995,1.5747281511422855,0.06228785102184002,0.0023623294555353783,24.29226189851761,0.9213084876587969,COMPLETE
93,8.157499999999999,2025-06-12 17:44:08.930134,2025-06-12 17:44:30.533329,0 days 00:00:21.603195,37,0.5613983009077843,0.11348876087027748,0.9547236077822051,0.0005814337668857662,334,933048,8.157499999999999,4.636148050914682,0.7287499999999999,0.15380405553820747,330.0,4,4.599999999999998,"[0.5719999999999998, -0.11200000000000013]",933048,"[5.719999999999999, -1.1200000000000012]",0.0574635310606523,18.96296525001526,5.869999999999999,"[0.826, -0.23900000000000018]",934048,"[8.26, -2.390000000000002]",0.06267976977608421,20.684324026107788,6.029999999999998,"[0.587, 0.015999999999999875]",935048,"[5.869999999999999, 0.15999999999999875]",0.06489689422376228,21.415975093841553,16.13,"[0.9299999999999999, 0.6829999999999998]",936048,"[9.299999999999999, 6.829999999999998]",0.05086991786956787,16.787072896957397,ParetoSolutionConcept,7.2875,1.5380405553820746,0.05897752823251667,0.005403032005713102,19.4625843167305,1.7830005618853233,COMPLETE
94,7.51,2025-06-12 17:44:30.549621,2025-06-12 17:44:46.014419,0 days 00:00:15.464798,23,0.9189137859907083,0.10232172251832516,0.9515815052132606,0.0037266635468884016,366,943070,7.51,2.130833170381953,0.73725,0.14123097216970498,360.0,4,6.179999999999998,"[0.6100000000000001, 0.007999999999999943]",943070,"[6.100000000000001, 0.07999999999999943]",0.03929614689615038,14.146612882614136,4.829999999999998,"[0.585, -0.10200000000000006]",944070,"[5.85, -1.0200000000000007]",0.04243853290875753,15.27787184715271,10.280000000000001,"[0.9029999999999999, 0.12499999999999996]",945070,"[9.03, 1.2499999999999996]",0.03900406426853604,14.041463136672974,8.749999999999998,"[0.851, 0.023999999999999945]",946070,"[8.51, 0.23999999999999944]",0.03914715184105767,14.092974662780762,ParetoSolutionConcept,7.3725000000000005,1.41230972169705,0.03997147397862541,0.001428096194827953,14.389730632305145,0.5141146301380631,COMPLETE
95,9.814999999999998,2025-06-12 17:44:46.031027,2025-06-12 17:45:16.457179,0 days 00:00:30.426152,49,0.5393528412651487,0.12838677097962709,0.9674059787388949,0.004971121602803392,411,953086,9.814999999999998,2.602935842467118,0.7755000000000001,0.11983426054346905,410.0,4,6.309999999999997,"[0.9650000000000001, -0.3340000000000003]",953086,"[9.65, -3.340000000000003]",0.07103850550767853,29.125787258148193,11.29,"[0.6769999999999998, 0.45199999999999985]",954086,"[6.769999999999998, 4.519999999999999]",0.060989745651803366,25.00579571723938,13.129999999999999,"[0.792, 0.5209999999999999]",955086,"[7.92, 5.209999999999999]",0.06629575868932212,27.18126106262207,8.529999999999998,"[0.6679999999999999, 0.18499999999999983]",956086,"[6.68, 1.8499999999999983]",0.073690007954109,30.212903261184692,ParetoSolutionConcept,7.754999999999999,1.1983426054346902,0.06800350445072825,0.004838821178364305,27.881436824798584,1.983916683129365,COMPLETE
96,7.442499999999999,2025-06-12 17:45:16.916196,2025-06-12 17:45:47.491407,0 days 00:00:30.575211,42,0.811745836776089,0.03744928753513854,0.9606148689925423,0.0019549685821259504,454,963116,7.442499999999999,2.1732277262173887,0.7942499999999998,0.09970299644443997,450.0,4,7.599999999999998,"[0.6329999999999998, 0.12699999999999992]",963116,"[6.329999999999998, 1.2699999999999991]",0.05845030360751682,26.30263662338257,10.899999999999999,"[0.8299999999999998, 0.25999999999999995]",964116,"[8.299999999999999, 2.5999999999999996]",0.05723222467634413,25.75450110435486,5.1999999999999975,"[0.8089999999999999, -0.2890000000000002]",965116,"[8.09, -2.890000000000002]",0.059527452256944446,26.787353515625,6.0699999999999985,"[0.9049999999999999, -0.29800000000000015]",966116,"[9.049999999999999, -2.9800000000000013]",0.06752304977840848,30.385372400283813,ParetoSolutionConcept,7.942499999999999,0.9970299644443995,0.060683257579803467,0.004031573973262705,27.30746591091156,1.8142082879682164,COMPLETE
97,8.365,2025-06-12 17:45:47.505952,2025-06-12 17:46:09.422790,0 days 00:00:21.916838,28,0.8951469801084381,0.07792114259405389,0.9452106727252748,0.0009648862187778139,464,973147,8.365,2.673354634162853,0.6855,0.1960184940254363,460.0,4,11.67,"[0.8580000000000002, 0.309]",973147,"[8.580000000000002, 3.09]",0.04590428186499554,21.11596965789795,5.799999999999999,"[0.7249999999999999, -0.14500000000000007]",974147,"[7.249999999999998, -1.4500000000000006]",0.044957010124040686,20.680224657058716,5.67,"[0.356, 0.211]",975147,"[3.5599999999999996, 2.11]",0.047253129274948784,21.73643946647644,10.32,"[0.8029999999999999, 0.22899999999999995]",976147,"[8.03, 2.2899999999999996]",0.04575151205062866,21.045695543289185,ParetoSolutionConcept,6.855,1.9601849402543632,0.04596648332865342,0.0008253144271134146,21.144582331180573,0.3796446364721706,COMPLETE
98,6.737499999999999,2025-06-12 17:46:09.437110,2025-06-12 17:46:31.053903,0 days 00:00:21.616793,33,0.5661346694111841,0.1401363536098866,0.9725154151132155,0.012355363979100174,379,983169,6.737499999999999,2.1927194873033806,0.5289999999999999,0.1945931653476041,370.0,4,3.3799999999999986,"[0.29999999999999993, 0.03799999999999992]",983169,"[2.999999999999999, 0.3799999999999992]",0.05300869619524157,19.61321759223938,9.04,"[0.8299999999999998, 0.07399999999999993]",984169,"[8.299999999999999, 0.7399999999999993]",0.048829335779757115,18.066854238510132,8.29,"[0.5469999999999999, 0.28199999999999986]",985169,"[5.469999999999999, 2.8199999999999985]",0.054024984385516193,19.98924422264099,6.2399999999999975,"[0.4389999999999999, 0.18499999999999994]",986169,"[4.389999999999999, 1.8499999999999994]",0.05779498847755226,21.384145736694336,ParetoSolutionConcept,5.289999999999999,1.9459316534760411,0.05341450120951679,0.0031917776450386282,19.76336544752121,1.1809577286642925,COMPLETE
99,10.74,2025-06-12 17:46:31.070124,2025-06-12 17:46:57.017353,0 days 00:00:25.947229,36,0.5882849019833507,0.14861014405125048,0.9220138283641687,0.0007694585440288954,478,993191,10.74,3.523329391356988,0.7757499999999999,0.21739753333467243,470.0,4,5.929999999999999,"[0.41399999999999987, 0.1789999999999999]",993191,"[4.139999999999999, 1.7899999999999991]",0.050017714500427246,23.508325815200806,13.35,"[0.807, 0.528]",994191,"[8.07, 5.28]",0.0520984467039717,24.4862699508667,14.780000000000001,"[0.9049999999999999, 0.5730000000000001]",995191,"[9.049999999999999, 5.73]",0.054716573877537505,25.716789722442627,8.9,"[0.977, -0.08700000000000012]",996191,"[9.77, -0.8700000000000012]",0.05452175394017646,25.625224351882935,ParetoSolutionConcept,7.757499999999999,2.1739753333467244,0.052838622255528225,0.0019277587357074103,24.834152460098267,0.9060466057824826,COMPLETE
100,6.229999999999999,2025-06-12 17:46:57.031930,2025-06-12 17:47:24.986314,0 days 00:00:27.954384,36,0.9970441900868088,0.146364746173531,0.9240351668178433,0.0004410815591702402,481,1003217,6.229999999999999,3.7053947158163867,0.7555,0.15880884736059264,480.0,4,1.8099999999999985,"[0.5309999999999999, -0.35000000000000014]",1003217,"[5.309999999999999, -3.5000000000000013]",0.05784432838360468,27.76527762413025,3.459999999999998,"[0.696, -0.35000000000000014]",1004217,"[6.959999999999999, -3.5000000000000013]",0.055173227190971376,26.48314905166626,8.86,"[0.8399999999999999, 0.04599999999999989]",1005217,"[8.399999999999999, 0.45999999999999885]",0.05311126261949539,25.493406057357788,10.79,"[0.9550000000000001, 0.12399999999999989]",1006217,"[9.55, 1.2399999999999989]",0.055572290221850076,26.674699306488037,ParetoSolutionConcept,7.554999999999999,1.5880884736059266,0.055425277103980375,0.0016801498551715498,26.604133009910583,0.8064719304823443,COMPLETE
101,6.4224999999999985,2025-06-12 17:47:25.473621,2025-06-12 17:47:55.486115,0 days 00:00:30.012494,38,0.5030189200731912,0.15751247374657715,0.9359859143805267,0.0007572539760304571,474,1013245,6.4224999999999985,1.455289919569293,0.81,0.11651394766293005,470.0,4,5.569999999999999,"[0.9269999999999999, -0.37000000000000016]",1013245,"[9.27, -3.7000000000000015]",0.06346376094412297,29.827967643737793,8.269999999999998,"[0.9260000000000002, -0.09900000000000012]",1014245,"[9.260000000000002, -0.9900000000000011]",0.056210165835441424,26.41877794265747,7.309999999999999,"[0.696, 0.0349999999999999]",1015245,"[6.959999999999999, 0.349999999999999]",0.05827698606125852,27.390183448791504,4.539999999999998,"[0.6910000000000001, -0.23700000000000015]",1016245,"[6.91, -2.3700000000000014]",0.057485899519413075,27.018372774124146,ParetoSolutionConcept,8.100000000000001,1.1651394766293008,0.058859203090059,0.0027588172635002535,27.66382545232773,1.296644113845118,COMPLETE
102,11.167499999999999,2025-06-12 17:47:55.500319,2025-06-12 17:48:23.160468,0 days 00:00:27.660149,39,0.5880091080100509,0.1502491649330414,0.9156632868222333,0.008614321853624993,499,1023275,11.167499999999999,2.6169770251188686,0.92675,0.04974623101301253,490.0,4,13.68,"[0.9760000000000002, 0.39199999999999996]",1023275,"[9.760000000000002, 3.9199999999999995]",0.04602295573876829,22.55124831199646,11.799999999999999,"[0.8469999999999999, 0.3329999999999999]",1024275,"[8.469999999999999, 3.329999999999999]",0.04844835874985676,23.73969578742981,12.399999999999997,"[0.96, 0.27999999999999986]",1025275,"[9.6, 2.7999999999999985]",0.05596879161134058,27.424707889556885,6.789999999999997,"[0.924, -0.24500000000000025]",1026275,"[9.24, -2.4500000000000024]",0.05448332027513154,26.696826934814453,ParetoSolutionConcept,9.2675,0.4974623101301251,0.051230856593774285,0.004119801991485962,25.103119730949402,2.018702975828122,COMPLETE
103,7.715,2025-06-12 17:48:23.176186,2025-06-12 17:48:49.199783,0 days 00:00:26.023597,34,0.586865389041329,0.15278777568202992,0.9208097896333567,0.008237838326804458,489,1033303,7.715,3.4801831848338107,0.7190000000000001,0.18108699566782813,480.0,4,5.239999999999998,"[0.7529999999999999, -0.2290000000000001]",1033303,"[7.529999999999999, -2.290000000000001]",0.05372863014539083,25.789742469787598,3.839999999999999,"[0.45699999999999996, -0.07300000000000008]",1034303,"[4.569999999999999, -0.7300000000000008]",0.04775509436925252,22.92244529724121,8.999999999999998,"[0.966, -0.0660000000000001]",1035303,"[9.66, -0.660000000000001]",0.046327959994475046,22.237420797348022,12.780000000000001,"[0.7, 0.578]",1036303,"[7.0, 5.779999999999999]",0.04485156089067459,21.528749227523804,ParetoSolutionConcept,7.1899999999999995,1.8108699566782813,0.048165811349948254,0.003371779763743898,23.11958944797516,1.6184542865970704,COMPLETE
104,7.6225,2025-06-12 17:48:49.214186,2025-06-12 17:49:12.897816,0 days 00:00:23.683630,30,0.6055576904765047,0.14750194906823372,0.9160627644358361,0.006726562029936297,498,1043329,7.6225,2.1718813848827008,0.67175,0.19707787166498425,490.0,4,6.61,"[0.8219999999999998, -0.1610000000000001]",1043329,"[8.219999999999999, -1.6100000000000008]",0.047815177878554986,23.429437160491943,11.139999999999999,"[0.711, 0.403]",1044329,"[7.109999999999999, 4.03]",0.045927161099959396,22.504308938980103,5.289999999999999,"[0.3389999999999999, 0.18999999999999995]",1045329,"[3.3899999999999992, 1.8999999999999995]",0.046096313243009605,22.587193489074707,7.449999999999999,"[0.8150000000000001, -0.07000000000000006]",1046329,"[8.15, -0.7000000000000006]",0.04455811344847387,21.833475589752197,ParetoSolutionConcept,6.717499999999999,1.9707787166498427,0.04609919141749947,0.0011564096976399872,22.588603794574738,0.566640751843594,COMPLETE
105,7.807499999999999,2025-06-12 17:49:12.912470,2025-06-12 17:49:39.545473,0 days 00:00:26.633003,37,0.8588456082514204,0.14331364819590311,0.9123374229017641,0.0012040285241818507,475,1053352,7.807499999999999,2.3706789639257355,0.645,0.10927717053438016,470.0,4,10.419999999999998,"[0.7919999999999999, 0.24999999999999992]",1053352,"[7.919999999999999, 2.499999999999999]",0.05320094697018887,25.00444507598877,3.949999999999999,"[0.5149999999999999, -0.12000000000000013]",1054352,"[5.149999999999999, -1.2000000000000013]",0.05628203534065409,26.452556610107422,8.429999999999998,"[0.5689999999999998, 0.2739999999999999]",1055352,"[5.689999999999999, 2.7399999999999993]",0.053592475424421596,25.18846344947815,8.43,"[0.704, 0.1389999999999999]",1056352,"[7.039999999999999, 1.389999999999999]",0.05118420935691671,24.056578397750854,ParetoSolutionConcept,6.449999999999998,1.0927717053438017,0.05356491677304531,0.001815470642031366,25.1755108833313,0.8532712017547421,COMPLETE
106,8.072499999999998,2025-06-12 17:49:40.069906,2025-06-12 17:50:08.690356,0 days 00:00:28.620450,39,0.6261794077630646,0.16005274911464326,0.9204873914212868,0.01058760005965614,460,1063380,8.072499999999998,2.670855434125928,0.7482500000000001,0.1560486702923162,460.0,4,8.199999999999998,"[0.8150000000000001, 0.004999999999999866]",1063380,"[8.15, 0.04999999999999866]",0.052013367155323856,23.926148891448975,8.979999999999999,"[0.55, 0.34799999999999986]",1064380,"[5.5, 3.4799999999999986]",0.0586280195609383,26.968888998031616,11.24,"[0.9640000000000001, 0.1599999999999999]",1065380,"[9.64, 1.599999999999999]",0.05271976771561996,24.25109314918518,3.8699999999999988,"[0.6639999999999999, -0.2770000000000002]",1066380,"[6.639999999999999, -2.770000000000002]",0.06181124863417252,28.43317437171936,ParetoSolutionConcept,7.4825,1.5604867029231622,0.05629310076651366,0.004092268030727656,25.894826352596283,1.882443294134722,COMPLETE
107,9.682500000000001,2025-06-12 17:50:08.704732,2025-06-12 17:50:30.543442,0 days 00:00:21.838710,32,0.9477026165021709,0.028923213682532277,0.9264162423853867,0.005486843211153464,443,1073408,9.682500000000001,3.564964060127395,0.7337499999999999,0.1465646188546199,440.0,4,3.539999999999999,"[0.5599999999999999, -0.2060000000000001]",1073408,"[5.6, -2.060000000000001]",0.04922962676395069,21.661035776138306,11.33,"[0.6979999999999998, 0.43499999999999994]",1074408,"[6.979999999999999, 4.35]",0.04898269447413358,21.552385568618774,12.309999999999999,"[0.711, 0.5199999999999998]",1075408,"[7.109999999999999, 5.1999999999999975]",0.04811930385502902,21.17249369621277,11.55,"[0.966, 0.18899999999999992]",1076408,"[9.66, 1.8899999999999992]",0.04913118590008129,21.617721796035767,ParetoSolutionConcept,7.3374999999999995,1.4656461885461993,0.04886570274829864,0.00043980687944730713,21.500909209251404,0.1935150269568157,COMPLETE
108,6.477499999999999,2025-06-12 17:50:30.558937,2025-06-12 17:50:58.966256,0 days 00:00:28.407319,35,0.6368254016285911,0.15037698057760138,0.9496691944902158,0.007776591777966808,487,1083430,6.477499999999999,1.383552944415211,0.76475,0.11973381936612565,480.0,4,4.759999999999999,"[0.5589999999999999, -0.08300000000000014]",1083430,"[5.59, -0.8300000000000014]",0.05146925201018651,24.705240964889526,6.1499999999999995,"[0.843, -0.22800000000000015]",1084430,"[8.43, -2.2800000000000016]",0.05100548515717188,24.482632875442505,8.62,"[0.8089999999999999, 0.052999999999999936]",1085430,"[8.09, 0.5299999999999994]",0.05318589756886164,25.52923083305359,6.379999999999999,"[0.8480000000000001, -0.2100000000000001]",1086430,"[8.48, -2.100000000000001]",0.05879322290420532,28.220746994018555,ParetoSolutionConcept,7.6475,1.1973381936612562,0.05361346441010634,0.003098867295506095,25.734462916851044,1.4874563018429254,COMPLETE
109,7.154999999999998,2025-06-12 17:50:58.980965,2025-06-12 17:51:27.564047,0 days 00:00:28.583082,41,0.9664499854255745,0.18005222148109368,0.9067494698047265,0.0007762863410331465,499,1093459,7.154999999999998,1.9654070825149694,0.64225,0.15633677590381612,490.0,4,7.8199999999999985,"[0.7929999999999999, -0.011000000000000088]",1093459,"[7.93, -0.11000000000000087]",0.05725353396668726,28.054231643676758,4.4499999999999975,"[0.5739999999999998, -0.12900000000000014]",1094459,"[5.739999999999998, -1.2900000000000014]",0.056543846033057385,27.70648455619812,6.499999999999997,"[0.41799999999999987, 0.23199999999999985]",1095459,"[4.179999999999999, 2.3199999999999985]",0.056042302384668466,27.46072816848755,9.85,"[0.784, 0.2009999999999999]",1096459,"[7.84, 2.009999999999999]",0.05796080414129763,28.40079402923584,ParetoSolutionConcept,6.422499999999999,1.5633677590381612,0.05695012163142768,0.0007250403139761099,27.905559599399567,0.3552697538482937,COMPLETE
110,8.485,2025-06-12 17:51:27.581476,2025-06-12 17:51:51.228057,0 days 00:00:23.646581,45,0.5570844242072901,0.13311353988972807,0.9385073176314889,0.001568291827384427,355,1103487,8.485,2.4652433956913877,0.63025,0.06668348746128985,350.0,4,10.61,"[0.6809999999999999, 0.3799999999999999]",1103487,"[6.81, 3.799999999999999]",0.06049859796251569,21.174509286880493,10.459999999999999,"[0.691, 0.35499999999999987]",1104487,"[6.909999999999999, 3.549999999999999]",0.05544481822422573,19.405686378479004,8.369999999999997,"[0.6259999999999999, 0.21099999999999985]",1105487,"[6.259999999999999, 2.1099999999999985]",0.06480468273162841,22.681638956069946,4.499999999999997,"[0.5229999999999999, -0.07300000000000018]",1106487,"[5.229999999999999, -0.7300000000000018]",0.06701532023293631,23.45536208152771,ParetoSolutionConcept,6.302499999999998,0.6668348746128988,0.061940854787826544,0.004422394878092298,21.67929917573929,1.547838207332305,COMPLETE
111,8.437499999999996,2025-06-12 17:51:51.751867,2025-06-12 17:52:19.663054,0 days 00:00:27.911187,39,0.5905146958528779,0.1223750240490848,0.9419974929054412,0.0009719493071726698,450,1113511,8.437499999999996,3.3996130294490867,0.7802499999999999,0.11401836474884208,450.0,4,12.209999999999997,"[0.942, 0.2789999999999999]",1113511,"[9.42, 2.789999999999999]",0.05806345992618137,26.128556966781616,8.649999999999997,"[0.6679999999999999, 0.1969999999999999]",1114511,"[6.68, 1.9699999999999989]",0.06159740659925673,27.718832969665527,9.909999999999998,"[0.833, 0.1579999999999999]",1115511,"[8.33, 1.579999999999999]",0.05511459880405002,24.80156946182251,2.979999999999998,"[0.678, -0.3800000000000002]",1116511,"[6.78, -3.8000000000000025]",0.05556340005662706,25.003530025482178,ParetoSolutionConcept,7.8025,1.140183647488421,0.0575847163465288,0.002574785364689638,25.913122355937958,1.1586534141103368,COMPLETE
112,8.622499999999999,2025-06-12 17:52:19.677847,2025-06-12 17:52:49.976102,0 days 00:00:30.298255,40,0.5494738764643441,0.09369217745772598,0.9120499111006537,0.002399451968573147,466,1123539,8.622499999999999,2.390338626638494,0.674,0.2183586499317122,460.0,4,8.399999999999999,"[0.835, 0.004999999999999866]",1123539,"[8.35, 0.04999999999999866]",0.05080821410469387,23.37177848815918,5.089999999999998,"[0.37599999999999983, 0.13299999999999992]",1124539,"[3.7599999999999985, 1.3299999999999992]",0.06546358699383943,30.113250017166138,9.219999999999999,"[0.925, -0.0030000000000001137]",1125539,"[9.25, -0.030000000000001137]",0.04879292301509691,22.44474458694458,11.78,"[0.5599999999999999, 0.6179999999999999]",1126539,"[5.6, 6.179999999999999]",0.05178522441698157,23.821203231811523,ParetoSolutionConcept,6.74,2.183586499317122,0.05421248713265295,0.006584823506565486,24.937744081020355,3.029018813020123,COMPLETE
113,7.184999999999998,2025-06-12 17:52:49.990868,2025-06-12 17:53:15.263178,0 days 00:00:25.272310,38,0.5741450867721483,0.1382636001844515,0.957251368486223,0.0004881730378658716,436,1133570,7.184999999999998,1.372488615617631,0.7090000000000001,0.15883639381451592,430.0,4,6.739999999999998,"[0.562, 0.1119999999999999]",1133570,"[5.620000000000001, 1.119999999999999]",0.05722832846087079,24.60818123817444,9.35,"[0.796, 0.1389999999999999]",1134570,"[7.960000000000001, 1.389999999999999]",0.05416830639506495,23.29237174987793,7.089999999999998,"[0.552, 0.15699999999999992]",1135570,"[5.5200000000000005, 1.5699999999999992]",0.05106475796810416,21.95784592628479,5.559999999999999,"[0.9259999999999999, -0.37000000000000016]",1136570,"[9.26, -3.7000000000000015]",0.058221900740335154,25.035417318344116,ParetoSolutionConcept,7.09,1.588363938145159,0.05517082339109376,0.0028021069612172837,23.72345405817032,1.2049059933234316,COMPLETE
114,8.684999999999997,2025-06-12 17:53:15.277914,2025-06-12 17:53:46.458373,0 days 00:00:31.180459,50,0.523899684670078,0.16966518609049178,0.9216542457579379,0.004334430910646292,419,1143595,8.684999999999997,1.2411788751022155,0.75525,0.06011395428683763,410.0,4,8.449999999999998,"[0.812, 0.03299999999999982]",1143595,"[8.120000000000001, 0.3299999999999982]",0.07559551785631878,30.9941623210907,6.759999999999997,"[0.6559999999999999, 0.019999999999999796]",1144595,"[6.559999999999999, 0.19999999999999796]",0.07417037021823046,30.409851789474487,9.949999999999998,"[0.7919999999999999, 0.20299999999999985]",1145595,"[7.919999999999999, 2.0299999999999985]",0.07026331308411389,28.807958364486694,9.579999999999998,"[0.7609999999999999, 0.1969999999999999]",1146595,"[7.609999999999999, 1.9699999999999989]",0.06532470889207793,26.783130645751953,ParetoSolutionConcept,7.552499999999999,0.6011395428683766,0.07133847751268527,0.003983195964100626,29.24877578020096,1.6331103452812559,COMPLETE
115,5.499999999999998,2025-06-12 17:53:46.472825,2025-06-12 17:54:07.957186,0 days 00:00:21.484361,43,0.5373029022154248,0.08867963441985022,0.9649119529225784,0.00034468794236306284,318,1153626,5.499999999999998,1.9462142739174435,0.725,0.14400173610064568,310.0,4,3.1099999999999985,"[0.509, -0.19800000000000015]",1153626,"[5.09, -1.9800000000000015]",0.0681732585353236,21.133710145950317,8.52,"[0.909, -0.05700000000000013]",1154626,"[9.09, -0.5700000000000013]",0.06823637639322588,21.153276681900024,4.939999999999998,"[0.7719999999999999, -0.27800000000000025]",1155626,"[7.719999999999999, -2.7800000000000025]",0.06484941897853728,20.103319883346558,5.429999999999998,"[0.71, -0.16700000000000015]",1156626,"[7.1, -1.6700000000000015]",0.06851133531139743,21.238513946533203,ParetoSolutionConcept,7.25,1.4400173610064566,0.06744259730462104,0.0015025583044891333,20.907205164432526,0.46579307439163176,COMPLETE
116,8.142499999999998,2025-06-12 17:54:08.527898,2025-06-12 17:54:36.771945,0 days 00:00:28.244047,42,0.7009878519103611,0.15409331767638743,0.9536928296748158,0.0031910792531930528,456,1163648,8.142499999999998,2.2852830787453886,0.7302500000000001,0.2023998208991303,450.0,4,6.519999999999998,"[0.924, -0.2720000000000002]",1163648,"[9.24, -2.720000000000002]",0.062333488994174534,28.05007004737854,5.279999999999998,"[0.3909999999999999, 0.13699999999999993]",1164648,"[3.9099999999999993, 1.3699999999999992]",0.06084902021620009,27.38205909729004,10.439999999999998,"[0.821, 0.22299999999999992]",1165648,"[8.209999999999999, 2.229999999999999]",0.05238522423638238,23.57335090637207,10.33,"[0.7849999999999999, 0.24799999999999994]",1166648,"[7.85, 2.4799999999999995]",0.05333403110504151,24.000313997268677,ParetoSolutionConcept,7.3025,2.0239982089913027,0.05722544113794963,0.0044100240910978465,25.75144851207733,1.9845108409940313,COMPLETE
117,7.475,2025-06-12 17:54:36.786797,2025-06-12 17:55:00.416637,0 days 00:00:23.629840,37,0.9336479684976543,0.08140755877189321,0.9177650702149945,0.000620856572691609,406,1173676,7.475,2.404646543673311,0.5739999999999998,0.20207300660899763,400.0,4,9.669999999999998,"[0.5529999999999999, 0.414]",1173676,"[5.529999999999999, 4.14]",0.051810227036476135,20.724090814590454,9.62,"[0.8169999999999998, 0.1449999999999999]",1174676,"[8.169999999999998, 1.449999999999999]",0.05338638246059418,21.35455298423767,6.769999999999999,"[0.662, 0.014999999999999897]",1175676,"[6.62, 0.14999999999999897]",0.05663993537425995,22.65597414970398,3.8399999999999985,"[0.2639999999999999, 0.11999999999999991]",1176676,"[2.639999999999999, 1.199999999999999]",0.0586322683095932,23.45290732383728,ParetoSolutionConcept,5.739999999999998,2.020730066089976,0.055117203295230864,0.002674239507658121,22.046881318092346,1.0696958030632484,COMPLETE
118,7.229999999999999,2025-06-12 17:55:00.431122,2025-06-12 17:55:13.590254,0 days 00:00:13.159132,36,0.874183918778688,0.1489485945652905,0.9596376394221895,0.010067709421792984,206,1183700,7.229999999999999,1.5580436450882886,0.81475,0.1264602210183108,200.0,4,8.58,"[0.6849999999999998, 0.17299999999999996]",1183700,"[6.849999999999998, 1.7299999999999995]",0.060490070581436156,12.098014116287231,6.979999999999998,"[0.922, -0.22400000000000012]",1184700,"[9.22, -2.240000000000001]",0.0609656548500061,12.19313097000122,4.7799999999999985,"[0.6929999999999998, -0.21500000000000014]",1185700,"[6.929999999999998, -2.1500000000000012]",0.06487147450447082,12.974294900894165,8.579999999999998,"[0.959, -0.10100000000000013]",1186700,"[9.59, -1.0100000000000013]",0.05957279682159424,11.914559364318848,ParetoSolutionConcept,8.1475,1.2646022101831085,0.06147499918937683,0.002023853652863115,12.294999837875366,0.40477073057262314,COMPLETE
119,8.202499999999997,2025-06-12 17:55:13.604800,2025-06-12 17:55:47.345657,0 days 00:00:33.740857,47,0.895002217244342,0.0724625117070312,0.9310489043487016,0.01316824122700563,480,1193713,8.202499999999997,2.164132331905792,0.81675,0.16564174443660035,480.0,4,10.77,"[0.922, 0.15499999999999986]",1193713,"[9.22, 1.5499999999999985]",0.06535855929056804,31.372108459472656,9.359999999999998,"[0.5489999999999999, 0.3869999999999999]",1194713,"[5.489999999999999, 3.869999999999999]",0.05111621419588725,24.53578281402588,7.729999999999998,"[0.9810000000000001, -0.20800000000000018]",1195713,"[9.81, -2.080000000000002]",0.060453787942727405,29.017818212509155,4.949999999999998,"[0.8150000000000001, -0.32000000000000023]",1196713,"[8.15, -3.2000000000000024]",0.06991569995880127,33.55953598022461,ParetoSolutionConcept,8.1675,1.6564174443660034,0.061711065346996,0.006972299810088894,29.621311366558075,3.346703908842669,COMPLETE
120,7.334999999999998,2025-06-12 17:55:47.359784,2025-06-12 17:56:13.184157,0 days 00:00:25.824373,40,0.60405209804849,0.1429978675165518,0.9615516506121016,0.006023998638558148,390,1203747,7.334999999999998,1.0033070317704345,0.6497499999999999,0.15098240791562442,390.0,4,6.839999999999998,"[0.5369999999999998, 0.14699999999999988]",1203747,"[5.369999999999998, 1.4699999999999989]",0.06097540794274746,23.78040909767151,8.849999999999998,"[0.891, -0.006000000000000116]",1204747,"[8.91, -0.060000000000001164]",0.06572118967007368,25.631263971328735,6.129999999999999,"[0.6629999999999999, -0.050000000000000135]",1205747,"[6.629999999999999, -0.5000000000000013]",0.06282189198029348,24.500537872314453,7.519999999999999,"[0.508, 0.2439999999999999]",1206747,"[5.08, 2.439999999999999]",0.06532243765317476,25.47575068473816,ParetoSolutionConcept,6.497499999999999,1.5098240791562443,0.06371023181157234,0.001930775002019662,24.846990406513214,0.7530022507876695,COMPLETE
121,8.212499999999999,2025-06-12 17:56:13.802957,2025-06-12 17:56:39.853443,0 days 00:00:26.050486,39,0.9178120898028228,0.06425868373025577,0.9404963017029261,0.00845734741625685,434,1213773,8.212499999999999,2.0631211185967735,0.679,0.1049618978486955,430.0,4,5.969999999999997,"[0.7160000000000001, -0.11900000000000013]",1213773,"[7.160000000000001, -1.1900000000000013]",0.05319654664327932,22.874515056610107,10.939999999999998,"[0.678, 0.41600000000000004]",1214773,"[6.78, 4.16]",0.0515171910441199,22.152392148971558,9.459999999999999,"[0.8059999999999998, 0.1399999999999999]",1215773,"[8.059999999999999, 1.399999999999999]",0.04932637325553007,21.21034049987793,6.479999999999998,"[0.516, 0.13199999999999992]",1216773,"[5.16, 1.3199999999999992]",0.060112286722937294,25.848283290863037,ParetoSolutionConcept,6.79,1.0496189784869552,0.053538099416466645,0.004036065687695459,23.021382749080658,1.7355082457090476,COMPLETE
122,8.5825,2025-06-12 17:56:39.924584,2025-06-12 17:57:07.318439,0 days 00:00:27.393855,39,0.9292731940066078,0.06730942058169777,0.9332748343444847,0.0013057500486259965,471,1223799,8.5825,2.5424434605316204,0.7915,0.08735130222269152,470.0,4,12.899999999999999,"[0.9129999999999999, 0.3769999999999999]",1223799,"[9.129999999999999, 3.7699999999999987]",0.05518162757792371,25.935364961624146,6.709999999999999,"[0.7930000000000001, -0.12200000000000014]",1224799,"[7.9300000000000015, -1.2200000000000013]",0.052508682900286735,24.679080963134766,6.759999999999998,"[0.794, -0.11800000000000013]",1225799,"[7.94, -1.1800000000000013]",0.05774484999636386,27.140079498291016,7.959999999999999,"[0.666, 0.12999999999999984]",1226799,"[6.66, 1.2999999999999985]",0.055192721650955526,25.940579175949097,ParetoSolutionConcept,7.915000000000001,0.8735130222269152,0.055156970531382465,0.0018515151643169094,25.923776149749756,0.8702121272289479,COMPLETE
123,7.502499999999999,2025-06-12 17:57:07.333335,2025-06-12 17:57:34.348153,0 days 00:00:27.014818,41,0.8026841902559986,0.16319252223832975,0.9437030527084141,0.00732978283823892,429,1233827,7.502499999999999,1.9584480462856302,0.7649999999999999,0.0928628020253535,420.0,4,5.639999999999998,"[0.841, -0.2770000000000002]",1233827,"[8.41, -2.770000000000002]",0.05200142576580956,21.840598821640015,10.78,"[0.82, 0.25799999999999984]",1234827,"[8.2, 2.5799999999999983]",0.05232821873256138,21.97785186767578,7.049999999999998,"[0.607, 0.09799999999999993]",1235827,"[6.07, 0.9799999999999993]",0.06377530495325724,26.785628080368042,6.539999999999998,"[0.792, -0.13800000000000015]",1236827,"[7.92, -1.3800000000000014]",0.05941640252158755,24.954889059066772,ParetoSolutionConcept,7.65,0.928628020253535,0.056880337993303935,0.004962302060487743,23.889741957187653,2.0841668654048524,COMPLETE
124,8.739999999999998,2025-06-12 17:57:34.363305,2025-06-12 17:58:00.466735,0 days 00:00:26.103430,38,0.8420189331427358,0.0518093128866184,0.935335322780115,0.016163201980205696,452,1243854,8.739999999999998,2.545623695678527,0.8234999999999999,0.11288157511303612,450.0,4,4.459999999999997,"[0.8160000000000001, -0.37000000000000016]",1243854,"[8.16, -3.7000000000000015]",0.057605382601420084,25.922422170639038,11.079999999999998,"[0.8229999999999998, 0.285]",1244854,"[8.229999999999999, 2.8499999999999996]",0.05526467906104194,24.869105577468872,10.059999999999999,"[0.9870000000000001, 0.018999999999999878]",1245854,"[9.870000000000001, 0.18999999999999878]",0.04909562905629476,22.09303307533264,9.359999999999998,"[0.6679999999999999, 0.2679999999999999]",1246854,"[6.68, 2.679999999999999]",0.05733062638176812,25.798781871795654,ParetoSolutionConcept,8.235,1.128815751130361,0.05482407927513122,0.0034288371451429178,24.67083567380905,1.542976715314314,COMPLETE
125,8.307499999999997,2025-06-12 17:58:00.481215,2025-06-12 17:58:30.418876,0 days 00:00:29.937661,49,0.8274186918304418,0.1295752714878387,0.9466998287285929,0.011408444962082223,423,1253880,8.307499999999997,2.7382419085975593,0.7334999999999998,0.12206248399897492,420.0,4,10.079999999999998,"[0.942, 0.0659999999999999]",1253880,"[9.42, 0.659999999999999]",0.0696674386660258,29.260324239730835,4.6999999999999975,"[0.6799999999999999, -0.21000000000000024]",1254880,"[6.799999999999999, -2.1000000000000023]",0.06624900045849028,27.824580192565918,6.759999999999998,"[0.6309999999999999, 0.04499999999999983]",1255880,"[6.309999999999999, 0.4499999999999983]",0.0688339494523548,28.910258769989014,11.69,"[0.6809999999999998, 0.4879999999999999]",1256880,"[6.809999999999999, 4.879999999999999]",0.07074796926407587,29.714147090911865,ParetoSolutionConcept,7.334999999999999,1.2206248399897495,0.06887458946023668,0.0016608379638668328,28.927327573299408,0.6975519448240691,COMPLETE
126,7.584999999999999,2025-06-12 17:58:31.037721,2025-06-12 17:58:54.805854,0 days 00:00:23.768133,31,0.9071281044767278,0.09706930060330932,0.928993493564648,0.005181642213761292,445,1263911,7.584999999999999,3.002736252154025,0.7262500000000001,0.13836974922287024,440.0,4,5.249999999999999,"[0.6980000000000001, -0.17300000000000007]",1263911,"[6.98, -1.7300000000000006]",0.05350171815265309,23.54075598716736,3.999999999999999,"[0.571, -0.17100000000000007]",1264911,"[5.709999999999999, -1.7100000000000006]",0.05332792888988148,23.46428871154785,10.89,"[0.6859999999999999, 0.4029999999999999]",1265911,"[6.859999999999999, 4.029999999999999]",0.05116195678710937,22.511260986328125,10.199999999999998,"[0.95, 0.06999999999999992]",1266911,"[9.5, 0.6999999999999993]",0.050414498827674174,22.182379484176636,ParetoSolutionConcept,7.262499999999999,1.3836974922287026,0.05210152566432953,0.0013410306762559594,22.924671292304993,0.5900534975526225,COMPLETE
127,7.434999999999998,2025-06-12 17:58:54.820138,2025-06-12 17:59:27.642419,0 days 00:00:32.822281,40,0.9459364303329495,0.13648686785240788,0.9360777136933984,0.007283161481598646,485,1273934,7.434999999999998,2.1833746815423134,0.8220000000000001,0.11278962718264475,480.0,4,9.129999999999997,"[0.821, 0.0919999999999999]",1273934,"[8.209999999999999, 0.919999999999999]",0.06179033766190211,29.659362077713013,3.919999999999998,"[0.6620000000000001, -0.27000000000000013]",1274934,"[6.620000000000001, -2.700000000000001]",0.06788990845282873,32.58715605735779,7.299999999999999,"[0.9810000000000001, -0.25100000000000017]",1275934,"[9.81, -2.5100000000000016]",0.04917685886224111,23.604892253875732,9.389999999999997,"[0.8239999999999998, 0.11499999999999991]",1276934,"[8.239999999999998, 1.149999999999999]",0.05381279687086741,25.830142498016357,ParetoSolutionConcept,8.219999999999999,1.1278962718264476,0.058167475461959835,0.0072014798176583674,27.920388221740723,3.4567103124760146,COMPLETE
128,8.774999999999999,2025-06-12 17:59:27.657502,2025-06-12 18:00:00.567192,0 days 00:00:32.909690,42,0.5819400279438676,0.05843309088291435,0.9142996676668339,0.0017264291565591257,461,1283967,8.774999999999999,2.9125804709913177,0.78975,0.12565105451208916,460.0,4,9.7,"[0.826, 0.14399999999999988]",1283967,"[8.26, 1.4399999999999988]",0.07104556975157364,32.68096208572388,10.549999999999999,"[0.702, 0.3529999999999999]",1284967,"[7.02, 3.5299999999999994]",0.05750521006791488,26.452396631240845,3.799999999999998,"[0.653, -0.2730000000000002]",1285967,"[6.53, -2.7300000000000018]",0.06735040675038877,30.981187105178833,11.05,"[0.978, 0.12699999999999992]",1286967,"[9.78, 1.2699999999999991]",0.060424473492995553,27.795257806777954,ParetoSolutionConcept,7.897499999999999,1.2565105451208913,0.06408141501571822,0.005380647055940579,29.477450907230377,2.4750976457326677,COMPLETE
129,6.717499999999998,2025-06-12 18:00:00.581906,2025-06-12 18:00:26.627255,0 days 00:00:26.045349,37,0.9214766207965815,0.06424241227260445,0.9519983519720927,0.00109988113066196,415,1294000,6.717499999999998,1.9356442725872947,0.7344999999999999,0.11369366736982323,410.0,4,9.159999999999997,"[0.9289999999999999, -0.013000000000000112]",1294000,"[9.29, -0.13000000000000111]",0.05749442809965552,23.572715520858765,8.019999999999998,"[0.6879999999999998, 0.11399999999999991]",1295000,"[6.879999999999998, 1.139999999999999]",0.060532240751313,24.81821870803833,5.2399999999999975,"[0.6409999999999999, -0.11700000000000013]",1296000,"[6.409999999999999, -1.1700000000000013]",0.05877095606268906,24.096091985702515,4.449999999999999,"[0.6799999999999999, -0.23500000000000015]",1297000,"[6.799999999999999, -2.3500000000000014]",0.06306596616419351,25.857046127319336,ParetoSolutionConcept,7.344999999999999,1.136936673698232,0.059965897769462775,0.0020896899552603396,24.586018085479736,0.8567728816567382,COMPLETE
130,10.384999999999998,2025-06-12 18:00:26.642087,2025-06-12 18:00:49.207966,0 days 00:00:22.565879,35,0.6509987149004818,0.12427042874664362,0.9394825583536226,0.009155012144378886,374,1304026,10.384999999999998,2.664530915564689,0.8059999999999999,0.1421988044956778,370.0,4,7.7799999999999985,"[0.6719999999999999, 0.10599999999999994]",1304026,"[6.719999999999999, 1.0599999999999994]",0.059487608961156895,22.01041531562805,8.68,"[0.9549999999999998, -0.0870000000000001]",1305026,"[9.549999999999999, -0.870000000000001]",0.056532527949358966,20.917035341262817,14.709999999999999,"[0.9410000000000001, 0.53]",1306026,"[9.41, 5.300000000000001]",0.056224596822583996,20.80310082435608,10.37,"[0.656, 0.3809999999999999]",1307026,"[6.5600000000000005, 3.8099999999999987]",0.06037429023433376,22.33848738670349,ParetoSolutionConcept,8.059999999999999,1.4219880449567779,0.0581547559918584,0.0018069288538770751,21.51725971698761,0.6685636759345179,COMPLETE
131,9.1075,2025-06-12 18:00:49.799146,2025-06-12 18:01:14.251574,0 days 00:00:24.452428,36,0.6689923931552384,0.12540523051611158,0.9405456037546842,0.009086573708876612,351,1314049,9.1075,1.4584473764932353,0.8905000000000001,0.06879135120056888,350.0,4,9.79,"[0.9670000000000002, 0.0119999999999999]",1314049,"[9.670000000000002, 0.119999999999999]",0.0693402031489781,24.269071102142334,8.34,"[0.826, 0.007999999999999886]",1315049,"[8.26, 0.07999999999999885]",0.059797744750976566,20.929210662841797,7.219999999999999,"[0.818, -0.09600000000000011]",1316049,"[8.18, -0.9600000000000011]",0.060956840515136716,21.33489418029785,11.08,"[0.951, 0.1569999999999999]",1317049,"[9.51, 1.569999999999999]",0.06062802382877895,21.219808340072632,ParetoSolutionConcept,8.905,0.6879135120056886,0.06268070306096758,0.0038679963852922385,21.938246071338654,1.3537987348522837,COMPLETE
132,10.535,2025-06-12 18:01:14.265718,2025-06-12 18:01:39.025230,0 days 00:00:24.759512,35,0.5688882232335617,0.11826202729329266,0.9442603668582293,0.006176530549913591,376,1324074,10.535,1.339486842040638,0.764,0.045546679352066924,370.0,4,8.349999999999998,"[0.8019999999999999, 0.0329999999999999]",1324074,"[8.02, 0.32999999999999896]",0.06626751036257357,24.51897883415222,11.87,"[0.7989999999999999, 0.3879999999999999]",1325074,"[7.989999999999999, 3.879999999999999]",0.06003357719730686,22.21242356300354,10.6,"[0.766, 0.29399999999999993]",1326074,"[7.66, 2.9399999999999995]",0.057889096801345415,21.418965816497803,11.319999999999999,"[0.689, 0.44299999999999995]",1327074,"[6.89, 4.43]",0.06020634754284008,22.27634859085083,ParetoSolutionConcept,7.64,0.4554667935206692,0.061099132976016476,0.0031204539733749067,22.6066792011261,1.154567970148716,COMPLETE
133,7.364999999999998,2025-06-12 18:01:39.041404,2025-06-12 18:02:03.210931,0 days 00:00:24.169527,35,0.5662484918966131,0.11937210038325688,0.9443817269996514,0.006044842964440073,373,1334099,7.364999999999998,3.3833304597688953,0.721,0.11374752744565479,370.0,4,11.379999999999999,"[0.827, 0.31099999999999983]",1334099,"[8.27, 3.1099999999999985]",0.052784957112492745,19.530434131622314,9.99,"[0.828, 0.17099999999999996]",1335099,"[8.28, 1.7099999999999995]",0.05482296492602374,20.284497022628784,3.439999999999998,"[0.558, -0.21400000000000013]",1336099,"[5.58, -2.1400000000000015]",0.058185921488581475,21.528790950775146,4.649999999999999,"[0.6709999999999999, -0.20600000000000013]",1337099,"[6.709999999999999, -2.0600000000000014]",0.06466936485187427,23.92766499519348,ParetoSolutionConcept,7.209999999999999,1.1374752744565482,0.05761580209474306,0.004505962338544685,21.31784677505493,1.667206065261534,COMPLETE
134,6.302499999999998,2025-06-12 18:02:03.225870,2025-06-12 18:02:26.896951,0 days 00:00:23.671081,34,0.595657702658017,0.1127721615079111,0.9478844626845431,0.004305640174823808,360,1344123,6.302499999999998,3.2608846575737696,0.70875,0.1692459379128492,360.0,4,9.68,"[0.923, 0.0449999999999999]",1344123,"[9.23, 0.449999999999999]",0.061575818061828616,22.1672945022583,9.409999999999998,"[0.7729999999999999, 0.16799999999999993]",1345123,"[7.729999999999999, 1.6799999999999993]",0.06228764255841573,22.423551321029663,3.5299999999999985,"[0.683, -0.3300000000000001]",1346123,"[6.83, -3.300000000000001]",0.0605891916486952,21.812108993530273,2.589999999999999,"[0.45599999999999996, -0.19700000000000012]",1347123,"[4.56, -1.970000000000001]",0.06523357894685533,23.48408842086792,ParetoSolutionConcept,7.0874999999999995,1.6924593791284919,0.062421557803948716,0.0017319236154822114,22.47176080942154,0.6234925015735965,COMPLETE
135,8.5825,2025-06-12 18:02:26.912345,2025-06-12 18:02:38.620622,0 days 00:00:11.708277,12,0.5563763906095305,0.10987820077005205,0.9391814595343865,0.003578905893510514,384,1354146,8.5825,2.0102782767567273,0.619,0.08202438661763954,380.0,4,11.799999999999999,"[0.743, 0.437]",1354146,"[7.43, 4.37]",0.030316463269685442,11.520256042480469,7.4399999999999995,"[0.643, 0.101]",1355146,"[6.43, 1.01]",0.027963532272138093,10.626142263412476,6.46,"[0.5469999999999999, 0.09900000000000006]",1356146,"[5.469999999999999, 0.9900000000000007]",0.02607266965665315,9.907614469528198,8.629999999999999,"[0.5429999999999999, 0.32000000000000006]",1357146,"[5.43, 3.2000000000000006]",0.027923220082333212,10.610823631286621,ParetoSolutionConcept,6.1899999999999995,0.8202438661763953,0.028068971320202474,0.0015057225185170816,10.666209101676941,0.572174557036491,COMPLETE
136,8.79,2025-06-12 18:02:39.309721,2025-06-12 18:03:05.865865,0 days 00:00:26.556144,36,0.6489675080952009,0.1307873388741056,0.9501823593979019,0.0008629126854515501,399,1364159,8.79,1.9304792151173236,0.7077499999999999,0.1228319482056684,390.0,4,7.909999999999998,"[0.6589999999999999, 0.13199999999999992]",1364159,"[6.589999999999999, 1.3199999999999992]",0.06761900522770026,26.3714120388031,8.299999999999999,"[0.8130000000000001, 0.016999999999999904]",1365159,"[8.13, 0.16999999999999904]",0.060537570562118136,23.609652519226074,12.019999999999998,"[0.8299999999999998, 0.37199999999999994]",1366159,"[8.299999999999999, 3.7199999999999993]",0.06242405634659987,24.34538197517395,6.93,"[0.5289999999999999, 0.16399999999999998]",1367159,"[5.289999999999999, 1.6399999999999997]",0.06167582548581637,24.053571939468384,ParetoSolutionConcept,7.077499999999999,1.228319482056684,0.06306411440555866,0.002714197608777513,24.595004618167877,1.05853706742323,COMPLETE
137,7.087499999999999,2025-06-12 18:03:05.880457,2025-06-12 18:03:27.628069,0 days 00:00:21.747612,33,0.7906764664602723,0.12270150489264905,0.9423951739360404,0.0005678348613289293,377,1374185,7.087499999999999,3.009969891875997,0.66425,0.21377485235639854,370.0,4,2.549999999999999,"[0.32599999999999996, -0.07100000000000009]",1374185,"[3.26, -0.7100000000000009]",0.05743536884720261,21.251086473464966,6.369999999999998,"[0.707, -0.07000000000000009]",1375185,"[7.069999999999999, -0.7000000000000008]",0.05508448755418932,20.38126039505005,8.899999999999999,"[0.705, 0.18499999999999994]",1376185,"[7.05, 1.8499999999999994]",0.05063662915616422,18.73555278778076,10.53,"[0.9189999999999999, 0.13399999999999992]",1377185,"[9.19, 1.3399999999999992]",0.058295779614835175,21.569438457489014,ParetoSolutionConcept,6.6425,2.1377485235639853,0.055363066293097826,0.0029711975458727867,20.484334528446198,1.0993430919729312,COMPLETE
138,10.474999999999998,2025-06-12 18:03:27.642787,2025-06-12 18:03:46.477041,0 days 00:00:18.834254,28,0.6154356104672295,0.11575832680697669,0.9549079494032803,0.0006869973444150531,364,1384207,10.474999999999998,3.6321240342257037,0.7797499999999999,0.13191166551901312,360.0,4,16.34,"[0.953, 0.681]",1384207,"[9.53, 6.8100000000000005]",0.04749355183707343,17.097678661346436,8.319999999999999,"[0.852, -0.020000000000000046]",1385207,"[8.52, -0.20000000000000046]",0.05061099264356825,18.21995735168457,6.77,"[0.703, -0.02600000000000006]",1386207,"[7.029999999999999, -0.2600000000000006]",0.0514272497759925,18.5138099193573,10.469999999999999,"[0.611, 0.43599999999999994]",1387207,"[6.109999999999999, 4.359999999999999]",0.05166763729519314,18.60034942626953,ParetoSolutionConcept,7.797499999999999,1.3191166551901314,0.05029985788795683,0.00166688267909311,18.10794883966446,0.6000777644735197,COMPLETE
139,6.1625,2025-06-12 18:03:46.491920,2025-06-12 18:04:04.993763,0 days 00:00:18.501843,28,0.6105814192197774,0.13924950118672022,0.9454159720230808,0.00042473508965298835,335,1394226,6.1625,2.8282359784855298,0.6835,0.22259548512941593,330.0,4,1.9999999999999991,"[0.4699999999999999, -0.2700000000000001]",1394226,"[4.699999999999999, -2.7000000000000006]",0.05356833790287827,17.67755150794983,5.119999999999999,"[0.4519999999999998, 0.05999999999999994]",1395226,"[4.519999999999998, 0.5999999999999994]",0.05175968733700839,17.08069682121277,8.9,"[0.9079999999999998, -0.018000000000000054]",1396226,"[9.079999999999998, -0.18000000000000055]",0.055358353528109465,18.268256664276123,8.629999999999999,"[0.9040000000000001, -0.04100000000000006]",1397226,"[9.040000000000001, -0.4100000000000006]",0.054398379903851136,17.951465368270874,ParetoSolutionConcept,6.834999999999999,2.2259548512941594,0.053771189667961815,0.0013228517657869166,17.7444925904274,0.4365410827096826,COMPLETE
140,8.874999999999998,2025-06-12 18:04:05.008445,2025-06-12 18:04:23.875030,0 days 00:00:18.866585,32,0.7409259499856633,0.11630424121908724,0.9539879696732851,0.013624929413231858,362,1404245,8.874999999999998,1.3619930249454288,0.8105,0.13717598186271532,360.0,4,8.899999999999999,"[0.833, 0.05699999999999992]",1404245,"[8.33, 0.5699999999999992]",0.04898073275883993,17.633063793182373,9.729999999999999,"[0.5919999999999999, 0.38099999999999995]",1405245,"[5.919999999999998, 3.8099999999999996]",0.04877584113015069,17.559302806854248,10.209999999999997,"[0.9709999999999999, 0.04999999999999995]",1406245,"[9.709999999999999, 0.49999999999999944]",0.04737417101860046,17.054701566696167,6.659999999999998,"[0.8459999999999999, -0.18000000000000008]",1407245,"[8.459999999999999, -1.8000000000000007]",0.05176625582906935,18.635852098464966,ParetoSolutionConcept,8.104999999999999,1.3717598186271536,0.04922425018416511,0.0015925574584407097,17.72073006629944,0.573320685038655,COMPLETE
141,8.3575,2025-06-12 18:04:24.544663,2025-06-12 18:04:44.843770,0 days 00:00:20.299107,28,0.6173855944572348,0.13426268521409507,0.9580506276851944,0.0007180821926647942,372,1414264,8.3575,1.4895196373327872,0.78875,0.07718281868395316,370.0,4,9.12,"[0.8229999999999998, 0.08899999999999997]",1414264,"[8.229999999999999, 0.8899999999999997]",0.049645994805000926,18.369018077850342,5.790000000000001,"[0.7220000000000001, -0.14300000000000004]",1415264,"[7.220000000000001, -1.4300000000000004]",0.05433452387113829,20.103773832321167,9.45,"[0.8989999999999998, 0.04599999999999992]",1416264,"[8.989999999999998, 0.45999999999999924]",0.051330205556508655,18.992176055908203,9.07,"[0.7109999999999999, 0.196]",1417264,"[7.1099999999999985, 1.96]",0.04678268239304826,17.309592485427856,ParetoSolutionConcept,7.887499999999999,0.7718281868395318,0.050523351656424034,0.002735800086309079,18.693640112876892,1.0122460319343591,COMPLETE
142,9.245,2025-06-12 18:04:44.858214,2025-06-12 18:05:07.343468,0 days 00:00:22.485254,30,0.5767096987779796,0.12633622851476575,0.9553172419008463,0.0005120283684281904,387,1424284,9.245,0.8947765084086631,0.6365000000000001,0.09078683825313007,380.0,4,7.89,"[0.481, 0.30799999999999994]",1424284,"[4.81, 3.079999999999999]",0.05867966099789268,22.29827117919922,9.93,"[0.674, 0.31899999999999995]",1425284,"[6.74, 3.1899999999999995]",0.05578939538252981,21.199970245361328,10.159999999999997,"[0.681, 0.335]",1426284,"[6.8100000000000005, 3.35]",0.05842161492297524,22.20021367073059,9.000000000000002,"[0.71, 0.18999999999999995]",1427284,"[7.1, 1.8999999999999995]",0.057983727204172233,22.03381633758545,ParetoSolutionConcept,6.365,0.9078683825313008,0.05771859962689249,0.0011412702478002614,21.933067858219147,0.4336826941640995,COMPLETE
143,8.147499999999999,2025-06-12 18:05:07.359015,2025-06-12 18:05:26.796501,0 days 00:00:19.437486,25,0.5470297671103247,0.10432128333751023,0.9623868129728186,0.0006740966040324629,351,1434307,8.147499999999999,0.8259350761409759,0.6179999999999999,0.14659297391075743,350.0,4,9.259999999999998,"[0.813, 0.11299999999999995]",1434307,"[8.129999999999999, 1.1299999999999994]",0.05382346153259277,18.83821153640747,8.24,"[0.706, 0.11799999999999997]",1435307,"[7.06, 1.1799999999999997]",0.05394106388092041,18.879372358322144,8.159999999999998,"[0.46799999999999986, 0.348]",1436307,"[4.679999999999999, 3.4799999999999995]",0.050632753372192384,17.721463680267334,6.929999999999999,"[0.485, 0.2079999999999999]",1437307,"[4.85, 2.079999999999999]",0.05499223164149693,19.247281074523926,ParetoSolutionConcept,6.18,1.4659297391075738,0.053347377606800625,0.0016320117054616197,18.67158216238022,0.5712040969115674,COMPLETE
144,8.927499999999998,2025-06-12 18:05:26.812340,2025-06-12 18:05:35.846096,0 days 00:00:09.033756,29,0.5889105955688816,0.11773374761332248,0.9588514676830722,0.008959281207316074,113,1444326,8.927499999999998,1.882702512347609,0.616,0.19979864864407873,110.0,4,5.67,"[0.604, -0.037000000000000054]",1444326,"[6.04, -0.37000000000000055]",0.07725086212158203,8.497594833374023,10.12,"[0.9460000000000001, 0.06599999999999995]",1445326,"[9.46, 0.6599999999999995]",0.07970562848177823,8.767619132995605,9.879999999999999,"[0.4629999999999999, 0.5249999999999999]",1446326,"[4.629999999999999, 5.249999999999999]",0.07995269298553467,8.794796228408813,10.04,"[0.4509999999999999, 0.5529999999999999]",1447326,"[4.509999999999999, 5.529999999999999]",0.07816694649783047,8.598364114761353,ParetoSolutionConcept,6.159999999999999,1.9979864864407877,0.07876903252168135,0.0011119367147025007,8.664593577384949,0.12231303861727469,COMPLETE
145,11.377500000000001,2025-06-12 18:05:35.860703,2025-06-12 18:06:04.711219,0 days 00:00:28.850516,34,0.5167677613713225,0.11300709050816729,0.9487520323353559,0.006313543726693471,491,1454335,11.377500000000001,0.5509707342500139,0.72575,0.06998705237399275,490.0,4,11.17,"[0.8460000000000001, 0.271]",1454335,"[8.46, 2.71]",0.05103626640475526,25.007770538330078,10.93,"[0.7, 0.3929999999999999]",1455335,"[7.0, 3.929999999999999]",0.05851267843830342,28.671212434768677,12.319999999999999,"[0.677, 0.5549999999999999]",1456335,"[6.7700000000000005, 5.549999999999999]",0.05597291673932757,27.426729202270508,11.09,"[0.68, 0.429]",1457335,"[6.800000000000001, 4.29]",0.05621455494238406,27.54513192176819,ParetoSolutionConcept,7.2575,0.6998705237399274,0.055434104131192576,0.0027257117844635107,27.162711024284363,1.3355987743871203,COMPLETE
146,10.6675,2025-06-12 18:06:05.374503,2025-06-12 18:06:34.289008,0 days 00:00:28.914505,34,0.5222441172578762,0.12397478973536288,0.9491494702720294,0.0066182795841134585,494,1464365,10.6675,0.7309711006599363,0.855,0.05312249994117372,490.0,4,11.12,"[0.8350000000000002, 0.27699999999999997]",1464365,"[8.350000000000001, 2.7699999999999996]",0.05030870972847452,24.651267766952515,11.629999999999999,"[0.807, 0.356]",1465365,"[8.07, 3.5599999999999996]",0.05862374403038803,28.725634574890137,10.010000000000002,"[0.8329999999999999, 0.16799999999999998]",1466365,"[8.329999999999998, 1.6799999999999997]",0.04859534137103022,23.81171727180481,9.91,"[0.9450000000000001, 0.04599999999999991]",1467365,"[9.450000000000001, 0.4599999999999991]",0.04934054102216448,24.176865100860596,ParetoSolutionConcept,8.55,0.5312249994117374,0.05171708403801431,0.004033568656632765,25.341371178627014,1.976448641750055,COMPLETE
147,10.945,2025-06-12 18:06:34.303718,2025-06-12 18:07:00.755106,0 days 00:00:26.451388,35,0.504160944111911,0.12100966911477466,0.9489175457753308,0.006577277132825483,493,1474394,10.945,3.0066384884119346,0.7724999999999999,0.15320003263707227,490.0,4,8.829999999999998,"[0.5669999999999998, 0.3159999999999999]",1474394,"[5.669999999999998, 3.159999999999999]",0.049218221586577744,24.116928577423096,14.61,"[0.9279999999999999, 0.5329999999999999]",1475394,"[9.28, 5.329999999999999]",0.046582922156976195,22.825631856918335,13.09,"[0.9119999999999999, 0.3969999999999999]",1476394,"[9.12, 3.969999999999999]",0.04854425751433081,23.786686182022095,7.249999999999998,"[0.6829999999999999, 0.04199999999999989]",1477394,"[6.829999999999999, 0.41999999999999893]",0.05360003004268724,26.264014720916748,ParetoSolutionConcept,7.724999999999999,1.532000326370723,0.049486357825143,0.0025647459830674727,24.24831533432007,1.2567255317030614,COMPLETE
148,8.247499999999999,2025-06-12 18:07:00.769764,2025-06-12 18:07:29.171352,0 days 00:00:28.401588,34,0.5069390560929165,0.12265183065522992,0.9490095584117584,0.005884659739407075,491,1484420,8.247499999999999,1.6828157207490066,0.7875,0.17276646086552794,490.0,4,9.61,"[0.93, 0.03099999999999991]",1484420,"[9.3, 0.3099999999999991]",0.05429462218771176,26.60436487197876,5.979999999999999,"[0.558, 0.039999999999999925]",1485420,"[5.58, 0.39999999999999925]",0.05747698959039182,28.163724899291992,7.3,"[0.6849999999999999, 0.044999999999999915]",1486420,"[6.85, 0.4499999999999992]",0.053908858980451314,26.415340900421143,10.099999999999998,"[0.977, 0.03299999999999991]",1487420,"[9.77, 0.3299999999999991]",0.05138907189271888,25.18064522743225,ParetoSolutionConcept,7.875,1.7276646086552794,0.05426738566281844,0.0021630725104175683,26.591018974781036,1.059905530104609,COMPLETE
149,10.537500000000001,2025-06-12 18:07:29.185860,2025-06-12 18:07:58.423382,0 days 00:00:29.237522,35,0.5176699402682806,0.11367468546843477,0.9473215592784974,0.006814334631130409,478,1494449,10.537500000000001,2.9928863576821625,0.719,0.04021815510438048,470.0,4,13.21,"[0.6859999999999998, 0.635]",1494449,"[6.8599999999999985, 6.35]",0.053957077797423016,25.35982656478882,9.31,"[0.7870000000000001, 0.14399999999999993]",1495449,"[7.870000000000001, 1.4399999999999993]",0.053982344586798486,25.371701955795288,13.429999999999998,"[0.6930000000000002, 0.6500000000000001]",1496449,"[6.9300000000000015, 6.500000000000002]",0.06169122533595308,28.99487590789795,6.199999999999999,"[0.71, -0.09000000000000011]",1497449,"[7.1, -0.900000000000001]",0.057655142723245824,27.097917079925537,ParetoSolutionConcept,7.190000000000001,0.4021815510438046,0.0568214476108551,0.003188843953597957,26.706080377101898,1.4987566581910403,COMPLETE
150,9.985,2025-06-12 18:07:58.439748,2025-06-12 18:08:27.470072,0 days 00:00:29.030324,35,0.5158757372185353,0.11487084761137256,0.9518740583794696,0.006946495232971099,474,1504478,9.985,2.2140291325996597,0.82575,0.0823965260190015,470.0,4,10.78,"[0.8320000000000001, 0.24599999999999994]",1504478,"[8.32, 2.4599999999999995]",0.057685231147928444,27.112058639526367,13.17,"[0.9339999999999998, 0.3829999999999999]",1505478,"[9.339999999999998, 3.829999999999999]",0.06134902112027432,28.83403992652893,8.67,"[0.835, 0.03199999999999989]",1506478,"[8.35, 0.3199999999999989]",0.05676853859678228,26.68121314048767,7.319999999999999,"[0.702, 0.029999999999999888]",1507478,"[7.02, 0.2999999999999989]",0.055766602272683,26.21030306816101,ParetoSolutionConcept,8.2575,0.823965260190015,0.057892348284417014,0.002107915375602504,27.209403693675995,0.9907202265331764,COMPLETE
151,9.264999999999999,2025-06-12 18:08:28.211531,2025-06-12 18:08:57.382637,0 days 00:00:29.171106,33,0.5160019113420121,0.11186490543853157,0.9470050110205267,0.005009743165769896,486,1514508,9.264999999999999,2.442063676483478,0.81925,0.13940834802837307,480.0,4,5.229999999999999,"[0.7110000000000001, -0.18800000000000008]",1514508,"[7.110000000000001, -1.8800000000000008]",0.06028652985890706,28.93753433227539,9.429999999999998,"[0.6519999999999999, 0.291]",1515508,"[6.52, 2.9099999999999997]",0.05744067430496216,27.571523666381836,11.37,"[0.9639999999999999, 0.17299999999999988]",1516508,"[9.639999999999999, 1.7299999999999986]",0.04981991400321325,23.91355872154236,11.03,"[0.95, 0.15299999999999994]",1517508,"[9.5, 1.5299999999999994]",0.0504842405517896,24.23243546485901,ParetoSolutionConcept,8.192499999999999,1.3940834802837305,0.05450783967971802,0.00447662753132271,26.16376304626465,2.1487812150349015,COMPLETE
152,6.02,2025-06-12 18:08:57.396974,2025-06-12 18:09:29.616201,0 days 00:00:32.219227,35,0.5299805180031562,0.10486360408268032,0.9470195510659505,0.006643903649132538,492,1524537,6.02,3.414710822309849,0.633,0.17074249617479537,490.0,4,6.349999999999999,"[0.844, -0.20900000000000013]",1524537,"[8.44, -2.090000000000001]",0.055617709062537365,27.25267744064331,11.16,"[0.7140000000000001, 0.40199999999999997]",1525537,"[7.140000000000001, 4.02]",0.04720652249394631,23.13119602203369,1.6799999999999982,"[0.37999999999999995, -0.2120000000000001]",1526537,"[3.7999999999999994, -2.120000000000001]",0.06528469153812953,31.98949885368347,4.889999999999999,"[0.594, -0.1050000000000001]",1527537,"[5.9399999999999995, -1.050000000000001]",0.05214594383629001,25.551512479782104,ParetoSolutionConcept,6.33,1.7074249617479536,0.05506371673272581,0.006614834341373804,26.981221199035645,3.2412688272731645,COMPLETE
153,8.169999999999998,2025-06-12 18:09:29.630821,2025-06-12 18:09:56.686453,0 days 00:00:27.055632,31,0.5213373284960637,0.11923900290647389,0.9502987133391552,0.010085661918435825,500,1534569,8.169999999999998,2.0237218188278745,0.756,0.19459958889987414,500.0,4,10.52,"[0.9890000000000001, 0.06299999999999992]",1534569,"[9.89, 0.6299999999999992]",0.04109345245361328,20.54672622680664,8.749999999999998,"[0.8029999999999999, 0.07199999999999993]",1535569,"[8.03, 0.7199999999999993]",0.04924596548080444,24.62298274040222,8.469999999999999,"[0.783, 0.06399999999999992]",1536569,"[7.83, 0.6399999999999992]",0.05365351581573486,26.82675790786743,4.939999999999999,"[0.449, 0.04499999999999994]",1537569,"[4.49, 0.4499999999999994]",0.04731233549118042,23.65616774559021,ParetoSolutionConcept,7.5600000000000005,1.945995888998741,0.047826317310333245,0.004515730556580834,23.913158655166626,2.257865278290418,COMPLETE
154,9.6525,2025-06-12 18:09:56.700804,2025-06-12 18:10:26.771649,0 days 00:00:30.070845,35,0.5073367585384365,0.12752372443217166,0.9529364199842931,0.007907126958864509,479,1544596,9.6525,0.5265156692825007,0.8965000000000001,0.07898575820994569,470.0,4,9.86,"[0.8300000000000001, 0.15599999999999992]",1544596,"[8.3, 1.5599999999999992]",0.06347544649814038,29.833459854125977,10.069999999999999,"[0.9719999999999999, 0.034999999999999934]",1545596,"[9.719999999999999, 0.3499999999999993]",0.05277636710633623,24.804892539978027,8.75,"[0.9780000000000001, -0.10300000000000012]",1546596,"[9.780000000000001, -1.0300000000000011]",0.05472217062686352,25.719420194625854,9.93,"[0.8059999999999998, 0.1869999999999999]",1547596,"[8.059999999999999, 1.8699999999999988]",0.05883656359733419,27.65318489074707,ParetoSolutionConcept,8.965,0.789857582099457,0.05745263695716858,0.0041082975126843675,27.002739369869232,1.9308998309616519,COMPLETE
155,6.977499999999999,2025-06-12 18:10:26.786705,2025-06-12 18:10:55.224378,0 days 00:00:28.437673,33,0.5376160210605352,0.12267269031841377,0.9439392928783096,0.005760023142142698,472,1554626,6.977499999999999,2.556661641672594,0.7115,0.1465631263312843,470.0,4,11.34,"[0.951, 0.1829999999999999]",1554626,"[9.51, 1.8299999999999992]",0.04860122153099547,22.84257411956787,5.179999999999999,"[0.593, -0.0750000000000001]",1555626,"[5.93, -0.7500000000000009]",0.06000753362128075,28.203540802001953,6.239999999999998,"[0.711, -0.08700000000000008]",1556626,"[7.109999999999999, -0.8700000000000008]",0.055182351457311755,25.935705184936523,5.149999999999999,"[0.591, -0.0760000000000001]",1557626,"[5.91, -0.7600000000000009]",0.05805534048283354,27.286010026931763,ParetoSolutionConcept,7.114999999999999,1.465631263312843,0.05546161177310538,0.004316705186464566,26.066957533359528,2.0288514376383455,COMPLETE
156,7.929999999999998,2025-06-12 18:10:55.971848,2025-06-12 18:11:25.455254,0 days 00:00:29.483406,36,0.5455073644047087,0.1311904719531498,0.9100773054991269,0.010818830437264778,492,1564656,7.929999999999998,1.3270832679225524,0.79075,0.1446536812528461,490.0,4,10.209999999999999,"[0.974, 0.0469999999999999]",1564656,"[9.74, 0.46999999999999903]",0.05676631538235411,27.815494537353516,6.9899999999999975,"[0.791, -0.09200000000000011]",1565656,"[7.91, -0.920000000000001]",0.05599684666614143,27.4384548664093,7.439999999999999,"[0.828, -0.08400000000000012]",1566656,"[8.28, -0.8400000000000012]",0.05228059486467011,25.617491483688354,7.079999999999998,"[0.57, 0.1379999999999999]",1567656,"[5.699999999999999, 1.379999999999999]",0.05969155418629549,29.24886155128479,ParetoSolutionConcept,7.9075,1.4465368125284614,0.05618382777486528,0.002641667346420312,27.53007560968399,1.2944169997459538,COMPLETE
157,7.052499999999999,2025-06-12 18:11:25.470226,2025-06-12 18:11:47.991102,0 days 00:00:22.520876,34,0.5277843289675337,0.11016395657577893,0.9490778454890847,0.004397002663902164,370,1574685,7.052499999999999,3.9817230880612486,0.66825,0.17103855559493014,370.0,4,7.789999999999999,"[0.7220000000000001, 0.05699999999999994]",1574685,"[7.220000000000001, 0.5699999999999994]",0.05863797922392149,21.696052312850952,13.13,"[0.917, 0.39599999999999996]",1575685,"[9.17, 3.9599999999999995]",0.05465745990340774,20.223260164260864,2.4799999999999986,"[0.45999999999999996, -0.2120000000000001]",1576685,"[4.6, -2.120000000000001]",0.06007772329691294,22.228757619857788,4.81,"[0.5740000000000001, -0.09300000000000011]",1577685,"[5.74, -0.930000000000001]",0.0602470655699034,22.291414260864258,ParetoSolutionConcept,6.682500000000001,1.710385555949301,0.05840505699853639,0.0022521958658834077,21.609871089458466,0.8333124703768614,COMPLETE
158,7.4575,2025-06-12 18:11:48.005900,2025-06-12 18:12:19.190101,0 days 00:00:31.184201,37,0.5161081303539407,0.1157964215849024,0.945678267080442,0.008778876028867908,467,1584708,7.4575,4.109850210165817,0.7062499999999999,0.1708820865392274,460.0,4,8.969999999999999,"[0.7509999999999999, 0.1459999999999999]",1584708,"[7.509999999999999, 1.459999999999999]",0.06496282608612725,29.88289999961853,2.9899999999999984,"[0.5449999999999999, -0.24600000000000016]",1585708,"[5.449999999999999, -2.4600000000000017]",0.06727951246759166,30.948575735092163,4.409999999999998,"[0.5619999999999999, -0.12100000000000014]",1586708,"[5.619999999999999, -1.2100000000000013]",0.05999070768770964,27.595725536346436,13.46,"[0.967, 0.3789999999999999]",1587708,"[9.67, 3.789999999999999]",0.056459250139153525,25.97125506401062,ParetoSolutionConcept,7.0625,1.7088208653922743,0.062173074095145525,0.004221046563328503,28.599614083766937,1.9416814191311114,COMPLETE
159,9.195,2025-06-12 18:12:19.204448,2025-06-12 18:12:50.010452,0 days 00:00:30.806004,37,0.5612526581421101,0.10626562836657903,0.9226774621378347,0.006614120065950193,485,1594739,9.195,2.96963381580962,0.73725,0.19472079370216225,480.0,4,6.829999999999998,"[0.5419999999999998, 0.14099999999999996]",1594739,"[5.419999999999998, 1.4099999999999997]",0.06062486122051875,29.099933385849,11.840000000000002,"[0.891, 0.2929999999999999]",1595739,"[8.91, 2.9299999999999993]",0.05998413662115733,28.792385578155518,12.419999999999998,"[0.969, 0.27299999999999996]",1596739,"[9.69, 2.7299999999999995]",0.05053346554438273,24.25606346130371,5.689999999999999,"[0.5469999999999999, 0.021999999999999926]",1597739,"[5.469999999999999, 0.21999999999999925]",0.06370270748933156,30.57729959487915,ParetoSolutionConcept,7.372499999999999,1.9472079370216224,0.05871129271884759,0.004926280410123253,28.181420505046844,2.364614596859162,COMPLETE
160,6.527499999999999,2025-06-12 18:12:50.024980,2025-06-12 18:13:21.434912,0 days 00:00:31.409932,38,0.5375988323215414,0.12062083851287808,0.9416867917745848,0.0009052797248858556,477,1604770,6.527499999999999,2.765984228082294,0.7642499999999999,0.09012040556943804,470.0,4,5.679999999999998,"[0.805, -0.23700000000000015]",1604770,"[8.05, -2.3700000000000014]",0.06633001489842191,31.1751070022583,2.409999999999998,"[0.611, -0.37000000000000016]",1605770,"[6.109999999999999, -3.7000000000000015]",0.06248685806355578,29.368823289871216,8.459999999999999,"[0.843, 0.0029999999999998804]",1606770,"[8.43, 0.029999999999998805]",0.06232390708111702,29.292236328125,9.559999999999999,"[0.7979999999999998, 0.15799999999999992]",1607770,"[7.979999999999999, 1.5799999999999992]",0.06242673904337782,29.340567350387573,ParetoSolutionConcept,7.6425,0.9012040556943806,0.06339187977161813,0.0016973335417933327,29.794183492660522,0.7977467646428672,COMPLETE
161,8.287499999999998,2025-06-12 18:13:22.212191,2025-06-12 18:13:51.165297,0 days 00:00:28.953106,36,0.5248295357927337,0.14710081108416798,0.9167188482976717,0.005285119661204969,460,1614802,8.287499999999998,3.0100695589969346,0.8380000000000001,0.124054423540638,460.0,4,5.709999999999999,"[0.7909999999999999, -0.2200000000000001]",1614802,"[7.909999999999999, -2.200000000000001]",0.06253212223882261,28.7647762298584,13.049999999999999,"[0.951, 0.354]",1615802,"[9.51, 3.54]",0.057747420020725415,26.56381320953369,5.689999999999999,"[0.656, -0.0870000000000001]",1616802,"[6.5600000000000005, -0.870000000000001]",0.05389197080031685,24.790306568145752,8.7,"[0.9540000000000001, -0.08400000000000012]",1617802,"[9.540000000000001, -0.8400000000000012]",0.05652482768763666,26.001420736312866,ParetoSolutionConcept,8.379999999999999,1.24054423540638,0.05767408518687539,0.0031317361011313424,26.530079185962677,1.4405986065204166,COMPLETE
162,7.279999999999999,2025-06-12 18:13:51.180197,2025-06-12 18:14:18.693710,0 days 00:00:27.513513,35,0.6264399718281624,0.141853330951674,0.9557112300311029,0.007322840402351152,468,1624831,7.279999999999999,1.5923724438710942,0.7542500000000001,0.08166509352226325,460.0,4,6.209999999999999,"[0.8300000000000001, -0.20900000000000013]",1624831,"[8.3, -2.090000000000001]",0.057909037237582,26.63815712928772,6.799999999999999,"[0.657, 0.02299999999999991]",1625831,"[6.57, 0.2299999999999991]",0.05882038759148639,27.05737829208374,6.1099999999999985,"[0.6900000000000001, -0.07900000000000011]",1626831,"[6.9, -0.7900000000000011]",0.057103596562924595,26.267654418945312,10.0,"[0.8400000000000001, 0.15999999999999995]",1627831,"[8.4, 1.5999999999999994]",0.05928755894951199,27.272277116775513,ParetoSolutionConcept,7.5425,0.8166509352226324,0.058280145085376246,0.0008409417517638653,26.80886673927307,0.38683320581137826,COMPLETE
163,10.197499999999998,2025-06-12 18:14:18.708233,2025-06-12 18:14:41.119545,0 days 00:00:22.411312,34,0.5069640940087261,0.138509087709983,0.9379531923004646,0.008140339798895056,363,1634858,10.197499999999998,0.8759958618623724,0.80975,0.05965473577177258,360.0,4,9.899999999999999,"[0.834, 0.15599999999999994]",1634858,"[8.34, 1.5599999999999994]",0.053306980927785234,19.190513134002686,8.95,"[0.851, 0.0439999999999999]",1635858,"[8.51, 0.439999999999999]",0.04959161480267842,17.852981328964233,11.31,"[0.8470000000000001, 0.2839999999999999]",1636858,"[8.47, 2.839999999999999]",0.05432358119222853,19.55648922920227,10.629999999999999,"[0.707, 0.356]",1637858,"[7.069999999999999, 3.5599999999999996]",0.06174993581242032,22.229976892471313,ParetoSolutionConcept,8.0975,0.5965473577177258,0.05474302818377813,0.004412255144465864,19.707490146160126,1.5884118520077104,COMPLETE
164,8.919999999999998,2025-06-12 18:14:41.134241,2025-06-12 18:15:02.757114,0 days 00:00:21.622873,34,0.5027842873643585,0.13631119386243704,0.9379923207847132,0.008373063427699622,362,1644881,8.919999999999998,1.799680527204759,0.6805,0.15403002953969727,360.0,4,10.989999999999998,"[0.8210000000000001, 0.2779999999999999]",1644881,"[8.21, 2.7799999999999994]",0.05397160649299622,19.429778337478638,9.17,"[0.643, 0.2739999999999999]",1645881,"[6.43, 2.7399999999999993]",0.05859563151995341,21.094427347183228,9.479999999999999,"[0.8140000000000001, 0.13399999999999995]",1646881,"[8.14, 1.3399999999999994]",0.05954921378029717,21.437716960906982,6.039999999999999,"[0.44399999999999995, 0.15999999999999992]",1647881,"[4.4399999999999995, 1.5999999999999992]",0.05595898760689629,20.145235538482666,ParetoSolutionConcept,6.805,1.5403002953969729,0.057018859850035776,0.002196473429455186,20.52678954601288,0.7907304346038675,COMPLETE
165,10.16,2025-06-12 18:15:02.772568,2025-06-12 18:15:24.672491,0 days 00:00:21.899923,32,0.5137515212034278,0.1269980028342343,0.9188231536623446,0.010535486167329727,341,1654902,10.16,2.7371974718678964,0.87275,0.055885485593309456,340.0,4,13.95,"[0.966, 0.42899999999999994]",1654902,"[9.66, 4.289999999999999]",0.05721985662684721,19.45475125312805,7.339999999999998,"[0.819, -0.08500000000000008]",1655902,"[8.19, -0.8500000000000008]",0.06370761955485624,21.660590648651123,11.57,"[0.861, 0.296]",1656902,"[8.61, 2.96]",0.05698698408463422,19.375574588775635,7.7799999999999985,"[0.8450000000000001, -0.0670000000000001]",1657902,"[8.450000000000001, -0.670000000000001]",0.05524792460834279,18.784294366836548,ParetoSolutionConcept,8.727500000000001,0.5588548559330947,0.05829059621867012,0.0032190014065925634,19.81880271434784,1.0944604782414726,COMPLETE
166,7.972499999999998,2025-06-12 18:15:25.471316,2025-06-12 18:15:46.775954,0 days 00:00:21.304638,31,0.5100156291526559,0.12858218409107677,0.9189336381436969,0.011020017727833235,343,1664925,7.972499999999998,2.3689488702798127,0.82275,0.1368400069424143,340.0,4,9.04,"[0.8400000000000001, 0.06399999999999992]",1664925,"[8.4, 0.6399999999999992]",0.05525986727546243,18.788354873657227,5.409999999999997,"[0.595, -0.05400000000000005]",1665925,"[5.949999999999999, -0.5400000000000005]",0.052165714432211484,17.736342906951904,6.109999999999999,"[0.9109999999999999, -0.30000000000000016]",1666925,"[9.11, -3.0000000000000018]",0.061980703297783345,21.073439121246338,11.329999999999998,"[0.945, 0.18799999999999997]",1667925,"[9.45, 1.8799999999999997]",0.05278212042415843,17.945920944213867,ParetoSolutionConcept,8.2275,1.3684000694241434,0.05554710135740393,0.0038907786638459696,18.886014461517334,1.32286474570763,COMPLETE
167,7.977499999999999,2025-06-12 18:15:46.790329,2025-06-12 18:16:05.313991,0 days 00:00:18.523662,32,0.5178279143465512,0.1331922489332969,0.9000075077189646,0.009478801551343327,355,1674946,7.977499999999999,2.7248061857680814,0.734,0.11252777434926903,350.0,4,11.249999999999998,"[0.8169999999999998, 0.30799999999999994]",1674946,"[8.169999999999998, 3.079999999999999]",0.052397657803126746,18.33918023109436,3.7499999999999982,"[0.5559999999999998, -0.18100000000000008]",1675946,"[5.559999999999999, -1.8100000000000007]",0.05177415984017508,18.12095594406128,7.88,"[0.843, -0.05500000000000009]",1676946,"[8.43, -0.5500000000000009]",0.05187799658094134,18.157298803329468,9.03,"[0.72, 0.18299999999999994]",1677946,"[7.199999999999999, 1.8299999999999994]",0.05089423452104841,17.812982082366943,ParetoSolutionConcept,7.339999999999999,1.12527774349269,0.05173601218632289,0.0005403654716486576,18.107604265213013,0.18912791507702986,COMPLETE
168,9.399999999999999,2025-06-12 18:16:05.329283,2025-06-12 18:16:28.050395,0 days 00:00:22.721112,34,0.5031448249175833,0.12309208445508026,0.9511197373326995,0.011989770653515959,335,1684965,9.399999999999999,2.8779072257458203,0.7969999999999999,0.16959215783756046,330.0,4,10.23,"[0.7219999999999999, 0.301]",1684965,"[7.219999999999999, 3.01]",0.05251730933333888,17.33071208000183,4.639999999999999,"[0.5549999999999999, -0.09100000000000011]",1685965,"[5.549999999999999, -0.910000000000001]",0.0682751279888731,22.530792236328125,10.35,"[0.9730000000000001, 0.061999999999999944]",1686965,"[9.73, 0.6199999999999994]",0.05183421987475771,17.105292558670044,12.379999999999999,"[0.938, 0.29999999999999993]",1687965,"[9.379999999999999, 2.999999999999999]",0.054960443756797095,18.136946439743042,ParetoSolutionConcept,7.97,1.6959215783756043,0.056896775238441694,0.006671309454379653,18.77593582868576,2.2015321199452864,COMPLETE
169,9.602500000000001,2025-06-12 18:16:28.065474,2025-06-12 18:16:51.400227,0 days 00:00:23.334753,34,0.5006978697891091,0.1263595089559713,0.9478144597019686,0.006379583577427497,381,1694988,9.602500000000001,3.324209492495923,0.8045,0.10360863863597469,380.0,4,6.22,"[0.713, -0.09100000000000008]",1694988,"[7.13, -0.9100000000000008]",0.06041173683969598,22.956459999084473,9.99,"[0.8310000000000001, 0.16799999999999993]",1695988,"[8.31, 1.6799999999999993]",0.05965725685420789,22.669757604599,7.35,"[0.7110000000000001, 0.02399999999999989]",1696988,"[7.110000000000001, 0.23999999999999888]",0.06077217553791247,23.09342670440674,14.85,"[0.9629999999999999, 0.5219999999999999]",1697988,"[9.629999999999999, 5.219999999999999]",0.0552962202774851,21.012563705444336,ParetoSolutionConcept,8.045000000000002,1.036086386359747,0.05903434737732536,0.002195384868179691,22.433052003383636,0.8342462499082832,COMPLETE
170,10.192499999999999,2025-06-12 18:16:51.415080,2025-06-12 18:17:20.365113,0 days 00:00:28.950033,33,0.5516217335535402,0.1363940371541309,0.9157878688074637,0.014982109657706952,500,1705011,10.192499999999999,1.0523158983879322,0.86625,0.061062979783171364,500.0,4,10.049999999999999,"[0.8259999999999998, 0.17899999999999994]",1705011,"[8.259999999999998, 1.7899999999999994]",0.05753331995010376,28.76665997505188,8.7,"[0.8230000000000001, 0.04699999999999991]",1706011,"[8.23, 0.4699999999999991]",0.05569600582122803,27.848002910614014,11.66,"[0.9709999999999999, 0.19499999999999995]",1707011,"[9.709999999999999, 1.9499999999999995]",0.052744364261627194,26.3721821308136,10.36,"[0.845, 0.19099999999999995]",1708011,"[8.45, 1.9099999999999995]",0.05003762054443359,25.018810272216797,ParetoSolutionConcept,8.662499999999998,0.610629797831714,0.05400282764434814,0.0028564762247620806,27.001413822174072,1.42823811238104,COMPLETE
171,9.7075,2025-06-12 18:17:21.166838,2025-06-12 18:17:47.002573,0 days 00:00:25.835735,33,0.5524247734786691,0.13862320268048575,0.9163623677801656,0.01993896895445603,496,1715041,9.7075,2.5573460364213534,0.8410000000000001,0.08652167358529306,490.0,4,8.969999999999999,"[0.8310000000000001, 0.06599999999999992]",1715041,"[8.31, 0.6599999999999993]",0.052250980357734525,25.602980375289917,7.809999999999999,"[0.8390000000000001, -0.05800000000000007]",1716041,"[8.39, -0.5800000000000007]",0.052045105914680326,25.50210189819336,14.070000000000002,"[0.969, 0.4379999999999999]",1717041,"[9.69, 4.379999999999999]",0.042845144077223174,20.994120597839355,7.98,"[0.725, 0.07299999999999995]",1718041,"[7.25, 0.7299999999999995]",0.046109575641398524,22.59369206428528,ParetoSolutionConcept,8.41,0.8652167358529305,0.04831270149775914,0.004005896616121178,23.673223733901978,1.9628893418993765,COMPLETE
172,7.3175,2025-06-12 18:17:47.016850,2025-06-12 18:18:14.816208,0 days 00:00:27.799358,32,0.5691383714229371,0.12994653448701257,0.9140410158929222,0.01456651580110748,485,1725067,7.3175,2.8385504663472174,0.7102499999999999,0.15936651938220903,480.0,4,3.929999999999999,"[0.593, -0.2000000000000001]",1725067,"[5.93, -2.000000000000001]",0.05465938150882721,26.23650312423706,10.870000000000001,"[0.688, 0.39899999999999997]",1726067,"[6.879999999999999, 3.9899999999999998]",0.055302689969539645,26.54529118537903,5.219999999999999,"[0.5829999999999999, -0.06100000000000007]",1727067,"[5.829999999999998, -0.6100000000000007]",0.05514328728119532,26.468777894973755,9.25,"[0.977, -0.05200000000000009]",1728067,"[9.77, -0.5200000000000009]",0.05743246426184972,27.567582845687866,ParetoSolutionConcept,7.102499999999999,1.5936651938220903,0.055634455755352974,0.0010647675077587514,26.704538762569427,0.5110884037242014,COMPLETE
173,9.335,2025-06-12 18:18:14.832220,2025-06-12 18:18:44.716574,0 days 00:00:29.884354,35,0.5372287248159164,0.1438259596593419,0.9176206057942736,0.008135917152025362,498,1735094,9.335,2.3552547632899508,0.6920000000000001,0.24179846980491843,490.0,4,11.280000000000001,"[0.8350000000000002, 0.29299999999999987]",1735094,"[8.350000000000001, 2.929999999999999]",0.05307263014267902,26.00558876991272,5.929999999999999,"[0.29799999999999993, 0.2949999999999999]",1736094,"[2.9799999999999995, 2.949999999999999]",0.060616788085626094,29.702226161956787,8.370000000000001,"[0.9330000000000002, -0.09600000000000011]",1737094,"[9.330000000000002, -0.9600000000000011]",0.05951993514080437,29.16476821899414,11.76,"[0.7020000000000001, 0.4739999999999999]",1738094,"[7.0200000000000005, 4.739999999999999]",0.04648484015951351,22.77757167816162,ParetoSolutionConcept,6.920000000000001,2.4179846980491844,0.05492354838215575,0.005660773894803802,26.912538707256317,2.773779208453863,COMPLETE
174,9.3425,2025-06-12 18:18:44.731214,2025-06-12 18:19:12.831289,0 days 00:00:28.100075,33,0.5278798881926855,0.13342649045841368,0.9156005275262659,0.01612426392130767,480,1745124,9.3425,3.0026353008648923,0.79775,0.09524015697173119,480.0,4,12.309999999999999,"[0.9389999999999998, 0.2919999999999999]",1745124,"[9.389999999999999, 2.919999999999999]",0.0466940701007843,22.413153648376465,12.38,"[0.8310000000000001, 0.4069999999999999]",1746124,"[8.31, 4.069999999999999]",0.045367657641569775,21.77647566795349,6.3199999999999985,"[0.7109999999999999, -0.07900000000000007]",1747124,"[7.1099999999999985, -0.7900000000000007]",0.058052941660086316,27.86541199684143,6.359999999999999,"[0.71, -0.07400000000000008]",1748124,"[7.1, -0.7400000000000008]",0.0486246590813001,23.339836359024048,ParetoSolutionConcept,7.977499999999999,0.952401569717312,0.04968483212093512,0.0049681957761259325,23.84871941804886,2.3847339725404475,COMPLETE
175,10.7425,2025-06-12 18:19:12.845559,2025-06-12 18:19:41.393115,0 days 00:00:28.547556,36,0.5441507145245329,0.11769518198086118,0.9241337440735556,0.010055735936658022,490,1755152,10.7425,2.276196114134281,0.7344999999999999,0.04907901792008476,490.0,4,8.859999999999998,"[0.72, 0.16599999999999993]",1755152,"[7.199999999999999, 1.6599999999999993]",0.05059266139049919,24.790404081344604,9.57,"[0.694, 0.26299999999999996]",1756152,"[6.9399999999999995, 2.6299999999999994]",0.05633222764852096,27.60279154777527,14.629999999999999,"[0.818, 0.6449999999999999]",1757152,"[8.18, 6.449999999999999]",0.057786367377456356,28.315320014953613,9.909999999999998,"[0.7059999999999998, 0.2849999999999999]",1758152,"[7.059999999999999, 2.849999999999999]",0.05142281250077851,25.19717812538147,ParetoSolutionConcept,7.345,0.4907901792008477,0.05403351722931375,0.0030831486304136505,26.47642344236374,1.5107428289026876,COMPLETE
176,6.9975,2025-06-12 18:19:42.269435,2025-06-12 18:20:13.773136,0 days 00:00:31.503701,36,0.5981640675739667,0.11513398081180845,0.9534739974122884,0.012795309238499352,500,1765182,6.9975,2.6884230972821235,0.7885,0.0685656619599053,500.0,4,5.999999999999999,"[0.8150000000000001, -0.21500000000000014]",1765182,"[8.15, -2.1500000000000012]",0.0626145625114441,31.307281255722046,4.559999999999999,"[0.6719999999999999, -0.21600000000000014]",1766182,"[6.719999999999999, -2.1600000000000015]",0.055161391735076906,27.580695867538452,5.879999999999998,"[0.818, -0.23000000000000012]",1767182,"[8.18, -2.300000000000001]",0.057031224727630614,28.515612363815308,11.55,"[0.849, 0.30599999999999994]",1768182,"[8.49, 3.0599999999999996]",0.05203659200668335,26.018296003341675,ParetoSolutionConcept,7.885,0.6856566195990531,0.056710942745208735,0.0038472707875941855,28.35547137260437,1.923635393797092,COMPLETE
177,7.965,2025-06-12 18:20:13.788776,2025-06-12 18:20:43.516201,0 days 00:00:29.727425,36,0.818134050343414,0.11915604081864847,0.9252117903312966,0.0058271502603934365,490,1775213,7.965,1.1953555956283473,0.7597499999999999,0.15618318571472417,490.0,4,8.97,"[0.9780000000000001, -0.08100000000000011]",1775213,"[9.780000000000001, -0.8100000000000012]",0.050495695094673,24.74289059638977,8.73,"[0.5569999999999998, 0.31599999999999995]",1776213,"[5.5699999999999985, 3.1599999999999993]",0.05660599105212153,27.73693561553955,8.209999999999997,"[0.6859999999999999, 0.13499999999999993]",1777213,"[6.859999999999999, 1.3499999999999992]",0.054275419274154975,26.594955444335938,5.949999999999999,"[0.8179999999999998, -0.22300000000000014]",1778213,"[8.179999999999998, -2.2300000000000013]",0.06017497558983005,29.485738039016724,ParetoSolutionConcept,7.5975,1.5618318571472418,0.05538802025269489,0.003520338075286402,27.140129923820496,1.7249656568903362,COMPLETE
178,9.655,2025-06-12 18:20:43.530562,2025-06-12 18:20:57.527080,0 days 00:00:13.996518,27,0.5514420461836111,0.1525537949493621,0.9224340759619026,0.0076799000435067806,259,1785243,9.655,3.076609334966012,0.7545,0.10207962578301316,250.0,4,10.569999999999999,"[0.7249999999999999, 0.33199999999999996]",1785243,"[7.249999999999998, 3.3199999999999994]",0.05352666473388672,13.38166618347168,14.070000000000002,"[0.849, 0.558]",1786243,"[8.49, 5.58]",0.05041909408569336,12.60477352142334,5.699999999999999,"[0.6, -0.03000000000000006]",1787243,"[6.0, -0.3000000000000006]",0.05506236743927002,13.765591859817505,8.28,"[0.8440000000000001, -0.016000000000000052]",1788243,"[8.440000000000001, -0.16000000000000053]",0.05286781311035156,13.21695327758789,ParetoSolutionConcept,7.545,1.020796257830132,0.05296898484230041,0.0016737260938360357,13.242246210575104,0.4184315234590092,COMPLETE
179,6.975,2025-06-12 18:20:57.541675,2025-06-12 18:21:24.827787,0 days 00:00:27.286112,37,0.5811190078047818,0.13526961031856988,0.9454251527638411,0.02616887464846813,478,1795257,6.975,1.3612586087882061,0.7089999999999999,0.1623468509087873,470.0,4,4.859999999999998,"[0.4419999999999999, 0.0439999999999999]",1795257,"[4.419999999999999, 0.439999999999999]",0.057203833600308035,26.885801792144775,8.66,"[0.844, 0.021999999999999874]",1796257,"[8.44, 0.21999999999999875]",0.055558162039898815,26.11233615875244,7.129999999999999,"[0.835, -0.12200000000000011]",1797257,"[8.35, -1.220000000000001]",0.05400016662922311,25.380078315734863,7.249999999999998,"[0.7150000000000001, 0.009999999999999887]",1798257,"[7.15, 0.09999999999999887]",0.057563717314537535,27.05494713783264,ParetoSolutionConcept,7.09,1.6234685090878729,0.05608146989599187,0.0014197211077411121,26.35829085111618,0.6672689206383225,COMPLETE
180,10.43,2025-06-12 18:21:24.842920,2025-06-12 18:21:55.441630,0 days 00:00:30.598710,35,0.5442402486380125,0.14095851369355203,0.9202916677884185,0.009689716312023823,488,1805284,10.43,2.112782525486237,0.7837500000000001,0.10653960531182753,480.0,4,13.91,"[0.7070000000000001, 0.684]",1805284,"[7.07, 6.840000000000001]",0.0470109020670255,22.56523299217224,9.63,"[0.8119999999999999, 0.15099999999999994]",1806284,"[8.12, 1.5099999999999993]",0.059861718614896135,28.733624935150146,8.219999999999999,"[0.671, 0.1509999999999999]",1807284,"[6.710000000000001, 1.5099999999999991]",0.06336325605710348,30.414362907409668,9.959999999999999,"[0.945, 0.05099999999999989]",1808284,"[9.45, 0.5099999999999989]",0.05341826279958089,25.640766143798828,ParetoSolutionConcept,7.8374999999999995,1.0653960531182751,0.055913534884651506,0.006256391815156956,26.83849674463272,3.003068071275338,COMPLETE
181,7.922499999999999,2025-06-12 18:21:56.295646,2025-06-12 18:22:24.215662,0 days 00:00:27.920016,35,0.5610470450470053,0.14011582183811364,0.9214937492703991,0.009599979745355479,492,1815316,7.922499999999999,2.107277568333133,0.73075,0.0986341092117732,490.0,4,4.889999999999999,"[0.579, -0.09000000000000011]",1815316,"[5.789999999999999, -0.900000000000001]",0.04884453549677012,23.93382239341736,9.959999999999999,"[0.71, 0.2859999999999999]",1816316,"[7.1, 2.8599999999999994]",0.05483135009298519,26.867361545562744,9.82,"[0.834, 0.14799999999999994]",1817316,"[8.34, 1.4799999999999993]",0.0566015034305806,27.734736680984497,7.019999999999998,"[0.8, -0.09800000000000011]",1818316,"[8.0, -0.9800000000000011]",0.04958982418994514,24.29901385307312,ParetoSolutionConcept,7.307499999999999,0.9863410921177321,0.05246680330257027,0.0033198139836460596,25.70873361825943,1.6267088519865696,COMPLETE
182,8.8825,2025-06-12 18:22:24.230363,2025-06-12 18:22:52.368950,0 days 00:00:28.138587,34,0.5431942743358644,0.1126412192552175,0.9196221783205833,0.0068408492101083825,482,1825344,8.8825,1.8119378438566816,0.8200000000000001,0.07851432990225414,480.0,4,6.1899999999999995,"[0.717, -0.09800000000000011]",1825344,"[7.17, -0.9800000000000011]",0.05623819231987,26.994332313537598,8.36,"[0.8150000000000001, 0.0209999999999999]",1826344,"[8.15, 0.20999999999999902]",0.054312417407830556,26.069960355758667,10.02,"[0.8099999999999999, 0.19199999999999995]",1827344,"[8.1, 1.9199999999999995]",0.05814306785662969,27.90867257118225,10.959999999999999,"[0.938, 0.15799999999999997]",1828344,"[9.379999999999999, 1.5799999999999996]",0.054855135083198545,26.330464839935303,ParetoSolutionConcept,8.2,0.7851432990225412,0.0558872031668822,0.0014796311702781667,26.825857520103455,0.7102229617335195,COMPLETE
183,12.2525,2025-06-12 18:22:52.383473,2025-06-12 18:23:19.865151,0 days 00:00:27.481678,38,0.5714237350538286,0.14478352683309065,0.9114018453658999,0.008835084355895141,487,1835372,12.2525,1.268608982310941,0.819,0.08350449089719665,480.0,4,13.459999999999999,"[0.8240000000000001, 0.5219999999999999]",1835372,"[8.24, 5.219999999999999]",0.05677370727062225,27.25137948989868,11.03,"[0.9339999999999999, 0.1689999999999999]",1836372,"[9.34, 1.689999999999999]",0.0484698345263799,23.265520572662354,13.58,"[0.82, 0.538]",1837372,"[8.2, 5.380000000000001]",0.05675218453009923,27.241048574447632,10.939999999999998,"[0.698, 0.3959999999999999]",1838372,"[6.9799999999999995, 3.959999999999999]",0.049589919050534566,23.803161144256592,ParetoSolutionConcept,8.19,0.8350449089719668,0.052896411344408985,0.003886768714957237,25.390277445316315,1.8656489831794736,COMPLETE
184,7.394999999999999,2025-06-12 18:23:19.879597,2025-06-12 18:23:46.633481,0 days 00:00:26.753884,37,0.5715426346177008,0.1439687579356766,0.911652250814664,0.00873568451451368,457,1845399,7.394999999999999,1.623368411667543,0.8845000000000001,0.06415021434102933,450.0,4,8.099999999999998,"[0.8019999999999999, 0.007999999999999886]",1845399,"[8.02, 0.07999999999999885]",0.057597468164232044,25.91886067390442,4.839999999999998,"[0.8440000000000001, -0.3600000000000002]",1846399,"[8.440000000000001, -3.6000000000000023]",0.057139134407043456,25.712610483169556,7.369999999999998,"[0.9610000000000001, -0.22400000000000012]",1847399,"[9.610000000000001, -2.240000000000001]",0.05903468237982856,26.56560707092285,9.27,"[0.931, -0.004000000000000103]",1848399,"[9.31, -0.040000000000001035]",0.04970412678188748,22.366857051849365,ParetoSolutionConcept,8.845,0.6415021434102933,0.055868852933247885,0.003627259649017522,25.140983819961548,1.6322668420578845,COMPLETE
185,8.377499999999998,2025-06-12 18:23:46.648173,2025-06-12 18:24:14.700745,0 days 00:00:28.052572,38,0.8589088418270262,0.1578331370872935,0.9048247339222013,0.00781815383418973,473,1855426,8.377499999999998,1.5277004778424332,0.8712500000000001,0.05771210878143338,470.0,4,6.849999999999999,"[0.8140000000000001, -0.12900000000000014]",1855426,"[8.14, -1.2900000000000014]",0.052782998693750256,24.808009386062622,10.269999999999998,"[0.9030000000000001, 0.12399999999999989]",1856426,"[9.030000000000001, 1.2399999999999989]",0.05862834453582764,27.55532193183899,9.489999999999998,"[0.818, 0.1309999999999999]",1857426,"[8.18, 1.309999999999999]",0.05838601995021739,27.441429376602173,6.899999999999999,"[0.95, -0.2600000000000001]",1858426,"[9.5, -2.6000000000000014]",0.059293028141589876,27.86772322654724,ParetoSolutionConcept,8.7125,0.5771210878143339,0.057272597830346286,0.0026132545320135528,26.918120980262756,1.2282296300463689,COMPLETE
186,8.51,2025-06-12 18:24:15.660248,2025-06-12 18:24:45.605891,0 days 00:00:29.945643,36,0.5294345193836348,0.14776414086351308,0.9491100117621251,0.009659687403749711,486,1865455,8.51,4.294024918418616,0.7204999999999999,0.18519516732355637,480.0,4,8.109999999999998,"[0.5439999999999998, 0.2669999999999999]",1865455,"[5.439999999999998, 2.669999999999999]",0.053018689652283985,25.448971033096313,5.67,"[0.8149999999999998, -0.24800000000000014]",1866455,"[8.149999999999999, -2.4800000000000013]",0.060977957646052044,29.26941967010498,15.62,"[0.9780000000000001, 0.5839999999999999]",1867455,"[9.780000000000001, 5.839999999999998]",0.05937218616406123,28.49864935874939,4.639999999999998,"[0.5449999999999998, -0.08100000000000011]",1868455,"[5.449999999999998, -0.8100000000000012]",0.06198271960020065,29.751705408096313,ParetoSolutionConcept,7.204999999999999,1.8519516732355636,0.05883788826564948,0.003486345071193959,28.24218636751175,1.6734456341730999,COMPLETE
187,8.625,2025-06-12 18:24:45.620369,2025-06-12 18:25:11.593899,0 days 00:00:25.973530,29,0.5627453068626276,0.15071653472718544,0.9279737665319424,0.011817427033923413,474,1875485,8.625,0.49590825764449614,0.75925,0.06940956346210515,470.0,4,8.659999999999998,"[0.6859999999999999, 0.1799999999999999]",1875485,"[6.859999999999999, 1.7999999999999992]",0.050023264580584585,23.510934352874756,7.97,"[0.702, 0.09499999999999995]",1876485,"[7.02, 0.9499999999999995]",0.04659877787245081,21.90142560005188,8.509999999999998,"[0.792, 0.05899999999999994]",1877485,"[7.92, 0.5899999999999994]",0.05477307400804885,25.74334478378296,9.36,"[0.857, 0.07899999999999996]",1878485,"[8.57, 0.7899999999999996]",0.047062681583648035,22.119460344314575,ParetoSolutionConcept,7.592499999999999,0.6940956346210516,0.04961444951118307,0.0032551624939964243,23.318791270256042,1.529926372178319,COMPLETE
188,10.6075,2025-06-12 18:25:11.608412,2025-06-12 18:25:40.366957,0 days 00:00:28.758545,38,0.5832964872701102,0.12456202114511987,0.9075110185960731,0.005080824598319541,464,1885511,10.6075,1.8361015086318069,0.8117500000000001,0.10910631283294298,460.0,4,12.259999999999998,"[0.9430000000000002, 0.2829999999999999]",1885511,"[9.430000000000001, 2.829999999999999]",0.0528945689615996,24.331501722335815,8.6,"[0.8379999999999999, 0.021999999999999898]",1886511,"[8.379999999999999, 0.21999999999999897]",0.05953904286674831,27.387959718704224,8.959999999999999,"[0.6399999999999999, 0.25599999999999995]",1887511,"[6.399999999999999, 2.5599999999999996]",0.062130706206611964,28.580124855041504,12.609999999999998,"[0.826, 0.43499999999999994]",1888511,"[8.26, 4.35]",0.048194201096244484,22.16933250427246,ParetoSolutionConcept,8.1175,1.0910631283294299,0.055689629782801085,0.005484051029524333,25.6172297000885,2.522663473581194,COMPLETE
189,9.9025,2025-06-12 18:25:40.381378,2025-06-12 18:26:09.286191,0 days 00:00:28.904813,38,0.5848191391845011,0.12314287530949428,0.9102114959451406,0.0064595576752088995,465,1895540,9.9025,2.4453463456124163,0.86775,0.10814891354054366,460.0,4,13.919999999999998,"[0.978, 0.41399999999999987]",1895540,"[9.78, 4.139999999999999]",0.05375539323557978,24.7274808883667,8.58,"[0.8240000000000001, 0.0339999999999999]",1896540,"[8.24, 0.33999999999999897]",0.06230445633763852,28.66004991531372,7.459999999999999,"[0.7110000000000001, 0.03499999999999989]",1897540,"[7.110000000000001, 0.3499999999999989]",0.057853553606116256,26.612634658813477,9.649999999999999,"[0.958, 0.006999999999999928]",1898540,"[9.58, 0.06999999999999929]",0.05642630742943805,25.956101417541504,ParetoSolutionConcept,8.6775,1.0814891354054366,0.057584927652193155,0.0030965240829220987,26.48906672000885,1.4244010781441658,COMPLETE
190,8.824999999999998,2025-06-12 18:26:09.300955,2025-06-12 18:26:38.545935,0 days 00:00:29.244980,38,0.6000274781853504,0.11800708141488814,0.9048089360520571,0.004794591295685303,452,1905569,8.824999999999998,3.2835080325773527,0.6692499999999999,0.11188023730757818,450.0,4,6.879999999999999,"[0.7850000000000001, -0.09700000000000013]",1905569,"[7.850000000000001, -0.9700000000000013]",0.06456904517279731,29.05607032775879,4.589999999999998,"[0.5639999999999998, -0.10500000000000012]",1906569,"[5.639999999999999, -1.0500000000000012]",0.062343045870463056,28.054370641708374,10.84,"[0.551, 0.5329999999999999]",1907569,"[5.510000000000001, 5.329999999999999]",0.05534208827548557,24.903939723968506,12.989999999999997,"[0.7769999999999999, 0.522]",1908569,"[7.77, 5.220000000000001]",0.06074203385247125,27.33391523361206,ParetoSolutionConcept,6.6925,1.1188023730757817,0.06074905329280429,0.0034047198956703786,27.337073981761932,1.5321239530516704,COMPLETE
191,6.2174999999999985,2025-06-12 18:26:39.435418,2025-06-12 18:27:10.898466,0 days 00:00:31.463048,36,0.5745901529879712,0.12456278454140104,0.907986548662857,0.005530889660702417,490,1915599,6.2174999999999985,2.101777521527909,0.78575,0.04832895095075001,490.0,4,4.749999999999998,"[0.712, -0.23700000000000015]",1915599,"[7.119999999999999, -2.3700000000000014]",0.05518098120786706,27.03868079185486,5.509999999999998,"[0.7729999999999999, -0.22200000000000011]",1916599,"[7.729999999999999, -2.220000000000001]",0.05883810130917296,28.83066964149475,9.819999999999999,"[0.829, 0.15299999999999994]",1917599,"[8.29, 1.5299999999999994]",0.05230752643273801,25.630687952041626,4.789999999999998,"[0.829, -0.35000000000000014]",1918599,"[8.29, -3.5000000000000013]",0.06372972069954386,31.22756314277649,ParetoSolutionConcept,7.857499999999999,0.48328950950750005,0.05751408241233047,0.004270209940845051,28.18190038204193,2.092402871014075,COMPLETE
192,9.79,2025-06-12 18:27:10.912913,2025-06-12 18:27:38.492548,0 days 00:00:27.579635,35,0.5416340122721671,0.14098175376833885,0.9125019470032861,0.007691612884359114,482,1925630,9.79,3.7830873635167355,0.8134999999999999,0.1061001885012463,480.0,4,15.23,"[0.9690000000000001, 0.554]",1925630,"[9.690000000000001, 5.540000000000001]",0.046305568516254426,22.226672887802124,6.209999999999998,"[0.716, -0.09500000000000011]",1926630,"[7.16, -0.9500000000000011]",0.05214165101448695,25.027992486953735,11.420000000000002,"[0.8539999999999999, 0.2879999999999999]",1927630,"[8.54, 2.879999999999999]",0.04528967837492625,21.7390456199646,6.3,"[0.7150000000000001, -0.08500000000000008]",1928630,"[7.15, -0.8500000000000008]",0.057076914608478545,27.396919012069702,ParetoSolutionConcept,8.135,1.0610018850124634,0.050203453128536545,0.004752361795497917,24.09765750169754,2.281133661839,COMPLETE
193,6.879999999999999,2025-06-12 18:27:38.552624,2025-06-12 18:28:02.101931,0 days 00:00:23.549307,37,0.5870118884060957,0.13158398342995295,0.907502026299267,0.006751332501592122,368,1935658,6.879999999999999,1.6726476018576057,0.7585,0.0946216148667946,360.0,4,7.069999999999998,"[0.8160000000000001, -0.10900000000000012]",1935658,"[8.16, -1.0900000000000012]",0.0632299350367652,22.762776613235474,8.599999999999998,"[0.6939999999999998, 0.16599999999999995]",1936658,"[6.939999999999999, 1.6599999999999995]",0.059924495882458156,21.572818517684937,4.139999999999999,"[0.643, -0.22900000000000018]",1937658,"[6.43, -2.290000000000002]",0.060593935516145496,21.813816785812378,7.71,"[0.881, -0.11000000000000013]",1938658,"[8.81, -1.1000000000000012]",0.06490973830223083,23.3675057888031,ParetoSolutionConcept,7.584999999999999,0.9462161486679462,0.062164526184399924,0.002009712441831491,22.379229426383972,0.7234964790593372,COMPLETE
194,7.9925,2025-06-12 18:28:02.117202,2025-06-12 18:28:30.310012,0 days 00:00:28.192810,39,0.6096873782883937,0.12035639860237603,0.9428834638612338,0.008657176898540809,444,1945682,7.9925,1.1821881195478163,0.75075,0.23573647893357538,440.0,4,8.159999999999998,"[0.649, 0.16699999999999987]",1945682,"[6.49, 1.6699999999999986]",0.06061945340850137,26.6725594997406,7.38,"[0.9800000000000001, -0.24200000000000021]",1946682,"[9.8, -2.420000000000002]",0.049514325640418314,21.786303281784058,9.81,"[0.9620000000000001, 0.018999999999999878]",1947682,"[9.620000000000001, 0.18999999999999878]",0.057967783646150066,25.50582480430603,6.619999999999997,"[0.4119999999999999, 0.24999999999999986]",1948682,"[4.119999999999999, 2.4999999999999987]",0.06366608088666742,28.013075590133667,ParetoSolutionConcept,7.5075,2.3573647893357537,0.057941910895434295,0.005266882821641463,25.49444079399109,2.317428441522244,COMPLETE
195,8.61,2025-06-12 18:28:30.324195,2025-06-12 18:28:59.187993,0 days 00:00:28.863798,37,0.6898737365120807,0.10955049801183628,0.9241873998447732,0.0008338976212465678,463,1955710,8.61,3.0378199419978804,0.7482499999999999,0.212617467532656,460.0,4,13.66,"[0.9460000000000001, 0.41999999999999993]",1955710,"[9.46, 4.199999999999999]",0.054866255366283916,25.2384774684906,8.099999999999998,"[0.4339999999999999, 0.376]",1956710,"[4.339999999999999, 3.76]",0.05951592455739561,27.377325296401978,5.689999999999998,"[0.6719999999999999, -0.10300000000000012]",1957710,"[6.719999999999999, -1.0300000000000011]",0.060740814001663875,27.94077444076538,6.989999999999998,"[0.9410000000000001, -0.24200000000000021]",1958710,"[9.41, -2.420000000000002]",0.062331848040870996,28.67265009880066,ParetoSolutionConcept,7.4825,2.1261746753265602,0.059363710491553597,0.0027819294704791056,27.307306826114655,1.279687556420389,COMPLETE
196,10.17,2025-06-12 18:29:00.120376,2025-06-12 18:29:24.772099,0 days 00:00:24.651723,35,0.5206775573310789,0.11352516985444226,0.9509415994299099,0.0058926618665102225,392,1965740,10.17,1.1012492905786593,0.8890000000000001,0.11351872092302662,390.0,4,10.079999999999998,"[0.9650000000000001, 0.042999999999999906]",1965740,"[9.65, 0.42999999999999905]",0.058094650048476,22.65691351890564,10.41,"[0.9800000000000001, 0.06099999999999992]",1966740,"[9.8, 0.6099999999999992]",0.0515718019925631,20.11300277709961,8.549999999999999,"[0.6970000000000001, 0.15799999999999997]",1967740,"[6.970000000000001, 1.5799999999999996]",0.06269253156124018,24.450087308883667,11.639999999999999,"[0.914, 0.24999999999999983]",1968740,"[9.14, 2.4999999999999982]",0.06076452670953213,23.69816541671753,ParetoSolutionConcept,8.89,1.1351872092302662,0.05828087757795285,0.0042034979416034355,22.72954225540161,1.6393641972253394,COMPLETE
197,10.325,2025-06-12 18:29:24.788592,2025-06-12 18:29:50.187525,0 days 00:00:25.398933,36,0.8479724334578554,0.12993453361275714,0.9394948490795855,0.007235853915187576,473,1975764,10.325,0.30809901006007756,0.882,0.06536436337944401,470.0,4,10.639999999999999,"[0.9400000000000001, 0.12399999999999989]",1975764,"[9.4, 1.2399999999999989]",0.05363530199578468,25.2085919380188,10.549999999999999,"[0.791, 0.2639999999999999]",1976764,"[7.91, 2.639999999999999]",0.052006007762665445,24.44282364845276,10.26,"[0.849, 0.1769999999999999]",1977764,"[8.49, 1.7699999999999991]",0.04778872956620886,22.460702896118164,9.85,"[0.9480000000000001, 0.03699999999999991]",1978764,"[9.48, 0.3699999999999991]",0.05246401796949671,24.658088445663452,ParetoSolutionConcept,8.82,0.6536436337944401,0.05147351432353892,0.0022088238602870846,24.192551732063293,1.0381472143349295,COMPLETE
198,8.575,2025-06-12 18:29:50.205415,2025-06-12 18:30:20.677125,0 days 00:00:30.471710,38,0.8436677951410403,0.12806667275946956,0.9570871876540357,0.004967273813373109,472,1985790,8.575,2.3757682967831695,0.8162499999999999,0.09659289570149554,470.0,4,6.89,"[0.6759999999999999, 0.01299999999999989]",1985790,"[6.76, 0.1299999999999989]",0.06432140532960283,30.23106050491333,11.950000000000001,"[0.9489999999999998, 0.24599999999999994]",1986790,"[9.489999999999998, 2.4599999999999995]",0.05990772805315383,28.1566321849823,5.869999999999998,"[0.82, -0.23300000000000015]",1987790,"[8.2, -2.3300000000000014]",0.06388550261233715,30.026186227798462,9.589999999999996,"[0.82, 0.13899999999999993]",1988790,"[8.2, 1.3899999999999992]",0.05933162252953712,27.885862588882446,ParetoSolutionConcept,8.1625,0.9659289570149552,0.06186156463115773,0.0022563923431268545,29.074935376644135,1.0605044012696225,COMPLETE
199,8.399999999999999,2025-06-12 18:30:20.691685,2025-06-12 18:30:49.683952,0 days 00:00:28.992267,36,0.851521866284104,0.11637339610703215,0.9465651833459406,0.007379300550840843,482,1995820,8.399999999999999,1.4099822693920654,0.7565,0.12186160182764709,480.0,4,8.169999999999998,"[0.5459999999999999, 0.27099999999999996]",1995820,"[5.459999999999999, 2.7099999999999995]",0.059030828376611076,28.334797620773315,7.159999999999999,"[0.829, -0.11300000000000013]",1996820,"[8.29, -1.1300000000000012]",0.059913511574268344,28.758485555648804,7.509999999999999,"[0.8379999999999999, -0.08700000000000012]",1997820,"[8.379999999999999, -0.8700000000000012]",0.058217641711235044,27.944468021392822,10.759999999999998,"[0.813, 0.26299999999999996]",1998820,"[8.129999999999999, 2.6299999999999994]",0.05166468620300293,24.799049377441406,ParetoSolutionConcept,7.564999999999999,1.218616018276471,0.057206666966279344,0.0032553875843824905,27.459200143814087,1.5625860405035947,COMPLETE
200,9.367499999999998,2025-06-12 18:30:49.698431,2025-06-12 18:31:17.514759,0 days 00:00:27.816328,39,0.8289320821520576,0.12028751239448679,0.9541851153253245,0.01032029481804694,457,2005849,9.367499999999998,0.8073529277831347,0.81775,0.10056434507319187,450.0,4,8.249999999999998,"[0.835, -0.010000000000000125]",2005849,"[8.35, -0.10000000000000125]",0.06114369180467394,27.51466131210327,9.079999999999998,"[0.6639999999999999, 0.2439999999999999]",2006849,"[6.639999999999999, 2.439999999999999]",0.05874926143222385,26.437167644500732,10.449999999999998,"[0.9460000000000001, 0.09899999999999991]",2007849,"[9.46, 0.9899999999999991]",0.06131165398491754,27.59024429321289,9.689999999999998,"[0.826, 0.14299999999999993]",2008849,"[8.26, 1.4299999999999993]",0.05743757194942898,25.846907377243042,ParetoSolutionConcept,8.1775,1.005643450731919,0.05966054479281108,0.001635384683243794,26.847245156764984,0.7359231074597065,COMPLETE
201,8.737499999999999,2025-06-12 18:31:18.495551,2025-06-12 18:31:45.520712,0 days 00:00:27.025161,35,0.835454927045019,0.14541622723003622,0.9395472846975517,0.008690683758911985,470,2015878,8.737499999999999,1.7085282409137998,0.8385,0.1255995621011475,470.0,4,6.289999999999998,"[0.7180000000000001, -0.0890000000000001]",2015878,"[7.180000000000001, -0.890000000000001]",0.05343126439033671,25.112694263458252,8.61,"[0.969, -0.1080000000000001]",2016878,"[9.69, -1.080000000000001]",0.05519186080770289,25.94017457962036,8.94,"[0.708, 0.1859999999999999]",2017878,"[7.08, 1.859999999999999]",0.05639295020002,26.5046865940094,11.110000000000001,"[0.9590000000000002, 0.1519999999999999]",2018878,"[9.590000000000002, 1.5199999999999991]",0.057089059403602115,26.831857919692993,ParetoSolutionConcept,8.385000000000002,1.2559956210114749,0.05552628370041543,0.0013869321631554679,26.09735333919525,0.6518581166830698,COMPLETE
202,8.234999999999998,2025-06-12 18:31:45.535351,2025-06-12 18:32:17.937358,0 days 00:00:32.402007,34,0.7271974905114066,0.13745630161736622,0.9442524102158141,0.00721751951442117,493,2025905,8.234999999999998,2.5079124785366815,0.75725,0.15144532841920216,490.0,4,9.919999999999998,"[0.835, 0.15699999999999995]",2025905,"[8.35, 1.5699999999999994]",0.06568865192179778,32.18743944168091,11.229999999999999,"[0.962, 0.16099999999999995]",2026905,"[9.62, 1.6099999999999994]",0.05758524768206538,28.216771364212036,4.799999999999998,"[0.572, -0.09200000000000011]",2027905,"[5.72, -0.920000000000001]",0.06243276206814513,30.592053413391113,6.9899999999999975,"[0.6599999999999999, 0.03899999999999992]",2028905,"[6.6, 0.3899999999999992]",0.06527646852999318,31.985469579696655,ParetoSolutionConcept,7.5725,1.5144532841920215,0.06274578255050037,0.003232412164855725,30.745433449745178,1.5838819607793047,COMPLETE
203,9.3825,2025-06-12 18:32:17.959385,2025-06-12 18:32:44.427577,0 days 00:00:26.468192,26,0.5550609071187613,0.1315128649756076,0.9406695867056918,0.004055262499983255,488,2035938,9.3825,1.8598706272211516,0.8390000000000001,0.09829801625668752,480.0,4,12.02,"[0.9880000000000001, 0.21399999999999997]",2035938,"[9.88, 2.1399999999999997]",0.04623856395483017,22.19451069831848,10.18,"[0.8010000000000002, 0.217]",2036938,"[8.010000000000002, 2.17]",0.05166836927334468,24.800817251205444,7.25,"[0.85, -0.12500000000000003]",2037938,"[8.5, -1.2500000000000002]",0.048847283919652304,23.446696281433105,8.08,"[0.717, 0.09099999999999997]",2038938,"[7.17, 0.9099999999999997]",0.054687999685605365,26.250239849090576,ParetoSolutionConcept,8.39,0.9829801625668751,0.05036055420835813,0.0031511091388435213,24.173066020011902,1.5125323866448905,COMPLETE
204,8.837499999999999,2025-06-12 18:32:44.442443,2025-06-12 18:33:09.244986,0 days 00:00:24.802543,37,0.8657759102861988,0.12523321670586005,0.9365403992699105,0.006427254097950661,376,2045964,8.837499999999999,2.466580375742904,0.6924999999999999,0.15962534259947575,370.0,4,11.28,"[0.961, 0.16699999999999993]",2045964,"[9.61, 1.6699999999999993]",0.05752316809989311,21.28357219696045,9.34,"[0.665, 0.26899999999999985]",2046964,"[6.65, 2.6899999999999986]",0.06357843618135195,23.52402138710022,9.989999999999998,"[0.5759999999999998, 0.4229999999999999]",2047964,"[5.759999999999998, 4.229999999999999]",0.05963494004429998,22.06492781639099,4.739999999999997,"[0.5679999999999998, -0.09400000000000013]",2048964,"[5.679999999999998, -0.9400000000000013]",0.06651937381641285,24.612168312072754,ParetoSolutionConcept,6.924999999999999,1.5962534259947578,0.06181397953548947,0.003478983992277148,22.871172428131104,1.287224077142545,COMPLETE
205,9.4275,2025-06-12 18:33:09.259958,2025-06-12 18:33:39.849899,0 days 00:00:30.589941,36,0.5716542113297786,0.13403373847449204,0.9477445407233913,0.0055581341557953854,476,2055989,9.4275,0.5353211652830476,0.82125,0.021299941314473166,470.0,4,9.84,"[0.8220000000000001, 0.16199999999999995]",2055989,"[8.22, 1.6199999999999994]",0.060255805989529225,28.320228815078735,10.02,"[0.8280000000000001, 0.17399999999999993]",2056989,"[8.280000000000001, 1.7399999999999993]",0.06465748573871369,30.389018297195435,8.68,"[0.8470000000000001, 0.020999999999999925]",2057989,"[8.47, 0.20999999999999924]",0.0634851577434134,29.838024139404297,9.17,"[0.788, 0.12899999999999992]",2058989,"[7.880000000000001, 1.2899999999999991]",0.060862801937346764,28.60551691055298,ParetoSolutionConcept,8.2125,0.21299941314473145,0.06231531285225077,0.001816980144014634,29.28819704055786,0.8539806676868783,COMPLETE
206,8.18,2025-06-12 18:33:40.931001,2025-06-12 18:34:05.707050,0 days 00:00:24.776049,28,0.5917669142085507,0.13985484435491444,0.9416790667777708,0.0006630954169880577,449,2066021,8.18,3.441714688930505,0.5872499999999999,0.15534055330144797,440.0,4,9.34,"[0.722, 0.21199999999999997]",2066021,"[7.22, 2.1199999999999997]",0.04881430647589944,21.478294849395752,12.68,"[0.728, 0.54]",2067021,"[7.279999999999999, 5.4]",0.04881356629458341,21.4779691696167,7.56,"[0.5509999999999999, 0.205]",2068021,"[5.51, 2.05]",0.052365961941805754,23.04102325439453,3.1399999999999997,"[0.348, -0.034000000000000044]",2069021,"[3.4799999999999995, -0.3400000000000004]",0.05572132793339816,24.51738429069519,ParetoSolutionConcept,5.8725,1.5534055330144798,0.05142879066142169,0.0028713712876139216,22.628667891025543,1.2634033665501263,COMPLETE
207,8.93,2025-06-12 18:34:05.721808,2025-06-12 18:34:34.121137,0 days 00:00:28.399329,35,0.5351679344343724,0.1289760153376266,0.9097072280909279,0.009500645639372056,464,2076045,8.93,1.7966774891448942,0.7289999999999999,0.18825381802237107,460.0,4,11.379999999999999,"[0.702, 0.43599999999999994]",2076045,"[7.02, 4.359999999999999]",0.0511971986812094,23.550711393356323,7.289999999999999,"[0.44499999999999995, 0.2839999999999999]",2077045,"[4.449999999999999, 2.839999999999999]",0.05996305268743764,27.583004236221313,7.129999999999997,"[0.807, -0.09400000000000011]",2078045,"[8.07, -0.9400000000000011]",0.061226330632748814,28.164112091064453,9.92,"[0.962, 0.02999999999999991]",2079045,"[9.62, 0.2999999999999991]",0.05162407470786053,23.747074365615845,ParetoSolutionConcept,7.289999999999999,1.8825381802237109,0.0560026641773141,0.004616164879123547,25.761225521564484,2.1234358443968318,COMPLETE
208,6.1125,2025-06-12 18:34:34.136264,2025-06-12 18:35:04.137674,0 days 00:00:30.001410,34,0.7673983636207284,0.1544359358627749,0.9386053390086252,0.007954367580487516,484,2086074,6.1125,0.8652853575555293,0.757,0.13980522164783407,480.0,4,7.26,"[0.933, -0.20700000000000013]",2086074,"[9.33, -2.070000000000001]",0.06212417781352997,29.819605350494385,4.829999999999999,"[0.6880000000000001, -0.20500000000000013]",2087074,"[6.880000000000001, -2.050000000000001]",0.05817326207955678,27.923165798187256,6.069999999999999,"[0.568, 0.03899999999999992]",2088074,"[5.68, 0.3899999999999992]",0.05736142198244731,27.533482551574707,6.289999999999999,"[0.8390000000000001, -0.2100000000000001]",2089074,"[8.39, -2.100000000000001]",0.05905522853136062,28.3465096950531,ParetoSolutionConcept,7.57,1.3980522164783404,0.05917852260172367,0.0018030868970067752,28.405690848827362,0.865481710563252,COMPLETE
209,7.847499999999998,2025-06-12 18:35:04.152238,2025-06-12 18:35:34.523033,0 days 00:00:30.370795,36,0.5108296529287301,0.12419592018385837,0.9519928547554649,0.006715486786125236,492,2096104,7.847499999999998,2.9356036432052606,0.6205,0.21469687934387868,490.0,4,10.919999999999998,"[0.57, 0.5219999999999999]",2096104,"[5.699999999999999, 5.219999999999999]",0.06003189865423709,29.415630340576172,9.95,"[0.8139999999999998, 0.18099999999999997]",2097104,"[8.139999999999999, 1.8099999999999996]",0.05623141259563212,27.55339217185974,3.3599999999999985,"[0.2899999999999999, 0.04599999999999992]",2098104,"[2.8999999999999995, 0.45999999999999924]",0.06161151370223688,30.18964171409607,7.159999999999998,"[0.808, -0.09200000000000011]",2099104,"[8.08, -0.920000000000001]",0.056316954748971124,27.59530782699585,ParetoSolutionConcept,6.205,2.146968793438787,0.05854794492526931,0.002341538571213448,28.688493013381958,1.1473538998945885,COMPLETE
210,6.979999999999999,2025-06-12 18:35:34.537350,2025-06-12 18:36:02.374509,0 days 00:00:27.837159,37,0.5202339238916308,0.16881222036118276,0.9491951141596615,0.011213300158471929,478,2106134,6.979999999999999,1.395833084577092,0.8327499999999999,0.004205650960315161,470.0,4,4.709999999999999,"[0.8310000000000001, -0.3600000000000002]",2106134,"[8.31, -3.6000000000000023]",0.05293529490207104,24.87958860397339,7.309999999999998,"[0.8399999999999999, -0.10900000000000012]",2107134,"[8.399999999999999, -1.0900000000000012]",0.051786186340007374,24.339507579803467,8.52,"[0.8299999999999998, 0.021999999999999898]",2108134,"[8.299999999999999, 0.21999999999999897]",0.05278979971053752,24.811205863952637,7.379999999999998,"[0.8299999999999998, -0.09200000000000011]",2109134,"[8.299999999999999, -0.920000000000001]",0.05885379212967893,27.661282300949097,ParetoSolutionConcept,8.327499999999999,0.04205650960315149,0.054091268270573714,0.002785010370565071,25.422896087169647,1.308954874165583,COMPLETE
211,5.867499999999998,2025-06-12 18:36:03.375155,2025-06-12 18:36:30.108251,0 days 00:00:26.733096,35,0.553444574631067,0.1368041311955785,0.9138930254589909,0.04367009685818686,500,2116163,5.867499999999998,3.6207759872712373,0.5489999999999999,0.26881127208508204,500.0,4,1.1899999999999984,"[0.32599999999999996, -0.20700000000000016]",2116163,"[3.26, -2.0700000000000016]",0.04669535779953003,23.347678899765015,5.929999999999998,"[0.31399999999999995, 0.2789999999999999]",2117163,"[3.1399999999999997, 2.789999999999999]",0.053090601444244385,26.545300722122192,5.019999999999998,"[0.5790000000000001, -0.0770000000000001]",2118163,"[5.790000000000001, -0.7700000000000009]",0.050546279907226564,25.27313995361328,11.33,"[0.977, 0.15599999999999994]",2119163,"[9.77, 1.5599999999999994]",0.05172753667831421,25.863768339157104,ParetoSolutionConcept,5.49,2.68811272085082,0.0505149439573288,0.002381943164492756,25.257471978664398,1.1909715822463784,COMPLETE
212,4.935,2025-06-12 18:36:30.123477,2025-06-12 18:36:58.425970,0 days 00:00:28.302493,33,0.564912107916905,0.14282355686258502,0.9202417966781751,0.013172334873163938,500,2126190,4.935,1.6717131931046068,0.6639999999999999,0.10179636535751167,500.0,4,6.539999999999999,"[0.7249999999999999, -0.07100000000000009]",2126190,"[7.249999999999998, -0.7100000000000009]",0.05030971384048462,25.15485692024231,6.149999999999999,"[0.586, 0.028999999999999932]",2127190,"[5.859999999999999, 0.2899999999999993]",0.05624147081375122,28.12073540687561,4.779999999999999,"[0.798, -0.3200000000000002]",2128190,"[7.98, -3.200000000000002]",0.05435533094406128,27.17766547203064,2.2699999999999987,"[0.5469999999999999, -0.3200000000000002]",2129190,"[5.469999999999999, -3.200000000000002]",0.056086272716522216,28.04313635826111,ParetoSolutionConcept,6.639999999999999,1.0179636535751169,0.05424819707870483,0.002391379837876626,27.124098539352417,1.195689918938313,COMPLETE
213,8.124999999999998,2025-06-12 18:36:58.440570,2025-06-12 18:37:26.379941,0 days 00:00:27.939371,34,0.5465658239603471,0.13371768394482642,0.916181096398195,0.00075431362802429,492,2136218,8.124999999999998,1.0422691590947133,0.685,0.09739866528859628,490.0,4,7.649999999999999,"[0.8380000000000001, -0.0730000000000001]",2136218,"[8.38, -0.7300000000000011]",0.0556883023709667,27.28726816177368,6.949999999999998,"[0.6679999999999999, 0.026999999999999906]",2137218,"[6.68, 0.2699999999999991]",0.05663764574089829,27.75244641304016,9.78,"[0.567, 0.4109999999999999]",2138218,"[5.67, 4.109999999999999]",0.056587248918961504,27.727751970291138,8.119999999999997,"[0.667, 0.14499999999999993]",2139218,"[6.67, 1.4499999999999993]",0.05208335020104233,25.520841598510742,ParetoSolutionConcept,6.85,0.9739866528859626,0.055249136807967204,0.0018663850293233046,27.07207703590393,0.9145286643684191,COMPLETE
214,8.9575,2025-06-12 18:37:26.394294,2025-06-12 18:37:47.517422,0 days 00:00:21.123128,34,0.5801559385466885,0.1486213211465779,0.9023905262294171,0.008609415378717037,357,2146246,8.9575,2.949570943374647,0.83,0.1562225975971466,350.0,4,12.860000000000001,"[0.85, 0.43599999999999994]",2146246,"[8.5, 4.359999999999999]",0.05105298451014927,17.868544578552246,8.75,"[0.9559999999999998, -0.08100000000000009]",2147246,"[9.559999999999999, -0.8100000000000008]",0.05569394656590053,19.492881298065186,4.589999999999999,"[0.569, -0.1100000000000001]",2148246,"[5.6899999999999995, -1.100000000000001]",0.05980806691305978,20.932823419570923,9.629999999999999,"[0.945, 0.017999999999999898]",2149246,"[9.45, 0.179999999999999]",0.05259273597172329,18.40745759010315,ParetoSolutionConcept,8.3,1.562225975971466,0.05478693349020822,0.003346316306977067,19.175426721572876,1.1712107074419733,COMPLETE
215,9.474999999999998,2025-06-12 18:37:47.532212,2025-06-12 18:38:17.682501,0 days 00:00:30.150289,38,0.5303651265062659,0.13787575271915606,0.917654810330806,0.0010294021932023805,484,2156267,9.474999999999998,2.4138403012627,0.8025,0.15329302006288478,480.0,4,12.81,"[0.9120000000000001, 0.36899999999999994]",2156267,"[9.120000000000001, 3.6899999999999995]",0.05911248028278351,28.373990535736084,10.489999999999997,"[0.9279999999999999, 0.12099999999999991]",2157267,"[9.28, 1.209999999999999]",0.06224332451820373,29.876795768737793,8.219999999999999,"[0.8239999999999998, -0.0020000000000001184]",2158267,"[8.239999999999998, -0.020000000000001183]",0.0623222291469574,29.91466999053955,6.379999999999997,"[0.546, 0.09199999999999989]",2159267,"[5.460000000000001, 0.9199999999999988]",0.05766759862502416,27.680447340011597,ParetoSolutionConcept,8.024999999999999,1.5329302006288477,0.0603364081432422,0.002012483464033374,28.961475908756256,0.9659920627360196,COMPLETE
216,9.344999999999999,2025-06-12 18:38:18.737401,2025-06-12 18:38:44.563470,0 days 00:00:25.826069,35,0.8075411967506267,0.17669243648881125,0.942920160385477,0.0058965183499637,468,2166298,9.344999999999999,1.4736773731044392,0.90275,0.042657795301679596,460.0,4,10.51,"[0.9129999999999999, 0.13799999999999996]",2166298,"[9.129999999999999, 1.3799999999999994]",0.054933574925298274,25.269444465637207,8.299999999999999,"[0.9199999999999999, -0.09000000000000011]",2167298,"[9.2, -0.900000000000001]",0.05571434446003126,25.62859845161438,7.519999999999999,"[0.8320000000000001, -0.08000000000000011]",2168298,"[8.32, -0.8000000000000012]",0.053070353425067406,24.412362575531006,11.049999999999999,"[0.9460000000000001, 0.15899999999999992]",2169298,"[9.46, 1.5899999999999992]",0.055645157461581024,25.59677243232727,ParetoSolutionConcept,9.0275,0.4265779530167962,0.05484085756799449,0.0010669066381191394,25.226794481277466,0.49077705353480416,COMPLETE
217,8.07,2025-06-12 18:38:44.578449,2025-06-12 18:39:12.899368,0 days 00:00:28.320919,30,0.547643125447437,0.12925538188906285,0.9466903237659412,0.007330828264588581,500,2176324,8.07,1.4007319515167767,0.70075,0.24602273777031264,500.0,4,6.8100000000000005,"[0.354, 0.32699999999999996]",2176324,"[3.54, 3.2699999999999996]",0.04532248497009277,22.661242485046387,6.66,"[0.583, 0.08299999999999992]",2177324,"[5.83, 0.8299999999999992]",0.048584801673889164,24.29240083694458,9.999999999999998,"[0.925, 0.07499999999999993]",2178324,"[9.25, 0.7499999999999993]",0.05627191925048828,28.13595962524414,8.809999999999999,"[0.9410000000000001, -0.060000000000000074]",2179324,"[9.41, -0.6000000000000008]",0.044133708000183104,22.066854000091553,ParetoSolutionConcept,7.0075,2.4602273777031263,0.048578228473663325,0.004731451917133611,24.289114236831665,2.3657259585668053,COMPLETE
218,7.852499999999999,2025-06-12 18:39:12.914540,2025-06-12 18:39:39.668501,0 days 00:00:26.753961,33,0.5582813471414579,0.11824465733591301,0.915161975974805,0.00969030046468109,491,2186352,7.852499999999999,3.304938539519306,0.79475,0.15470354714743945,490.0,4,8.73,"[0.8149999999999998, 0.05799999999999992]",2186352,"[8.149999999999999, 0.5799999999999992]",0.052379105529006646,25.665761709213257,3.509999999999999,"[0.5449999999999999, -0.1940000000000001]",2187352,"[5.449999999999999, -1.9400000000000008]",0.05422919429078394,26.57230520248413,6.579999999999999,"[0.852, -0.19400000000000012]",2188352,"[8.52, -1.9400000000000013]",0.04895341201704376,23.98717188835144,12.590000000000002,"[0.9670000000000002, 0.2919999999999999]",2189352,"[9.670000000000002, 2.919999999999999]",0.048591456121327925,23.809813499450684,ParetoSolutionConcept,7.9475,1.5470354714743944,0.05103829198954057,0.0023618514299901475,25.008763074874878,1.1573072006951726,COMPLETE
219,11.16,2025-06-12 18:39:39.683396,2025-06-12 18:40:07.138397,0 days 00:00:27.455001,36,0.5758063517162678,0.14544582425666458,0.9120443348059495,0.00816715277532888,477,2196379,11.16,2.6437757090948555,0.83725,0.17476752415709276,470.0,4,7.899999999999999,"[0.5539999999999999, 0.2359999999999999]",2196379,"[5.539999999999999, 2.359999999999999]",0.058019120135205854,27.268986463546753,15.21,"[0.982, 0.5389999999999999]",2197379,"[9.82, 5.389999999999999]",0.0438584769025762,20.613484144210815,11.32,"[0.8310000000000001, 0.30099999999999993]",2198379,"[8.31, 3.0099999999999993]",0.05212879383817632,24.50053310394287,10.209999999999999,"[0.982, 0.038999999999999896]",2199379,"[9.82, 0.38999999999999896]",0.05090856856488167,23.927027225494385,ParetoSolutionConcept,8.3725,1.7476752415709278,0.05122873986021001,0.005033454260379418,24.077507734298706,2.3657235023783274,COMPLETE
220,8.9775,2025-06-12 18:40:07.152955,2025-06-12 18:40:33.583491,0 days 00:00:26.430536,36,0.6000076863754401,0.1455696256295015,0.9112768034267992,0.007954114069892645,457,2206407,8.9775,5.258556717389289,0.6922499999999999,0.26973540275610836,450.0,4,7.439999999999998,"[0.583, 0.16099999999999995]",2206407,"[5.83, 1.6099999999999994]",0.0489196326997545,22.013834714889526,2.159999999999999,"[0.30199999999999994, -0.08600000000000012]",2207407,"[3.0199999999999996, -0.8600000000000012]",0.058195264604356554,26.18786907196045,16.82,"[0.9739999999999999, 0.708]",2208407,"[9.739999999999998, 7.08]",0.04981693903605143,22.417622566223145,9.489999999999998,"[0.9099999999999999, 0.03899999999999988]",2209407,"[9.1, 0.3899999999999988]",0.054732139905293783,24.629462957382202,ParetoSolutionConcept,6.922499999999999,2.6973540275610834,0.052915994061364074,0.0037664349647582107,23.81219732761383,1.6948957341411943,COMPLETE
221,10.624999999999998,2025-06-12 18:40:34.786004,2025-06-12 18:41:00.424560,0 days 00:00:25.638556,37,0.5786931961176759,0.1510647809788755,0.9143216372051494,0.010464831637537388,478,2216434,10.624999999999998,1.9326730194215473,0.7042499999999999,0.15111812432663396,470.0,4,11.25,"[0.833, 0.2919999999999999]",2216434,"[8.33, 2.919999999999999]",0.054123382872723516,25.437989950180054,12.839999999999998,"[0.72, 0.564]",2217434,"[7.199999999999999, 5.64]",0.04341117524086161,20.403252363204956,7.529999999999998,"[0.45299999999999996, 0.29999999999999993]",2218434,"[4.529999999999999, 2.999999999999999]",0.04709573248599438,22.13499426841736,10.879999999999999,"[0.8109999999999999, 0.27699999999999986]",2219434,"[8.11, 2.7699999999999987]",0.050358787496039205,23.668630123138428,ParetoSolutionConcept,7.0424999999999995,1.5111812432663398,0.04874726952390468,0.00395920009910383,22.9112166762352,1.8608240465788008,COMPLETE
222,9.495000000000001,2025-06-12 18:41:00.439426,2025-06-12 18:41:30.192285,0 days 00:00:29.752859,37,0.5734110662010786,0.1503692000013506,0.9135804692766974,0.010020108708892306,474,2226460,9.495000000000001,1.8853845761541599,0.82925,0.08883798455615706,470.0,4,6.92,"[0.8180000000000002, -0.1260000000000001]",2226460,"[8.180000000000001, -1.2600000000000011]",0.06280905845317435,29.520257472991943,11.280000000000001,"[0.7130000000000001, 0.4149999999999999]",2227460,"[7.130000000000001, 4.1499999999999995]",0.05321539767245029,25.011236906051636,11.319999999999999,"[0.9630000000000001, 0.1689999999999999]",2228460,"[9.63, 1.689999999999999]",0.06111018201138111,28.72178554534912,8.459999999999997,"[0.8230000000000001, 0.02299999999999988]",2229460,"[8.23, 0.22999999999999882]",0.059838740876380435,28.124208211898804,ParetoSolutionConcept,8.2925,0.8883798455615707,0.05924334475334655,0.003636276876508965,27.844372034072876,1.7090501319592133,COMPLETE
223,5.6549999999999985,2025-06-12 18:41:30.207959,2025-06-12 18:41:55.297801,0 days 00:00:25.089842,38,0.5827956815924412,0.1626273208156487,0.9087462179812276,0.008726007530540055,366,2236490,5.6549999999999985,3.190693498285287,0.6295,0.07015874856352561,360.0,4,3.109999999999998,"[0.681, -0.37000000000000016]",2236490,"[6.8100000000000005, -3.7000000000000015]",0.0661836736732059,23.826122522354126,10.54,"[0.688, 0.3659999999999999]",2237490,"[6.879999999999999, 3.659999999999999]",0.0639611025651296,23.025996923446655,2.5299999999999985,"[0.5129999999999999, -0.2600000000000001]",2238490,"[5.129999999999999, -2.6000000000000014]",0.06902653641170925,24.849553108215332,6.439999999999998,"[0.6359999999999999, 0.007999999999999891]",2239490,"[6.359999999999999, 0.0799999999999989]",0.0661484440167745,23.81343984603882,ParetoSolutionConcept,6.295,0.7015874856352559,0.06632993916670482,0.0017984269258691482,23.878778100013733,0.6474336933128947,COMPLETE
224,9.445,2025-06-12 18:41:55.312464,2025-06-12 18:42:22.469579,0 days 00:00:27.157115,36,0.5883513729174,0.15756754939892234,0.9115223084279921,0.011104297074475983,478,2246515,9.445,2.250094442462361,0.83175,0.008870597499605006,470.0,4,11.28,"[0.836, 0.2919999999999999]",2246515,"[8.36, 2.919999999999999]",0.05448612405898723,25.608478307724,12.07,"[0.8290000000000001, 0.378]",2247515,"[8.290000000000001, 3.7800000000000002]",0.05112939844740198,24.03081727027893,7.369999999999999,"[0.843, -0.10600000000000012]",2248515,"[8.43, -1.0600000000000012]",0.05369783360907372,25.23798179626465,7.06,"[0.8190000000000002, -0.11300000000000013]",2249515,"[8.190000000000001, -1.1300000000000012]",0.05739152228578608,26.974015474319458,ParetoSolutionConcept,8.317499999999999,0.08870597499605017,0.054176219600312256,0.0022330575690718652,25.46282321214676,1.0495370574637768,COMPLETE
225,7.034999999999999,2025-06-12 18:42:22.484279,2025-06-12 18:42:42.031849,0 days 00:00:19.547570,20,0.6458040070179124,0.1535042757388727,0.9562269460458367,0.006637304963765134,461,2256542,7.034999999999999,1.9357879532634767,0.6960000000000001,0.1215174884533086,460.0,4,8.999999999999998,"[0.738, 0.16199999999999998]",2256542,"[7.38, 1.6199999999999997]",0.04090661587922469,18.81704330444336,8.48,"[0.819, 0.02899999999999996]",2257542,"[8.19, 0.2899999999999996]",0.04013053178787231,18.460044622421265,6.6,"[0.7329999999999999, -0.07300000000000004]",2258542,"[7.329999999999998, -0.7300000000000004]",0.040155585952427075,18.471569538116455,4.059999999999999,"[0.49400000000000005, -0.08800000000000004]",2259542,"[4.94, -0.8800000000000003]",0.042089679966802185,19.361252784729004,ParetoSolutionConcept,6.96,1.215174884533086,0.04082060339658157,0.0007963040428174578,18.77747756242752,0.36629985969602996,COMPLETE
226,10.534999999999998,2025-06-12 18:42:43.091201,2025-06-12 18:43:11.410604,0 days 00:00:28.319403,39,0.820041372772015,0.14183029884979034,0.9452837052051888,0.0073121459325598765,468,2266563,10.534999999999998,1.6890307871675991,0.85,0.11075423242477019,460.0,4,12.279999999999998,"[0.7009999999999998, 0.5269999999999999]",2266563,"[7.009999999999998, 5.27]",0.05962404375490935,27.4270601272583,7.759999999999998,"[0.788, -0.012000000000000089]",2267563,"[7.880000000000001, -0.12000000000000088]",0.06113175205562426,28.120605945587158,10.79,"[0.9360000000000002, 0.14299999999999988]",2268563,"[9.360000000000001, 1.4299999999999988]",0.054174200866533365,24.920132398605347,11.309999999999997,"[0.975, 0.15599999999999992]",2269563,"[9.75, 1.5599999999999992]",0.05896485940269802,27.12383532524109,ParetoSolutionConcept,8.5,1.1075423242477018,0.05847371401994125,0.002603625445490388,26.897908449172974,1.1976677049255786,COMPLETE
227,7.344999999999999,2025-06-12 18:43:11.426095,2025-06-12 18:43:41.231139,0 days 00:00:29.805044,39,0.8243118910255327,0.1448465228916106,0.9443549710855287,0.005007513309786142,467,2276591,7.344999999999999,2.9013229740930253,0.744,0.14936699769360032,460.0,4,11.429999999999996,"[0.932, 0.21099999999999994]",2276591,"[9.32, 2.1099999999999994]",0.06174592349840247,28.403124809265137,3.7899999999999983,"[0.533, -0.15400000000000014]",2277591,"[5.33, -1.5400000000000014]",0.06436649198117464,29.608586311340332,5.629999999999998,"[0.688, -0.12500000000000017]",2278591,"[6.879999999999999, -1.2500000000000018]",0.06422105353811512,29.54168462753296,8.53,"[0.8230000000000001, 0.029999999999999888]",2279591,"[8.23, 0.2999999999999989]",0.05694295427073603,26.193758964538574,ParetoSolutionConcept,7.44,1.4936699769360033,0.06181910582210706,0.0030016969649802406,28.43678867816925,1.38078060389091,COMPLETE
228,8.097499999999998,2025-06-12 18:43:41.247041,2025-06-12 18:44:12.534562,0 days 00:00:31.287521,40,0.8119999486749334,0.14945194397655945,0.9851542446448833,0.006860453133689042,479,2286621,8.097499999999998,2.316596371835198,0.8464999999999999,0.11853375046795743,470.0,4,5.84,"[0.974, -0.3900000000000002]",2286621,"[9.74, -3.9000000000000017]",0.05558940299013828,26.12701940536499,7.779999999999998,"[0.6629999999999999, 0.11499999999999991]",2287621,"[6.629999999999999, 1.149999999999999]",0.06606454595606377,31.050336599349976,11.93,"[0.9229999999999998, 0.2699999999999999]",2288621,"[9.229999999999999, 2.6999999999999993]",0.054782018255680166,25.747548580169678,6.839999999999998,"[0.826, -0.14200000000000013]",2289621,"[8.26, -1.4200000000000013]",0.0602133553078834,28.3002769947052,ParetoSolutionConcept,8.464999999999998,1.1853375046795747,0.059162330627441403,0.004491608222484927,27.80629539489746,2.111055864567917,COMPLETE
229,8.407499999999999,2025-06-12 18:44:12.549371,2025-06-12 18:44:42.317738,0 days 00:00:29.768367,39,0.8215619691411131,0.14252653444732905,0.906448023070962,0.005905090747540995,470,2296652,8.407499999999999,2.0993138760080634,0.7434999999999999,0.15227360243981886,470.0,4,5.169999999999998,"[0.65, -0.13300000000000015]",2296652,"[6.5, -1.3300000000000014]",0.0628391960833935,29.534422159194946,8.03,"[0.5489999999999999, 0.2539999999999999]",2297652,"[5.489999999999999, 2.539999999999999]",0.06055611752449198,28.46137523651123,9.729999999999999,"[0.8390000000000001, 0.1339999999999999]",2298652,"[8.39, 1.339999999999999]",0.058211573641350926,27.359439611434937,10.699999999999998,"[0.9359999999999999, 0.1339999999999999]",2299652,"[9.36, 1.339999999999999]",0.0601164883755623,28.254749536514282,ParetoSolutionConcept,7.435,1.5227360243981884,0.060430843906199676,0.0016461951279327753,28.40249663591385,0.7737117101284043,COMPLETE
230,11.9125,2025-06-12 18:44:42.332361,2025-06-12 18:45:08.206928,0 days 00:00:25.874567,37,0.8343145039552748,0.10723515566534537,0.9498031523441739,0.011971020044109756,452,2306682,11.9125,1.2902591793899403,0.85725,0.10305914563977335,450.0,4,11.329999999999998,"[0.7119999999999999, 0.42099999999999993]",2306682,"[7.119999999999998, 4.209999999999999]",0.05707754188113742,25.68489384651184,13.540000000000001,"[0.9410000000000001, 0.4129999999999999]",2307682,"[9.41, 4.129999999999999]",0.052009667290581596,23.40435028076172,12.639999999999999,"[0.967, 0.29699999999999993]",2308682,"[9.67, 2.9699999999999993]",0.05240453561147054,23.582041025161743,10.139999999999999,"[0.8089999999999998, 0.2049999999999999]",2309682,"[8.089999999999998, 2.049999999999999]",0.05611410511864556,25.251347303390503,ParetoSolutionConcept,8.572499999999998,1.0305914563977336,0.05440146247545878,0.00222502510745827,24.48065811395645,1.0012612983562217,COMPLETE
231,9.212499999999999,2025-06-12 18:45:09.318500,2025-06-12 18:45:35.454278,0 days 00:00:26.135778,37,0.847499624667326,0.10719661394357197,0.9500057922294418,0.012203635468789796,455,2316709,9.212499999999999,1.3842574724378414,0.9030000000000001,0.07666485505105977,450.0,4,11.069999999999999,"[0.849, 0.2579999999999999]",2316709,"[8.49, 2.579999999999999]",0.057642256948682996,25.93901562690735,8.2,"[0.807, 0.012999999999999878]",2317709,"[8.07, 0.12999999999999878]",0.05260552088419596,23.672484397888184,7.599999999999998,"[0.9860000000000001, -0.22600000000000012]",2318709,"[9.860000000000001, -2.260000000000001]",0.04517592642042372,20.329166889190674,9.98,"[0.9700000000000001, 0.027999999999999893]",2319709,"[9.700000000000001, 0.2799999999999989]",0.046962959501478406,21.133331775665283,ParetoSolutionConcept,9.030000000000001,0.7666485505105978,0.05059666593869527,0.00490571325774613,22.768499672412872,2.207570965985759,COMPLETE
232,10.009999999999998,2025-06-12 18:45:35.468960,2025-06-12 18:46:02.399372,0 days 00:00:26.930412,38,0.7944891417303398,0.10118544396026248,0.948480637127511,0.009410978469939636,440,2326735,10.009999999999998,0.7311976476986222,0.7919999999999998,0.14559361249725206,440.0,4,9.0,"[0.8229999999999998, 0.07699999999999992]",2326735,"[8.229999999999999, 0.7699999999999991]",0.06077879179607738,26.742668390274048,10.129999999999999,"[0.8539999999999999, 0.15899999999999992]",2327735,"[8.54, 1.5899999999999992]",0.04477647759697654,19.701650142669678,11.049999999999997,"[0.9399999999999998, 0.16499999999999992]",2328735,"[9.399999999999999, 1.6499999999999992]",0.058582487973299895,25.776294708251953,9.86,"[0.5509999999999999, 0.43499999999999994]",2329735,"[5.51, 4.35]",0.05782193704084917,25.441652297973633,ParetoSolutionConcept,7.919999999999998,1.4559361249725205,0.05548992360180075,0.006279973987734407,24.415566384792328,2.7631885546031385,COMPLETE
233,8.4525,2025-06-12 18:46:02.413935,2025-06-12 18:46:31.708838,0 days 00:00:29.294903,36,0.8385358710852128,0.11226745545534424,0.9456702725844388,0.007516181348623875,484,2336762,8.4525,1.060716149589513,0.8724999999999999,0.05040585283476518,480.0,4,8.529999999999998,"[0.9470000000000001, -0.09400000000000011]",2336762,"[9.47, -0.9400000000000011]",0.054390066862106325,26.107232093811035,7.839999999999998,"[0.8889999999999999, -0.10500000000000012]",2337762,"[8.889999999999999, -1.0500000000000012]",0.06063162883122762,29.103181838989258,10.13,"[0.8370000000000001, 0.17599999999999988]",2338762,"[8.370000000000001, 1.759999999999999]",0.05527924448251724,26.534037351608276,7.309999999999999,"[0.8169999999999998, -0.0860000000000001]",2339762,"[8.169999999999998, -0.860000000000001]",0.05824352155129115,27.95689034461975,ParetoSolutionConcept,8.725,0.5040585283476517,0.05713611543178558,0.002471523553826234,27.42533540725708,1.186331305836592,COMPLETE
234,7.789999999999999,2025-06-12 18:46:31.725541,2025-06-12 18:47:01.650915,0 days 00:00:29.925374,37,0.827831994338205,0.12192505964210357,0.9524699310621286,0.01039816872026322,463,2346791,7.789999999999999,2.7441118781857283,0.6644999999999999,0.1915587377281444,460.0,4,4.379999999999999,"[0.4419999999999999, -0.004000000000000126]",2346791,"[4.419999999999999, -0.04000000000000126]",0.0645172471585481,29.67793369293213,5.9099999999999975,"[0.716, -0.12500000000000014]",2347791,"[7.16, -1.2500000000000013]",0.054253167173136836,24.956456899642944,9.74,"[0.95, 0.023999999999999883]",2348791,"[9.5, 0.23999999999999883]",0.05623177600943524,25.86661696434021,11.13,"[0.5499999999999998, 0.563]",2349791,"[5.499999999999998, 5.629999999999999]",0.05337389966715937,24.55199384689331,ParetoSolutionConcept,6.645,1.9155873772814442,0.057094022502069894,0.004409010836382603,26.26325035095215,2.028144984735998,COMPLETE
235,8.654999999999998,2025-06-12 18:47:01.665741,2025-06-12 18:47:29.702226,0 days 00:00:28.036485,37,0.8164048061221689,0.1883408029749186,0.9507185895966785,0.008647883011734624,446,2356821,8.654999999999998,0.09013878188659966,0.76525,0.15325530170274704,440.0,4,8.719999999999997,"[0.9770000000000001, -0.10500000000000012]",2356821,"[9.770000000000001, -1.0500000000000012]",0.0577523643320257,25.41104030609131,8.649999999999999,"[0.5599999999999998, 0.3049999999999999]",2357821,"[5.599999999999998, 3.049999999999999]",0.058691852742975406,25.82441520690918,8.739999999999998,"[0.7030000000000001, 0.17099999999999993]",2358821,"[7.030000000000001, 1.7099999999999993]",0.056830929084257645,25.005608797073364,8.509999999999998,"[0.821, 0.02999999999999991]",2359821,"[8.209999999999999, 0.2999999999999991]",0.063129830902273,27.777125597000122,ParetoSolutionConcept,7.6525,1.5325530170274706,0.05910124426538294,0.0024171739597001586,26.004547476768494,1.0635565422680695,COMPLETE
236,11.5375,2025-06-12 18:47:30.827009,2025-06-12 18:47:58.845721,0 days 00:00:28.018712,39,0.8335870290187664,0.11762948837519288,0.9545905008333978,0.0008814755826330841,474,2366850,11.5375,0.7492120861278203,0.8785,0.10394830445947642,470.0,4,10.419999999999998,"[0.9359999999999997, 0.1059999999999999]",2366850,"[9.359999999999998, 1.059999999999999]",0.05869462743718573,27.586474895477295,11.299999999999999,"[0.909, 0.22099999999999992]",2367850,"[9.09, 2.209999999999999]",0.05910291367388786,27.778369426727295,12.319999999999999,"[0.702, 0.53]",2368850,"[7.02, 5.300000000000001]",0.05466213885774004,25.691205263137817,12.11,"[0.9670000000000002, 0.24399999999999986]",2369850,"[9.670000000000002, 2.4399999999999986]",0.05702953947351334,26.80388355255127,ParetoSolutionConcept,8.785,1.039483044594764,0.057372304860581744,0.0017468565864732974,26.96498328447342,0.8210225956424501,COMPLETE
237,8.0025,2025-06-12 18:47:58.861541,2025-06-12 18:48:28.678896,0 days 00:00:29.817355,38,0.6609933661467454,0.11124461849114847,0.9529988534349616,0.0008684410405338499,475,2376878,8.0025,1.4331848275780763,0.70875,0.14170810668412726,470.0,4,5.799999999999999,"[0.6889999999999998, -0.10900000000000012]",2376878,"[6.889999999999999, -1.0900000000000012]",0.057564890638310856,27.055498600006104,9.809999999999999,"[0.5650000000000001, 0.4159999999999999]",2377878,"[5.65, 4.159999999999999]",0.05823567573060381,27.37076759338379,8.299999999999999,"[0.942, -0.11200000000000013]",2378878,"[9.42, -1.1200000000000012]",0.05786555777204798,27.19681215286255,8.1,"[0.639, 0.1709999999999999]",2379878,"[6.390000000000001, 1.709999999999999]",0.06291795537826862,29.571439027786255,ParetoSolutionConcept,7.0875,1.4170810668412728,0.05914601987980782,0.0021906492623343576,27.798629343509674,1.029605153297149,COMPLETE
238,6.839999999999999,2025-06-12 18:48:28.693879,2025-06-12 18:48:58.268746,0 days 00:00:29.574867,36,0.8525125514512922,0.11553564603183787,0.9550795785774824,0.00110145666347507,487,2386908,6.839999999999999,2.1734649755632147,0.7139999999999999,0.14349738673578688,480.0,4,4.689999999999998,"[0.574, -0.1050000000000001]",2386908,"[5.739999999999999, -1.050000000000001]",0.05704959034919739,27.383803367614746,9.610000000000001,"[0.9129999999999999, 0.047999999999999904]",2387908,"[9.129999999999999, 0.47999999999999904]",0.05653595626354217,27.137259006500244,8.32,"[0.7879999999999998, 0.04399999999999992]",2388908,"[7.879999999999998, 0.4399999999999992]",0.04961727658907573,23.816292762756348,4.739999999999999,"[0.581, -0.1070000000000001]",2389908,"[5.81, -1.070000000000001]",0.061201458672682445,29.376700162887573,ParetoSolutionConcept,7.139999999999999,1.4349738673578691,0.056101070468624434,0.0041575942118919785,26.928513824939728,1.9956452217081504,COMPLETE
239,9.454999999999998,2025-06-12 18:48:58.291104,2025-06-12 18:49:29.648606,0 days 00:00:31.357502,40,0.8317588796934446,0.11993046239574409,0.9582951172417665,0.0009559607313580572,475,2396938,9.454999999999998,1.4610698135270606,0.6652499999999999,0.12559732282178634,470.0,4,7.929999999999997,"[0.5519999999999999, 0.24099999999999983]",2396938,"[5.52, 2.4099999999999984]",0.06620491413359947,31.116309642791748,11.349999999999998,"[0.5279999999999998, 0.607]",2397938,"[5.279999999999998, 6.07]",0.06433935063950559,30.239494800567627,8.139999999999999,"[0.796, 0.017999999999999877]",2398938,"[7.960000000000001, 0.17999999999999877]",0.059297141622989734,27.869656562805176,10.399999999999997,"[0.7849999999999999, 0.2549999999999999]",2399938,"[7.85, 2.549999999999999]",0.06363418254446476,29.908065795898438,ParetoSolutionConcept,6.6525,1.2559732282178637,0.06336889723513989,0.0025315184039827335,29.783381700515747,1.1898136498718839,COMPLETE
240,9.202499999999997,2025-06-12 18:49:29.663353,2025-06-12 18:49:56.459933,0 days 00:00:26.796580,35,0.8416010808391161,0.10834313038562435,0.9554813385654543,0.0007257883354885499,484,2406969,9.202499999999997,2.9435724468747155,0.7877500000000001,0.11127078457528738,480.0,4,6.009999999999999,"[0.71, -0.10900000000000012]",2406969,"[7.1, -1.0900000000000012]",0.05350373834371567,25.68179440498352,9.639999999999997,"[0.8, 0.1639999999999999]",2407969,"[8.0, 1.639999999999999]",0.05543276270230611,26.607726097106934,13.78,"[0.9640000000000001, 0.41399999999999987]",2408969,"[9.64, 4.139999999999999]",0.05381094813346863,25.82925510406494,7.379999999999999,"[0.6769999999999999, 0.06099999999999992]",2409969,"[6.77, 0.6099999999999992]",0.04990751792987188,23.9556086063385,ParetoSolutionConcept,7.8775,1.1127078457528736,0.053163741777340574,0.0020177910840393455,25.518596053123474,0.968539720338886,COMPLETE
241,7.559999999999999,2025-06-12 18:49:57.596493,2025-06-12 18:50:28.991017,0 days 00:00:31.394524,39,0.5689983221798062,0.11551065496817628,0.9477825506859666,0.0005698916303532736,469,2416997,7.559999999999999,4.162331077653482,0.6529999999999999,0.20220410480502118,460.0,4,3.9799999999999986,"[0.4169999999999999, -0.01900000000000014]",2416997,"[4.169999999999999, -0.1900000000000014]",0.06620048440021017,30.45222282409668,2.899999999999998,"[0.5379999999999999, -0.24800000000000016]",2417997,"[5.379999999999999, -2.4800000000000018]",0.06781943362692128,31.19693946838379,11.039999999999997,"[0.9569999999999999, 0.14699999999999988]",2418997,"[9.569999999999999, 1.4699999999999989]",0.06478077069572781,29.79915452003479,12.319999999999999,"[0.7000000000000001, 0.532]",2419997,"[7.000000000000001, 5.32]",0.06272554293922757,28.853749752044678,ParetoSolutionConcept,6.529999999999999,2.022041048050212,0.0653815579155217,0.0018727813146042051,30.075516641139984,0.8614794047179359,COMPLETE
242,11.072499999999998,2025-06-12 18:50:29.006167,2025-06-12 18:50:56.188965,0 days 00:00:27.182798,38,0.8393847646692365,0.12539709704596314,0.9187509675082582,0.0008130578146322627,465,2427029,11.072499999999998,2.5822216694156994,0.86375,0.0789188665656065,460.0,4,10.179999999999998,"[0.7719999999999999, 0.2459999999999999]",2427029,"[7.719999999999999, 2.459999999999999]",0.058682716929394266,26.994049787521362,15.299999999999999,"[0.97, 0.5599999999999998]",2428029,"[9.7, 5.599999999999998]",0.050134150359941565,23.06170916557312,10.51,"[0.907, 0.1439999999999999]",2429029,"[9.07, 1.439999999999999]",0.05827503722646962,26.806517124176025,8.299999999999997,"[0.806, 0.023999999999999928]",2430029,"[8.06, 0.23999999999999927]",0.05236400987790978,24.0874445438385,ParetoSolutionConcept,8.6375,0.7891886656560648,0.054863978598428814,0.0037026747822851455,25.237430155277252,1.7032303998511666,COMPLETE
243,9.925,2025-06-12 18:50:56.203647,2025-06-12 18:51:23.042745,0 days 00:00:26.839098,37,0.8435937482143587,0.12205346971960096,0.9192034816827539,0.0008150040922578299,459,2437056,9.925,2.144813511706787,0.68675,0.08871689523422248,450.0,4,9.989999999999998,"[0.6990000000000001, 0.29999999999999993]",2437056,"[6.99, 2.999999999999999]",0.05734998650021023,25.807493925094604,13.159999999999998,"[0.8099999999999999, 0.506]",2438056,"[8.1, 5.0600000000000005]",0.05217003981272379,23.476517915725708,7.159999999999999,"[0.5599999999999998, 0.15599999999999992]",2439056,"[5.599999999999998, 1.5599999999999992]",0.059226859940422906,26.652086973190308,9.39,"[0.6779999999999998, 0.26099999999999995]",2440056,"[6.7799999999999985, 2.6099999999999994]",0.046002789073520234,20.701255083084106,ParetoSolutionConcept,6.867499999999999,0.887168952342225,0.05368741883171929,0.0051345833163694244,24.15933847427368,2.3105624923662402,COMPLETE
244,9.259999999999998,2025-06-12 18:51:23.057355,2025-06-12 18:51:52.498583,0 days 00:00:29.441228,38,0.8355837740055669,0.1257067669784439,0.9225264789680463,0.0007657023803812512,469,2447083,9.259999999999998,1.408190328045183,0.7315,0.1318569300416175,460.0,4,8.6,"[0.577, 0.2829999999999999]",2447083,"[5.77, 2.829999999999999]",0.05722425916920538,26.323159217834473,11.639999999999999,"[0.908, 0.25599999999999995]",2448083,"[9.08, 2.5599999999999996]",0.05999908706416254,27.59958004951477,7.979999999999999,"[0.8049999999999999, -0.0070000000000001224]",2449083,"[8.049999999999999, -0.07000000000000123]",0.0634531021118164,29.188426971435547,8.819999999999997,"[0.6359999999999999, 0.2459999999999999]",2450083,"[6.359999999999999, 2.459999999999999]",0.05977443145669025,27.496238470077515,ParetoSolutionConcept,7.3149999999999995,1.3185693004161747,0.06011271995046864,0.002215215012511168,27.651851177215576,1.0189989057551387,COMPLETE
245,6.807499999999999,2025-06-12 18:51:52.514421,2025-06-12 18:52:20.672265,0 days 00:00:28.157844,36,0.8563341211654543,0.11629008842221121,0.9199441239056508,0.0006107298780214194,453,2457112,6.807499999999999,2.201821688965753,0.6265,0.14355747977726552,450.0,4,8.709999999999999,"[0.5699999999999998, 0.30099999999999993]",2457112,"[5.699999999999998, 3.0099999999999993]",0.056901902092827694,25.60585594177246,7.209999999999999,"[0.716, 0.004999999999999893]",2458112,"[7.16, 0.049999999999998934]",0.060145672692192925,27.065552711486816,3.109999999999998,"[0.422, -0.11100000000000013]",2459112,"[4.22, -1.1100000000000012]",0.06155087576972114,27.69789409637451,8.199999999999998,"[0.7979999999999999, 0.021999999999999898]",2460112,"[7.9799999999999995, 0.21999999999999897]",0.06215131017896864,27.96808958053589,ParetoSolutionConcept,6.265,1.4355747977726554,0.0601874401834276,0.0020317632136561143,27.08434808254242,0.914293446145252,COMPLETE
246,5.8199999999999985,2025-06-12 18:52:21.808511,2025-06-12 18:52:52.501377,0 days 00:00:30.692866,38,0.8238569486166235,0.12546749522836922,0.9183975897967485,0.0009167681942204082,492,2467141,5.8199999999999985,1.550935201741195,0.65975,0.15425040518585356,490.0,4,4.099999999999999,"[0.39799999999999996, 0.01199999999999989]",2467141,"[3.9799999999999995, 0.11999999999999889]",0.06225220621848593,30.503581047058105,8.0,"[0.778, 0.02199999999999989]",2468141,"[7.78, 0.21999999999999892]",0.060836352620806014,29.809812784194946,4.639999999999999,"[0.6969999999999998, -0.23300000000000015]",2469141,"[6.969999999999999, -2.3300000000000014]",0.06204215409804364,30.400655508041382,6.539999999999998,"[0.766, -0.1120000000000001]",2470141,"[7.66, -1.120000000000001]",0.062005481428029585,30.382685899734497,ParetoSolutionConcept,6.597499999999999,1.542504051858536,0.06178404859134129,0.000555191446749767,30.274183809757233,0.27204380890738616,COMPLETE
247,10.2525,2025-06-12 18:52:52.516021,2025-06-12 18:53:17.949828,0 days 00:00:25.433807,28,0.578669801512965,0.11851045421820137,0.9148184219555372,0.0006645227227289424,480,2477172,10.2525,1.2409749191663788,0.7987500000000001,0.0599390315237075,480.0,4,11.589999999999998,"[0.8220000000000001, 0.33699999999999997]",2477172,"[8.22, 3.3699999999999997]",0.04992781182130178,23.965349674224854,11.39,"[0.8310000000000001, 0.30799999999999994]",2478172,"[8.31, 3.079999999999999]",0.046679115792115526,22.405975580215454,8.929999999999998,"[0.696, 0.19699999999999998]",2479172,"[6.959999999999999, 1.9699999999999998]",0.05259239325920741,25.244348764419556,9.1,"[0.8459999999999999, 0.06399999999999997]",2480172,"[8.459999999999999, 0.6399999999999997]",0.05001102685928345,24.005292892456055,ParetoSolutionConcept,7.987500000000001,0.5993903152370752,0.04980258693297704,0.002097511607906156,23.90524172782898,1.0068055717949542,COMPLETE
248,12.102500000000001,2025-06-12 18:53:17.964853,2025-06-12 18:53:45.903474,0 days 00:00:27.938621,35,0.5946319922287212,0.15207393047315917,0.9133838547712559,0.0011955528636975199,487,2487198,12.102500000000001,2.024442824581618,0.92025,0.0638058578815457,480.0,4,15.52,"[0.9099999999999999, 0.642]",2487198,"[9.1, 6.42]",0.05311045547326406,25.493018627166748,10.25,"[0.9720000000000001, 0.052999999999999915]",2488198,"[9.72, 0.5299999999999991]",0.05355964154005051,25.708627939224243,11.149999999999999,"[0.82, 0.2949999999999998]",2489198,"[8.2, 2.9499999999999984]",0.05768705507119497,27.689786434173584,11.490000000000002,"[0.9790000000000001, 0.16999999999999996]",2490198,"[9.790000000000001, 1.6999999999999995]",0.053892927865187325,25.868605375289917,ParetoSolutionConcept,9.2025,0.6380585788154571,0.05456251998742421,0.001825193800214505,26.190009593963623,0.8760930241029625,COMPLETE
249,7.497499999999999,2025-06-12 18:53:45.926420,2025-06-12 18:54:09.956034,0 days 00:00:24.029614,29,0.5943299641327774,0.15463955332085344,0.9130543492797215,0.0014842311441979614,485,2497225,7.497499999999999,1.993305985040932,0.6725,0.2874112906620059,480.0,4,9.049999999999999,"[0.8109999999999999, 0.09399999999999994]",2497225,"[8.11, 0.9399999999999995]",0.04914289663235347,23.588590383529663,4.089999999999999,"[0.2079999999999999, 0.20099999999999993]",2498225,"[2.079999999999999, 2.0099999999999993]",0.049571063617865244,23.794110536575317,8.7,"[0.69, 0.17999999999999988]",2499225,"[6.8999999999999995, 1.799999999999999]",0.04857382476329804,23.315435886383057,8.149999999999999,"[0.9810000000000001, -0.1660000000000001]",2500225,"[9.81, -1.660000000000001]",0.04937827984491984,23.701574325561523,ParetoSolutionConcept,6.725,2.874112906620059,0.04916651621460914,0.00037428046894234833,23.59992778301239,0.17965462509232794,COMPLETE
250,6.389999999999998,2025-06-12 18:54:09.970457,2025-06-12 18:54:39.040312,0 days 00:00:29.069855,35,0.597517506749674,0.15980776260627494,0.9163561750133177,0.0012217354032444084,494,2507250,6.389999999999998,1.903417978269618,0.7130000000000001,0.10093809984341881,490.0,4,7.169999999999998,"[0.6799999999999999, 0.036999999999999894]",2507250,"[6.799999999999999, 0.36999999999999894]",0.05874055307738635,28.78287100791931,8.309999999999999,"[0.819, 0.01199999999999991]",2508250,"[8.19, 0.11999999999999911]",0.05279365169758699,25.868889331817627,3.2299999999999986,"[0.5630000000000002, -0.24000000000000013]",2509250,"[5.630000000000002, -2.4000000000000012]",0.05885117005328743,28.83707332611084,6.849999999999999,"[0.79, -0.1050000000000001]",2510250,"[7.9, -1.050000000000001]",0.05735961271792042,28.106210231781006,ParetoSolutionConcept,7.130000000000001,1.0093809984341882,0.0569362468865453,0.00246286342960737,27.898760974407196,1.2068030805076109,COMPLETE
251,7.524999999999999,2025-06-12 18:54:40.232102,2025-06-12 18:55:09.747205,0 days 00:00:29.515103,35,0.6134349633216526,0.14980637650599643,0.9126555973750795,0.001200023184364107,490,2517280,7.524999999999999,1.8069380177526841,0.6172499999999999,0.10499374981397708,490.0,4,8.079999999999998,"[0.5269999999999999, 0.2809999999999999]",2517280,"[5.27, 2.809999999999999]",0.05601853351203763,27.449081420898438,4.5699999999999985,"[0.5519999999999999, -0.09500000000000008]",2518280,"[5.52, -0.9500000000000008]",0.05935827615309735,29.0855553150177,7.969999999999999,"[0.794, 0.002999999999999903]",2519280,"[7.94, 0.029999999999999027]",0.05458021066626724,26.744303226470947,9.479999999999999,"[0.5959999999999999, 0.35199999999999987]",2520280,"[5.959999999999999, 3.5199999999999987]",0.05973928899181132,29.27225160598755,ParetoSolutionConcept,6.172499999999999,1.0499374981397704,0.05742407733080338,0.002188861642016293,28.13779789209366,1.072542204587984,COMPLETE
252,11.11,2025-06-12 18:55:09.761802,2025-06-12 18:55:36.923861,0 days 00:00:27.162059,37,0.5660870191343853,0.14671166735849392,0.9104444362132995,0.0008096406361994662,479,2527309,11.11,1.138617582860901,0.7429999999999999,0.0773239936888933,470.0,4,11.409999999999998,"[0.6599999999999999, 0.48099999999999987]",2527309,"[6.6, 4.809999999999999]",0.05729728505966511,26.929723978042603,10.929999999999998,"[0.812, 0.28099999999999986]",2528309,"[8.120000000000001, 2.8099999999999987]",0.05510144943886615,25.89768123626709,12.64,"[0.8280000000000001, 0.43599999999999994]",2529309,"[8.280000000000001, 4.359999999999999]",0.05665788954876839,26.629208087921143,9.459999999999999,"[0.6719999999999999, 0.27399999999999985]",2530309,"[6.719999999999999, 2.7399999999999984]",0.04979441368833501,23.403374433517456,ParetoSolutionConcept,7.43,0.7732399368889331,0.054712759433908666,0.0029497673072160398,25.714996933937073,1.3863906343915384,COMPLETE
253,10.629999999999999,2025-06-12 18:55:36.938368,2025-06-12 18:56:09.032422,0 days 00:00:32.094054,39,0.5669645861759415,0.14539479291063137,0.9092474790381512,0.0009801744654425164,482,2537336,10.629999999999999,2.9385115279678584,0.7729999999999999,0.12982488205270984,480.0,4,8.51,"[0.6829999999999999, 0.16799999999999982]",2537336,"[6.829999999999999, 1.6799999999999982]",0.054353511333465575,26.089685440063477,8.52,"[0.8379999999999999, 0.013999999999999874]",2538336,"[8.379999999999999, 0.13999999999999874]",0.055160055061181386,26.476826429367065,15.629999999999999,"[0.9510000000000002, 0.6119999999999999]",2539336,"[9.510000000000002, 6.119999999999999]",0.06011005938053131,28.85282850265503,9.86,"[0.6199999999999999, 0.3659999999999999]",2540336,"[6.199999999999999, 3.659999999999999]",0.06636126885811487,31.85340905189514,ParetoSolutionConcept,7.7299999999999995,1.2982488205270983,0.058996223658323285,0.0047894542499152,28.318187355995178,2.2989380399592974,COMPLETE
254,5.642499999999998,2025-06-12 18:56:09.047757,2025-06-12 18:56:39.092025,0 days 00:00:30.044268,39,0.5770624397532392,0.14327976316706348,0.9088329272990889,0.000990692465707228,479,2547369,5.642499999999998,2.0911046721768862,0.6054999999999999,0.1431686068941093,470.0,4,8.86,"[0.679, 0.2069999999999999]",2547369,"[6.790000000000001, 2.069999999999999]",0.06091312195392365,28.629167318344116,5.139999999999998,"[0.522, -0.008000000000000118]",2548369,"[5.220000000000001, -0.08000000000000118]",0.05969325380122408,28.055829286575317,3.0199999999999982,"[0.42399999999999993, -0.12200000000000014]",2549369,"[4.239999999999999, -1.2200000000000013]",0.06340075807368502,29.798356294631958,5.549999999999999,"[0.7969999999999999, -0.24200000000000021]",2550369,"[7.969999999999999, -2.420000000000002]",0.0627877560067684,29.510245323181152,ParetoSolutionConcept,6.055,1.4316860689410928,0.06169872245890029,0.0014766509398567258,28.998399555683136,0.6940259417326615,COMPLETE
255,10.114999999999998,2025-06-12 18:56:39.106974,2025-06-12 18:57:10.152601,0 days 00:00:31.045627,40,0.5650051003883582,0.1492532002580225,0.9102904856527947,0.0011108533928281886,485,2557399,10.114999999999998,4.0452595713995905,0.716,0.17673850740571506,480.0,4,12.249999999999998,"[0.959, 0.2659999999999999]",2557399,"[9.59, 2.6599999999999993]",0.06114170849323273,29.34802007675171,14.079999999999998,"[0.633, 0.7750000000000001]",2558399,"[6.33, 7.750000000000002]",0.06429306219021479,30.8606698513031,10.709999999999997,"[0.788, 0.2829999999999999]",2559399,"[7.880000000000001, 2.829999999999999]",0.06419536223014195,30.81377387046814,3.4199999999999986,"[0.484, -0.14200000000000015]",2560399,"[4.84, -1.4200000000000015]",0.06252773851156235,30.013314485549927,ParetoSolutionConcept,7.16,1.7673850740571508,0.06303946785628796,0.0013010522741110232,30.25894457101822,0.6245050915732927,COMPLETE
256,10.532499999999999,2025-06-12 18:57:11.429744,2025-06-12 18:57:45.156293,0 days 00:00:33.726549,41,0.5673442616525578,0.14557931876461896,0.9075202028032363,0.0009082539171917408,492,2567431,10.532499999999999,1.8479634060229664,0.7965,0.1119117956249474,490.0,4,11.26,"[0.97, 0.1559999999999999]",2567431,"[9.7, 1.559999999999999]",0.054488337769800305,26.69928550720215,10.299999999999997,"[0.7889999999999999, 0.24099999999999988]",2568431,"[7.889999999999999, 2.409999999999999]",0.06835034526124292,33.49166917800903,12.83,"[0.7690000000000001, 0.5139999999999999]",2569431,"[7.690000000000001, 5.139999999999999]",0.05852530391848817,28.677398920059204,7.739999999999998,"[0.658, 0.11599999999999988]",2570431,"[6.58, 1.1599999999999988]",0.05905313978389818,28.936038494110107,ParetoSolutionConcept,7.965,1.1191179562494737,0.060104281683357394,0.005077756902548096,29.451098024845123,2.4881008822485677,COMPLETE
257,8.407499999999999,2025-06-12 18:57:45.170937,2025-06-12 18:58:17.026250,0 days 00:00:31.855313,41,0.5680245973106582,0.14768343423797076,0.9046158134540814,0.0008252147375339301,494,2577465,8.407499999999999,1.8255187618866051,0.7084999999999999,0.11283062527523283,490.0,4,9.069999999999999,"[0.7989999999999999, 0.10799999999999987]",2577465,"[7.989999999999999, 1.0799999999999987]",0.0645386029262932,31.623915433883667,10.46,"[0.8130000000000001, 0.23299999999999987]",2578465,"[8.13, 2.3299999999999987]",0.062188264788413536,30.472249746322632,5.469999999999998,"[0.691, -0.14400000000000013]",2579465,"[6.909999999999999, -1.4400000000000013]",0.05887989657265799,28.851149320602417,8.629999999999999,"[0.5309999999999999, 0.33199999999999985]",2580465,"[5.309999999999999, 3.3199999999999985]",0.0580541941584373,28.446555137634277,ParetoSolutionConcept,7.085,1.1283062527523284,0.060915239611450504,0.0026018050072160594,29.84846740961075,1.2748844535358694,COMPLETE
258,5.837499999999999,2025-06-12 18:58:17.042406,2025-06-12 18:58:39.258289,0 days 00:00:22.215883,42,0.5847309081987089,0.14559436686789318,0.9082347279835811,0.00017773196981908779,299,2587497,5.837499999999999,2.9671482521100967,0.693,0.18099723754798028,290.0,4,8.23,"[0.817, 0.00599999999999985]",2587497,"[8.17, 0.0599999999999985]",0.06455992254717596,18.72237753868103,3.589999999999998,"[0.7689999999999999, -0.41000000000000025]",2588497,"[7.6899999999999995, -4.100000000000002]",0.0736585575958778,21.360981702804565,9.259999999999998,"[0.805, 0.12099999999999991]",2589497,"[8.05, 1.209999999999999]",0.06846348170576425,19.85440969467163,2.269999999999998,"[0.38099999999999995, -0.15400000000000016]",2590497,"[3.8099999999999996, -1.5400000000000016]",0.07575548106226428,21.96908950805664,ParetoSolutionConcept,6.93,1.809972375479803,0.07060936072777058,0.004386931020528109,20.476714611053467,1.2722099959531519,COMPLETE
259,9.204999999999998,2025-06-12 18:58:39.273342,2025-06-12 18:59:10.627138,0 days 00:00:31.353796,40,0.5635286252359339,0.1514161314507724,0.9105903839236378,0.0009044538751915058,475,2597519,9.204999999999998,2.8960360840293413,0.7667499999999999,0.10973462306856488,470.0,4,13.28,"[0.9410000000000001, 0.3869999999999999]",2597519,"[9.41, 3.869999999999999]",0.06024192241912193,28.313703536987305,9.29,"[0.696, 0.23299999999999996]",2598519,"[6.959999999999999, 2.3299999999999996]",0.06617219042270742,31.100929498672485,5.089999999999998,"[0.6539999999999999, -0.14500000000000016]",2599519,"[6.539999999999999, -1.4500000000000015]",0.05962479621806043,28.023654222488403,9.159999999999998,"[0.7759999999999999, 0.1399999999999999]",2600519,"[7.759999999999999, 1.399999999999999]",0.06104505366467415,28.69117522239685,ParetoSolutionConcept,7.667499999999999,1.0973462306856487,0.06177099068114099,0.002590450932767922,29.03236562013626,1.2175119384009234,COMPLETE
260,7.769999999999999,2025-06-12 18:59:10.643226,2025-06-12 18:59:40.914194,0 days 00:00:30.270968,41,0.7820923832058124,0.14545549834106747,0.9066609479640805,0.0010400078293050811,467,2607550,7.769999999999999,2.186378283829219,0.81625,0.1448091416313211,460.0,4,6.489999999999998,"[0.6769999999999999, -0.028000000000000153]",2607550,"[6.77, -0.2800000000000015]",0.06537890589755514,30.074296712875366,11.1,"[0.959, 0.15099999999999988]",2608550,"[9.59, 1.509999999999999]",0.06242342617200768,28.714776039123535,8.209999999999999,"[0.9630000000000001, -0.14200000000000018]",2609550,"[9.63, -1.4200000000000017]",0.06157909476238748,28.326383590698242,5.2799999999999985,"[0.6659999999999999, -0.1380000000000002]",2610550,"[6.659999999999999, -1.3800000000000021]",0.06263699583385302,28.813018083572388,ParetoSolutionConcept,8.1625,1.448091416313211,0.06300460566645083,0.001426734866645629,28.982118606567383,0.6562980386569892,COMPLETE
261,7.624999999999999,2025-06-12 18:59:42.233649,2025-06-12 19:00:14.821047,0 days 00:00:32.587398,39,0.5760259590387784,0.10412431413307234,0.9123373591656297,0.0007084985047755378,484,2617582,7.624999999999999,2.219487553468143,0.8367500000000001,0.0612224427804053,480.0,4,4.429999999999998,"[0.8230000000000001, -0.3800000000000002]",2617582,"[8.23, -3.8000000000000025]",0.06745605617761612,32.37890696525574,6.92,"[0.8160000000000001, -0.12400000000000014]",2618582,"[8.16, -1.2400000000000013]",0.06316317270199458,30.318322896957397,8.739999999999998,"[0.771, 0.10299999999999987]",2619582,"[7.71, 1.0299999999999987]",0.0651640181740125,31.278728723526,10.41,"[0.937, 0.10399999999999994]",2620582,"[9.370000000000001, 1.0399999999999994]",0.05356680005788803,25.712064027786255,ParetoSolutionConcept,8.3675,0.6122244278040533,0.06233751177787781,0.005286675118074263,29.922005653381348,2.537604056675647,COMPLETE
262,7.6225,2025-06-12 19:00:14.840899,2025-06-12 19:00:45.500761,0 days 00:00:30.659862,38,0.5859195807756825,0.11216279082841578,0.9088195958139169,0.0008650900679254734,479,2627614,7.6225,0.9264819210324622,0.80925,0.0781548942805247,470.0,4,7.39,"[0.6990000000000001, 0.039999999999999904]",2627614,"[6.99, 0.399999999999999]",0.05060122520365613,23.782575845718384,7.079999999999999,"[0.825, -0.11700000000000013]",2628614,"[8.25, -1.1700000000000013]",0.058549955043386906,27.518478870391846,6.829999999999999,"[0.795, -0.11200000000000013]",2629614,"[7.95, -1.1200000000000012]",0.06230383680221882,29.282803297042847,9.190000000000001,"[0.9179999999999999, 0.000999999999999901]",2630614,"[9.18, 0.00999999999999901]",0.06483302522212901,30.471521854400635,ParetoSolutionConcept,8.092500000000001,0.7815489428052473,0.05907201056784772,0.005377284103356348,27.763844966888428,2.527323528577483,COMPLETE
263,10.307499999999997,2025-06-12 19:00:45.515491,2025-06-12 19:01:16.077834,0 days 00:00:30.562343,37,0.5592397800050505,0.15473940702115344,0.9773699681962504,0.0007360844463212827,500,2637645,10.307499999999997,3.731798326544455,0.80275,0.07834977664294901,500.0,4,7.1599999999999975,"[0.6799999999999999, 0.035999999999999886]",2637645,"[6.799999999999999, 0.3599999999999989]",0.05351742458343506,26.75871229171753,9.77,"[0.834, 0.1429999999999999]",2638645,"[8.34, 1.429999999999999]",0.060439208984375,30.2196044921875,16.549999999999997,"[0.8019999999999999, 0.853]",2639645,"[8.02, 8.53]",0.060749569416046145,30.37478470802307,7.749999999999999,"[0.8949999999999999, -0.12000000000000013]",2640645,"[8.95, -1.2000000000000013]",0.058198201179504395,29.099100589752197,ParetoSolutionConcept,8.0275,0.7834977664294904,0.058226101040840146,0.0028912865558945104,29.113050520420074,1.4456432779472548,COMPLETE
264,8.079999999999998,2025-06-12 19:01:16.092489,2025-06-12 19:01:47.633563,0 days 00:00:31.541074,40,0.5922826778713387,0.1423642300645442,0.90649298800219,0.0009610099751122094,491,2647676,8.079999999999998,3.292559794445652,0.7695,0.15157258987033248,490.0,4,10.789999999999996,"[0.836, 0.24299999999999994]",2647676,"[8.36, 2.4299999999999993]",0.05293989765400789,25.940549850463867,10.76,"[0.7869999999999999, 0.289]",2648676,"[7.869999999999999, 2.8899999999999997]",0.061228358015722156,30.001895427703857,2.7099999999999986,"[0.5229999999999999, -0.2520000000000001]",2649676,"[5.229999999999999, -2.5200000000000014]",0.06400423487838433,31.362075090408325,8.059999999999999,"[0.932, -0.12600000000000017]",2650676,"[9.32, -1.2600000000000016]",0.057126681172117895,27.99207377433777,ParetoSolutionConcept,7.6949999999999985,1.5157258987033246,0.058824792930058066,0.004186863980643434,28.824148535728455,2.0515633505152833,COMPLETE
265,8.602499999999997,2025-06-12 19:01:47.648420,2025-06-12 19:02:17.266892,0 days 00:00:29.618472,39,0.6067793674798521,0.14666345334080544,0.9138311947063993,0.001369094852490909,463,2657707,8.602499999999997,0.8195844983892746,0.825,0.11472358083672247,460.0,4,8.219999999999999,"[0.663, 0.1589999999999999]",2657707,"[6.630000000000001, 1.589999999999999]",0.06245868568835051,28.730995416641235,9.949999999999998,"[0.901, 0.09399999999999989]",2658707,"[9.01, 0.9399999999999988]",0.061376906996187953,28.23337721824646,7.76,"[0.776, -9.992007221626409e-17]",2659707,"[7.76, -9.992007221626409e-16]",0.06396265444548234,29.422821044921875,8.479999999999999,"[0.96, -0.11200000000000013]",2660707,"[9.6, -1.1200000000000012]",0.06082900140596473,27.981340646743774,ParetoSolutionConcept,8.25,1.1472358083672245,0.06215681213399638,0.0011961947427391656,28.592133581638336,0.5502495816600157,COMPLETE
266,8.122499999999999,2025-06-12 19:02:18.539140,2025-06-12 19:02:48.565893,0 days 00:00:30.026753,37,0.5709884883684833,0.15211158754327694,0.9105185948756775,0.0008150039530915998,473,2667738,8.122499999999999,1.7930333934425202,0.7722499999999999,0.12070081814138628,470.0,4,5.549999999999998,"[0.5809999999999998, -0.026000000000000134]",2667738,"[5.809999999999999, -0.26000000000000134]",0.06338467242869925,29.790796041488647,10.619999999999997,"[0.805, 0.25699999999999995]",2668738,"[8.05, 2.5699999999999994]",0.059545766039097565,27.986510038375854,8.129999999999999,"[0.9149999999999998, -0.10200000000000012]",2669738,"[9.149999999999999, -1.0200000000000011]",0.05644597144837075,26.529606580734253,8.189999999999998,"[0.7879999999999999, 0.03099999999999991]",2670738,"[7.879999999999999, 0.3099999999999991]",0.060995008083100016,28.667653799057007,ParetoSolutionConcept,7.722499999999999,1.2070081814138627,0.06009285449981689,0.0025124195578923154,28.24364161491394,1.1808371922093883,COMPLETE
267,6.152499999999999,2025-06-12 19:02:48.580365,2025-06-12 19:03:10.694042,0 days 00:00:22.113677,38,0.5795530323851398,0.10772069517342041,0.9506973926210789,0.0010982821803265843,319,2677768,6.152499999999999,2.9448206651679145,0.7307499999999999,0.11553002856400582,310.0,4,9.319999999999999,"[0.8079999999999998, 0.12399999999999989]",2677768,"[8.079999999999998, 1.2399999999999989]",0.07057027201498708,21.876784324645996,5.599999999999999,"[0.7949999999999999, -0.23500000000000015]",2678768,"[7.949999999999999, -2.3500000000000014]",0.06644101450520178,20.59671449661255,1.609999999999998,"[0.5309999999999999, -0.37000000000000016]",2679768,"[5.309999999999999, -3.7000000000000015]",0.0695448560099448,21.558905363082886,8.079999999999998,"[0.789, 0.01899999999999989]",2680768,"[7.890000000000001, 0.1899999999999989]",0.062406284578384895,19.345948219299316,ParetoSolutionConcept,7.307499999999999,1.1553002856400585,0.06724060677712963,0.0031782956928882696,20.844588100910187,0.9852716647953638,COMPLETE
268,9.854999999999997,2025-06-12 19:03:10.708912,2025-06-12 19:03:41.579946,0 days 00:00:30.871034,37,0.5575753273534032,0.14039791164723148,0.9047462838522227,0.00064142377340462,481,2687790,9.854999999999997,3.5727895264065026,0.6955,0.195526852375831,480.0,4,5.799999999999998,"[0.675, -0.09500000000000015]",2687790,"[6.75, -0.9500000000000015]",0.05484513640403747,26.32566547393799,13.469999999999999,"[0.977, 0.36999999999999994]",2688790,"[9.77, 3.6999999999999993]",0.054607242345809937,26.21147632598877,13.349999999999998,"[0.705, 0.63]",2689790,"[7.05, 6.3]",0.05551594297091166,26.647652626037598,6.799999999999999,"[0.42499999999999993, 0.25499999999999995]",2690790,"[4.249999999999999, 2.5499999999999994]",0.06381951620181402,30.633367776870728,ParetoSolutionConcept,6.955,1.9552685237583098,0.05719695948064327,0.003838026206698535,27.45454055070877,1.8422525792152966,COMPLETE
269,6.432499999999999,2025-06-12 19:03:41.594730,2025-06-12 19:04:12.378207,0 days 00:00:30.783477,39,0.5692450463393459,0.11375970263270518,0.9145226470896247,0.0009260072652854872,494,2697821,6.432499999999999,1.1178858394308429,0.86925,0.0722058688750437,490.0,4,5.719999999999999,"[0.952, -0.3800000000000002]",2697821,"[9.52, -3.8000000000000025]",0.059463083014196276,29.136910676956177,5.199999999999998,"[0.7819999999999999, -0.26200000000000023]",2698821,"[7.819999999999999, -2.6200000000000023]",0.0623415825318317,30.547375440597534,6.669999999999998,"[0.9279999999999999, -0.26100000000000023]",2699821,"[9.28, -2.610000000000002]",0.061065090432458995,29.921894311904907,8.139999999999999,"[0.8149999999999998, -0.0010000000000001286]",2700821,"[8.149999999999999, -0.010000000000001286]",0.05481329110203957,26.85851263999939,ParetoSolutionConcept,8.692499999999999,0.7220586887504369,0.05942076177013164,0.0028489290846192257,29.116173267364502,1.3959752514634205,COMPLETE
270,10.269999999999998,2025-06-12 19:04:12.393252,2025-06-12 19:04:40.983637,0 days 00:00:28.590385,40,0.5945584429631883,0.147124826464526,0.9170755492160925,0.0007505411223971872,486,2707852,10.269999999999998,2.474914139924858,0.8142500000000001,0.03197166714452033,480.0,4,9.45,"[0.8390000000000001, 0.1059999999999999]",2707852,"[8.39, 1.059999999999999]",0.055665145814418796,26.71926999092102,13.489999999999998,"[0.8360000000000001, 0.5129999999999999]",2708852,"[8.360000000000001, 5.129999999999999]",0.059061085681120555,28.349321126937866,11.37,"[0.76, 0.3769999999999999]",2709852,"[7.6, 3.7699999999999987]",0.05496967335542043,26.385443210601807,6.769999999999999,"[0.8219999999999998, -0.14500000000000016]",2710852,"[8.219999999999999, -1.4500000000000015]",0.05589329948027929,26.828783750534058,ParetoSolutionConcept,8.1425,0.31971667144520355,0.05639730108280977,0.0015751141440062803,27.070704519748688,0.7560547891230149,COMPLETE
271,8.327499999999999,2025-06-12 19:04:42.272682,2025-06-12 19:05:12.974030,0 days 00:00:30.701348,38,0.5825180778373674,0.15724710664314448,0.9105235581005454,0.0053360696015383735,470,2717882,8.327499999999999,1.54601706006111,0.71025,0.18785815792773014,470.0,4,7.059999999999999,"[0.667, 0.038999999999999896]",2717882,"[6.67, 0.38999999999999896]",0.06299502088668499,29.607659816741943,10.939999999999998,"[0.9630000000000001, 0.13099999999999987]",2718882,"[9.63, 1.3099999999999987]",0.05492706603192268,25.815721035003662,7.989999999999998,"[0.7689999999999999, 0.029999999999999895]",2719882,"[7.6899999999999995, 0.29999999999999893]",0.06493274911921075,30.518392086029053,7.319999999999999,"[0.442, 0.2899999999999999]",2720882,"[4.42, 2.8999999999999995]",0.055790015991697924,26.221307516098022,ParetoSolutionConcept,7.102500000000001,1.8785815792773017,0.05966121300737909,0.0043675416962494235,28.04077011346817,2.0527445972372287,COMPLETE
272,7.804999999999998,2025-06-12 19:05:12.988654,2025-06-12 19:05:44.158751,0 days 00:00:31.170097,41,0.880162135344082,0.12144751250568102,0.9524905732479317,0.0005988185670467556,463,2727913,7.804999999999998,1.776548620218428,0.74625,0.0590439454982473,460.0,4,5.249999999999998,"[0.818, -0.2930000000000002]",2727913,"[8.18, -2.930000000000002]",0.06725001594294673,30.935007333755493,9.469999999999999,"[0.7909999999999998, 0.1559999999999999]",2728913,"[7.909999999999998, 1.559999999999999]",0.0656947084095167,30.219565868377686,9.459999999999997,"[0.6859999999999999, 0.2599999999999999]",2729913,"[6.859999999999999, 2.5999999999999988]",0.06050089856852656,27.830413341522217,7.039999999999998,"[0.69, 0.013999999999999879]",2730913,"[6.8999999999999995, 0.1399999999999988]",0.06633482134860495,30.514017820358276,ParetoSolutionConcept,7.462499999999999,0.5904394549824731,0.06494511106739874,0.0026247286555688572,29.874751091003418,1.2073751815616731,COMPLETE
273,8.2425,2025-06-12 19:05:44.173208,2025-06-12 19:06:08.019839,0 days 00:00:23.846631,27,0.8106694826715957,0.11925870602096275,0.9121073416020505,0.0008131490169914224,478,2737944,8.2425,1.7249547095503697,0.6715,0.16643392082144792,470.0,4,6.51,"[0.5559999999999999, 0.09499999999999997]",2737944,"[5.56, 0.9499999999999997]",0.050244132001349265,23.614742040634155,9.2,"[0.588, 0.33199999999999996]",2738944,"[5.88, 3.3199999999999994]",0.04618808868083548,21.708401679992676,10.59,"[0.959, 0.09999999999999995]",2739944,"[9.59, 0.9999999999999996]",0.048169227863879914,22.63953709602356,6.669999999999999,"[0.583, 0.08399999999999999]",2740944,"[5.83, 0.8399999999999999]",0.045043041858267276,21.17022967338562,ParetoSolutionConcept,6.715,1.6643392082144792,0.04741112260108298,0.0019814315674562223,22.283227622509003,0.9312728367044246,COMPLETE
274,8.6375,2025-06-12 19:06:08.034493,2025-06-12 19:06:40.390797,0 days 00:00:32.356304,43,0.5550731062104777,0.11085551097446579,0.9081007579170264,0.001007974304547105,492,2747968,8.6375,2.9206110233990428,0.7777499999999999,0.13913909407495798,490.0,4,9.41,"[0.9480000000000001, -0.00700000000000015]",2747968,"[9.48, -0.0700000000000015]",0.06247936657496861,30.61488962173462,10.58,"[0.5609999999999999, 0.4969999999999999]",2748968,"[5.609999999999999, 4.969999999999999]",0.06547765537184112,32.08405113220215,10.889999999999999,"[0.8149999999999998, 0.2739999999999999]",2749968,"[8.149999999999999, 2.7399999999999993]",0.0640164024975835,31.368037223815918,3.6699999999999977,"[0.7869999999999999, -0.42000000000000026]",2750968,"[7.869999999999999, -4.200000000000003]",0.06555937650252362,32.12409448623657,ParetoSolutionConcept,7.7775,1.39139094074958,0.06438320023672922,0.0012590021687914309,31.547768115997314,0.6169110627077996,COMPLETE
275,7.419999999999999,2025-06-12 19:06:40.405163,2025-06-12 19:07:09.629480,0 days 00:00:29.224317,37,0.5732359408504792,0.14070008303757386,0.9483931541903513,0.0005148503477638179,456,2758000,7.419999999999999,3.87020025321688,0.77875,0.15712793354461196,450.0,4,2.0499999999999985,"[0.565, -0.3600000000000002]",2758000,"[5.6499999999999995, -3.6000000000000023]",0.059346602227952745,26.705971002578735,12.319999999999999,"[0.9429999999999998, 0.2889999999999999]",2759000,"[9.429999999999998, 2.8899999999999992]",0.05734215418497721,25.803969383239746,9.52,"[0.915, 0.036999999999999915]",2760000,"[9.15, 0.36999999999999916]",0.06262792057461208,28.18256425857544,5.789999999999998,"[0.692, -0.11300000000000013]",2761000,"[6.92, -1.1300000000000012]",0.06452645089891222,29.036902904510498,ParetoSolutionConcept,7.7875,1.5712793354461196,0.06096078197161357,0.002792552117856201,27.432351887226105,1.2566484530352902,COMPLETE
276,7.277499999999998,2025-06-12 19:07:11.044194,2025-06-12 19:07:30.901001,0 days 00:00:19.856807,39,0.8006499841023438,0.11744862506626101,0.9025429221551107,0.006274454887304174,271,2768031,7.277499999999998,2.1108810364395247,0.855,0.04105484137102481,270.0,4,6.699999999999998,"[0.8109999999999997, -0.14100000000000013]",2768031,"[8.109999999999998, -1.4100000000000013]",0.06904569996727837,18.64233899116516,6.459999999999998,"[0.8959999999999999, -0.25000000000000017]",2769031,"[8.959999999999999, -2.5000000000000018]",0.07265347992932356,19.61643958091736,10.79,"[0.8169999999999998, 0.2619999999999999]",2770031,"[8.169999999999998, 2.619999999999999]",0.06601188359437166,17.823208570480347,5.159999999999998,"[0.8960000000000001, -0.3800000000000002]",2771031,"[8.96, -3.8000000000000025]",0.06957751203466345,18.78592824935913,ParetoSolutionConcept,8.549999999999999,0.41054841371024786,0.06932214388140925,0.002355698259721944,18.7169788479805,0.6360385301249244,COMPLETE
277,7.929999999999999,2025-06-12 19:07:30.916012,2025-06-12 19:07:47.025633,0 days 00:00:16.109621,36,0.5390255995012254,0.1508784877401273,0.9541918023670489,0.0046586374397739015,229,2778050,7.929999999999999,2.1751896469043808,0.7554999999999998,0.20518589132783957,220.0,4,4.459999999999998,"[0.4219999999999999, 0.023999999999999883]",2778050,"[4.219999999999999, 0.23999999999999883]",0.07213295589793813,15.869250297546387,10.0,"[0.9759999999999998, 0.02399999999999989]",2779050,"[9.759999999999998, 0.23999999999999888]",0.06229165142232722,13.704163312911987,7.729999999999998,"[0.7789999999999999, -0.006000000000000083]",2780050,"[7.789999999999999, -0.06000000000000083]",0.06635288758711382,14.597635269165039,9.530000000000001,"[0.845, 0.10799999999999992]",2781050,"[8.45, 1.0799999999999992]",0.06440941853956743,14.170072078704834,ParetoSolutionConcept,7.554999999999999,2.0518589132783958,0.06629672836173665,0.003662897943171395,14.585280239582062,0.8058375474977068,COMPLETE
278,7.6575,2025-06-12 19:07:47.040566,2025-06-12 19:08:15.243913,0 days 00:00:28.203347,29,0.5158567247273729,0.09821364573918201,0.9491029346903954,0.0006895791169170078,485,2788067,7.6575,3.502758734197947,0.65675,0.14819982287438815,480.0,4,8.87,"[0.6749999999999999, 0.2119999999999999]",2788067,"[6.749999999999999, 2.119999999999999]",0.05179501424233119,24.86160683631897,2.699999999999999,"[0.42299999999999993, -0.15300000000000005]",2789067,"[4.2299999999999995, -1.5300000000000005]",0.05835937956968943,28.012502193450928,12.36,"[0.8340000000000002, 0.40199999999999997]",2790067,"[8.340000000000002, 4.02]",0.048573316136995955,23.315191745758057,6.699999999999999,"[0.695, -0.02500000000000006]",2791067,"[6.949999999999999, -0.2500000000000006]",0.04985040873289108,23.92819619178772,ParetoSolutionConcept,6.5675,1.4819982287438813,0.05214452967047692,0.0037670637531849985,25.02937424182892,1.8081906015287998,COMPLETE
279,7.222499999999998,2025-06-12 19:08:15.258938,2025-06-12 19:08:44.555749,0 days 00:00:29.296811,36,0.6018091286182835,0.13509710229914465,0.9503176013208389,0.00010617755346425691,473,2798095,7.222499999999998,1.778740776504547,0.7242499999999998,0.1812930983242329,470.0,4,7.54,"[0.8539999999999999, -0.10000000000000012]",2798095,"[8.54, -1.000000000000001]",0.06171378074808324,29.00547695159912,9.859999999999998,"[0.9469999999999998, 0.038999999999999896]",2799095,"[9.469999999999999, 0.38999999999999896]",0.05919975321343605,27.82388401031494,4.959999999999998,"[0.586, -0.09000000000000012]",2800095,"[5.859999999999999, -0.9000000000000012]",0.05645394933984635,26.533356189727783,6.529999999999999,"[0.51, 0.14299999999999993]",2801095,"[5.1, 1.4299999999999993]",0.061916633869739286,29.100817918777466,ParetoSolutionConcept,7.2425,1.8129309832423293,0.05982102929277623,0.002219080777638452,28.115883767604828,1.042967965490073,COMPLETE
280,8.702499999999999,2025-06-12 19:08:44.570642,2025-06-12 19:09:15.169191,0 days 00:00:30.598549,38,0.5255006156941904,0.14405861588862523,0.9464661947708057,0.0011968970947174038,494,2808124,8.702499999999999,1.7105024846518058,0.8525,0.1130276514840506,490.0,4,10.999999999999998,"[0.959, 0.1409999999999999]",2808124,"[9.59, 1.409999999999999]",0.051787507290742836,25.37587857246399,7.029999999999999,"[0.9400000000000001, -0.23700000000000015]",2809124,"[9.4, -2.3700000000000014]",0.05990304119732915,29.352490186691284,7.079999999999998,"[0.8370000000000001, -0.12900000000000014]",2810124,"[8.370000000000001, -1.2900000000000014]",0.05441662632689184,26.664146900177002,9.700000000000001,"[0.6739999999999999, 0.29599999999999993]",2811124,"[6.739999999999999, 2.959999999999999]",0.06196854406473588,30.36458659172058,ParetoSolutionConcept,8.525,1.130276514840506,0.05701892971992493,0.004091348944981168,27.939275562763214,2.004760983040773,COMPLETE
281,8.114999999999998,2025-06-12 19:09:16.466558,2025-06-12 19:09:42.486219,0 days 00:00:26.019661,37,0.5633574141628599,0.11398641448208559,0.9151269565019755,0.013375469082765193,448,2818156,8.114999999999998,4.568689637084139,0.66925,0.22040233097678438,440.0,4,1.8799999999999986,"[0.2999999999999998, -0.11200000000000013]",2818156,"[2.9999999999999982, -1.1200000000000012]",0.055257395180788905,24.31325387954712,5.829999999999997,"[0.8370000000000001, -0.2540000000000001]",2819156,"[8.370000000000001, -2.540000000000001]",0.05251152352853255,23.10507035255432,13.62,"[0.8389999999999999, 0.5229999999999999]",2820156,"[8.389999999999999, 5.229999999999999]",0.058598708022724495,25.78343152999878,11.129999999999999,"[0.701, 0.4119999999999999]",2821156,"[7.01, 4.119999999999999]",0.05316332470286976,23.391862869262695,ParetoSolutionConcept,6.692499999999999,2.204023309767844,0.05488273785872892,0.0023731751604627,24.14840465784073,1.0441970706035884,COMPLETE
282,7.959999999999999,2025-06-12 19:09:42.500651,2025-06-12 19:10:10.281439,0 days 00:00:27.780788,36,0.5011400789380995,0.1259709233331024,0.9113324647955264,0.011855652938419321,478,2828182,7.959999999999999,1.1147869751661075,0.6944999999999999,0.15461322711851014,470.0,4,7.349999999999999,"[0.5609999999999998, 0.17399999999999996]",2828182,"[5.6099999999999985, 1.7399999999999995]",0.055702008592321516,26.179944038391113,7.47,"[0.5759999999999998, 0.17099999999999993]",2829182,"[5.759999999999998, 1.7099999999999993]",0.05274431756202211,24.78982925415039,7.14,"[0.6939999999999998, 0.019999999999999896]",2830182,"[6.939999999999999, 0.19999999999999896]",0.05870123974820401,27.589582681655884,9.879999999999999,"[0.9469999999999998, 0.0409999999999999]",2831182,"[9.469999999999999, 0.409999999999999]",0.051862137368384825,24.37520456314087,ParetoSolutionConcept,6.9449999999999985,1.5461322711851015,0.05475242581773312,0.002687057172371237,25.733640134334564,1.2629168710144811,COMPLETE
283,8.594999999999999,2025-06-12 19:10:10.296730,2025-06-12 19:10:42.326842,0 days 00:00:32.030112,40,0.5906712082911482,0.14765889109181785,0.9169174464076228,0.00620981716337338,500,2838210,8.594999999999999,2.330509600924227,0.8212499999999998,0.16241824866682933,500.0,4,12.229999999999999,"[0.8219999999999998, 0.40099999999999997]",2838210,"[8.219999999999999, 4.01]",0.05396482276916504,26.98241138458252,5.729999999999999,"[0.5559999999999998, 0.016999999999999876]",2839210,"[5.559999999999999, 0.16999999999999876]",0.06365808010101319,31.829040050506592,8.27,"[0.9629999999999999, -0.13600000000000018]",2840210,"[9.629999999999999, -1.3600000000000017]",0.05668382883071899,28.341914415359497,8.149999999999999,"[0.944, -0.12900000000000017]",2841210,"[9.44, -1.2900000000000018]",0.0619575777053833,30.97878885269165,ParetoSolutionConcept,8.212499999999999,1.6241824866682932,0.05906607735157013,0.003909768851115136,29.533038675785065,1.954884425557567,COMPLETE
284,7.014999999999999,2025-06-12 19:10:42.341730,2025-06-12 19:11:13.038697,0 days 00:00:30.696967,38,0.5804421206517939,0.13119771801080504,0.9067240491738005,0.007818195506153652,462,2848242,7.014999999999999,1.4216451737335873,0.585,0.18976301009416982,460.0,4,6.9399999999999995,"[0.5329999999999999, 0.1609999999999999]",2848242,"[5.329999999999999, 1.609999999999999]",0.06630816718806391,30.5017569065094,8.16,"[0.6669999999999999, 0.14899999999999994]",2849242,"[6.669999999999999, 1.4899999999999993]",0.06076539599377176,27.95208215713501,8.239999999999998,"[0.829, -0.0050000000000001155]",2850242,"[8.29, -0.050000000000001155]",0.062170627324477486,28.598488569259644,4.719999999999998,"[0.31099999999999994, 0.1609999999999999]",2851242,"[3.1099999999999994, 1.609999999999999]",0.060237106551294745,27.70906901359558,ParetoSolutionConcept,5.85,1.8976301009416983,0.06237032426440197,0.0023808033478550966,28.69034916162491,1.0951695400133443,COMPLETE
285,9.3325,2025-06-12 19:11:13.054264,2025-06-12 19:11:47.824980,0 days 00:00:34.770716,42,0.5458693885640132,0.12196369905325759,0.9519104489245593,0.0009114503177536506,487,2858273,9.3325,1.062152884475677,0.8945,0.04559879384369722,480.0,4,8.999999999999998,"[0.9269999999999999, -0.027000000000000142]",2858273,"[9.27, -0.2700000000000014]",0.06803394258022308,32.65629243850708,9.54,"[0.906, 0.04799999999999986]",2859273,"[9.06, 0.47999999999999865]",0.07203581730524698,34.577192306518555,10.87,"[0.817, 0.2699999999999999]",2860273,"[8.17, 2.6999999999999993]",0.059525812168916066,28.572389841079712,7.919999999999998,"[0.9279999999999999, -0.13600000000000015]",2861273,"[9.28, -1.3600000000000014]",0.06987573802471161,33.54035425186157,ParetoSolutionConcept,8.945,0.4559879384369721,0.06736782751977444,0.004743960839185572,32.33655720949173,2.277101202809075,COMPLETE
286,8.197499999999998,2025-06-12 19:11:49.243446,2025-06-12 19:12:17.475715,0 days 00:00:28.232269,37,0.7490955576000979,0.13833026685269115,0.9133936605088153,0.0007991581098797447,468,2868309,8.197499999999998,1.1256192739998734,0.888,0.07169030617872972,460.0,4,8.709999999999999,"[0.9710000000000001, -0.10000000000000012]",2868309,"[9.71, -1.000000000000001]",0.05369836921277254,24.701249837875366,7.119999999999998,"[0.8039999999999999, -0.09200000000000011]",2869309,"[8.04, -0.920000000000001]",0.060946862075639804,28.03555655479431,7.159999999999998,"[0.8309999999999998, -0.11500000000000013]",2870309,"[8.309999999999999, -1.1500000000000012]",0.059273906376050865,27.2659969329834,9.8,"[0.9460000000000001, 0.0339999999999999]",2871309,"[9.46, 0.33999999999999897]",0.055923019284787386,25.724588871002197,ParetoSolutionConcept,8.879999999999999,0.7169030617872972,0.05746053923731265,0.002826687027726034,26.43184804916382,1.3002760327539766,COMPLETE
287,8.107499999999998,2025-06-12 19:12:17.490238,2025-06-12 19:12:46.463537,0 days 00:00:28.973299,39,0.8198113689890848,0.16541853515075025,0.9085492303303588,0.005534945607107577,479,2878337,8.107499999999998,1.8255872342892852,0.6385,0.21993237597043333,470.0,4,9.04,"[0.9260000000000002, -0.022000000000000138]",2878337,"[9.260000000000002, -0.22000000000000136]",0.050848574334002555,23.8988299369812,6.929999999999998,"[0.41499999999999987, 0.2779999999999999]",2879337,"[4.149999999999999, 2.7799999999999994]",0.056812867712467276,26.70204782485962,5.879999999999998,"[0.43499999999999994, 0.15299999999999989]",2880337,"[4.35, 1.529999999999999]",0.05869802515557472,27.588071823120117,10.579999999999998,"[0.778, 0.27999999999999986]",2881337,"[7.78, 2.7999999999999985]",0.061139633300456596,28.7356276512146,ParetoSolutionConcept,6.385,2.1993237597043334,0.05687477512562528,0.0038023737464870024,26.731144309043884,1.7871156608488907,COMPLETE
288,8.299999999999999,2025-06-12 19:12:46.478465,2025-06-12 19:13:13.694497,0 days 00:00:27.216032,36,0.7100874893613325,0.15285949802301688,0.926068196800689,0.0069836359738343606,490,2888366,8.299999999999999,3.1411144519103416,0.83775,0.11517459572318897,490.0,4,6.859999999999998,"[0.6779999999999998, 0.007999999999999906]",2888366,"[6.7799999999999985, 0.07999999999999907]",0.053275708762966854,26.10509729385376,13.66,"[0.975, 0.39099999999999996]",2889366,"[9.75, 3.9099999999999997]",0.04993311191091732,24.467224836349487,7.039999999999999,"[0.7839999999999999, -0.08000000000000011]",2890366,"[7.839999999999999, -0.8000000000000012]",0.05452029899675019,26.714946508407593,5.639999999999998,"[0.914, -0.35000000000000014]",2891366,"[9.14, -3.5000000000000013]",0.05515940092047866,27.028106451034546,ParetoSolutionConcept,8.3775,1.1517459572318895,0.053222130147778254,0.0020161083823550803,26.078843772411346,0.9878931073539899,COMPLETE
289,7.724999999999999,2025-06-12 19:13:13.709351,2025-06-12 19:13:42.246156,0 days 00:00:28.536805,34,0.5602538836040669,0.1066178998004065,0.9227515596581242,0.0010829613527589962,471,2898393,7.724999999999999,2.451994086452902,0.6802499999999998,0.20665233485252474,470.0,4,9.729999999999999,"[0.9139999999999999, 0.05899999999999992]",2898393,"[9.139999999999999, 0.5899999999999992]",0.05202560171167901,24.452032804489136,10.43,"[0.8539999999999999, 0.18899999999999992]",2899393,"[8.54, 1.8899999999999992]",0.05374415326625743,25.25975203514099,4.469999999999998,"[0.5149999999999999, -0.06800000000000009]",2900393,"[5.149999999999999, -0.6800000000000008]",0.0603032335321954,28.342519760131836,6.27,"[0.4379999999999999, 0.18899999999999992]",2901393,"[4.379999999999999, 1.8899999999999992]",0.05758807506967098,27.06639528274536,ParetoSolutionConcept,6.802499999999999,2.066523348525247,0.05591526589495071,0.003236347015758398,26.28017497062683,1.521083097406447,COMPLETE
290,9.079999999999998,2025-06-12 19:13:42.263212,2025-06-12 19:14:07.308047,0 days 00:00:25.044835,38,0.8650841198099478,0.11668603423066355,0.9459068339305419,0.010818560149937045,405,2908422,9.079999999999998,2.7910571473905725,0.85575,0.10558734535918594,400.0,4,13.459999999999999,"[0.933, 0.413]",2908422,"[9.33, 4.13]",0.04930531322956085,19.72212529182434,8.739999999999998,"[0.975, -0.10100000000000013]",2909422,"[9.75, -1.0100000000000013]",0.0621050363779068,24.84201455116272,5.699999999999999,"[0.707, -0.13700000000000012]",2910422,"[7.069999999999999, -1.3700000000000012]",0.054905242323875426,21.96209692955017,8.419999999999998,"[0.808, 0.03399999999999989]",2911422,"[8.08, 0.3399999999999989]",0.06014355063438415,24.057420253753662,ParetoSolutionConcept,8.5575,1.0558734535918595,0.056614785641431804,0.004973579214694243,22.645914256572723,1.9894316858776977,COMPLETE
291,8.485,2025-06-12 19:14:08.770840,2025-06-12 19:14:38.217644,0 days 00:00:29.446804,35,0.6231006705406239,0.1566127894564646,0.9570840010320266,0.008756572400647868,482,2918448,8.485,1.339449513792886,0.8005,0.10465538686565543,480.0,4,7.399999999999999,"[0.8290000000000001, -0.0890000000000001]",2918448,"[8.290000000000001, -0.890000000000001]",0.0609082226951917,29.235946893692017,7.419999999999999,"[0.959, -0.21700000000000014]",2919448,"[9.59, -2.1700000000000013]",0.057919408877690634,27.801316261291504,8.43,"[0.721, 0.12199999999999991]",2920448,"[7.21, 1.219999999999999]",0.057033722599347435,27.376186847686768,10.689999999999998,"[0.693, 0.376]",2921448,"[6.93, 3.76]",0.057400964200496674,27.552462816238403,ParetoSolutionConcept,8.005,1.0465538686565543,0.058315579593181614,0.001529577405641093,27.991478204727173,0.734197154707725,COMPLETE
292,8.044999999999998,2025-06-12 19:14:38.232994,2025-06-12 19:15:12.411575,0 days 00:00:34.178581,41,0.570791403789231,0.1436858410885319,0.9532067453614195,0.00794830837811246,460,2928478,8.044999999999998,1.587364167417168,0.6912499999999999,0.09460014534872559,460.0,4,10.479999999999997,"[0.675, 0.3729999999999999]",2928478,"[6.75, 3.7299999999999986]",0.061398601013681164,28.243356466293335,7.809999999999999,"[0.7770000000000001, 0.003999999999999881]",2929478,"[7.770000000000001, 0.039999999999998814]",0.07387659031411876,33.98323154449463,6.0299999999999985,"[0.7699999999999999, -0.16700000000000015]",2930478,"[7.699999999999999, -1.6700000000000015]",0.0701571366061335,32.27228283882141,7.859999999999998,"[0.5429999999999999, 0.24299999999999988]",2931478,"[5.43, 2.429999999999999]",0.06788934987524281,31.229100942611694,ParetoSolutionConcept,6.9125,0.9460014534872557,0.06833041945229405,0.00453711240841514,31.431992948055267,2.087071707870964,COMPLETE
293,7.722499999999998,2025-06-12 19:15:12.426772,2025-06-12 19:15:41.158861,0 days 00:00:28.732089,37,0.532106909939141,0.12713634511739474,0.9177415905688738,0.0006504493274070357,453,2938512,7.722499999999998,3.1002449499999187,0.7522499999999999,0.08532401479067903,450.0,4,5.519999999999999,"[0.6569999999999999, -0.10500000000000012]",2938512,"[6.569999999999999, -1.0500000000000012]",0.06340916474660238,28.53412413597107,4.559999999999999,"[0.8160000000000001, -0.3600000000000002]",2939512,"[8.16, -3.6000000000000023]",0.06132834487491184,27.597755193710327,12.549999999999999,"[0.8560000000000001, 0.3989999999999999]",2940512,"[8.56, 3.9899999999999993]",0.06279958724975586,28.259814262390137,8.259999999999998,"[0.6799999999999999, 0.14599999999999996]",2941512,"[6.799999999999999, 1.4599999999999995]",0.061523392995198566,27.685526847839355,ParetoSolutionConcept,7.522499999999999,0.8532401479067901,0.06226512246661716,0.0008692238215645916,28.019305109977722,0.3911507197040652,COMPLETE
294,7.662499999999998,2025-06-12 19:15:41.173851,2025-06-12 19:16:12.339487,0 days 00:00:31.165636,39,0.8298493580288282,0.14917200664598584,0.9478718198984465,0.0013233275595481257,488,2948541,7.662499999999998,1.9082763819740576,0.6910000000000001,0.17287278559680824,480.0,4,6.339999999999998,"[0.688, -0.05400000000000014]",2948541,"[6.879999999999999, -0.5400000000000014]",0.05995841870705287,28.780040979385376,10.499999999999998,"[0.8440000000000001, 0.2059999999999999]",2949541,"[8.440000000000001, 2.059999999999999]",0.06383586525917054,30.641215324401855,5.559999999999999,"[0.40999999999999986, 0.14599999999999988]",2950541,"[4.099999999999999, 1.4599999999999989]",0.06186629186073939,29.695820093154907,8.249999999999998,"[0.8220000000000001, 0.0029999999999998804]",2951541,"[8.22, 0.029999999999998805]",0.06449185460805892,30.956090211868286,ParetoSolutionConcept,6.91,1.7287278559680823,0.06253810760875543,0.001775347394550435,30.018291652202606,0.8521667493842092,COMPLETE
295,11.577499999999999,2025-06-12 19:16:12.355228,2025-06-12 19:16:39.694057,0 days 00:00:27.338829,35,0.5867662266660431,0.12130331927241267,0.9096899956050124,0.0009351048273124919,438,2958572,11.577499999999999,1.9673634005948173,0.64225,0.2180806903419008,430.0,4,10.549999999999999,"[0.2839999999999999, 0.7710000000000001]",2958572,"[2.839999999999999, 7.710000000000001]",0.06302131054013274,27.09916353225708,14.3,"[0.812, 0.618]",2959572,"[8.120000000000001, 6.18]",0.06125286956166112,26.338733911514282,9.059999999999999,"[0.6489999999999999, 0.25699999999999995]",2960572,"[6.489999999999999, 2.5699999999999994]",0.06166690005812534,26.516767024993896,12.4,"[0.8240000000000001, 0.4159999999999999]",2961572,"[8.24, 4.159999999999999]",0.05641923616098803,24.260271549224854,ParetoSolutionConcept,6.422499999999999,2.180806903419008,0.06059007908022681,0.002495278126247796,26.053734004497528,1.072969594286553,COMPLETE
296,4.924999999999999,2025-06-12 19:16:41.105722,2025-06-12 19:17:08.649085,0 days 00:00:27.543363,36,0.5895558341958425,0.12317801669386048,0.9111225861007263,0.0009682675886731303,437,2968601,4.924999999999999,1.1830152154558284,0.5932499999999999,0.19809009944972011,430.0,4,3.069999999999998,"[0.2779999999999999, 0.028999999999999897]",2968601,"[2.7799999999999994, 0.289999999999999]",0.06332890765611515,27.231430292129517,6.089999999999998,"[0.7159999999999999, -0.1070000000000001]",2969601,"[7.159999999999998, -1.070000000000001]",0.05581089175024698,23.9986834526062,4.739999999999999,"[0.58, -0.10600000000000012]",2970601,"[5.8, -1.0600000000000012]",0.057003199776937796,24.511375904083252,5.799999999999999,"[0.7989999999999999, -0.21900000000000014]",2971601,"[7.989999999999999, -2.1900000000000013]",0.055719348996184595,23.959320068359375,ParetoSolutionConcept,5.932499999999999,1.980900994497201,0.057965587044871134,0.003137662123959402,24.925202429294586,1.3491947133025433,COMPLETE
297,6.009999999999999,2025-06-12 19:17:08.665231,2025-06-12 19:17:37.019562,0 days 00:00:28.354331,35,0.5515312411969784,0.13192321701342638,0.9055916441664108,0.0010485503526407565,452,2978628,6.009999999999999,2.1378610806130514,0.6064999999999999,0.13522666157233934,450.0,4,5.609999999999999,"[0.5299999999999999, 0.03099999999999991]",2978628,"[5.299999999999999, 0.3099999999999991]",0.05772126992543539,25.974571466445923,5.609999999999998,"[0.6769999999999999, -0.1160000000000001]",2979628,"[6.77, -1.160000000000001]",0.061489395565456816,27.670228004455566,9.38,"[0.7859999999999999, 0.15199999999999997]",2980628,"[7.859999999999999, 1.5199999999999996]",0.05625977622138129,25.316899299621582,3.4399999999999986,"[0.433, -0.0890000000000001]",2981628,"[4.33, -0.890000000000001]",0.06258205413818359,28.161924362182617,ParetoSolutionConcept,6.0649999999999995,1.3522666157233934,0.05951312396261427,0.0026037950325756127,26.780905783176422,1.1717077646590266,COMPLETE
298,10.4175,2025-06-12 19:17:37.036284,2025-06-12 19:18:02.799548,0 days 00:00:25.763264,34,0.5796035458157242,0.1360051393126449,0.9094474688455092,0.0008744800384546124,439,2988657,10.4175,2.213463067231979,0.839,0.05323532661682474,430.0,4,13.729999999999999,"[0.8150000000000001, 0.5579999999999999]",2988657,"[8.15, 5.579999999999999]",0.05456489574077517,23.462905168533325,7.579999999999998,"[0.829, -0.0710000000000001]",2989657,"[8.29, -0.7100000000000011]",0.050761454049931015,21.827425241470337,9.700000000000001,"[0.9270000000000002, 0.04299999999999994]",2990657,"[9.270000000000001, 0.4299999999999994]",0.054515388954517456,23.441617250442505,10.66,"[0.7849999999999999, 0.28099999999999997]",2991657,"[7.85, 2.8099999999999996]",0.05944767774537552,25.562501430511475,ParetoSolutionConcept,8.39,0.5323532661682473,0.05482235412264979,0.0030840330919267083,23.57361227273941,1.3261342295284846,COMPLETE
299,9.43,2025-06-12 19:18:02.814349,2025-06-12 19:18:31.601845,0 days 00:00:28.787496,37,0.5173628841791316,0.12039086603812656,0.9139052370305581,0.006395709739290261,448,2998682,9.43,1.2890888254887636,0.7829999999999998,0.057866225036717234,440.0,4,9.939999999999998,"[0.7009999999999998, 0.29299999999999987]",2998682,"[7.009999999999998, 2.929999999999999]",0.05661454471674832,24.910399675369263,10.45,"[0.757, 0.2879999999999999]",2999682,"[7.57, 2.879999999999999]",0.06497202732346274,28.58769202232361,10.11,"[0.8459999999999999, 0.1649999999999999]",3000682,"[8.459999999999999, 1.649999999999999]",0.0646322640505704,28.438196182250977,7.219999999999999,"[0.828, -0.10600000000000012]",3001682,"[8.28, -1.0600000000000012]",0.059578319029374556,26.214460372924805,ParetoSolutionConcept,7.83,0.5786622503671726,0.061449288780039,0.0035148362829427603,27.037687063217163,1.5465279644948144,COMPLETE
300,11.044999999999998,2025-06-12 19:18:31.621554,2025-06-12 19:19:00.642111,0 days 00:00:29.020557,35,0.5696276818384813,0.1285536322996679,0.91218748100781,0.0011942207260177047,466,3008711,11.044999999999998,2.4621586057766467,0.90225,0.06944917206129966,460.0,4,15.02,"[0.942, 0.56]",3008711,"[9.42, 5.6000000000000005]",0.05306774274162624,24.41116166114807,11.139999999999999,"[0.9400000000000001, 0.1739999999999999]",3009711,"[9.4, 1.739999999999999]",0.06260692606801573,28.79918599128723,9.29,"[0.7819999999999999, 0.1469999999999999]",3010711,"[7.819999999999999, 1.469999999999999]",0.06265550126200137,28.82153058052063,8.73,"[0.9450000000000001, -0.07200000000000009]",3011711,"[9.450000000000001, -0.7200000000000009]",0.06241524426833443,28.711012363433838,ParetoSolutionConcept,9.0225,0.6944917206129967,0.06018635358499444,0.004110913384335276,27.685722649097443,1.8910201567942264,COMPLETE
