number,value,datetime_start,datetime_complete,duration,params_episode_length,params_epsilon_max,params_epsilon_min,params_gamma,params_learning_rate,params_num_episodes,user_attrs_base_seed,user_attrs_collective_reward_mean,user_attrs_collective_reward_std,user_attrs_individual_reward_agent0_mean,user_attrs_individual_reward_agent0_std,user_attrs_num_episodes_mean,user_attrs_num_parallel_runs,user_attrs_run_0_collective_reward,user_attrs_run_0_individual_rewards,user_attrs_run_0_seed,user_attrs_run_0_total_individual_rewards,user_attrs_run_0_training_time_per_episode,user_attrs_run_0_training_time_total,user_attrs_run_1_collective_reward,user_attrs_run_1_individual_rewards,user_attrs_run_1_seed,user_attrs_run_1_total_individual_rewards,user_attrs_run_1_training_time_per_episode,user_attrs_run_1_training_time_total,user_attrs_run_2_collective_reward,user_attrs_run_2_individual_rewards,user_attrs_run_2_seed,user_attrs_run_2_total_individual_rewards,user_attrs_run_2_training_time_per_episode,user_attrs_run_2_training_time_total,user_attrs_run_3_collective_reward,user_attrs_run_3_individual_rewards,user_attrs_run_3_seed,user_attrs_run_3_total_individual_rewards,user_attrs_run_3_training_time_per_episode,user_attrs_run_3_training_time_total,user_attrs_solution_concept,user_attrs_total_individual_reward_agent0_mean,user_attrs_total_individual_reward_agent0_std,user_attrs_training_time_per_episode_mean,user_attrs_training_time_per_episode_std,user_attrs_training_time_total_mean,user_attrs_training_time_total_std,state
0,3.6149999999999998,2025-06-12 21:50:41.256163,2025-06-12 21:50:43.300752,0 days 00:00:02.044589,28,0.9787602427407449,0.15689322235912948,0.9380646978308806,0.09805851259894312,120,7841,3.6149999999999998,1.8002569261080488,0.51125,0.10077295023963524,120.0,4,4.459999999999999,"[0.5889999999999999, -0.14300000000000004]",7841,"[5.889999999999999, -1.4300000000000004]",0.014692197243372599,1.763063669204712,5.75,"[0.49099999999999994, 0.08399999999999996]",8841,"[4.909999999999999, 0.8399999999999996]",0.015267624457677206,1.8321149349212646,3.3999999999999995,"[0.6100000000000001, -0.2700000000000001]",9841,"[6.100000000000001, -2.7000000000000006]",0.01423418124516805,1.708101749420166,0.8499999999999991,"[0.355, -0.2700000000000001]",10841,"[3.55, -2.7000000000000006]",0.015183496475219726,1.8220195770263672,WelfareSolutionConcept,5.1125,1.0077295023963526,0.014844374855359395,0.00041522221954853027,1.7813249826431274,0.0498266663458236,COMPLETE
1,4.274999999999999,2025-06-12 21:50:43.380843,2025-06-12 21:50:50.616815,0 days 00:00:07.235972,33,0.5172452742870952,0.025119571242886503,0.9522773236124974,0.02342060491620222,390,17843,4.274999999999999,1.9145430264164869,0.5259999999999999,0.11550108224601187,390.0,4,3.9799999999999986,"[0.597, -0.1990000000000001]",17843,"[5.97, -1.9900000000000009]",0.017368026880117564,6.77353048324585,6.499999999999999,"[0.591, 0.05899999999999992]",18843,"[5.91, 0.5899999999999992]",0.015242946453583546,5.944749116897583,5.2799999999999985,"[0.5899999999999999, -0.0620000000000001]",19843,"[5.899999999999999, -0.620000000000001]",0.01773230662712684,6.915599584579468,1.3399999999999985,"[0.32599999999999996, -0.19200000000000012]",20843,"[3.26, -1.9200000000000013]",0.018185363060388808,7.092291593551636,WelfareSolutionConcept,5.26,1.1550108224601185,0.017132160755304188,0.0011285138091270328,6.681542694568634,0.4401203855595429,COMPLETE
2,5.739999999999998,2025-06-12 21:50:50.631741,2025-06-12 21:50:54.990000,0 days 00:00:04.358259,21,0.8046276291073946,0.16880625386592896,0.9677600457985334,0.045908253393768375,397,27850,5.739999999999998,1.3223653050500073,0.56675,0.18086234406310234,390.0,4,4.159999999999999,"[0.37699999999999995, 0.038999999999999965]",27850,"[3.7699999999999996, 0.3899999999999997]",0.010841841575426933,4.228318214416504,5.4799999999999995,"[0.748, -0.2]",28850,"[7.48, -2.0]",0.00977032245733799,3.8104257583618164,5.489999999999998,"[0.39499999999999996, 0.15399999999999997]",29850,"[3.9499999999999997, 1.5399999999999996]",0.010090362720000438,3.935241460800171,7.829999999999998,"[0.747, 0.035999999999999956]",30850,"[7.47, 0.35999999999999954]",0.010137018179282163,3.953437089920044,WelfareSolutionConcept,5.6674999999999995,1.8086234406310233,0.010209886233011882,0.0003912094998554375,3.981855630874634,0.15257170494362052,COMPLETE
3,2.8399999999999976,2025-06-12 21:50:55.004522,2025-06-12 21:51:04.361978,0 days 00:00:09.357456,46,0.8199982936962371,0.027566537525465833,0.9411058179031507,0.0844903000719661,430,37855,2.8399999999999976,2.7497272592022655,0.41124999999999995,0.3525247331748512,430.0,4,3.8999999999999977,"[0.41, -0.02000000000000012]",37855,"[4.1, -0.20000000000000118]",0.01992903698322385,8.569485902786255,3.959999999999998,"[0.701, -0.30500000000000027]",38855,"[7.01, -3.0500000000000025]",0.019950294494628908,8.57862663269043,5.3199999999999985,"[0.698, -0.16600000000000018]",39855,"[6.9799999999999995, -1.6600000000000017]",0.017067433512488076,7.338996410369873,-1.8200000000000032,"[-0.16400000000000017, -0.01800000000000016]",40855,"[-1.6400000000000017, -0.1800000000000016]",0.021434555497280388,9.216858863830566,WelfareSolutionConcept,4.1125,3.525247331748512,0.019595330121905306,0.0015819585348959746,8.425991952419281,0.6802421700052687,COMPLETE
4,1.1799999999999988,2025-06-12 21:51:04.375955,2025-06-12 21:51:06.776779,0 days 00:00:02.400824,32,0.6014952683728607,0.04979588534801194,0.9564563899148872,0.00018818071885426057,115,47864,1.1799999999999988,1.6176989831238697,0.2709999999999999,0.14210383527547735,110.0,4,3.9799999999999995,"[0.4669999999999999, -0.06900000000000009]",47864,"[4.669999999999999, -0.6900000000000008]",0.01728497635234486,1.9013473987579346,0.27999999999999836,"[0.08199999999999993, -0.05400000000000007]",48864,"[0.8199999999999994, -0.5400000000000007]",0.019824697754599833,2.1807167530059814,0.3099999999999986,"[0.2099999999999999, -0.17900000000000008]",49864,"[2.099999999999999, -1.7900000000000007]",0.01996886513449929,2.196575164794922,0.14999999999999836,"[0.3249999999999999, -0.3100000000000001]",50864,"[3.249999999999999, -3.100000000000001]",0.019423770904541015,2.1366147994995117,WelfareSolutionConcept,2.709999999999999,1.4210383527547734,0.019125577536496248,0.0010812764512547566,2.1038135290145874,0.11894040963802319,COMPLETE
5,2.469999999999998,2025-06-12 21:51:06.790960,2025-06-12 21:51:14.186159,0 days 00:00:07.395199,31,0.5621950013634066,0.1410849214761897,0.9368731886739399,0.00025951603025628635,452,57866,2.469999999999998,3.024780983806927,0.32575,0.2278161265143449,450.0,4,5.199999999999998,"[0.4499999999999999, 0.06999999999999995]",57866,"[4.499999999999999, 0.6999999999999995]",0.013766680823432074,6.195006370544434,5.159999999999998,"[0.5609999999999999, -0.045000000000000075]",58866,"[5.609999999999999, -0.45000000000000073]",0.015261139339870876,6.8675127029418945,1.6599999999999988,"[0.33599999999999997, -0.1700000000000001]",59866,"[3.3599999999999994, -1.700000000000001]",0.016114580896165635,7.251561403274536,-2.1400000000000015,"[-0.04400000000000008, -0.17000000000000007]",60866,"[-0.44000000000000083, -1.7000000000000006]",0.015911680857340495,7.160256385803223,WelfareSolutionConcept,3.2574999999999994,2.278161265143449,0.015263520479202269,0.000919911725930931,6.868584215641022,0.41396027666891894,COMPLETE
6,0.684999999999998,2025-06-12 21:51:14.285886,2025-06-12 21:51:19.206529,0 days 00:00:04.920643,38,0.8766298275015252,0.11085505862871096,0.9938301433134361,0.007621040008894894,253,67874,0.684999999999998,0.9655179956893607,0.27174999999999994,0.14724193526302212,250.0,4,0.719999999999998,"[0.4419999999999999, -0.37000000000000016]",67874,"[4.419999999999999, -3.7000000000000015]",0.018035924911499024,4.508981227874756,2.049999999999998,"[0.03599999999999989, 0.16899999999999996]",68874,"[0.35999999999999893, 1.6899999999999995]",0.018010676383972166,4.502669095993042,-0.6800000000000025,"[0.30199999999999994, -0.37000000000000016]",69874,"[3.0199999999999996, -3.7000000000000015]",0.019015398025512695,4.753849506378174,0.6499999999999985,"[0.30699999999999994, -0.24200000000000013]",70874,"[3.0699999999999994, -2.4200000000000013]",0.01718911647796631,4.297279119491577,WelfareSolutionConcept,2.7174999999999994,1.4724193526302212,0.018062778949737547,0.0006469553761352436,4.515694737434387,0.16173884403381097,COMPLETE
7,2.9374999999999982,2025-06-12 21:51:19.223716,2025-06-12 21:51:22.141075,0 days 00:00:02.917359,39,0.8062466091182701,0.06110607236816015,0.9131841067374632,0.00861508311679055,121,77879,2.9374999999999982,1.3972182184612396,0.5369999999999999,0.14085808461000746,120.0,4,3.3599999999999985,"[0.578, -0.24200000000000016]",77879,"[5.779999999999999, -2.4200000000000017]",0.020666873455047606,2.480024814605713,4.419999999999998,"[0.6880000000000001, -0.24600000000000016]",78879,"[6.880000000000001, -2.4600000000000017]",0.022931458552678426,2.751775026321411,0.639999999999998,"[0.3059999999999999, -0.24200000000000021]",79879,"[3.0599999999999987, -2.420000000000002]",0.02214332620302836,2.6571991443634033,3.3299999999999974,"[0.576, -0.24300000000000016]",80879,"[5.76, -2.4300000000000015]",0.02086376945177714,2.503652334213257,WelfareSolutionConcept,5.369999999999999,1.4085808461000746,0.021651356915632886,0.0009314230615428971,2.598162829875946,0.11177076738514766,COMPLETE
8,3.5249999999999986,2025-06-12 21:51:22.158467,2025-06-12 21:51:24.602629,0 days 00:00:02.444162,39,0.9625622662651305,0.09854962215156389,0.9165943615394821,0.00010852158221411885,116,87882,3.5249999999999986,2.8547723201684585,0.5332499999999999,0.1669436656480263,110.0,4,-0.7400000000000023,"[0.30599999999999994, -0.3800000000000002]",87882,"[3.0599999999999996, -3.8000000000000025]",0.020919587395407935,2.301154613494873,7.209999999999999,"[0.705, 0.015999999999999896]",88882,"[7.05, 0.15999999999999898]",0.019323073733936658,2.1255381107330322,4.389999999999999,"[0.6809999999999999, -0.24200000000000021]",89882,"[6.81, -2.420000000000002]",0.019187810204245828,2.110659122467041,3.239999999999998,"[0.44099999999999995, -0.11700000000000013]",90882,"[4.409999999999999, -1.1700000000000013]",0.018746952577070757,2.062164783477783,WelfareSolutionConcept,5.3325,1.6694366564802632,0.019544355977665295,0.0008220712188671723,2.1498791575431824,0.09042783407538903,COMPLETE
9,4.9,2025-06-12 21:51:24.617012,2025-06-12 21:51:29.370302,0 days 00:00:04.753290,23,0.860169945780416,0.16873121694471274,0.9537504332885339,0.0003024419280192792,382,97884,4.9,2.1664140878419347,0.40974999999999995,0.10774129895263006,380.0,4,2.659999999999999,"[0.246, 0.01999999999999994]",97884,"[2.46, 0.1999999999999994]",0.011913995993764777,4.527318477630615,2.8899999999999997,"[0.5090000000000001, -0.22000000000000003]",98884,"[5.090000000000002, -2.2]",0.012109000431863885,4.601420164108276,7.61,"[0.5039999999999999, 0.2569999999999999]",99884,"[5.039999999999999, 2.569999999999999]",0.010987337639457301,4.175188302993774,6.4399999999999995,"[0.37999999999999984, 0.2639999999999999]",100884,"[3.7999999999999985, 2.639999999999999]",0.01146679489236129,4.35738205909729,WelfareSolutionConcept,4.097499999999999,1.0774129895263007,0.011619282239361813,0.00043280667550464104,4.415327250957489,0.16446653669176362,COMPLETE
10,4.7625,2025-06-12 21:51:29.385460,2025-06-12 21:51:31.515112,0 days 00:00:02.129652,11,0.6838683644996278,0.19191188266933268,0.9863726580331049,0.0014426070791040155,289,107889,4.7625,0.8439009124298895,0.3865,0.15750317457118126,280.0,4,3.47,"[0.22799999999999998, 0.119]",107889,"[2.28, 1.19]",0.006934647049222674,1.9417011737823486,4.549999999999999,"[0.22999999999999998, 0.22499999999999995]",108889,"[2.3, 2.2499999999999996]",0.007055234909057617,1.9754657745361328,5.53,"[0.545, 0.008000000000000005]",109889,"[5.45, 0.08000000000000006]",0.0070245589528765,1.96687650680542,5.5,"[0.5429999999999999, 0.007000000000000016]",110889,"[5.43, 0.07000000000000016]",0.006911544288907732,1.935232400894165,WelfareSolutionConcept,3.865,1.5750317457118128,0.006981496300016131,5.995813266931255e-05,1.9548189640045166,0.01678827714740753,COMPLETE
11,3.125,2025-06-12 21:51:31.630727,2025-06-12 21:51:35.422196,0 days 00:00:03.791469,19,0.7267364338824898,0.19158121359231908,0.9691903086191098,0.0009582338402025782,354,117891,3.125,1.9301101004864982,0.34625,0.132497877341488,350.0,4,4.55,"[0.4029999999999999, 0.05199999999999997]",117891,"[4.029999999999999, 0.5199999999999997]",0.010083941732134137,3.5293796062469482,4.62,"[0.28900000000000003, 0.173]",118891,"[2.8900000000000006, 1.73]",0.009531375340053013,3.3359813690185547,3.45,"[0.525, -0.18]",119891,"[5.25, -1.7999999999999998]",0.010099103110177176,3.5346860885620117,-0.12000000000000044,"[0.16799999999999998, -0.18]",120891,"[1.6799999999999997, -1.7999999999999998]",0.010398830686296736,3.6395907402038574,WelfareSolutionConcept,3.4625,1.32497877341488,0.010028312717165266,0.0003131837277340977,3.509909451007843,0.10961430470693415,COMPLETE
12,5.544999999999999,2025-06-12 21:51:35.436214,2025-06-12 21:51:41.352101,0 days 00:00:05.915887,22,0.8869689941215375,0.15735541376338538,0.9729486154237708,0.0006994275101865121,481,127895,5.544999999999999,3.6921910838958487,0.6215,0.3288202396447032,480.0,4,0.44999999999999885,"[0.15099999999999997, -0.10600000000000002]",127895,"[1.5099999999999998, -1.0600000000000003]",0.012019295990467072,5.769262075424194,10.089999999999998,"[0.9830000000000002, 0.025999999999999957]",128895,"[9.830000000000002, 0.25999999999999956]",0.010110079248746236,4.852838039398193,7.79,"[0.869, -0.09000000000000001]",129895,"[8.69, -0.9000000000000001]",0.01088064859310786,5.2227113246917725,3.849999999999999,"[0.483, -0.098]",130895,"[4.83, -0.98]",0.010916017989317576,5.2396886348724365,WelfareSolutionConcept,6.215,3.2882023964470317,0.010981510455409686,0.0006802303916878237,5.271125018596649,0.32651058801015526,COMPLETE
13,4.6075,2025-06-12 21:51:41.366030,2025-06-12 21:51:45.705906,0 days 00:00:04.339876,16,0.9122876186212537,0.12195773596343715,0.9745582598795568,0.0012024452763935772,499,137901,4.6075,2.0205986117979986,0.46975,0.18750649988733717,490.0,4,7.11,"[0.7489999999999999, -0.03800000000000001]",137901,"[7.489999999999998, -0.3800000000000001]",0.008303639353538046,4.068783283233643,2.61,"[0.29900000000000004, -0.03800000000000001]",138901,"[2.99, -0.3800000000000001]",0.008362108347367267,4.097433090209961,2.630000000000001,"[0.29800000000000004, -0.03500000000000001]",139901,"[2.9800000000000004, -0.3500000000000001]",0.008081603536800463,3.9599857330322266,6.08,"[0.533, 0.07500000000000002]",140901,"[5.33, 0.7500000000000002]",0.008300898513015435,4.0674402713775635,WelfareSolutionConcept,4.6975,1.8750649988733716,0.008262062437680304,0.00010701808215382328,4.048410594463348,0.05243886025537365,COMPLETE
14,5.954999999999999,2025-06-12 21:51:45.720587,2025-06-12 21:51:52.509050,0 days 00:00:06.788463,24,0.7674358858218842,0.16404270290899559,0.9735135486538452,0.004232273628204411,499,147905,5.954999999999999,1.6965479657233398,0.6199999999999999,0.08595638428877753,490.0,4,5.169999999999999,"[0.6239999999999999, -0.10700000000000005]",147905,"[6.239999999999998, -1.0700000000000005]",0.01348654639964201,6.608407735824585,6.329999999999999,"[0.6209999999999999, 0.011999999999999946]",148905,"[6.209999999999999, 0.11999999999999947]",0.012803456248069296,6.273693561553955,8.47,"[0.7389999999999999, 0.10799999999999996]",149905,"[7.389999999999999, 1.0799999999999996]",0.01272229223835225,6.2339231967926025,3.8499999999999988,"[0.4959999999999999, -0.11100000000000007]",150905,"[4.959999999999999, -1.1100000000000008]",0.012683700542060696,6.215013265609741,WelfareSolutionConcept,6.199999999999999,0.8595638428877751,0.012923998857031063,0.00032765038473552997,6.332759439945221,0.16054868852040952,COMPLETE
15,5.7175,2025-06-12 21:51:52.527719,2025-06-12 21:51:55.174195,0 days 00:00:02.646476,10,0.745626736276461,0.08717792040189398,0.9810469305978483,0.02167849405007765,334,157912,5.7175,1.6873999970368623,0.5002500000000001,0.11886836206493302,330.0,4,3.619999999999999,"[0.3430000000000001, 0.019000000000000013]",157912,"[3.4300000000000006, 0.19000000000000014]",0.007256507873535156,2.3946475982666016,4.609999999999999,"[0.445, 0.01600000000000002]",158912,"[4.45, 0.1600000000000002]",0.00716789419000799,2.3654050827026367,7.880000000000001,"[0.6620000000000001, 0.12599999999999995]",159912,"[6.620000000000001, 1.2599999999999993]",0.006877834869153572,2.2696855068206787,6.760000000000002,"[0.551, 0.12499999999999997]",160912,"[5.510000000000001, 1.2499999999999998]",0.006988063003077652,2.306060791015625,WelfareSolutionConcept,5.0025,1.18868362064933,0.007072574983943592,0.0001483096811881855,2.3339497447013855,0.04894219479210126,COMPLETE
16,4.579999999999998,2025-06-12 21:51:55.316760,2025-06-12 21:52:02.032764,0 days 00:00:06.716004,25,0.6629335557570556,0.13078617812521537,0.9622592999325673,0.004178157194152473,426,167915,4.579999999999998,1.306694302428843,0.5772499999999999,0.09575065273928948,420.0,4,4.899999999999999,"[0.487, 0.002999999999999925]",167915,"[4.87, 0.02999999999999925]",0.015322714192526682,6.435539960861206,6.13,"[0.6129999999999999, -7.216449660063518e-17]",168915,"[6.129999999999999, -7.216449660063518e-16]",0.015018290565127419,6.307682037353516,2.509999999999999,"[0.4909999999999998, -0.24000000000000007]",169915,"[4.909999999999998, -2.400000000000001]",0.014345377399807884,6.0250585079193115,4.779999999999999,"[0.718, -0.24000000000000007]",170915,"[7.18, -2.400000000000001]",0.015639046827952068,6.568399667739868,WelfareSolutionConcept,5.772499999999999,0.9575065273928948,0.015081357246353514,0.00047825583783468094,6.334170043468475,0.20086745189056576,COMPLETE
17,4.0675,2025-06-12 21:52:02.046915,2025-06-12 21:52:04.331220,0 days 00:00:02.284305,16,0.7924663791286414,0.19747037141622723,0.9961145890648708,0.03582213722167707,224,177922,4.0675,3.506453871078301,0.38950000000000007,0.29248974340991857,220.0,4,4.95,"[0.30700000000000005, 0.18800000000000003]",177922,"[3.0700000000000003, 1.8800000000000003]",0.00869380777532404,1.912637710571289,7.109999999999999,"[0.756, -0.045]",178922,"[7.5600000000000005, -0.44999999999999996]",0.009043122421611439,1.9894869327545166,-1.86,"[-0.036, -0.14999999999999997]",179922,"[-0.36, -1.4999999999999996]",0.009493683684955944,2.0886104106903076,6.07,"[0.531, 0.07599999999999998]",180922,"[5.3100000000000005, 0.7599999999999998]",0.008638570525429465,1.9004855155944824,WelfareSolutionConcept,3.8950000000000005,2.924897434099186,0.008967296101830221,0.0003412073738050158,1.972805142402649,0.07506562223710346,COMPLETE
18,4.449999999999999,2025-06-12 21:52:04.346091,2025-06-12 21:52:11.561427,0 days 00:00:07.215336,27,0.6420389505795543,0.1708862828852044,0.9013719743269011,0.00315563454001733,465,187924,4.449999999999999,2.169170348312921,0.48799999999999993,0.12101033013755483,460.0,4,7.159999999999998,"[0.61, 0.10599999999999996]",187924,"[6.1, 1.0599999999999996]",0.013586173368536908,6.2496397495269775,6.0,"[0.608, -0.00800000000000003]",188924,"[6.08, -0.0800000000000003]",0.01403413492700328,6.455702066421509,2.34,"[0.3689999999999999, -0.13500000000000006]",189924,"[3.6899999999999986, -1.3500000000000005]",0.014105562023494554,6.488558530807495,2.3,"[0.36499999999999994, -0.13500000000000006]",190924,"[3.6499999999999995, -1.3500000000000005]",0.01530933950258338,7.0422961711883545,WelfareSolutionConcept,4.879999999999999,1.2101033013755482,0.014258802455404531,0.0006383604201948751,6.559049129486084,0.2936457932896425,COMPLETE
19,5.629999999999999,2025-06-12 21:52:11.576605,2025-06-12 21:52:15.979778,0 days 00:00:04.403173,19,0.7134934890647147,0.14590524752626563,0.9838412174647453,0.011818421819110006,404,197931,5.629999999999999,2.2204841814343106,0.5455,0.24122448051555628,400.0,4,7.929999999999999,"[0.5170000000000001, 0.27599999999999997]",197931,"[5.170000000000002, 2.76]",0.01061270833015442,4.245083332061768,5.720000000000001,"[0.752, -0.18]",198931,"[7.52, -1.7999999999999998]",0.010351850390434266,4.140740156173706,6.84,"[0.751, -0.06699999999999999]",199931,"[7.51, -0.6699999999999999]",0.00997233510017395,3.98893404006958,2.0299999999999994,"[0.16200000000000003, 0.04099999999999997]",200931,"[1.6200000000000003, 0.4099999999999997]",0.010584232211112977,4.23369288444519,WelfareSolutionConcept,5.455000000000001,2.4122448051555625,0.010380281507968905,0.00025634289392398546,4.152112603187561,0.10253715756959397,COMPLETE
20,0.28249999999999686,2025-06-12 21:52:15.996207,2025-06-12 21:52:23.590568,0 days 00:00:07.594361,48,0.7944685983616103,0.17715024070674623,0.9640942651514228,0.0029624253882214063,329,207936,0.28249999999999686,1.4690536920072053,0.2497499999999999,0.10317794095638856,320.0,4,0.6199999999999969,"[0.23899999999999988, -0.17700000000000018]",207936,"[2.389999999999999, -1.7700000000000018]",0.02146177813410759,6.867769002914429,0.6599999999999966,"[0.3949999999999999, -0.32900000000000024]",208936,"[3.9499999999999993, -3.2900000000000023]",0.02044525519013405,6.5424816608428955,-2.0900000000000034,"[0.2609999999999999, -0.4700000000000003]",209936,"[2.609999999999999, -4.700000000000003]",0.023122785985469817,7.399291515350342,1.9399999999999973,"[0.10399999999999984, 0.08999999999999986]",210936,"[1.0399999999999985, 0.8999999999999986]",0.02151399925351143,6.884479761123657,WelfareSolutionConcept,2.497499999999999,1.0317794095638857,0.021635954640805723,0.0009583375189985426,6.923505485057831,0.30666800607953393,COMPLETE
21,4.7925,2025-06-12 21:52:23.819693,2025-06-12 21:52:26.423688,0 days 00:00:02.603995,13,0.7527307238676876,0.07966850212750745,0.9800077336250719,0.03489937666985963,309,217943,4.7925,1.6359763904164386,0.489,0.22532532037034805,300.0,4,7.510000000000001,"[0.8709999999999999, -0.11999999999999997]",217943,"[8.709999999999999, -1.1999999999999997]",0.007788913249969482,2.3366739749908447,4.250000000000001,"[0.32599999999999996, 0.099]",218943,"[3.26, 0.99]",0.008169469833374023,2.450840950012207,4.28,"[0.43699999999999994, -0.008999999999999984]",219943,"[4.369999999999999, -0.08999999999999983]",0.007919278144836426,2.3757834434509277,3.130000000000001,"[0.32199999999999995, -0.008999999999999994]",220943,"[3.2199999999999998, -0.08999999999999994]",0.008137959639231364,2.441387891769409,WelfareSolutionConcept,4.889999999999999,2.2532532037034807,0.008003905216852824,0.00015713490823611746,2.401171565055847,0.047140472470835255,COMPLETE
22,4.130000000000001,2025-06-12 21:52:26.439885,2025-06-12 21:52:28.960353,0 days 00:00:02.520468,10,0.7521504455978901,0.09045144301510001,0.9886796622330662,0.020127795702972545,353,227946,4.130000000000001,1.600124995117569,0.368,0.20596965795961308,350.0,4,1.4700000000000002,"[0.12800000000000003, 0.019000000000000024]",227946,"[1.2800000000000002, 0.19000000000000022]",0.006376541001456125,2.2317893505096436,5.75,"[0.665, -0.08999999999999998]",228946,"[6.65, -0.8999999999999998]",0.006730981554303851,2.3558435440063477,4.630000000000001,"[0.445, 0.018000000000000013]",229946,"[4.45, 0.18000000000000013]",0.006633387293134417,2.321685552597046,4.67,"[0.23399999999999999, 0.233]",230946,"[2.34, 2.33]",0.0063857105800083705,2.2349987030029297,WelfareSolutionConcept,3.68,2.059696579596131,0.006531655107225691,0.00015446735981102078,2.2860792875289917,0.054063575933857244,COMPLETE
23,3.6624999999999996,2025-06-12 21:52:28.977296,2025-06-12 21:52:32.030503,0 days 00:00:03.053207,19,0.8341900418627428,0.06650567700177829,0.9768575072975506,0.05106993338356156,267,237949,3.6624999999999996,0.9496677050421374,0.4294999999999999,0.04894129136015931,260.0,4,4.489999999999999,"[0.3949999999999999, 0.05399999999999997]",237949,"[3.9499999999999993, 0.5399999999999997]",0.010595995646256667,2.7549588680267334,3.34,"[0.514, -0.18]",238949,"[5.140000000000001, -1.7999999999999998]",0.010419212854825534,2.7089953422546387,4.569999999999999,"[0.4039999999999999, 0.05299999999999998]",239949,"[4.039999999999999, 0.5299999999999998]",0.010263507182781514,2.6685118675231934,2.249999999999999,"[0.4049999999999999, -0.18]",240949,"[4.049999999999999, -1.7999999999999998]",0.011109370451707106,2.8884363174438477,WelfareSolutionConcept,4.295,0.4894129136015933,0.010597021533892706,0.00031833559916374455,2.7552255988121033,0.08276725578257368,COMPLETE
24,5.6125,2025-06-12 21:52:32.046098,2025-06-12 21:52:34.104519,0 days 00:00:02.058421,15,0.7737552371067873,0.11841243848345308,0.966246903655855,0.01477127760722411,203,247952,5.6125,2.5531487911988204,0.5065,0.19979802301324204,200.0,4,1.74,"[0.20200000000000004, -0.02799999999999998]",247952,"[2.0200000000000005, -0.2799999999999998]",0.00903630256652832,1.807260513305664,7.35,"[0.763, -0.02799999999999999]",248952,"[7.63, -0.2799999999999999]",0.009247266054153443,1.8494532108306885,8.379999999999999,"[0.5329999999999999, 0.305]",249952,"[5.329999999999999, 3.05]",0.009472556114196777,1.8945112228393555,4.98,"[0.528, -0.029999999999999992]",250952,"[5.28, -0.29999999999999993]",0.009349349737167358,1.8698699474334717,WelfareSolutionConcept,5.065,1.9979802301324203,0.009276368618011475,0.00015991751444926748,1.855273723602295,0.031983502889853514,COMPLETE
25,4.862499999999999,2025-06-12 21:52:34.119388,2025-06-12 21:52:38.664033,0 days 00:00:04.544645,23,0.7009989667071486,0.08466141950310331,0.9797386753474547,0.05353693027766738,354,257954,4.862499999999999,1.5175535410653553,0.49649999999999994,0.11751063781632713,350.0,4,7.489999999999998,"[0.616, 0.13299999999999998]",257954,"[6.16, 1.3299999999999998]",0.011344617434910366,3.970616102218628,4.029999999999999,"[0.3799999999999999, 0.022999999999999944]",258954,"[3.799999999999999, 0.22999999999999943]",0.012448660305568151,4.3570311069488525,3.9199999999999995,"[0.612, -0.22000000000000003]",259954,"[6.12, -2.2]",0.012526555742536272,4.384294509887695,4.01,"[0.3779999999999999, 0.022999999999999944]",260954,"[3.779999999999999, 0.22999999999999943]",0.011903601373944963,4.166260480880737,WelfareSolutionConcept,4.964999999999999,1.1751063781632713,0.012055858714239939,0.00047562990804117923,4.219550549983978,0.16647046781441274,COMPLETE
26,5.7825,2025-06-12 21:52:38.834949,2025-06-12 21:52:45.675615,0 days 00:00:06.840666,35,0.9266803301486555,0.13655842552484895,0.9584142061615881,0.005499811578731571,435,267958,5.7825,2.6788558658501964,0.55625,0.2713902863036922,430.0,4,10.31,"[0.9850000000000001, 0.04599999999999992]",267958,"[9.850000000000001, 0.45999999999999924]",0.013411110500956691,5.766777515411377,5.229999999999999,"[0.595, -0.07200000000000009]",268958,"[5.949999999999999, -0.7200000000000009]",0.014900325619897178,6.407140016555786,3.7699999999999987,"[0.32099999999999995, 0.05599999999999992]",269958,"[3.2099999999999995, 0.5599999999999992]",0.015539181509683298,6.681848049163818,3.819999999999999,"[0.32399999999999995, 0.05799999999999994]",270958,"[3.2399999999999993, 0.5799999999999994]",0.013758159238238667,5.916008472442627,WelfareSolutionConcept,5.5625,2.7139028630369224,0.01440219421719396,0.0008570156043430496,6.192943513393402,0.36851670986751145,COMPLETE
27,3.367499999999999,2025-06-12 21:52:45.695006,2025-06-12 21:52:52.757749,0 days 00:00:07.062743,36,0.9227727447336604,0.13827164486812907,0.9480846424435004,0.0021100966726383496,434,277965,3.367499999999999,1.451677908490723,0.58675,0.1327542372205121,430.0,4,3.709999999999998,"[0.721, -0.35000000000000014]",277965,"[7.21, -3.5000000000000013]",0.015574845047884209,6.69718337059021,1.0399999999999983,"[0.454, -0.35000000000000014]",278965,"[4.54, -3.5000000000000013]",0.015954916976219,6.86061429977417,5.039999999999998,"[0.4539999999999999, 0.04999999999999989]",279965,"[4.539999999999999, 0.4999999999999989]",0.015429001076276913,6.634470462799072,3.679999999999999,"[0.718, -0.35000000000000014]",280965,"[7.18, -3.5000000000000013]",0.015984814111576522,6.873470067977905,WelfareSolutionConcept,5.8675,1.3275423722051212,0.015735894302989162,0.0002398188470844342,6.766434550285339,0.10312210424630687,COMPLETE
28,1.7999999999999985,2025-06-12 21:52:52.774089,2025-06-12 21:53:00.990189,0 days 00:00:08.216100,35,0.9516047924882797,0.15587132163416778,0.9597597280794357,0.004794452630630652,499,287972,1.7999999999999985,2.7191083097221416,0.45499999999999996,0.24751464603130058,490.0,4,-2.810000000000002,"[0.05899999999999992, -0.3400000000000002]",287972,"[0.5899999999999992, -3.400000000000002]",0.016414545506847147,8.043127298355103,3.839999999999999,"[0.724, -0.3400000000000002]",288972,"[7.24, -3.400000000000002]",0.015328865148583237,7.511143922805786,2.4299999999999984,"[0.45600000000000007, -0.21300000000000016]",289972,"[4.5600000000000005, -2.1300000000000017]",0.015984160072949467,7.832238435745239,3.7399999999999984,"[0.5810000000000001, -0.20700000000000013]",290972,"[5.8100000000000005, -2.070000000000001]",0.015528848706459512,7.609135866165161,WelfareSolutionConcept,4.550000000000001,2.475146460313006,0.015814104858709842,0.0004202012602628789,7.748911380767822,0.20589861752881083,COMPLETE
29,5.664999999999999,2025-06-12 21:53:01.010089,2025-06-12 21:53:06.988022,0 days 00:00:05.977933,27,0.9994354190780289,0.15198202426306198,0.944546326686354,0.0056890853418317495,459,297981,5.664999999999999,5.3881977506398195,0.33075,0.29401817545859305,450.0,4,4.679999999999998,"[0.484, -0.016000000000000052]",297981,"[4.84, -0.16000000000000053]",0.012929668956332737,5.8183510303497314,14.72,"[0.732, 0.74]",298981,"[7.32, 7.4]",0.010182042651706271,4.581919193267822,1.0799999999999992,"[-0.00800000000000003, 0.11600000000000002]",299981,"[-0.0800000000000003, 1.1600000000000001]",0.012213644451565213,5.496140003204346,2.1799999999999997,"[0.11499999999999996, 0.10299999999999998]",300981,"[1.1499999999999997, 1.0299999999999998]",0.012669836680094401,5.7014265060424805,WelfareSolutionConcept,3.3075,2.9401817545859306,0.011998798184924655,0.0010797653264518353,5.399459183216095,0.4858943969033258,COMPLETE
30,4.364999999999998,2025-06-12 21:53:07.002042,2025-06-12 21:53:15.112376,0 days 00:00:08.110334,42,0.8442147223938485,0.17941278631086705,0.9351709109477474,0.0996724005988046,401,307987,4.364999999999998,3.588025222876786,0.6012500000000001,0.1163343779800279,400.0,4,10.0,"[0.7070000000000001, 0.293]",307987,"[7.07, 2.9299999999999997]",0.016254825592041014,6.501930236816406,2.989999999999998,"[0.57, -0.2710000000000002]",308987,"[5.699999999999999, -2.7100000000000017]",0.0174118447303772,6.964737892150879,0.13999999999999746,"[0.42400000000000004, -0.41000000000000025]",309987,"[4.24, -4.100000000000002]",0.019413700699806212,7.765480279922485,4.329999999999998,"[0.704, -0.2710000000000002]",310987,"[7.039999999999999, -2.7100000000000017]",0.019848310947418214,7.939324378967285,WelfareSolutionConcept,6.012499999999999,1.1633437798002788,0.01823217049241066,0.0014654991310278748,7.292868196964264,0.5861996524111498,COMPLETE
31,5.592499999999999,2025-06-12 21:53:15.305072,2025-06-12 21:53:20.910620,0 days 00:00:05.605548,28,0.7371194383106638,0.13120846750948778,0.970728775939784,0.010773948644750146,368,317995,5.592499999999999,2.371121833647525,0.6094999999999999,0.19479925564539516,360.0,4,7.16,"[0.732, -0.016000000000000052]",317995,"[7.32, -0.16000000000000053]",0.014173126882976957,5.102325677871704,2.1899999999999995,"[0.362, -0.14300000000000004]",318995,"[3.62, -1.4300000000000004]",0.015147864156299167,5.4532310962677,8.35,"[0.8560000000000001, -0.02100000000000004]",319995,"[8.56, -0.2100000000000004]",0.014321799410714044,5.155847787857056,4.669999999999999,"[0.4879999999999999, -0.021000000000000064]",320995,"[4.879999999999999, -0.21000000000000063]",0.01454623540242513,5.236644744873047,WelfareSolutionConcept,6.095,1.9479925564539515,0.014547256463103824,0.0003713268334259371,5.237012326717377,0.13367766003333753,COMPLETE
32,3.5849999999999995,2025-06-12 21:53:20.926362,2025-06-12 21:53:27.084882,0 days 00:00:06.158520,29,0.6311287696631238,0.16539184323347625,0.9889468305956389,0.01742848086501479,414,328000,3.5849999999999995,1.0484870051650617,0.3847499999999999,0.05329340953626443,410.0,4,2.019999999999999,"[0.355, -0.15300000000000005]",328000,"[3.55, -1.5300000000000005]",0.014629511135380443,5.9980995655059814,4.59,"[0.3559999999999999, 0.10299999999999998]",329000,"[3.559999999999999, 1.0299999999999998]",0.014412949724895199,5.909309387207031,4.489999999999998,"[0.477, -0.028000000000000046]",330000,"[4.77, -0.28000000000000047]",0.01339802218646538,5.493189096450806,3.2399999999999998,"[0.351, -0.02700000000000006]",331000,"[3.51, -0.2700000000000006]",0.0145698838117646,5.973652362823486,WelfareSolutionConcept,3.8474999999999997,0.5329340953626442,0.014252591714626405,0.000499686475343949,5.843562602996826,0.20487145489101924,COMPLETE
33,3.544999999999998,2025-06-12 21:53:27.098750,2025-06-12 21:53:36.928158,0 days 00:00:09.829408,43,0.7682211549714659,0.10348668345005588,0.9281082400214881,0.02844287082505934,447,338007,3.544999999999998,3.76407027033237,0.49349999999999994,0.20851079108765574,440.0,4,7.049999999999998,"[0.5599999999999998, 0.14499999999999988]",338007,"[5.599999999999998, 1.4499999999999988]",0.017810837789015335,7.836768627166748,4.219999999999998,"[0.702, -0.2800000000000002]",339007,"[7.02, -2.800000000000002]",0.02078805078159679,9.146742343902588,-2.740000000000003,"[0.14599999999999985, -0.42000000000000026]",340007,"[1.4599999999999986, -4.200000000000003]",0.021940968795256182,9.65402626991272,5.649999999999998,"[0.5660000000000001, -0.0010000000000001564]",341007,"[5.66, -0.010000000000001563]",0.01940566518089988,8.538492679595947,WelfareSolutionConcept,4.934999999999999,2.0851079108765576,0.019986380636692048,0.0015438026925018566,8.7940074801445,0.6792731847008167,COMPLETE
34,0.9649999999999987,2025-06-12 21:53:36.946312,2025-06-12 21:53:43.242534,0 days 00:00:06.296222,34,0.9214437799960877,0.17971082644395098,0.9551365775557582,0.06715495935546016,394,348016,0.9649999999999987,1.9125964027990854,0.39324999999999993,0.19442784651381603,390.0,4,-1.2900000000000014,"[0.20099999999999993, -0.3300000000000001]",348016,"[2.0099999999999993, -3.300000000000001]",0.01571473402854724,6.128746271133423,-0.010000000000001563,"[0.32899999999999996, -0.3300000000000001]",349016,"[3.2899999999999996, -3.300000000000001]",0.015047784952016977,5.868636131286621,3.8799999999999994,"[0.718, -0.3300000000000001]",350016,"[7.18, -3.300000000000001]",0.014712198575337728,5.737757444381714,1.2799999999999985,"[0.3249999999999999, -0.1970000000000001]",351016,"[3.249999999999999, -1.9700000000000009]",0.015333240460126829,5.979963779449463,WelfareSolutionConcept,3.932499999999999,1.9442784651381604,0.015201989504007194,0.000368716679372359,5.928775906562805,0.14379950495521995,COMPLETE
35,3.884999999999999,2025-06-12 21:53:43.256869,2025-06-12 21:53:48.928271,0 days 00:00:05.671402,31,0.5697543537763087,0.047530506663546274,0.9680149269454914,0.006945071558510399,326,358023,3.884999999999999,4.143202263949951,0.40125,0.27549534932553765,320.0,4,5.389999999999999,"[0.33399999999999996, 0.20499999999999993]",358023,"[3.34, 2.0499999999999994]",0.015963450074195862,5.108304023742676,-2.100000000000001,"[0.08999999999999994, -0.30000000000000016]",359023,"[0.8999999999999995, -3.0000000000000018]",0.017218801379203796,5.510016441345215,9.33,"[0.8460000000000001, 0.08699999999999997]",360023,"[8.46, 0.8699999999999997]",0.014532049745321273,4.650255918502808,2.9199999999999986,"[0.33499999999999985, -0.04300000000000006]",361023,"[3.3499999999999988, -0.4300000000000006]",0.017207153886556626,5.50628924369812,WelfareSolutionConcept,4.012499999999999,2.754953493255377,0.01623036377131939,0.0011052874384656125,5.193716406822205,0.35369198030899596,COMPLETE
36,4.032499999999999,2025-06-12 21:53:49.151644,2025-06-12 21:53:55.068818,0 days 00:00:05.917174,21,0.6892359922773927,0.11519301589512505,0.9591445300605713,0.022775961657907396,480,368029,4.032499999999999,2.121831461261709,0.4534999999999999,0.21453962337992488,480.0,4,5.539999999999999,"[0.5149999999999999, 0.03899999999999996]",368029,"[5.149999999999999, 0.38999999999999957]",0.011341732740402222,5.444031715393066,6.689999999999999,"[0.749, -0.08]",369029,"[7.49, -0.8]",0.011150866746902466,5.352416038513184,1.9599999999999993,"[0.3959999999999999, -0.2]",370029,"[3.959999999999999, -2.0]",0.012004685401916505,5.762248992919922,1.9399999999999997,"[0.15399999999999997, 0.039999999999999945]",371029,"[1.5399999999999996, 0.39999999999999947]",0.010802241166432698,5.185075759887695,WelfareSolutionConcept,4.534999999999999,2.1453962337992487,0.011324881513913473,0.0004375646700577338,5.435943126678467,0.21003104162771202,COMPLETE
37,3.029999999999999,2025-06-12 21:53:55.082800,2025-06-12 21:54:00.908352,0 days 00:00:05.825552,25,0.8087353067239637,0.12670894662659668,0.948965594325731,0.0018552802818959852,441,378035,3.029999999999999,1.7638594048279475,0.3374999999999999,0.1025195103382766,440.0,4,0.1099999999999986,"[0.2509999999999999, -0.24000000000000007]",378035,"[2.509999999999999, -2.400000000000001]",0.012500653483650901,5.5002875328063965,3.749999999999999,"[0.4959999999999999, -0.12100000000000007]",379035,"[4.959999999999999, -1.2100000000000006]",0.012796456163579767,5.630440711975098,3.429999999999999,"[0.35999999999999993, -0.017000000000000078]",380035,"[3.599999999999999, -0.17000000000000076]",0.012630333683707497,5.557346820831299,4.829999999999999,"[0.24299999999999988, 0.24]",381035,"[2.429999999999999, 2.4]",0.011667260798540982,5.133594751358032,WelfareSolutionConcept,3.374999999999999,1.025195103382766,0.012398676032369788,0.00043510399476888586,5.455417454242706,0.19144575769830974,COMPLETE
38,4.505000000000001,2025-06-12 21:54:00.932313,2025-06-12 21:54:05.254738,0 days 00:00:04.322425,13,0.8823053207549262,0.018521657818226983,0.9925106355813763,0.043006107634167144,382,388040,4.505000000000001,3.1702405271524743,0.32275000000000004,0.27230623845222496,380.0,4,4.22,"[0.324, 0.09800000000000003]",388040,"[3.24, 0.9800000000000003]",0.007718719934162341,2.9331135749816895,2.0100000000000002,"[0.098, 0.10300000000000005]",389040,"[0.98, 1.0300000000000005]",0.007720169895573666,2.933664560317993,2.020000000000001,"[0.10200000000000006, 0.10000000000000006]",390040,"[1.0200000000000007, 1.0000000000000007]",0.010963423628556101,4.166100978851318,9.77,"[0.767, 0.20999999999999996]",391040,"[7.67, 2.0999999999999996]",0.010713136196136475,4.07099175453186,WelfareSolutionConcept,3.2275,2.7230623845222497,0.009278862413607146,0.0015619262700350986,3.5259677171707153,0.5935319826133374,COMPLETE
39,2.6399999999999992,2025-06-12 21:54:05.269004,2025-06-12 21:54:14.120753,0 days 00:00:08.851749,31,0.8264274515199509,0.1440268632422388,0.9985545516543252,0.010630148330616875,420,398045,2.6399999999999992,1.8090467102869405,0.46675,0.26450082703084316,420.0,4,0.46999999999999875,"[0.08799999999999997, -0.04100000000000008]",398045,"[0.8799999999999997, -0.4100000000000008]",0.014110095728011359,5.9262402057647705,1.7199999999999989,"[0.4720000000000001, -0.30000000000000016]",399045,"[4.720000000000001, -3.0000000000000018]",0.02066361733845302,8.678719282150269,5.359999999999999,"[0.836, -0.30000000000000016]",400045,"[8.36, -3.0000000000000018]",0.013878121830168224,5.828811168670654,3.0099999999999993,"[0.471, -0.17000000000000007]",401045,"[4.71, -1.7000000000000006]",0.020591858455113004,8.648580551147461,WelfareSolutionConcept,4.6675,2.6450082703084314,0.017310923337936403,0.0033179254016786116,7.270587801933289,1.3935286687050168,COMPLETE
40,4.282499999999999,2025-06-12 21:54:14.136057,2025-06-12 21:54:22.255403,0 days 00:00:08.119346,25,0.7720506729200816,0.1594444329142504,0.9820049015066564,0.0005684176128605675,462,408054,4.282499999999999,2.486537502230763,0.42674999999999996,0.20581226275419065,460.0,4,2.589999999999999,"[0.2549999999999999, 0.003999999999999929]",408054,"[2.549999999999999, 0.039999999999999286]",0.016789779455765434,7.7232985496521,6.239999999999999,"[0.742, -0.11800000000000008]",409054,"[7.42, -1.1800000000000008]",0.012355581055516781,5.68356728553772,7.149999999999999,"[0.4779999999999999, 0.23699999999999993]",410054,"[4.779999999999999, 2.369999999999999]",0.012036966759225597,5.537004709243774,1.1499999999999986,"[0.23199999999999993, -0.11700000000000006]",411054,"[2.3199999999999994, -1.1700000000000006]",0.01730695029963618,7.961197137832642,WelfareSolutionConcept,4.267499999999999,2.0581226275419064,0.014622319392535997,0.0024355326501676053,6.726266920566559,1.1203450190770983,COMPLETE
41,2.9024999999999994,2025-06-12 21:54:22.499010,2025-06-12 21:54:30.650164,0 days 00:00:08.151154,27,0.9909077499010425,0.15510336381619422,0.9459547591405433,0.005209661463851411,472,418062,2.9024999999999994,2.082815102211428,0.39524999999999993,0.1637290062878292,470.0,4,4.81,"[0.615, -0.13400000000000006]",418062,"[6.15, -1.3400000000000007]",0.011879046419833568,5.583151817321777,2.2399999999999993,"[0.23699999999999996, -0.013000000000000057]",419062,"[2.3699999999999997, -0.13000000000000056]",0.016816921437040288,7.9039530754089355,4.779999999999999,"[0.491, -0.013000000000000057]",420062,"[4.91, -0.13000000000000056]",0.010719887246476843,5.038347005844116,-0.22000000000000097,"[0.23799999999999985, -0.2600000000000001]",421062,"[2.3799999999999986, -2.6000000000000014]",0.017008760634888993,7.994117498397827,WelfareSolutionConcept,3.9524999999999997,1.637290062878292,0.014106153934559924,0.002837260830196556,6.629892349243164,1.3335125901923814,COMPLETE
42,4.342499999999999,2025-06-12 21:54:30.665960,2025-06-12 21:54:39.864339,0 days 00:00:09.198379,33,0.9995805850389342,0.14749408965251912,0.9367871166830006,0.0063566800870884935,456,428070,4.342499999999999,1.4743367152723288,0.4957499999999999,0.11345786662898254,450.0,4,2.6599999999999993,"[0.46099999999999997, -0.1950000000000001]",428070,"[4.609999999999999, -1.9500000000000008]",0.020072187847561308,9.032484531402588,3.889999999999999,"[0.32499999999999996, 0.06399999999999992]",429070,"[3.2499999999999996, 0.6399999999999992]",0.012697492705451117,5.713871717453003,6.709999999999999,"[0.5959999999999999, 0.07499999999999996]",430070,"[5.959999999999999, 0.7499999999999996]",0.01805826981862386,8.126221418380737,4.109999999999999,"[0.6009999999999999, -0.1900000000000001]",431070,"[6.009999999999999, -1.9000000000000012]",0.013355427318149142,6.009942293167114,WelfareSolutionConcept,4.9575,1.1345786662898256,0.01604584442244636,0.00311091227648525,7.220629990100861,1.399910524418362,COMPLETE
43,4.672499999999999,2025-06-12 21:54:39.878920,2025-06-12 21:54:46.684049,0 days 00:00:06.805129,20,0.962654777843803,0.1348295227578839,0.9276241535831021,0.0022407162079849125,486,438079,4.672499999999999,0.9957754515953885,0.5459999999999999,0.14994498991296779,480.0,4,5.499999999999999,"[0.6279999999999999, -0.07800000000000004]",438079,"[6.279999999999999, -0.7800000000000005]",0.013836171726385753,6.641362428665161,5.609999999999999,"[0.751, -0.19]",439079,"[7.51, -1.9]",0.010103274881839753,4.849571943283081,3.1399999999999992,"[0.40199999999999997, -0.08800000000000005]",440079,"[4.02, -0.8800000000000006]",0.009359224140644074,4.492427587509155,4.4399999999999995,"[0.4029999999999999, 0.04099999999999997]",441079,"[4.029999999999999, 0.4099999999999997]",0.013785842557748158,6.617204427719116,WelfareSolutionConcept,5.459999999999999,1.4994498991296776,0.011771128326654435,0.0020568479885263737,5.650141596794128,0.9872870344926594,COMPLETE
44,2.4424999999999986,2025-06-12 21:54:46.698668,2025-06-12 21:54:56.630097,0 days 00:00:09.931429,38,0.9425806591737915,0.1846565040099469,0.9438506492983656,0.00357194595224956,438,448086,2.4424999999999986,3.0654475611238245,0.30774999999999997,0.2129816600085557,430.0,4,4.789999999999999,"[0.44099999999999995, 0.037999999999999895]",448086,"[4.409999999999999, 0.37999999999999895]",0.02046977309293525,8.802002429962158,-0.5800000000000023,"[0.03799999999999988, -0.09600000000000013]",449086,"[0.3799999999999988, -0.9600000000000013]",0.016661849132803982,7.164595127105713,-0.5900000000000022,"[0.17399999999999993, -0.23300000000000015]",450086,"[1.7399999999999993, -2.3300000000000014]",0.022700993404831997,9.761427164077759,6.149999999999999,"[0.578, 0.03699999999999988]",451086,"[5.779999999999999, 0.3699999999999988]",0.01544592491416044,6.641747713088989,WelfareSolutionConcept,3.0774999999999992,2.1298166000855567,0.018819635136182917,0.00290800010249666,8.092443108558655,1.2504400440735637,COMPLETE
45,3.6875,2025-06-12 21:54:56.644367,2025-06-12 21:54:58.410286,0 days 00:00:01.765919,17,0.973300879480033,0.16825985079532313,0.952586193002873,0.008864015159192763,155,458096,3.6875,2.677810439519572,0.44199999999999995,0.24722560546998365,150.0,4,5.97,"[0.757, -0.15999999999999998]",458096,"[7.57, -1.5999999999999996]",0.009185191790262857,1.3777787685394287,-0.8800000000000004,"[0.07199999999999998, -0.15999999999999998]",459096,"[0.7199999999999998, -1.5999999999999996]",0.009913584391276042,1.4870376586914062,4.82,"[0.4109999999999999, 0.07099999999999998]",460096,"[4.109999999999999, 0.7099999999999997]",0.009763689041137695,1.4645533561706543,4.84,"[0.528, -0.044000000000000004]",461096,"[5.28, -0.44000000000000006]",0.010039183298746744,1.5058774948120117,WelfareSolutionConcept,4.42,2.4722560546998364,0.009725412130355835,0.00032678903119688467,1.4588118195533752,0.04901835467953266,COMPLETE
46,5.649999999999999,2025-06-12 21:54:58.659942,2025-06-12 21:55:03.033225,0 days 00:00:04.373283,24,0.863891695645773,0.10716967909853083,0.9729880152263185,0.014486916757748781,377,468098,5.649999999999999,2.541052931365264,0.5589999999999999,0.24835961829572856,370.0,4,7.549999999999999,"[0.621, 0.13399999999999995]",468098,"[6.21, 1.3399999999999994]",0.011048064360747466,4.0877838134765625,7.419999999999999,"[0.7399999999999999, 0.001999999999999952]",469098,"[7.399999999999999, 0.019999999999999518]",0.010749556567217853,3.9773359298706055,6.299999999999999,"[0.7379999999999999, -0.10800000000000005]",470098,"[7.379999999999999, -1.0800000000000005]",0.01074864928786819,3.9770002365112305,1.3299999999999987,"[0.13699999999999996, -0.004000000000000068]",471098,"[1.3699999999999997, -0.040000000000000674]",0.011303442233317607,4.182273626327515,WelfareSolutionConcept,5.59,2.4835961829572857,0.010962428112287778,0.0002316462163853936,4.056098401546478,0.08570910006259566,COMPLETE
47,4.765,2025-06-12 21:55:03.047912,2025-06-12 21:55:08.859717,0 days 00:00:05.811805,29,0.89677450876041,0.07112499220493974,0.9406316735802596,0.07073950735303902,417,478103,4.765,2.346747749546167,0.511,0.18717772303348498,410.0,4,5.68,"[0.5980000000000001, -0.030000000000000072]",478103,"[5.98, -0.3000000000000007]",0.011952770628580233,4.9006359577178955,1.9899999999999993,"[0.22699999999999987, -0.02800000000000006]",479103,"[2.2699999999999987, -0.2800000000000006]",0.01371432281121975,5.622872352600098,3.27,"[0.48199999999999993, -0.15500000000000008]",480103,"[4.819999999999999, -1.5500000000000007]",0.013322142275368294,5.462078332901001,8.12,"[0.737, 0.07499999999999993]",481103,"[7.37, 0.7499999999999993]",0.013790326583676222,5.654033899307251,WelfareSolutionConcept,5.11,1.87177723033485,0.013194890574711125,0.0007388181178397341,5.409905135631561,0.3029154283142909,COMPLETE
48,3.0524999999999975,2025-06-12 21:55:08.873899,2025-06-12 21:55:15.475518,0 days 00:00:06.601619,41,0.7296020037634656,0.0963723451272979,0.9766745740385853,0.0058718720452878475,337,488108,3.0524999999999975,2.925656977500951,0.3632499999999999,0.2062636359128773,330.0,4,-1.0400000000000027,"[0.018999999999999878, -0.12300000000000015]",488108,"[0.18999999999999878, -1.2300000000000015]",0.016852485049854624,5.561320066452026,5.879999999999998,"[0.5679999999999998, 0.019999999999999886]",489108,"[5.679999999999998, 0.19999999999999885]",0.018123425136912952,5.980730295181274,5.769999999999997,"[0.4299999999999999, 0.14699999999999988]",490108,"[4.299999999999999, 1.4699999999999989]",0.018854670091108843,6.222041130065918,1.5999999999999979,"[0.43599999999999994, -0.2760000000000002]",491108,"[4.359999999999999, -2.760000000000002]",0.019372184348828866,6.392820835113525,WelfareSolutionConcept,3.6324999999999985,2.062636359128773,0.018300691156676322,0.0009465350614507956,6.039228081703186,0.3123565702787623,COMPLETE
49,2.3324999999999982,2025-06-12 21:55:15.491516,2025-06-12 21:55:21.694887,0 days 00:00:06.203371,36,0.5212192845782795,0.049070225042227814,0.9581477567709157,0.027244723781046032,295,498115,2.3324999999999982,2.995508095465609,0.35074999999999995,0.317343957717805,290.0,4,-1.640000000000002,"[-0.0810000000000001, -0.0830000000000001]",498115,"[-0.8100000000000009, -0.830000000000001]",0.020714017440532816,6.007065057754517,6.379999999999998,"[0.585, 0.052999999999999915]",499115,"[5.85, 0.5299999999999991]",0.019398245318182582,5.625491142272949,3.6599999999999975,"[0.7159999999999999, -0.35000000000000014]",500115,"[7.159999999999998, -3.5000000000000013]",0.019143083999896872,5.551494359970093,0.9299999999999983,"[0.18299999999999997, -0.09000000000000011]",501115,"[1.8299999999999996, -0.900000000000001]",0.020849796821331156,6.046441078186035,WelfareSolutionConcept,3.5074999999999994,3.17343957717805,0.020026285894985858,0.0007625000783853511,5.807622909545898,0.22112502273175172,COMPLETE
50,2.3875,2025-06-12 21:55:21.709089,2025-06-12 21:55:27.263646,0 days 00:00:05.554557,26,0.9400151554146282,0.187230550416397,0.9636741419563286,0.008489620360277516,457,508121,2.3875,1.6941129684882297,0.334,0.09741149829460585,450.0,4,-0.05000000000000082,"[0.24499999999999997, -0.25000000000000006]",508121,"[2.4499999999999997, -2.5000000000000004]",0.01192403581407335,5.365816116333008,4.74,"[0.479, -0.005000000000000055]",509121,"[4.79, -0.050000000000000544]",0.011597239176432291,5.218757629394531,2.41,"[0.367, -0.12600000000000006]",510121,"[3.67, -1.2600000000000007]",0.011999842325846354,5.399929046630859,2.45,"[0.24500000000000002, -3.8857805861880476e-17]",511121,"[2.45, -3.885780586188048e-16]",0.0118060122595893,5.3127055168151855,WelfareSolutionConcept,3.34,0.9741149829460586,0.011831782393985323,0.00015201106451669073,5.324302077293396,0.06840497903251087,COMPLETE
51,5.254999999999999,2025-06-12 21:55:27.533064,2025-06-12 21:55:32.165341,0 days 00:00:04.632277,23,0.8646066132839053,0.10760991060157568,0.9715567219444913,0.013464795874568758,372,518127,5.254999999999999,1.4676937691494092,0.5627500000000001,0.19998046779623257,370.0,4,6.47,"[0.745, -0.09800000000000002]",518127,"[7.45, -0.9800000000000002]",0.012035971074490934,4.4533092975616455,2.8599999999999994,"[0.2619999999999999, 0.023999999999999945]",519127,"[2.619999999999999, 0.23999999999999944]",0.011350161964828904,4.199559926986694,5.249999999999998,"[0.5010000000000001, 0.023999999999999935]",520127,"[5.010000000000002, 0.23999999999999935]",0.012093230840322133,4.4744954109191895,6.439999999999998,"[0.7430000000000001, -0.09900000000000006]",521127,"[7.4300000000000015, -0.9900000000000007]",0.011905302228154363,4.404961824417114,WelfareSolutionConcept,5.627500000000001,1.999804677962326,0.011846166526949083,0.00029435696781762044,4.383081614971161,0.10891207809251958,COMPLETE
52,2.047499999999999,2025-06-12 21:55:32.180257,2025-06-12 21:55:36.962601,0 days 00:00:04.782344,24,0.8568805714995819,0.14932896764383433,0.9741105464275143,0.0041035274148435155,389,528132,2.047499999999999,2.7577561077803816,0.31575,0.18080013136057174,380.0,4,3.869999999999999,"[0.383, 0.003999999999999939]",528132,"[3.83, 0.0399999999999994]",0.010888494943317614,4.137628078460693,-2.170000000000001,"[0.012999999999999966, -0.23000000000000004]",529132,"[0.12999999999999967, -2.3000000000000003]",0.01213709931624563,4.61209774017334,5.039999999999999,"[0.4919999999999999, 0.011999999999999936]",530132,"[4.919999999999999, 0.11999999999999936]",0.011595370267566883,4.406240701675415,1.4499999999999988,"[0.375, -0.23000000000000004]",531132,"[3.75, -2.3000000000000003]",0.012036650431783575,4.573927164077759,WelfareSolutionConcept,3.1574999999999998,1.8080013136057174,0.011664403739728425,0.0004921404241756838,4.432473421096802,0.18701336118675985,COMPLETE
53,3.872499999999999,2025-06-12 21:55:36.977845,2025-06-12 21:55:41.440620,0 days 00:00:04.462775,22,0.904241649305747,0.16186883718785375,0.9671898728453372,0.016334282992191182,372,538137,3.872499999999999,0.5098222729540165,0.47750000000000004,0.054011572833977,370.0,4,2.9899999999999998,"[0.5090000000000001, -0.21000000000000002]",538137,"[5.090000000000002, -2.1]",0.01125352060472643,4.163802623748779,4.139999999999999,"[0.384, 0.02999999999999996]",539137,"[3.84, 0.2999999999999996]",0.010824583672188423,4.005095958709717,4.169999999999999,"[0.506, -0.08900000000000002]",540137,"[5.0600000000000005, -0.8900000000000002]",0.011441165692097431,4.23323130607605,4.1899999999999995,"[0.511, -0.09200000000000003]",541137,"[5.11, -0.9200000000000003]",0.01115517487397065,4.127414703369141,WelfareSolutionConcept,4.775,0.5401157283397702,0.011168611210745734,0.00022362414500831353,4.132386147975922,0.08274093365307607,COMPLETE
54,4.1225,2025-06-12 21:55:41.455407,2025-06-12 21:55:45.873764,0 days 00:00:04.418357,18,0.816504671807537,0.1212957781451686,0.9843770995628537,0.002593708825507021,412,548141,4.1225,1.9351146606855112,0.46599999999999997,0.21107936895869286,410.0,4,5.91,"[0.761, -0.16999999999999998]",548141,"[7.61, -1.6999999999999997]",0.009080471062078708,3.7229931354522705,5.84,"[0.404, 0.18000000000000008]",549141,"[4.04, 1.8000000000000007]",0.009445839974938369,3.8727943897247314,1.2099999999999995,"[0.176, -0.05499999999999999]",550141,"[1.7599999999999998, -0.5499999999999999]",0.009493483566656346,3.8923282623291016,3.5299999999999994,"[0.523, -0.16999999999999998]",551141,"[5.23, -1.6999999999999997]",0.01038588896030333,4.258214473724365,WelfareSolutionConcept,4.66,2.110793689586929,0.009601420890994188,0.0004802693940484496,3.936582565307617,0.19691045155986436,COMPLETE
55,4.645,2025-06-12 21:55:45.888714,2025-06-12 21:55:50.773108,0 days 00:00:04.884394,30,0.7864846707990177,0.17367618797628778,0.9781664918078263,0.020049073529750328,317,558145,4.645,1.8996907643087602,0.46974999999999995,0.09133283911058497,310.0,4,6.91,"[0.599, 0.09199999999999997]",558145,"[5.99, 0.9199999999999997]",0.014231558768979965,4.411783218383789,5.64,"[0.476, 0.08799999999999994]",559145,"[4.76, 0.8799999999999994]",0.013271191043238486,4.114069223403931,1.7899999999999991,"[0.34099999999999997, -0.16200000000000006]",560145,"[3.4099999999999997, -1.6200000000000006]",0.01515823410403344,4.699052572250366,4.239999999999998,"[0.4629999999999999, -0.03900000000000008]",561145,"[4.629999999999999, -0.39000000000000085]",0.015236133913840016,4.723201513290405,WelfareSolutionConcept,4.6975,0.91332839110585,0.014474279457522977,0.0007991481771745697,4.487026631832123,0.24773593492411658,COMPLETE
56,5.62,2025-06-12 21:55:51.078313,2025-06-12 21:55:54.056606,0 days 00:00:02.978293,13,0.8459006939245726,0.09334359941490811,0.9519059620654708,0.0015917133735093244,350,568151,5.62,1.2051348472266497,0.5982500000000001,0.16679684499414255,350.0,4,7.58,"[0.8780000000000001, -0.11999999999999997]",568151,"[8.780000000000001, -1.1999999999999997]",0.007624686786106655,2.668640375137329,4.29,"[0.437, -0.007999999999999993]",569151,"[4.37, -0.07999999999999993]",0.007548631940569196,2.6420211791992188,5.29,"[0.538, -0.008999999999999984]",570151,"[5.380000000000001, -0.08999999999999983]",0.007576828002929688,2.6518898010253906,5.32,"[0.5399999999999999, -0.007999999999999983]",571151,"[5.3999999999999995, -0.07999999999999982]",0.00777531487601144,2.721360206604004,WelfareSolutionConcept,5.9825,1.6679684499414256,0.007631365401404244,8.744313654612607e-05,2.6709778904914856,0.030605097791144124,COMPLETE
57,4.9125,2025-06-12 21:55:54.071881,2025-06-12 21:55:59.724253,0 days 00:00:05.652372,21,0.868809810546605,0.07751659075001738,0.9632405732032625,0.03547985400409221,499,578154,4.9125,1.7458719168369712,0.5712499999999999,0.17458719168369707,490.0,4,7.819999999999999,"[0.8619999999999999, -0.08000000000000004]",578154,"[8.62, -0.8000000000000005]",0.009818982104865872,4.811301231384277,4.319999999999999,"[0.512, -0.08000000000000004]",579154,"[5.12, -0.8000000000000005]",0.011157753516216668,5.467299222946167,4.349999999999999,"[0.5149999999999999, -0.08000000000000004]",580154,"[5.149999999999999, -0.8000000000000005]",0.010715554685008769,5.250621795654297,3.1599999999999997,"[0.396, -0.08000000000000004]",581154,"[3.96, -0.8000000000000005]",0.010992928427092883,5.386534929275513,WelfareSolutionConcept,5.7124999999999995,1.7458719168369712,0.010671304683296048,0.0005168380162045855,5.2289392948150635,0.2532506279402467,COMPLETE
58,5.9975,2025-06-12 21:55:59.740133,2025-06-12 21:56:03.733048,0 days 00:00:03.992915,27,0.7949271155891429,0.19935388398395437,0.9736124080774856,0.008752764521660777,277,588159,5.9975,0.9017032494119115,0.64175,0.0555984487193663,270.0,4,4.7299999999999995,"[0.607, -0.13400000000000006]",588159,"[6.07, -1.3400000000000007]",0.014079450677942347,3.8014516830444336,5.969999999999998,"[0.6100000000000001, -0.013000000000000057]",589159,"[6.100000000000001, -0.13000000000000056]",0.014174804864106355,3.827197313308716,7.279999999999999,"[0.7380000000000001, -0.010000000000000026]",590159,"[7.380000000000001, -0.10000000000000026]",0.013478678244131582,3.6392431259155273,6.010000000000001,"[0.612, -0.01100000000000006]",591159,"[6.12, -0.1100000000000006]",0.013437482162758157,3.628120183944702,WelfareSolutionConcept,6.417500000000001,0.5559844871936627,0.01379260398723461,0.00033653358549102645,3.7240030765533447,0.09086406808257712,COMPLETE
59,4.652499999999999,2025-06-12 21:56:03.749683,2025-06-12 21:56:07.399685,0 days 00:00:03.650002,27,0.7146820953157647,0.19431343483199773,0.9702751623362688,0.007951647729460883,215,598163,4.652499999999999,2.1597265451903853,0.544,0.2518223580224759,210.0,4,4.789999999999999,"[0.7390000000000001, -0.2600000000000001]",598163,"[7.390000000000001, -2.6000000000000014]",0.016111571448189872,3.383430004119873,8.059999999999999,"[0.712, 0.09399999999999997]",599163,"[7.119999999999999, 0.9399999999999997]",0.015373626209440685,3.228461503982544,3.4899999999999998,"[0.609, -0.2600000000000001]",600163,"[6.09, -2.6000000000000014]",0.016560275214059013,3.4776577949523926,2.2700000000000005,"[0.11599999999999996, 0.1109999999999999]",601163,"[1.1599999999999997, 1.109999999999999]",0.015200582004728772,3.192122220993042,WelfareSolutionConcept,5.44,2.518223580224759,0.015811513719104584,0.0005512851911352308,3.320417881011963,0.1157698901383984,COMPLETE
60,2.569999999999999,2025-06-12 21:56:07.414851,2025-06-12 21:56:12.820784,0 days 00:00:05.405933,32,0.6670105886506135,0.18697202015015224,0.960881126260896,0.0044262292224490855,274,608167,2.569999999999999,1.0946917374311362,0.4689999999999999,0.09159967248849749,270.0,4,1.5999999999999988,"[0.4699999999999999, -0.3100000000000001]",608167,"[4.699999999999999, -3.100000000000001]",0.018640624152289495,5.032968521118164,4.209999999999999,"[0.6, -0.1790000000000001]",609167,"[6.0, -1.790000000000001]",0.014773933092753093,3.988961935043335,1.5499999999999994,"[0.46499999999999997, -0.3100000000000001]",610167,"[4.6499999999999995, -3.100000000000001]",0.017004220573990432,4.591139554977417,2.919999999999998,"[0.3409999999999999, -0.04900000000000007]",611167,"[3.4099999999999993, -0.4900000000000007]",0.019200408900225605,5.184110403060913,WelfareSolutionConcept,4.6899999999999995,0.915996724884975,0.017404796679814656,0.0017199852628799193,4.699295103549957,0.46439602097757826,COMPLETE
61,3.619999999999999,2025-06-12 21:56:13.379200,2025-06-12 21:56:17.937718,0 days 00:00:04.558518,24,0.801121491261357,0.1522269700306346,0.9746435152277478,0.01208186970683407,250,618173,3.619999999999999,2.6177566731841213,0.40824999999999995,0.2624389214655479,250.0,4,2.699999999999999,"[0.5, -0.23000000000000004]",618173,"[5.0, -2.3000000000000003]",0.015967681884765626,3.9919204711914062,3.9499999999999993,"[0.37999999999999995, 0.01499999999999995]",619173,"[3.7999999999999994, 0.1499999999999995]",0.015058392524719239,3.7645981311798096,0.28999999999999876,"[0.012999999999999937, 0.015999999999999952]",620173,"[0.12999999999999937, 0.15999999999999953]",0.017491744995117187,4.372936248779297,7.539999999999998,"[0.74, 0.01399999999999996]",621173,"[7.4, 0.1399999999999996]",0.015900785446166993,3.975196361541748,WelfareSolutionConcept,4.0825,2.624389214655479,0.01610465121269226,0.0008773551519986825,4.026162803173065,0.2193387879996708,COMPLETE
62,2.2024999999999992,2025-06-12 21:56:17.958051,2025-06-12 21:56:23.522115,0 days 00:00:05.564064,29,0.7617563905918797,0.1991631055445657,0.987804401419435,0.0032265554833529183,307,628178,2.2024999999999992,2.243327606481051,0.2855,0.2874130303239573,300.0,4,4.4399999999999995,"[0.596, -0.15200000000000005]",628178,"[5.96, -1.5200000000000005]",0.01632330338160197,4.896991014480591,0.6799999999999987,"[0.21999999999999992, -0.15200000000000005]",629178,"[2.1999999999999993, -1.5200000000000005]",0.01600506067276001,4.801518201828003,-0.6600000000000013,"[-0.15300000000000008, 0.08699999999999994]",630178,"[-1.5300000000000007, 0.8699999999999994]",0.01729331413904826,5.1879942417144775,4.35,"[0.479, -0.04400000000000008]",631178,"[4.79, -0.44000000000000083]",0.017949310938517253,5.384793281555176,WelfareSolutionConcept,2.8549999999999995,2.874130303239573,0.016892747282981874,0.0007728250835672881,5.067824184894562,0.23184752507018627,COMPLETE
63,3.6575,2025-06-12 21:56:23.537360,2025-06-12 21:56:29.347465,0 days 00:00:05.810105,26,0.7814562943874941,0.1395479918721449,0.982195746554743,0.0095876409452894,429,638183,3.6575,1.2525648685796678,0.46225,0.16055431324009953,420.0,4,2.42,"[0.368, -0.12600000000000003]",638183,"[3.6799999999999997, -1.2600000000000002]",0.013339556398845855,5.602613687515259,2.3899999999999997,"[0.24699999999999997, -0.008000000000000024]",639183,"[2.4699999999999998, -0.08000000000000024]",0.013208237148466565,5.547459602355957,4.92,"[0.617, -0.12500000000000006]",640183,"[6.17, -1.2500000000000004]",0.012132905210767474,5.095820188522339,4.9,"[0.617, -0.12700000000000006]",641183,"[6.17, -1.2700000000000005]",0.012852220308213006,5.397932529449463,WelfareSolutionConcept,4.6225000000000005,1.6055431324009954,0.012883229766573225,0.0004684581942818736,5.410956501960754,0.19675244159838692,COMPLETE
64,3.682499999999999,2025-06-12 21:56:29.363079,2025-06-12 21:56:33.262038,0 days 00:00:03.898959,28,0.7490044548013167,0.08739068838795806,0.9647493327041743,0.026497412556231434,243,648189,3.682499999999999,3.6556899143663704,0.48024999999999995,0.39404021051156696,240.0,4,2.17,"[0.23299999999999996, -0.01600000000000003]",648189,"[2.3299999999999996, -0.1600000000000003]",0.013911367456118266,3.338728189468384,7.129999999999999,"[0.983, -0.2700000000000001]",649189,"[9.83, -2.7000000000000006]",0.014685716231664021,3.5245718955993652,-1.610000000000001,"[-0.018000000000000037, -0.14300000000000004]",650189,"[-0.18000000000000038, -1.4300000000000004]",0.014752642313639323,3.5406341552734375,7.04,"[0.723, -0.019000000000000038]",651189,"[7.2299999999999995, -0.1900000000000004]",0.01556441088517507,3.7354586124420166,WelfareSolutionConcept,4.8025,3.9404021051156697,0.01472853422164917,0.0005849927135617169,3.534848213195801,0.140398251254812,COMPLETE
65,-0.9625000000000035,2025-06-12 21:56:33.277221,2025-06-12 21:56:39.813957,0 days 00:00:06.536736,50,0.8346590639304867,0.11346504289018641,0.9571232014084934,0.006655610684452592,286,658193,-0.9625000000000035,2.757021717360965,0.17324999999999988,0.335678696821827,280.0,4,3.4499999999999975,"[0.5379999999999999, -0.19300000000000023]",658193,"[5.379999999999999, -1.9300000000000024]",0.022083006586347306,6.183241844177246,-0.9700000000000033,"[0.3929999999999999, -0.4900000000000003]",659193,"[3.929999999999999, -4.900000000000003]",0.022765770980290003,6.374415874481201,-3.9500000000000037,"[-0.34100000000000025, -0.0540000000000002]",660193,"[-3.4100000000000024, -0.540000000000002]",0.021334342445646012,5.973615884780884,-2.3800000000000043,"[0.10299999999999983, -0.34100000000000025]",661193,"[1.0299999999999983, -3.4100000000000024]",0.021802564178194317,6.104717969894409,WelfareSolutionConcept,1.7324999999999988,3.3567869682182696,0.02199642104761941,0.0005184893768032747,6.158997893333435,0.14517702550491687,COMPLETE
66,7.085,2025-06-12 21:56:40.206595,2025-06-12 21:56:42.503093,0 days 00:00:02.296498,10,0.9309738434830989,0.10251781628690451,0.9692678202717505,0.04548652534568838,344,668200,7.085,3.979085950315726,0.5032500000000001,0.24795299453727113,340.0,4,3.6,"[0.23399999999999999, 0.12599999999999997]",668200,"[2.34, 1.2599999999999998]",0.005945342428543989,2.021416425704956,13.270000000000001,"[0.882, 0.445]",669200,"[8.82, 4.45]",0.005636478872860179,1.916402816772461,7.8900000000000015,"[0.558, 0.231]",670200,"[5.58, 2.31]",0.005598566111396341,1.9035124778747559,3.5799999999999996,"[0.3390000000000001, 0.019000000000000024]",671200,"[3.3900000000000006, 0.19000000000000022]",0.006012543509988224,2.044264793395996,WelfareSolutionConcept,5.032500000000001,2.479529945372711,0.005798232730697183,0.00018275765559142292,1.9713991284370422,0.062137602901083805,COMPLETE
67,8.567499999999999,2025-06-12 21:56:42.519003,2025-06-12 21:56:45.315564,0 days 00:00:02.796561,14,0.9809888104530086,0.05662056525811328,0.9675486944707316,0.04722512869693109,336,678202,8.567499999999999,0.8275075528356222,0.7065000000000001,0.12635169171799798,330.0,4,8.54,"[0.6500000000000001, 0.20400000000000004]",678202,"[6.500000000000002, 2.0400000000000005]",0.007558594327984434,2.4943361282348633,8.59,"[0.538, 0.321]",679202,"[5.380000000000001, 3.21]",0.008003630060138125,2.641197919845581,9.74,"[0.8780000000000001, 0.096]",680202,"[8.780000000000001, 0.96]",0.0076065822081132365,2.510172128677368,7.4,"[0.76, -0.019999999999999997]",681202,"[7.6, -0.19999999999999996]",0.007905741893883907,2.6088948249816895,WelfareSolutionConcept,7.065000000000001,1.2635169171799796,0.0077686371225299256,0.00018999945386818787,2.5636502504348755,0.06269981977650192,COMPLETE
68,7.5825,2025-06-12 21:56:45.330885,2025-06-12 21:56:47.486639,0 days 00:00:02.155754,10,0.9306708842203741,0.056068869025629985,0.968705665620822,0.043059973633779204,341,688205,7.5825,2.115140361772712,0.5810000000000001,0.1711972546508851,340.0,4,10.95,"[0.866, 0.229]",688205,"[8.66, 2.29]",0.005575033496407902,1.8955113887786865,5.800000000000001,"[0.5630000000000001, 0.01700000000000001]",689205,"[5.630000000000001, 0.17000000000000012]",0.005791582780725816,1.9691381454467773,5.76,"[0.45200000000000007, 0.124]",690205,"[4.5200000000000005, 1.24]",0.005890491429497214,2.0027670860290527,7.82,"[0.44299999999999995, 0.3390000000000001]",691205,"[4.43, 3.3900000000000006]",0.005843054547029383,1.9866385459899902,WelfareSolutionConcept,5.8100000000000005,1.711972546508851,0.005775040563415079,0.00012065578752443975,1.9635137915611267,0.04102296775830954,COMPLETE
69,3.8500000000000005,2025-06-12 21:56:47.501833,2025-06-12 21:56:50.305691,0 days 00:00:02.803858,12,0.982102964655979,0.03791238790049781,0.9666403420482517,0.07806257098461236,334,698207,3.8500000000000005,1.2053422750405793,0.35800000000000004,0.047963527810201766,330.0,4,5.45,"[0.32700000000000007, 0.21800000000000003]",698207,"[3.2700000000000005, 2.18]",0.008006624019507205,2.642185926437378,2.2200000000000006,"[0.3320000000000001, -0.10999999999999999]",699207,"[3.3200000000000007, -1.0999999999999999]",0.007411078250769413,2.4456558227539062,3.3200000000000003,"[0.332, 1.1102230246251566e-17]",700207,"[3.3200000000000003, 1.1102230246251565e-16]",0.007453555049318256,2.4596731662750244,4.41,"[0.441, 1.1102230246251566e-17]",701207,"[4.41, 1.1102230246251565e-16]",0.007595763061985825,2.5066018104553223,WelfareSolutionConcept,3.5800000000000005,0.4796352781020177,0.007616755095395175,0.00023525287612994754,2.5135291814804077,0.07763344912288277,COMPLETE
70,4.1925,2025-06-12 21:56:50.321357,2025-06-12 21:56:53.752502,0 days 00:00:03.431145,15,0.9267090553906899,0.034729590689148895,0.9705447511125989,0.0350750654634716,360,708210,4.1925,2.1636239853542016,0.30874999999999997,0.20927419214991608,360.0,4,6.199999999999999,"[0.31199999999999994, 0.30799999999999994]",708210,"[3.119999999999999, 3.079999999999999]",0.00861718389723036,3.1021862030029297,0.54,"[-0.02799999999999999, 0.082]",709210,"[-0.2799999999999999, 0.8200000000000001]",0.008949236737357246,3.2217252254486084,4.99,"[0.42000000000000004, 0.07900000000000004]",710210,"[4.2, 0.7900000000000005]",0.009065083000395033,3.263429880142212,5.04,"[0.531, -0.02699999999999999]",711210,"[5.3100000000000005, -0.2699999999999999]",0.00866331590546502,3.1187937259674072,WelfareSolutionConcept,3.0875,2.092741921499161,0.008823704885111914,0.0001886777568325948,3.1765337586402893,0.06792399245973413,COMPLETE
71,3.8400000000000007,2025-06-12 21:56:54.137924,2025-06-12 21:56:56.323648,0 days 00:00:02.185724,10,0.9605510943521901,0.06014488412850347,0.9764625356381319,0.047710401766396814,319,718214,3.8400000000000007,1.3669125795017034,0.31300000000000006,0.1385875174754206,310.0,4,5.640000000000001,"[0.44300000000000006, 0.12099999999999997]",718214,"[4.430000000000001, 1.2099999999999997]",0.0062392204038558465,1.9341583251953125,2.5100000000000002,"[0.23199999999999993, 0.019000000000000024]",719214,"[2.3199999999999994, 0.19000000000000022]",0.00651762024048836,2.0204622745513916,2.5200000000000005,"[0.127, 0.12500000000000003]",720214,"[1.27, 1.2500000000000002]",0.006398312507137176,1.9834768772125244,4.690000000000001,"[0.45000000000000007, 0.019000000000000013]",721214,"[4.500000000000001, 0.19000000000000014]",0.00632125485327936,1.9595890045166016,WelfareSolutionConcept,3.13,1.385875174754206,0.006369102001190186,0.00010255425387475261,1.9744216203689575,0.03179181870117325,COMPLETE
72,4.7924999999999995,2025-06-12 21:56:56.338619,2025-06-12 21:56:58.946034,0 days 00:00:02.607415,11,0.934872473468788,0.055001226741999594,0.9682493757172168,0.05955507444912338,342,728216,4.7924999999999995,2.2111577849624386,0.47025000000000006,0.1922334193110033,340.0,4,4.55,"[0.33699999999999997, 0.118]",728216,"[3.3699999999999997, 1.18]",0.006281328201293945,2.1356515884399414,1.27,"[0.22699999999999995, -0.09999999999999999]",729216,"[2.2699999999999996, -0.9999999999999999]",0.007195416618795956,2.446441650390625,6.709999999999999,"[0.6610000000000001, 0.01000000000000002]",730216,"[6.610000000000001, 0.1000000000000002]",0.0071133655660292686,2.418544292449951,6.639999999999999,"[0.656, 0.00800000000000001]",731216,"[6.5600000000000005, 0.0800000000000001]",0.0070875069674323585,2.409752368927002,WelfareSolutionConcept,4.702500000000001,1.9223341931100333,0.0069194043383878825,0.0003705412889897037,2.35259747505188,0.1259840382564992,COMPLETE
73,6.010000000000001,2025-06-12 21:56:58.963672,2025-06-12 21:57:01.677944,0 days 00:00:02.714272,14,0.9135921571731259,0.04225712856753152,0.979756136897643,0.04217009842908245,282,738219,6.010000000000001,1.6910499696933854,0.621,0.1661866420624714,280.0,4,5.07,"[0.6370000000000001, -0.12999999999999995]",738219,"[6.370000000000001, -1.2999999999999994]",0.008426610912595476,2.3594510555267334,4.0600000000000005,"[0.42300000000000004, -0.016999999999999987]",739219,"[4.23, -0.16999999999999987]",0.009058833973748343,2.536473512649536,6.320000000000001,"[0.547, 0.08500000000000002]",740219,"[5.470000000000001, 0.8500000000000002]",0.008547366516930716,2.3932626247406006,8.59,"[0.877, -0.017999999999999988]",741219,"[8.77, -0.17999999999999988]",0.00847821661404201,2.3739006519317627,WelfareSolutionConcept,6.21,1.661866420624714,0.008627757004329136,0.0002525430966066759,2.415771961212158,0.07071206704986928,COMPLETE
74,6.7475,2025-06-12 21:57:01.693373,2025-06-12 21:57:04.445640,0 days 00:00:02.752267,15,0.8935941969576945,0.04205266005118462,0.9608159814500482,0.0425500184924871,276,748221,6.7475,2.981420592603465,0.533,0.13396641370134535,270.0,4,2.86,"[0.426, -0.13999999999999996]",748221,"[4.26, -1.3999999999999995]",0.009575554176613137,2.585399627685547,5.14,"[0.42600000000000005, 0.088]",749221,"[4.260000000000001, 0.8799999999999999]",0.009213150872124567,2.487550735473633,8.319999999999999,"[0.526, 0.30599999999999994]",750221,"[5.26, 3.0599999999999996]",0.009005450319360803,2.431471586227417,10.669999999999998,"[0.7540000000000001, 0.31299999999999994]",751221,"[7.540000000000001, 3.1299999999999994]",0.007810474325109411,2.108828067779541,WelfareSolutionConcept,5.33,1.3396641370134534,0.00890115742330198,0.0006619323080640722,2.4033125042915344,0.17872172317729942,COMPLETE
75,7.047499999999999,2025-06-12 21:57:04.460958,2025-06-12 21:57:07.193762,0 days 00:00:02.732804,15,0.9083699873184141,0.041627614893218,0.962404925786244,0.04566759604556443,265,758224,7.047499999999999,2.2714574066004407,0.5912500000000002,0.052765400595465986,260.0,4,7.409999999999999,"[0.54, 0.20099999999999993]",758224,"[5.4, 2.0099999999999993]",0.009261590700883131,2.4080135822296143,5.109999999999999,"[0.5370000000000001, -0.02599999999999999]",759224,"[5.370000000000001, -0.2599999999999999]",0.009225034713745117,2.3985090255737305,5.05,"[0.6450000000000001, -0.13999999999999996]",760224,"[6.450000000000001, -1.3999999999999995]",0.009701290497413048,2.5223355293273926,10.62,"[0.6430000000000001, 0.41900000000000004]",761224,"[6.4300000000000015, 4.19]",0.00981593498816857,2.552143096923828,WelfareSolutionConcept,5.912500000000001,0.5276540059546599,0.009500962725052468,0.00026113884060513976,2.4702503085136414,0.0678960985573363,COMPLETE
76,4.9175,2025-06-12 21:57:07.588080,2025-06-12 21:57:10.607195,0 days 00:00:03.019115,14,0.9065085786604721,0.04291356064881617,0.9612117160489784,0.04390356366262873,268,768227,4.9175,1.4699043336217492,0.45575,0.20029525081738705,260.0,4,3.950000000000001,"[0.31200000000000006, 0.08300000000000003]",768227,"[3.1200000000000006, 0.8300000000000003]",0.008964826510502741,2.330854892730713,6.32,"[0.65, -0.01799999999999998]",769227,"[6.5, -0.17999999999999983]",0.010323805075425367,2.6841893196105957,6.380000000000001,"[0.655, -0.01699999999999997]",770227,"[6.550000000000001, -0.1699999999999997]",0.009431937107673058,2.452303647994995,3.0200000000000014,"[0.20600000000000004, 0.096]",771227,"[2.0600000000000005, 0.96]",0.01073922927563007,2.7921996116638184,WelfareSolutionConcept,4.557500000000001,2.0029525081738706,0.009864949492307809,0.0007022525708932819,2.5648868680000305,0.18258566843225324,COMPLETE
77,4.6274999999999995,2025-06-12 21:57:10.627140,2025-06-12 21:57:15.674068,0 days 00:00:05.046928,16,0.8903516369031966,0.013148864488063603,0.9796620607951221,0.05438274755964068,279,778230,4.6274999999999995,2.6340783492523525,0.38725000000000004,0.2656006165278989,270.0,4,8.139999999999999,"[0.744, 0.06999999999999998]",778230,"[7.4399999999999995, 0.6999999999999997]",0.01676280145291929,4.525956392288208,1.58,"[0.19300000000000006, -0.034999999999999996]",779230,"[1.9300000000000006, -0.35]",0.016737281834637678,4.519066095352173,2.660000000000001,"[0.07799999999999999, 0.18800000000000008]",780230,"[0.7799999999999998, 1.8800000000000008]",0.017611493004692926,4.75510311126709,6.13,"[0.534, 0.079]",781230,"[5.34, 0.79]",0.014028735514040347,3.7877585887908936,WelfareSolutionConcept,3.8725,2.656006165278989,0.01628507795157256,0.0013493670909125563,4.396971046924591,0.3643291145463902,COMPLETE
78,5.6825,2025-06-12 21:57:15.703712,2025-06-12 21:57:19.623124,0 days 00:00:03.919412,12,0.9149551181665276,0.034003367806401605,0.9654964747779381,0.09807976588217546,234,788235,5.6825,1.2210523125566728,0.46425000000000005,0.1825532456572602,230.0,4,5.49,"[0.44200000000000006, 0.10700000000000003]",788235,"[4.420000000000001, 1.0700000000000003]",0.015222793040068253,3.5012423992156982,5.25,"[0.31900000000000006, 0.20600000000000004]",789235,"[3.1900000000000004, 2.0600000000000005]",0.01589104403620181,3.654940128326416,4.330000000000001,"[0.32700000000000007, 0.10600000000000001]",790235,"[3.2700000000000005, 1.06]",0.015255724865457286,3.508816719055176,7.659999999999999,"[0.769, -0.0029999999999999914]",791235,"[7.69, -0.029999999999999916]",0.014915329477061395,3.430525779724121,WelfareSolutionConcept,4.642500000000001,1.8255324565726023,0.015321222854697185,0.000354761901809605,3.523881256580353,0.08159523741620907,COMPLETE
79,6.0,2025-06-12 21:57:19.649016,2025-06-12 21:57:23.234220,0 days 00:00:03.585204,14,0.9630253428411146,0.027133706181875925,0.9548046226401777,0.0308011989772117,259,798239,6.0,1.45888656173124,0.6220000000000001,0.18134221791960084,250.0,4,4.040000000000001,"[0.31900000000000006, 0.085]",798239,"[3.1900000000000004, 0.8500000000000001]",0.011274937629699708,2.8187344074249268,7.380000000000001,"[0.761, -0.022999999999999975]",799239,"[7.61, -0.22999999999999976]",0.012232505798339843,3.058126449584961,7.43,"[0.7630000000000001, -0.019999999999999983]",800239,"[7.630000000000001, -0.19999999999999984]",0.012329200744628906,3.0823001861572266,5.15,"[0.645, -0.12999999999999995]",801239,"[6.45, -1.2999999999999994]",0.013469953536987305,3.367488384246826,WelfareSolutionConcept,6.22,1.8134221791960086,0.01232664942741394,0.0007781567201620474,3.081662356853485,0.19453918004051188,COMPLETE
80,4.112500000000001,2025-06-12 21:57:23.254368,2025-06-12 21:57:26.087348,0 days 00:00:02.832980,14,0.9714388149528549,0.02636706772457479,0.9557669102196751,0.039576797617964836,264,808243,4.112500000000001,2.7271172967072763,0.374,0.16750373130172355,260.0,4,1.8800000000000001,"[0.20600000000000002, -0.017999999999999995]",808243,"[2.06, -0.17999999999999994]",0.0098084229689378,2.550189971923828,1.88,"[0.20700000000000002, -0.018999999999999982]",809243,"[2.0700000000000003, -0.18999999999999984]",0.009541813226846548,2.4808714389801025,4.130000000000001,"[0.543, -0.12999999999999995]",810243,"[5.430000000000001, -1.2999999999999994]",0.009472230764535758,2.462779998779297,8.56,"[0.54, 0.31600000000000006]",811243,"[5.4, 3.1600000000000006]",0.009404491461240328,2.4451677799224854,WelfareSolutionConcept,3.7400000000000007,1.6750373130172356,0.009556739605390108,0.0001532061958951919,2.4847522974014282,0.0398336109327499,COMPLETE
81,7.7475000000000005,2025-06-12 21:57:26.480685,2025-06-12 21:57:28.023969,0 days 00:00:01.543284,11,0.9565437374349197,0.02010230908357611,0.9621853844177334,0.06177309657381382,190,818246,7.7475000000000005,2.3535651148842263,0.65975,0.13575598513509451,190.0,4,4.4,"[0.43899999999999995, 0.0010000000000000091]",818246,"[4.39, 0.010000000000000092]",0.007195852932177092,1.3672120571136475,6.67,"[0.6569999999999999, 0.01000000000000002]",819246,"[6.569999999999999, 0.1000000000000002]",0.006769171514009175,1.2861425876617432,9.96,"[0.7729999999999999, 0.223]",820246,"[7.729999999999999, 2.23]",0.007275536185816714,1.3823518753051758,9.96,"[0.77, 0.22599999999999998]",821246,"[7.7, 2.26]",0.006855652206822446,1.3025739192962646,WelfareSolutionConcept,6.597499999999999,1.357559851350945,0.007024053209706356,0.00021568635126505001,1.3345701098442078,0.04098040674035954,COMPLETE
82,6.395,2025-06-12 21:57:28.038963,2025-06-12 21:57:29.504392,0 days 00:00:01.465429,11,0.9473130903841533,0.03021818872105593,0.9629577934330855,0.03008458198830431,185,828248,6.395,1.7904259269793876,0.5780000000000001,0.18165214009199016,180.0,4,6.6,"[0.5450000000000002, 0.11499999999999999]",828248,"[5.450000000000001, 1.15]",0.007242757744259304,1.3036963939666748,7.839999999999999,"[0.8840000000000001, -0.09999999999999999]",829248,"[8.840000000000002, -0.9999999999999999]",0.006980617841084798,1.2565112113952637,3.4099999999999997,"[0.44099999999999995, -0.09999999999999999]",830248,"[4.409999999999999, -0.9999999999999999]",0.00712094439400567,1.2817699909210205,7.7299999999999995,"[0.442, 0.33099999999999996]",831248,"[4.42, 3.3099999999999996]",0.006985722647772895,1.257430076599121,WelfareSolutionConcept,5.780000000000001,1.816521400919902,0.0070825106567806665,0.00010828936441380968,1.27485191822052,0.019492085594485745,COMPLETE
83,4.7875,2025-06-12 21:57:29.519094,2025-06-12 21:57:31.188109,0 days 00:00:01.669015,11,0.954770972756322,0.01988516491218492,0.9518763177823523,0.06207073027156013,181,838249,4.7875,1.94700250385047,0.4175,0.2604520109348361,180.0,4,2.33,"[0.119, 0.11400000000000002]",838249,"[1.19, 1.1400000000000001]",0.00767190588845147,1.3809430599212646,3.429999999999999,"[0.22499999999999992, 0.11799999999999997]",839249,"[2.249999999999999, 1.1799999999999997]",0.007540889581044515,1.3573601245880127,6.739999999999999,"[0.774, -0.09999999999999999]",840249,"[7.74, -0.9999999999999999]",0.007390722963545058,1.3303301334381104,6.649999999999999,"[0.5519999999999999, 0.11299999999999999]",841249,"[5.52, 1.13]",0.007368303669823541,1.3262946605682373,WelfareSolutionConcept,4.175,2.6045201093483614,0.007492955525716146,0.00012279096865085742,1.3487319946289062,0.022102374357154373,COMPLETE
84,5.180000000000001,2025-06-12 21:57:31.206133,2025-06-12 21:57:32.942724,0 days 00:00:01.736591,12,0.9837651449152582,0.028848732753990414,0.9616642911962024,0.030119129518073724,187,848251,5.180000000000001,1.9976986759769348,0.46724999999999994,0.23831111493172105,180.0,4,7.72,"[0.7709999999999999, 0.001000000000000012]",848251,"[7.709999999999999, 0.01000000000000012]",0.007530131604936388,1.3554236888885498,5.36,"[0.43600000000000005, 0.10000000000000005]",849251,"[4.36, 1.0000000000000004]",0.008228516578674317,1.481132984161377,2.120000000000001,"[0.11100000000000007, 0.10100000000000006]",850251,"[1.1100000000000008, 1.0100000000000007]",0.00794545809427897,1.4301824569702148,5.5200000000000005,"[0.5509999999999999, 0.001000000000000012]",851251,"[5.51, 0.01000000000000012]",0.007494368818071154,1.3489863872528076,WelfareSolutionConcept,4.6725,2.3831111493172106,0.0077996187739902065,0.00030455841150687455,1.4039313793182373,0.05482051407123743,COMPLETE
85,2.7775,2025-06-12 21:57:32.959393,2025-06-12 21:57:34.158717,0 days 00:00:01.199324,10,0.9434012193935499,0.043495372317387884,0.9547873782983679,0.07719899805198953,137,858253,2.7775,2.3236111443182574,0.23375,0.16966050660068185,130.0,4,-0.71,"[0.019000000000000024, -0.08999999999999998]",858253,"[0.19000000000000022, -0.8999999999999998]",0.007742892778836764,1.0065760612487793,2.4899999999999998,"[0.12599999999999997, 0.12299999999999997]",859253,"[1.2599999999999998, 1.2299999999999998]",0.007613385640657865,0.9897401332855225,5.720000000000001,"[0.44700000000000006, 0.125]",860253,"[4.470000000000001, 1.25]",0.007817919437701885,1.0163295269012451,3.6100000000000003,"[0.34299999999999997, 0.018000000000000023]",861253,"[3.4299999999999997, 0.18000000000000022]",0.007686061125535232,0.9991879463195801,WelfareSolutionConcept,2.3375000000000004,1.6966050660068182,0.007715064745682936,7.505554190047381e-05,1.0029584169387817,0.00975722044706162,COMPLETE
86,5.5975,2025-06-12 21:57:34.585767,2025-06-12 21:57:35.796268,0 days 00:00:01.210501,15,0.9666643904726594,0.055204322774481764,0.9583245739354955,0.0323542016355048,104,868254,5.5975,2.2145696534541415,0.53225,0.1514057049783792,100.0,4,5.140000000000001,"[0.31499999999999995, 0.199]",868254,"[3.1499999999999995, 1.9900000000000002]",0.009861686229705811,0.986168622970581,4.010000000000001,"[0.541, -0.13999999999999996]",869254,"[5.41, -1.3999999999999995]",0.00978518009185791,0.978518009185791,3.9,"[0.5300000000000001, -0.13999999999999996]",870254,"[5.300000000000002, -1.3999999999999995]",0.010509915351867676,1.0509915351867676,9.339999999999998,"[0.743, 0.191]",871254,"[7.43, 1.9100000000000001]",0.010189335346221923,1.0189335346221924,WelfareSolutionConcept,5.3225,1.5140570497837922,0.01008652925491333,0.00028774580082212173,1.008652925491333,0.028774580082212186,COMPLETE
87,6.345,2025-06-12 21:57:35.811351,2025-06-12 21:57:38.487421,0 days 00:00:02.676070,14,0.929881435569215,0.04070938139066188,0.9502508522760569,0.05089272232594851,297,878255,6.345,1.105407164803992,0.652,0.07855889510424646,290.0,4,5.21,"[0.538, -0.01699999999999998]",878255,"[5.380000000000001, -0.16999999999999982]",0.008640061575790932,2.50561785697937,7.42,"[0.76, -0.01799999999999997]",879255,"[7.6, -0.17999999999999972]",0.008462974942963698,2.4542627334594727,7.48,"[0.653, 0.095]",880255,"[6.53, 0.95]",0.008276076974539921,2.400062322616577,5.2700000000000005,"[0.657, -0.12999999999999995]",881255,"[6.57, -1.2999999999999994]",0.00858292579650879,2.489048480987549,WelfareSolutionConcept,6.5200000000000005,0.7855889510424643,0.008490509822450835,0.00013932520863050392,2.462247848510742,0.04040431050284611,COMPLETE
88,3.3625000000000007,2025-06-12 21:57:38.502170,2025-06-12 21:57:40.773418,0 days 00:00:02.271248,17,0.9324784263426851,0.01061419057780183,0.968652471636395,0.04728116458825309,170,888258,3.3625000000000007,0.9695714259403481,0.4112499999999999,0.08346668497071151,170.0,4,2.5500000000000003,"[0.4149999999999999, -0.15999999999999998]",888258,"[4.1499999999999995, -1.5999999999999996]",0.01199946403503418,2.0399088859558105,4.83,"[0.5279999999999999, -0.04500000000000002]",889258,"[5.279999999999999, -0.4500000000000002]",0.011425223070032456,1.9422879219055176,3.64,"[0.41, -0.04600000000000002]",890258,"[4.1, -0.4600000000000002]",0.011902420661028694,2.023411512374878,2.4300000000000006,"[0.2919999999999999, -0.04900000000000002]",891258,"[2.919999999999999, -0.4900000000000002]",0.011908282953150133,2.0244081020355225,WelfareSolutionConcept,4.1125,0.8346668497071152,0.011808847679811366,0.00022480308744782902,2.007504105567932,0.03821652486613084,COMPLETE
89,5.3125,2025-06-12 21:57:40.787491,2025-06-12 21:57:43.235379,0 days 00:00:02.447888,13,0.8802209008426835,0.03987898740809939,0.9498212639454333,0.088440245047478,302,898260,5.3125,1.3660229683281317,0.32525,0.13615317660635023,300.0,4,6.39,"[0.5479999999999999, 0.09100000000000003]",898260,"[5.4799999999999995, 0.9100000000000003]",0.007432474295298259,2.2297422885894775,3.0900000000000003,"[0.21399999999999997, 0.09500000000000006]",899260,"[2.1399999999999997, 0.9500000000000006]",0.00762154499689738,2.286463499069214,6.48,"[0.324, 0.324]",900260,"[3.24, 3.24]",0.007623865604400635,2.2871596813201904,5.29,"[0.215, 0.31400000000000006]",901260,"[2.15, 3.1400000000000006]",0.0071613033612569175,2.148391008377075,WelfareSolutionConcept,3.2525,1.3615317660635022,0.007459797064463297,0.00018902771226236552,2.2379391193389893,0.056708313678709654,COMPLETE
90,5.0775,2025-06-12 21:57:43.252280,2025-06-12 21:57:45.332346,0 days 00:00:02.080066,11,0.9499344938671261,0.06457670301774987,0.9635437648868108,0.02455855285255652,291,908263,5.0775,1.1975678477647937,0.52625,0.15910904279769902,290.0,4,3.45,"[0.445, -0.09999999999999999]",908263,"[4.45, -0.9999999999999999]",0.006516441805609341,1.889768123626709,5.62,"[0.5559999999999999, 0.006000000000000015]",909263,"[5.56, 0.06000000000000015]",0.006306811036734745,1.8289752006530762,6.67,"[0.7670000000000001, -0.09999999999999999]",910263,"[7.670000000000002, -0.9999999999999999]",0.006605871792497306,1.9157028198242188,4.569999999999999,"[0.33699999999999997, 0.11999999999999995]",911263,"[3.3699999999999997, 1.1999999999999995]",0.0064858313264517945,1.8808910846710205,WelfareSolutionConcept,5.2625,1.5910904279769904,0.006478738990323297,0.00010862064044878392,1.878834307193756,0.03149998573014736,COMPLETE
91,6.385000000000001,2025-06-12 21:57:45.795066,2025-06-12 21:57:48.513038,0 days 00:00:02.717972,16,0.9127874446703305,0.030877197633143463,0.9602609056524284,0.041573102568008925,258,918265,6.385000000000001,2.0033160010342854,0.6465,0.11202789831109042,250.0,4,8.39,"[0.7610000000000001, 0.078]",918265,"[7.610000000000001, 0.78]",0.009559412956237794,2.3898532390594482,8.31,"[0.7559999999999999, 0.07499999999999998]",919265,"[7.559999999999999, 0.7499999999999998]",0.010154805183410644,2.538701295852661,4.97,"[0.5319999999999999, -0.034999999999999996]",920265,"[5.319999999999999, -0.35]",0.009272709846496582,2.3181774616241455,3.87,"[0.5369999999999998, -0.14999999999999997]",921265,"[5.369999999999998, -1.4999999999999996]",0.009342595100402832,2.335648775100708,WelfareSolutionConcept,6.464999999999999,1.1202789831109041,0.009582380771636962,0.00034698360110571396,2.3955951929092407,0.08674590027642858,COMPLETE
92,6.2575,2025-06-12 21:57:48.529207,2025-06-12 21:57:51.646330,0 days 00:00:03.117123,17,0.9001527173795785,0.02046761938084091,0.9603071440237878,0.03949051840559509,316,928268,6.2575,2.3425346849086353,0.6134999999999999,0.1463634175605367,310.0,4,5.94,"[0.7540000000000001, -0.15999999999999998]",928268,"[7.540000000000001, -1.5999999999999996]",0.009530576582877866,2.9544787406921387,8.23,"[0.754, 0.06899999999999998]",929268,"[7.54, 0.6899999999999997]",0.009150058992447392,2.8365182876586914,8.309999999999999,"[0.5309999999999999, 0.29999999999999993]",930268,"[5.309999999999999, 2.999999999999999]",0.008880578317949849,2.752979278564453,2.55,"[0.4149999999999999, -0.15999999999999998]",931268,"[4.1499999999999995, -1.5999999999999996]",0.009521863537449991,2.951777696609497,WelfareSolutionConcept,6.135,1.4636341756053668,0.009270769357681275,0.00027265734958903333,2.873938500881195,0.08452377837260036,COMPLETE
93,4.169999999999999,2025-06-12 21:57:51.660990,2025-06-12 21:57:55.136417,0 days 00:00:03.475427,17,0.8982485988809698,0.018263362252990134,0.9604547000458442,0.05569856223075861,316,938271,4.169999999999999,1.7318775938269997,0.4684999999999999,0.1317298371668317,310.0,4,5.829999999999999,"[0.5289999999999999, 0.05399999999999999]",938271,"[5.289999999999999, 0.5399999999999999]",0.009763025468395602,3.0265378952026367,5.969999999999999,"[0.643, -0.046000000000000006]",939271,"[6.43, -0.4600000000000001]",0.009797580780521516,3.03725004196167,2.35,"[0.28900000000000003, -0.054000000000000006]",940271,"[2.8900000000000006, -0.54]",0.009650644179313413,2.991699695587158,2.5300000000000002,"[0.4129999999999999, -0.15999999999999998]",941271,"[4.129999999999999, -1.5999999999999996]",0.010083145480002127,3.125775098800659,WelfareSolutionConcept,4.685,1.3172983716683169,0.009823598977058163,0.00015939247610543075,3.045315682888031,0.04941166759268344,COMPLETE
94,5.790000000000001,2025-06-12 21:57:55.161257,2025-06-12 21:57:57.611553,0 days 00:00:02.450296,16,0.9133246406719829,0.03242857403016512,0.9652340119982635,0.03972000614277262,215,948275,5.790000000000001,1.2413299319681292,0.53125,0.16017705047852515,210.0,4,6.040000000000001,"[0.528, 0.07599999999999998]",948275,"[5.28, 0.7599999999999998]",0.010368859200250534,2.1774604320526123,7.220000000000001,"[0.30700000000000005, 0.41500000000000004]",949275,"[3.0700000000000003, 4.15]",0.010129860469273158,2.1272706985473633,3.8,"[0.5299999999999999, -0.14999999999999997]",950275,"[5.299999999999999, -1.4999999999999996]",0.010845504488263812,2.2775559425354004,6.1,"[0.76, -0.14999999999999997]",951275,"[7.6, -1.4999999999999996]",0.01033038752419608,2.1693813800811768,WelfareSolutionConcept,5.3125,1.6017705047852515,0.010418652920495895,0.00026261832359386226,2.187917113304138,0.05514984795471099,COMPLETE
95,6.362500000000001,2025-06-12 21:57:57.626408,2025-06-12 21:58:01.665169,0 days 00:00:04.038761,18,0.9247397891994992,0.023064311066509573,0.9570022335221042,0.06677697492571458,325,958277,6.362500000000001,1.2953643309895486,0.49000000000000005,0.17301878510728255,320.0,4,4.71,"[0.409, 0.06199999999999998]",958277,"[4.09, 0.6199999999999998]",0.012084857374429703,3.867154359817505,8.09,"[0.7490000000000001, 0.059999999999999984]",959277,"[7.490000000000001, 0.5999999999999999]",0.012056859582662583,3.8581950664520264,5.619999999999999,"[0.278, 0.28400000000000003]",960277,"[2.7800000000000002, 2.8400000000000003]",0.01190437600016594,3.8094003200531006,7.030000000000001,"[0.524, 0.179]",961277,"[5.24, 1.79]",0.01137833222746849,3.641066312789917,WelfareSolutionConcept,4.9,1.7301878510728252,0.011856106296181678,0.00028426526471326077,3.793954014778137,0.0909648847082433,COMPLETE
96,7.1,2025-06-12 21:58:02.138272,2025-06-12 21:58:04.960245,0 days 00:00:02.821973,12,0.9281819847405749,0.046769689040238205,0.9502669304740474,0.06572145581176674,346,968282,7.1,1.6512873765641152,0.54825,0.19359283948534875,340.0,4,8.77,"[0.6620000000000001, 0.21500000000000008]",968282,"[6.620000000000001, 2.150000000000001]",0.006933501888723935,2.3573906421661377,5.54,"[0.6639999999999999, -0.10999999999999999]",969282,"[6.639999999999999, -1.0999999999999999]",0.007289369667277616,2.4783856868743896,8.729999999999999,"[0.654, 0.21900000000000008]",970282,"[6.54, 2.190000000000001]",0.0071716974763309255,2.4383771419525146,5.36,"[0.21300000000000002, 0.32300000000000006]",971282,"[2.1300000000000003, 3.2300000000000004]",0.0077142778564901916,2.622854471206665,WelfareSolutionConcept,5.4825,1.9359283948534871,0.007277211722205667,0.00028303901103970904,2.4742519855499268,0.09623326375350107,COMPLETE
97,3.5300000000000002,2025-06-12 21:58:04.975731,2025-06-12 21:58:07.928807,0 days 00:00:02.953076,12,0.9502935160358381,0.05672043806189444,0.9534286510604455,0.06715292110461356,360,978285,3.5300000000000002,1.9829523443592887,0.4075000000000001,0.1184936707170472,360.0,4,3.14,"[0.42400000000000004, -0.10999999999999999]",978285,"[4.24, -1.0999999999999999]",0.007649331622653537,2.7537593841552734,3.22,"[0.43200000000000005, -0.10999999999999999]",979285,"[4.32, -1.0999999999999999]",0.007578090164396498,2.7281124591827393,1.1200000000000003,"[0.22200000000000006, -0.10999999999999999]",980285,"[2.2200000000000006, -1.0999999999999999]",0.0075922482543521455,2.7332093715667725,6.64,"[0.5520000000000002, 0.11200000000000002]",981285,"[5.520000000000001, 1.12]",0.007738795545366075,2.785966396331787,WelfareSolutionConcept,4.075000000000001,1.1849367071704717,0.007639616396692064,6.31666591573568e-05,2.750261902809143,0.02273999729664851,COMPLETE
98,5.7250000000000005,2025-06-12 21:58:07.944194,2025-06-12 21:58:10.415232,0 days 00:00:02.471038,10,0.9897351837552018,0.049519061415311566,0.9468072336694027,0.08253650761791428,347,988287,5.7250000000000005,2.0098445213498497,0.5810000000000001,0.08897752525216693,340.0,4,8.940000000000003,"[0.658, 0.23600000000000013]",988287,"[6.58, 2.360000000000001]",0.006061344988205854,2.0608572959899902,5.739999999999999,"[0.664, -0.08999999999999998]",989287,"[6.640000000000001, -0.8999999999999998]",0.006776318129371194,2.303948163986206,4.659999999999999,"[0.556, -0.08999999999999998]",990287,"[5.5600000000000005, -0.8999999999999998]",0.006421988150652717,2.183475971221924,3.56,"[0.446, -0.08999999999999998]",991287,"[4.46, -0.8999999999999998]",0.006586133031284108,2.2392852306365967,WelfareSolutionConcept,5.8100000000000005,0.8897752525216692,0.006461446074878468,0.0002628350505255075,2.196891665458679,0.08936391717867255,COMPLETE
99,3.5324999999999998,2025-06-12 21:58:10.430429,2025-06-12 21:58:13.874408,0 days 00:00:03.443979,18,0.9213679218877642,0.030256179350553393,0.9570354319989058,0.06704291809917681,325,998290,3.5324999999999998,2.8190634526381277,0.40800000000000003,0.24430820698453834,320.0,4,5.87,"[0.64, -0.053000000000000005]",998290,"[6.4, -0.53]",0.009330985695123672,2.985915422439575,-1.0700000000000003,"[0.06299999999999997, -0.16999999999999998]",999290,"[0.6299999999999997, -1.6999999999999997]",0.009632472693920136,3.0823912620544434,5.8,"[0.6370000000000001, -0.05700000000000001]",1000290,"[6.370000000000001, -0.5700000000000001]",0.009115481376647949,2.9169540405273438,3.53,"[0.292, 0.06099999999999998]",1001290,"[2.92, 0.6099999999999998]",0.010238164663314819,3.276212692260742,WelfareSolutionConcept,4.08,2.4430820698453832,0.009579276107251644,0.00042240906921923045,3.065368354320526,0.13517090215015373,COMPLETE
100,4.3775,2025-06-12 21:58:13.889987,2025-06-12 21:58:15.873222,0 days 00:00:01.983235,12,0.8939199186366092,0.021727384057182143,0.9628303467487505,0.01933533077472481,191,1008293,4.3775,0.7816768833731752,0.385,0.12546911970680272,190.0,4,4.400000000000001,"[0.44299999999999995, -0.0029999999999999914]",1008293,"[4.43, -0.029999999999999916]",0.008250550219887182,1.5676045417785645,4.4,"[0.332, 0.10800000000000001]",1009293,"[3.3200000000000003, 1.08]",0.00849160771620901,1.613405466079712,3.25,"[0.21400000000000005, 0.11100000000000003]",1010293,"[2.1400000000000006, 1.1100000000000003]",0.008705129121479235,1.6539745330810547,5.460000000000001,"[0.5509999999999999, -0.004999999999999993]",1011293,"[5.51, -0.04999999999999993]",0.008539775798195287,1.6225574016571045,WelfareSolutionConcept,3.85,1.2546911970680272,0.00849676571394268,0.00016272204168556463,1.6143854856491089,0.030917187920257314,COMPLETE
101,4.467499999999999,2025-06-12 21:58:16.416071,2025-06-12 21:58:19.667200,0 days 00:00:03.251129,15,0.9344425395298177,0.03766024597851197,0.941978390965341,0.05117908209381092,339,1018296,4.467499999999999,2.0379570039625463,0.4485,0.1468238740804778,330.0,4,3.7200000000000006,"[0.301, 0.07100000000000001]",1018296,"[3.01, 0.7100000000000001]",0.009326491211399888,3.077742099761963,7.31,"[0.643, 0.088]",1019296,"[6.43, 0.8799999999999999]",0.0089993903131196,2.9697988033294678,5.119999999999999,"[0.538, -0.02599999999999999]",1020296,"[5.380000000000001, -0.2599999999999999]",0.00904040914593321,2.983335018157959,1.7200000000000004,"[0.31199999999999994, -0.13999999999999996]",1021296,"[3.119999999999999, -1.3999999999999995]",0.009122575413097035,3.0104498863220215,WelfareSolutionConcept,4.484999999999999,1.4682387408047783,0.009122216520887433,0.0001260029780393161,3.010331451892853,0.04158098275297423,COMPLETE
102,5.2875000000000005,2025-06-12 21:58:19.682250,2025-06-12 21:58:22.210303,0 days 00:00:02.528053,13,0.9454311585684294,0.0153198397251729,0.9505561626959825,0.059641161636401284,297,1028299,5.2875000000000005,2.3518118015691636,0.42925,0.24900941247270156,290.0,4,5.3100000000000005,"[0.316, 0.21499999999999994]",1028299,"[3.16, 2.1499999999999995]",0.00756592503909407,2.1941182613372803,2.0000000000000013,"[0.09800000000000003, 0.10200000000000006]",1029299,"[0.9800000000000003, 1.0200000000000007]",0.007692336213999781,2.2307775020599365,8.649999999999999,"[0.7670000000000001, 0.09800000000000006]",1030299,"[7.670000000000002, 0.9800000000000006]",0.0074715392342929185,2.1667463779449463,5.19,"[0.536, -0.016999999999999977]",1031299,"[5.36, -0.16999999999999976]",0.00781132434976512,2.2652840614318848,WelfareSolutionConcept,4.2925,2.490094124727016,0.007635281209287972,0.00012832397826494435,2.214231550693512,0.03721395369683388,COMPLETE
103,4.244999999999999,2025-06-12 21:58:22.226341,2025-06-12 21:58:23.685629,0 days 00:00:01.459288,11,0.976140085582916,0.04641435892128022,0.9584642592530003,0.048781513577145205,153,1038302,4.244999999999999,2.063183220172168,0.3905,0.1961026516903839,150.0,4,6.68,"[0.6600000000000001, 0.008000000000000005]",1038302,"[6.600000000000001, 0.08000000000000006]",0.00755249818166097,1.1328747272491455,5.539999999999999,"[0.33599999999999997, 0.21799999999999992]",1039302,"[3.3599999999999994, 2.1799999999999993]",0.0073213672637939455,1.0982050895690918,1.2700000000000002,"[0.11699999999999999, 0.01000000000000002]",1040302,"[1.17, 0.1000000000000002]",0.0077389542261759444,1.1608431339263916,3.4899999999999998,"[0.4490000000000001, -0.09999999999999999]",1041302,"[4.490000000000001, -0.9999999999999999]",0.007571330070495605,1.1356995105743408,WelfareSolutionConcept,3.9050000000000002,1.9610265169038388,0.007546037435531616,0.00014863969254972877,1.1319056153297424,0.022295953882459307,COMPLETE
104,3.785,2025-06-12 21:58:23.704783,2025-06-12 21:58:27.869423,0 days 00:00:04.164640,16,0.8740718804599634,0.023942242877055837,0.9666951209021389,0.0759847277936984,309,1048303,3.785,2.1036337609004088,0.24625000000000002,0.3037518518462069,300.0,4,1.5499999999999998,"[0.07599999999999998, 0.07899999999999999]",1048303,"[0.7599999999999998, 0.7899999999999998]",0.009689104557037354,2.906731367111206,2.610000000000001,"[0.19000000000000003, 0.07100000000000004]",1049303,"[1.9000000000000004, 0.7100000000000004]",0.0093771497408549,2.8131449222564697,3.83,"[-0.034999999999999996, 0.418]",1050303,"[-0.35, 4.18]",0.01330198605855306,3.990595817565918,7.1499999999999995,"[0.7540000000000001, -0.039000000000000014]",1051303,"[7.540000000000001, -0.3900000000000001]",0.009887495835622151,2.9662487506866455,WelfareSolutionConcept,2.4625000000000004,3.0375185184620688,0.010563934048016865,0.0015912480241623578,3.16918021440506,0.4773744072487074,COMPLETE
105,2.3175000000000003,2025-06-12 21:58:27.884659,2025-06-12 21:58:30.428445,0 days 00:00:02.543786,13,0.9212930691840487,0.052671856756132604,0.968975197431266,0.08734801535502804,202,1058307,2.3175000000000003,1.62498269221552,0.32399999999999995,0.20620741984710445,200.0,4,4.21,"[0.541, -0.11999999999999997]",1058307,"[5.41, -1.1999999999999997]",0.011390120983123779,2.278024196624756,3.1700000000000004,"[0.437, -0.11999999999999997]",1059307,"[4.37, -1.1999999999999997]",0.008245830535888671,1.6491661071777344,-0.1699999999999996,"[-0.007999999999999983, -0.008999999999999985]",1060307,"[-0.07999999999999982, -0.08999999999999986]",0.011891238689422608,2.3782477378845215,2.06,"[0.32599999999999996, -0.11999999999999997]",1061307,"[3.26, -1.1999999999999997]",0.008634332418441772,1.7268664836883545,WelfareSolutionConcept,3.24,2.062074198471044,0.010040380656719208,0.0016159251367623279,2.0080761313438416,0.3231850273524655,COMPLETE
106,4.3875,2025-06-12 21:58:31.034910,2025-06-12 21:58:35.807927,0 days 00:00:04.773017,18,0.9274703943857696,0.03490867127731821,0.9479656733141374,0.0233918654036869,330,1068311,4.3875,2.2028546819978843,0.378,0.16869943686924388,330.0,4,6.92,"[0.635, 0.056999999999999974]",1068311,"[6.35, 0.5699999999999997]",0.009897364992083926,3.2661304473876953,3.5700000000000003,"[0.18, 0.17700000000000005]",1069311,"[1.7999999999999998, 1.7700000000000005]",0.013940653656468247,4.6004157066345215,1.199999999999999,"[0.29000000000000004, -0.16999999999999998]",1070311,"[2.9000000000000004, -1.6999999999999997]",0.009922047817345821,3.274275779724121,5.86,"[0.40700000000000003, 0.179]",1071311,"[4.07, 1.79]",0.013746208855600068,4.5362489223480225,WelfareSolutionConcept,3.78,1.6869943686924385,0.011876568830374514,0.001968082837249915,3.91926771402359,0.6494673362924721,COMPLETE
107,4.5175,2025-06-12 21:58:35.823482,2025-06-12 21:58:39.099256,0 days 00:00:03.275774,15,0.9567596126664109,0.07185549000546673,0.9533440872911906,0.00012310194018692012,241,1078315,4.5175,1.2395639354224532,0.42475,0.21129526142344035,240.0,4,2.88,"[0.086, 0.202]",1078315,"[0.8599999999999999, 2.02]",0.009226434429486592,2.2143442630767822,3.8800000000000003,"[0.42200000000000004, -0.033999999999999996]",1079315,"[4.220000000000001, -0.33999999999999997]",0.012941251198450724,3.105900287628174,6.14,"[0.648, -0.033999999999999996]",1080315,"[6.48, -0.33999999999999997]",0.012614827354749043,3.0275585651397705,5.170000000000001,"[0.5429999999999999, -0.026000000000000002]",1081315,"[5.43, -0.26]",0.00925679902235667,2.2216317653656006,WelfareSolutionConcept,4.2475000000000005,2.1129526142344037,0.011009828001260756,0.00177200604711611,2.642358720302582,0.42528145130786654,COMPLETE
108,5.48,2025-06-12 21:58:39.116686,2025-06-12 21:58:43.567207,0 days 00:00:04.450521,14,0.8859272034273129,0.0461104928710679,0.9716063381494252,0.03486201288887649,358,1088319,5.48,1.634915899977733,0.5680000000000001,0.16515144564913742,350.0,4,5.220000000000001,"[0.541, -0.018999999999999982]",1088319,"[5.41, -0.18999999999999984]",0.008920225415910994,3.1220788955688477,7.45,"[0.765, -0.019999999999999983]",1089319,"[7.65, -0.19999999999999984]",0.012228188514709472,4.279865980148315,6.25,"[0.649, -0.023999999999999994]",1090319,"[6.49, -0.23999999999999994]",0.009434541974748883,3.3020896911621094,3.0,"[0.31700000000000006, -0.016999999999999994]",1091319,"[3.170000000000001, -0.16999999999999993]",0.012230978693280901,4.280842542648315,WelfareSolutionConcept,5.680000000000001,1.6515144564913742,0.010703483649662563,0.0015368953230743957,3.746219277381897,0.5379133630760385,COMPLETE
109,5.1775,2025-06-12 21:58:43.582336,2025-06-12 21:58:46.831630,0 days 00:00:03.249294,10,0.9367459185630626,0.05926849253797899,0.9565699133174843,0.06402737002301176,366,1098323,5.1775,1.7650123937241915,0.44825,0.18839635744886365,360.0,4,6.790000000000001,"[0.56, 0.11900000000000002]",1098323,"[5.6000000000000005, 1.1900000000000002]",0.006752583715650771,2.4309301376342773,2.4899999999999998,"[0.122, 0.127]",1099323,"[1.22, 1.27]",0.006495311525132921,2.3383121490478516,4.700000000000001,"[0.56, -0.08999999999999998]",1100323,"[5.6000000000000005, -0.8999999999999998]",0.00636390315161811,2.2910051345825195,6.7299999999999995,"[0.5509999999999999, 0.12199999999999993]",1101323,"[5.51, 1.2199999999999993]",0.008542110522588095,3.075159788131714,WelfareSolutionConcept,4.4825,1.8839635744886367,0.007038477228747474,0.0008793075898533452,2.5338518023490906,0.3165507323472042,COMPLETE
110,6.41,2025-06-12 21:58:46.852804,2025-06-12 21:58:50.267562,0 days 00:00:03.414758,11,0.9055079401834726,0.06604825889733068,0.9622132593643375,0.045009662875036,343,1108326,6.41,0.44738126916535104,0.52475,0.11561655374556017,340.0,4,6.730000000000001,"[0.554, 0.119]",1108326,"[5.540000000000001, 1.19]",0.009501155684976018,3.2303929328918457,5.64,"[0.555, 0.009000000000000006]",1109326,"[5.550000000000001, 0.09000000000000007]",0.006749395061941708,2.2947943210601807,6.59,"[0.653, 0.006000000000000015]",1110326,"[6.53, 0.06000000000000015]",0.006822043306687299,2.3194947242736816,6.68,"[0.337, 0.33099999999999996]",1111326,"[3.37, 3.3099999999999996]",0.00953289130154778,3.241183042526245,WelfareSolutionConcept,5.2475000000000005,1.1561655374556017,0.008151371338788202,0.001365939757683928,2.7714662551879883,0.4644195176125354,COMPLETE
111,6.1450000000000005,2025-06-12 21:58:50.843156,2025-06-12 21:58:54.276163,0 days 00:00:03.433007,11,0.9095418091213439,0.06463542171011191,0.9616391922798018,0.05380071848948461,342,1118330,6.1450000000000005,2.2328737089231008,0.5255,0.09092441916229108,340.0,4,3.45,"[0.445, -0.09999999999999999]",1118330,"[4.45, -0.9999999999999999]",0.009602675718419692,3.2649097442626953,7.710000000000001,"[0.5499999999999999, 0.22099999999999995]",1119330,"[5.499999999999999, 2.2099999999999995]",0.0069579909829532395,2.3657169342041016,4.52,"[0.44299999999999995, 0.009000000000000011]",1120330,"[4.43, 0.09000000000000011]",0.006897969105664421,2.3453094959259033,8.900000000000002,"[0.664, 0.22599999999999998]",1121330,"[6.640000000000001, 2.26]",0.009204914289362291,3.1296708583831787,WelfareSolutionConcept,5.255,0.9092441916229107,0.008165887524099911,0.0012460505712239718,2.7764017581939697,0.4236571942161504,COMPLETE
112,4.1274999999999995,2025-06-12 21:58:54.291124,2025-06-12 21:58:57.786316,0 days 00:00:03.495192,12,0.9426526552997323,0.039362447425263236,0.9645309029635877,0.045666876202610326,324,1128334,4.1274999999999995,0.906983323992233,0.35700000000000004,0.04794788837894742,320.0,4,4.41,"[0.44000000000000006, 0.001000000000000012]",1128334,"[4.4, 0.01000000000000012]",0.010160496085882187,3.2513587474823,3.2800000000000002,"[0.328, 1.1102230246251566e-17]",1129334,"[3.2800000000000002, 1.1102230246251565e-16]",0.0076564431190490724,2.450061798095703,3.33,"[0.332, 0.001000000000000012]",1130334,"[3.3200000000000003, 0.01000000000000012]",0.01039539948105812,3.3265278339385986,5.49,"[0.328, 0.221]",1131334,"[3.2800000000000002, 2.21]",0.007443153858184814,2.3818092346191406,WelfareSolutionConcept,3.5700000000000003,0.4794788837894741,0.008913873136043549,0.0013686795216503998,2.8524394035339355,0.437977446928128,COMPLETE
113,6.9825,2025-06-12 21:58:57.801930,2025-06-12 21:59:00.870179,0 days 00:00:03.068249,11,0.9195240950397404,0.06988103019471797,0.9030249065835569,0.03838745016358419,303,1138337,6.9825,3.0449661328165876,0.60675,0.22624033128511814,300.0,4,4.52,"[0.44200000000000006, 0.010000000000000007]",1138337,"[4.420000000000001, 0.10000000000000007]",0.007035357157389323,2.110607147216797,12.200000000000001,"[0.99, 0.22999999999999993]",1139337,"[9.9, 2.2999999999999994]",0.0065844138463338215,1.9753241539001465,5.55,"[0.43899999999999995, 0.11600000000000002]",1140337,"[4.39, 1.1600000000000001]",0.009667586485544841,2.900275945663452,5.659999999999999,"[0.5559999999999999, 0.010000000000000007]",1141337,"[5.56, 0.10000000000000007]",0.007324047088623047,2.197214126586914,WelfareSolutionConcept,6.0675,2.2624033128511813,0.007652851144472758,0.001192699426285463,2.2958553433418274,0.35780982788563886,COMPLETE
114,5.437500000000001,2025-06-12 21:59:00.885419,2025-06-12 21:59:04.263275,0 days 00:00:03.377856,10,0.8547740820183519,0.07317909512509851,0.9213120633030581,0.03881400116345421,350,1148340,5.437500000000001,2.5209757535525807,0.44700000000000006,0.20141127078691504,350.0,4,8.860000000000001,"[0.663, 0.22300000000000003]",1148340,"[6.630000000000001, 2.2300000000000004]",0.008421476909092495,2.947516918182373,2.5,"[0.123, 0.12699999999999997]",1149340,"[1.23, 1.2699999999999998]",0.009097722598484584,3.1842029094696045,6.77,"[0.55, 0.127]",1150340,"[5.5, 1.27]",0.006351754324776786,2.223114013671875,3.62,"[0.45200000000000007, -0.08999999999999998]",1151340,"[4.5200000000000005, -0.8999999999999998]",0.0064172056743076866,2.2460219860076904,WelfareSolutionConcept,4.470000000000001,2.0141127078691503,0.007572039876665387,0.001211609456755705,2.6502139568328857,0.42406330986449675,COMPLETE
115,6.96,2025-06-12 21:59:04.279330,2025-06-12 21:59:07.393462,0 days 00:00:03.114132,11,0.9047676631866843,0.06715746602631088,0.9085819590978055,0.026661431074169326,305,1158344,6.96,2.10048803852819,0.6072500000000001,0.05779868078079299,300.0,4,7.699999999999999,"[0.548, 0.22199999999999998]",1158344,"[5.48, 2.2199999999999998]",0.006932454903920492,2.0797364711761475,10.010000000000002,"[0.6680000000000001, 0.333]",1159344,"[6.6800000000000015, 3.33]",0.009396400451660156,2.818920135498047,4.509999999999999,"[0.5509999999999999, -0.09999999999999999]",1160344,"[5.51, -0.9999999999999999]",0.007426982720692953,2.2280948162078857,5.62,"[0.6620000000000001, -0.09999999999999999]",1161344,"[6.620000000000001, -0.9999999999999999]",0.009830640951792398,2.9491922855377197,WelfareSolutionConcept,6.072500000000001,0.5779868078079297,0.008396619757016499,0.0012389464197152165,2.51898592710495,0.37168392591456506,COMPLETE
116,5.302499999999999,2025-06-12 21:59:08.081887,2025-06-12 21:59:10.783385,0 days 00:00:02.701498,11,0.9077179865336006,0.0685434270212963,0.9019143328394293,0.030098715873907573,256,1168348,5.302499999999999,3.9189180585972956,0.4430000000000001,0.2976046034590191,250.0,4,9.86,"[0.6570000000000001, 0.32899999999999996]",1168348,"[6.570000000000001, 3.2899999999999996]",0.007009620666503906,1.7524051666259766,6.72,"[0.772, -0.09999999999999999]",1169348,"[7.720000000000001, -0.9999999999999999]",0.0069216985702514645,1.7304246425628662,5.54,"[0.33399999999999996, 0.21999999999999997]",1170348,"[3.34, 2.1999999999999997]",0.010034235954284668,2.508558988571167,-0.9099999999999997,"[0.009000000000000018, -0.09999999999999999]",1171348,"[0.09000000000000019, -0.9999999999999999]",0.0101184663772583,2.529616594314575,WelfareSolutionConcept,4.430000000000001,2.9760460345901913,0.008521005392074585,0.0015559413896905866,2.1302513480186462,0.3889853474226467,COMPLETE
117,3.6174999999999997,2025-06-12 21:59:10.798386,2025-06-12 21:59:13.518047,0 days 00:00:02.719661,13,0.8785348514173048,0.08213926381325892,0.9099088415483239,0.02786856713955432,227,1178350,3.6174999999999997,1.2390596232627382,0.32200000000000006,0.20512313375141283,220.0,4,2.97,"[0.21200000000000002, 0.08500000000000002]",1178350,"[2.12, 0.8500000000000002]",0.008809654279188676,1.9381239414215088,2.020000000000001,"[0.32199999999999995, -0.11999999999999997]",1179350,"[3.2199999999999998, -1.1999999999999997]",0.00854750004681674,1.8804500102996826,4.169999999999999,"[0.10300000000000006, 0.31399999999999995]",1180350,"[1.0300000000000007, 3.1399999999999997]",0.008553354306654496,1.8817379474639893,5.31,"[0.651, -0.11999999999999997]",1181350,"[6.51, -1.1999999999999997]",0.011598992347717284,2.5517783164978027,WelfareSolutionConcept,3.22,2.0512313375141282,0.0093773752450943,0.0012870113633433073,2.063022553920746,0.28314249993552765,COMPLETE
118,5.319999999999999,2025-06-12 21:59:13.533577,2025-06-12 21:59:17.076568,0 days 00:00:03.542991,11,0.970663972920883,0.06229735934974735,0.9054496637298696,0.024609528320397672,384,1188353,5.319999999999999,2.4777308166949847,0.49650000000000005,0.22447327235107528,380.0,4,6.709999999999999,"[0.6610000000000001, 0.010000000000000007]",1188353,"[6.610000000000001, 0.10000000000000007]",0.0075977187407644175,2.8871331214904785,7.789999999999999,"[0.6609999999999999, 0.11800000000000002]",1189353,"[6.609999999999999, 1.1800000000000002]",0.008864301129391319,3.368434429168701,1.2600000000000002,"[0.11600000000000002, 0.010000000000000007]",1190353,"[1.1600000000000001, 0.10000000000000007]",0.006576778386768542,2.499175786972046,5.52,"[0.5480000000000002, 0.004000000000000002]",1191353,"[5.480000000000001, 0.04000000000000002]",0.0077049719659905685,2.927889347076416,WelfareSolutionConcept,4.965000000000001,2.2447327235107526,0.0076859425557287125,0.0008103887403294554,2.9206581711769104,0.3079477213251931,COMPLETE
119,4.135000000000001,2025-06-12 21:59:17.091936,2025-06-12 21:59:20.431374,0 days 00:00:03.339438,12,0.8859249784757026,0.05092952634606744,0.9106442706839603,0.03263848038865486,301,1198357,4.135000000000001,1.4443424109261627,0.331,0.002121320343559638,300.0,4,2.1900000000000004,"[0.32900000000000007, -0.10999999999999999]",1198357,"[3.290000000000001, -1.0999999999999999]",0.01054754098256429,3.164262294769287,5.53,"[0.3320000000000001, 0.22100000000000003]",1199357,"[3.3200000000000007, 2.2100000000000004]",0.010050733884175619,3.0152201652526855,5.5200000000000005,"[0.334, 0.21800000000000003]",1200357,"[3.3400000000000003, 2.18]",0.007303475538889567,2.19104266166687,3.3000000000000003,"[0.329, 0.001000000000000012]",1201357,"[3.29, 0.01000000000000012]",0.0078061445554097495,2.341843366622925,WelfareSolutionConcept,3.3100000000000005,0.021213203435596392,0.008926973740259806,0.0013947293213512875,2.678092122077942,0.41841879640538626,COMPLETE
120,5.975000000000001,2025-06-12 21:59:20.446387,2025-06-12 21:59:22.245037,0 days 00:00:01.798650,10,0.9166396804338021,0.07797814018902226,0.9007282740341586,0.04368953283453044,169,1208360,5.975000000000001,2.5599072248814023,0.4225000000000001,0.09362291386193876,160.0,4,2.4699999999999998,"[0.337, -0.08999999999999998]",1208360,"[3.37, -0.8999999999999998]",0.007284663617610931,1.165546178817749,7.9300000000000015,"[0.5630000000000001, 0.23000000000000007]",1209360,"[5.630000000000001, 2.3000000000000007]",0.009497617185115815,1.5196187496185303,8.860000000000001,"[0.4520000000000001, 0.434]",1210360,"[4.520000000000001, 4.34]",0.006954674422740936,1.1127479076385498,4.64,"[0.33799999999999997, 0.12600000000000003]",1211360,"[3.38, 1.2600000000000002]",0.010239438712596893,1.638310194015503,WelfareSolutionConcept,4.2250000000000005,0.9362291386193878,0.008494098484516144,0.0014040852389962583,1.359055757522583,0.22465363823940135,COMPLETE
121,6.41,2025-06-12 21:59:22.854761,2025-06-12 21:59:25.609367,0 days 00:00:02.754606,13,0.9011334448395381,0.06843073856338662,0.9590507870649448,0.05914055637127917,309,1218362,6.41,2.255249431881094,0.6255,0.140642276716498,300.0,4,7.569999999999999,"[0.7659999999999999, -0.008999999999999984]",1218362,"[7.659999999999999, -0.08999999999999983]",0.008612303733825684,2.583691120147705,4.2700000000000005,"[0.43499999999999994, -0.007999999999999983]",1219362,"[4.35, -0.07999999999999982]",0.008544007937113443,2.563202381134033,4.260000000000001,"[0.546, -0.11999999999999997]",1220362,"[5.460000000000001, -1.1999999999999997]",0.007475801308949788,2.2427403926849365,9.54,"[0.755, 0.19900000000000007]",1221362,"[7.55, 1.9900000000000007]",0.007905826568603516,2.3717479705810547,WelfareSolutionConcept,6.255,1.4064227671649798,0.008134484887123108,0.00046961917058425696,2.4403454661369324,0.14088575117527707,COMPLETE
122,6.2875,2025-06-12 21:59:25.624112,2025-06-12 21:59:28.080281,0 days 00:00:02.456169,12,0.903798205370893,0.0527369119127251,0.9342473497947436,0.037022597984453835,286,1228365,6.2875,2.5145116325044112,0.5197499999999999,0.19728073271356222,280.0,4,2.1500000000000004,"[0.21700000000000003, -0.0019999999999999905]",1228365,"[2.1700000000000004, -0.019999999999999907]",0.007874786853790283,2.2049403190612793,8.76,"[0.5429999999999999, 0.3330000000000001]",1229365,"[5.43, 3.330000000000001]",0.007453911645071847,2.087095260620117,6.54,"[0.5489999999999999, 0.10500000000000001]",1230365,"[5.489999999999999, 1.05]",0.007650612933295113,2.142171621322632,7.7,"[0.7699999999999999, 1.1102230246251566e-17]",1231365,"[7.699999999999999, 1.1102230246251565e-16]",0.007170371498380388,2.007704019546509,WelfareSolutionConcept,5.1975,1.9728073271356223,0.0075374207326344075,0.00025900158400392445,2.1104778051376343,0.07252044352109883,COMPLETE
123,5.0075,2025-06-12 21:59:28.094487,2025-06-12 21:59:30.710526,0 days 00:00:02.616039,13,0.8919838521937999,0.07490620695131882,0.9034940814580316,0.06071896638973824,308,1238368,5.0075,1.5762673472479218,0.45849999999999996,0.11759357975671966,300.0,4,4.23,"[0.433, -0.009999999999999985]",1238368,"[4.33, -0.09999999999999984]",0.00788642962773641,2.365928888320923,7.3500000000000005,"[0.6459999999999999, 0.08900000000000001]",1239368,"[6.459999999999999, 0.8900000000000001]",0.007601315975189209,2.2803947925567627,5.37,"[0.434, 0.10300000000000002]",1240368,"[4.34, 1.0300000000000002]",0.0073352837562561035,2.200585126876831,3.08,"[0.321, -0.012999999999999987]",1241368,"[3.21, -0.12999999999999987]",0.00815675656000773,2.4470269680023193,WelfareSolutionConcept,4.585,1.1759357975671967,0.007744946479797364,0.0003074322251435457,2.323483943939209,0.09222966754306373,COMPLETE
124,4.8825,2025-06-12 21:59:30.725567,2025-06-12 21:59:33.275818,0 days 00:00:02.550251,10,0.9600078283901202,0.05822886860210121,0.9671626619024594,0.045739217284321856,339,1248370,4.8825,2.1641900910040226,0.41875000000000007,0.20234175916009034,330.0,4,6.640000000000001,"[0.65, 0.014000000000000007]",1248370,"[6.5, 0.14000000000000007]",0.006951607357371937,2.2940304279327393,4.66,"[0.3450000000000001, 0.121]",1249370,"[3.450000000000001, 1.21]",0.006951733068986373,2.294071912765503,6.8,"[0.555, 0.12499999999999996]",1250370,"[5.550000000000001, 1.2499999999999996]",0.006861817475521203,2.264399766921997,1.4300000000000004,"[0.12499999999999997, 0.018000000000000013]",1251370,"[1.2499999999999998, 0.18000000000000013]",0.0072120298038829455,2.379969835281372,WelfareSolutionConcept,4.1875,2.023417591600903,0.006994296926440615,0.00013095084202085166,2.308117985725403,0.04321377786688108,COMPLETE
125,5.9075,2025-06-12 21:59:33.291889,2025-06-12 21:59:35.274815,0 days 00:00:01.982926,11,0.9387730722655061,0.0682539772265072,0.962612020917623,0.05611636697525299,268,1258373,5.9075,0.4820982783624101,0.58125,0.04786635039356982,260.0,4,5.67,"[0.557, 0.010000000000000007]",1258373,"[5.57, 0.10000000000000007]",0.006746050944695106,1.7539732456207275,5.6499999999999995,"[0.555, 0.010000000000000007]",1259373,"[5.550000000000001, 0.10000000000000007]",0.006847741970649132,1.7804129123687744,6.739999999999999,"[0.664, 0.01000000000000002]",1260373,"[6.640000000000001, 0.1000000000000002]",0.006608717258159931,1.718266487121582,5.569999999999999,"[0.5489999999999999, 0.008000000000000018]",1261373,"[5.489999999999999, 0.08000000000000018]",0.006985630438877986,1.8162639141082764,WelfareSolutionConcept,5.8125,0.4786635039356983,0.006797035153095539,0.00013802389487419707,1.76722913980484,0.03588621266729128,COMPLETE
126,4.0825000000000005,2025-06-12 21:59:35.895956,2025-06-12 21:59:38.875302,0 days 00:00:02.979346,14,0.9908118218519998,0.10006433983949078,0.9065416408974922,0.0735189369149162,311,1268375,4.0825000000000005,1.359639198464063,0.48350000000000004,0.16634377054762226,310.0,4,4.090000000000001,"[0.539, -0.12999999999999995]",1268375,"[5.390000000000001, -1.2999999999999994]",0.009027475695456227,2.7985174655914307,5.22,"[0.652, -0.12999999999999995]",1269375,"[6.5200000000000005, -1.2999999999999994]",0.00891514285918205,2.7636942863464355,1.8600000000000005,"[0.20700000000000002, -0.020999999999999984]",1270375,"[2.0700000000000003, -0.20999999999999985]",0.008901610682087559,2.7594993114471436,5.16,"[0.5359999999999999, -0.019999999999999997]",1271375,"[5.359999999999999, -0.19999999999999996]",0.008556339048570203,2.6524651050567627,WelfareSolutionConcept,4.835,1.6634377054762224,0.008850142071324011,0.00017652305142901037,2.743544042110443,0.05472214594299339,COMPLETE
127,5.59,2025-06-12 21:59:38.891386,2025-06-12 21:59:42.677318,0 days 00:00:03.785932,15,0.870516393618917,0.045949690613564236,0.9698595866172506,0.02070513241456212,333,1278378,5.59,0.9360288457093617,0.5602499999999999,0.16462438306642188,330.0,4,7.21,"[0.7510000000000001, -0.029999999999999992]",1278378,"[7.510000000000002, -0.29999999999999993]",0.00989071022380482,3.263934373855591,5.079999999999999,"[0.648, -0.13999999999999996]",1279378,"[6.48, -1.3999999999999995]",0.010395345543370103,3.430464029312134,4.99,"[0.30799999999999994, 0.19100000000000003]",1280378,"[3.079999999999999, 1.9100000000000004]",0.010222496408404726,3.3734238147735596,5.079999999999999,"[0.534, -0.02599999999999999]",1281378,"[5.34, -0.2599999999999999]",0.009951816183148008,3.2840993404388428,WelfareSolutionConcept,5.6025,1.6462438306642193,0.010115092089681914,0.0002043795056833145,3.3379803895950317,0.0674452368754937,COMPLETE
128,4.78,2025-06-12 21:59:42.704972,2025-06-12 21:59:45.406288,0 days 00:00:02.701316,13,0.9036146045610741,0.06395913358261031,0.9720175511580228,0.0005786485190548693,293,1288382,4.78,1.2210651088291726,0.43325,0.13309841283801999,290.0,4,6.42,"[0.651, -0.008999999999999994]",1288382,"[6.51, -0.08999999999999994]",0.00810727990906814,2.3511111736297607,4.2,"[0.32300000000000006, 0.09700000000000007]",1289382,"[3.2300000000000004, 0.9700000000000008]",0.008344296751351192,2.4198460578918457,5.34,"[0.43200000000000005, 0.10200000000000002]",1290382,"[4.32, 1.0200000000000002]",0.008548043514120168,2.4789326190948486,3.1600000000000006,"[0.32699999999999996, -0.010999999999999985]",1291382,"[3.2699999999999996, -0.10999999999999985]",0.008689105921778186,2.519840717315674,WelfareSolutionConcept,4.3325,1.3309841283801997,0.008422181524079421,0.00021927091666674932,2.4424326419830322,0.06358856583335727,COMPLETE
129,4.915,2025-06-12 21:59:45.420929,2025-06-12 21:59:48.379269,0 days 00:00:02.958340,12,0.9506841459585813,0.0316809274732594,0.9595292563971916,0.03920036685189338,321,1298385,4.915,2.330295045697003,0.41050000000000003,0.16642791232242266,320.0,4,7.699999999999999,"[0.438, 0.332]",1298385,"[4.38, 3.3200000000000003]",0.00854504331946373,2.7344138622283936,3.3000000000000007,"[0.33, 1.1102230246251566e-17]",1299385,"[3.3000000000000003, 1.1102230246251565e-16]",0.008414925634860992,2.6927762031555176,6.64,"[0.663, 0.001000000000000012]",1300385,"[6.630000000000001, 0.01000000000000012]",0.008046278357505798,2.5748090744018555,2.0200000000000005,"[0.21100000000000002, -0.008999999999999985]",1301385,"[2.1100000000000003, -0.08999999999999986]",0.008696485310792923,2.7828752994537354,WelfareSolutionConcept,4.105,1.6642791232242267,0.008425683155655861,0.0002406472423715161,2.6962186098098755,0.07700711755888509,COMPLETE
130,6.15,2025-06-12 21:59:48.394396,2025-06-12 21:59:50.690332,0 days 00:00:02.295936,11,0.9180935831666035,0.06809956325754497,0.9167427192183492,0.0003176051775371584,271,1308388,6.15,1.6205554603283405,0.5539999999999999,0.20260306019406515,270.0,4,8.85,"[0.8779999999999999, 0.007000000000000006]",1308388,"[8.78, 0.07000000000000006]",0.007741338235360605,2.0901613235473633,5.670000000000001,"[0.558, 0.009000000000000006]",1309388,"[5.58, 0.09000000000000007]",0.007755178875393337,2.093898296356201,5.55,"[0.442, 0.11300000000000002]",1310388,"[4.42, 1.1300000000000001]",0.00785841941833496,2.1217732429504395,4.529999999999999,"[0.33799999999999997, 0.11499999999999996]",1311388,"[3.38, 1.1499999999999997]",0.007388401031494141,1.994868278503418,WelfareSolutionConcept,5.54,2.0260306019406515,0.007685834390145761,0.00017758204389924591,2.0751752853393555,0.04794715185279645,COMPLETE
131,4.067500000000001,2025-06-12 21:59:51.508495,2025-06-12 21:59:54.717333,0 days 00:00:03.208838,14,0.9278547951738407,0.024386046075978,0.9651654833194936,0.06957576484120119,329,1318391,4.067500000000001,2.1027645493492613,0.23175000000000004,0.18456892344054024,320.0,4,6.350000000000001,"[0.542, 0.09300000000000005]",1318391,"[5.42, 0.9300000000000006]",0.008670026063919067,2.7744083404541016,3.9700000000000006,"[0.093, 0.30400000000000005]",1319391,"[0.9299999999999999, 3.0400000000000005]",0.00944812297821045,3.0233993530273438,5.220000000000001,"[0.20100000000000007, 0.32100000000000006]",1320391,"[2.0100000000000007, 3.210000000000001]",0.009407200664281846,3.0103042125701904,0.7300000000000002,"[0.09100000000000005, -0.017999999999999995]",1321391,"[0.9100000000000006, -0.17999999999999994]",0.009330616146326066,2.985797166824341,WelfareSolutionConcept,2.3175,1.8456892344054023,0.009213991463184357,0.0003168781445733098,2.948477268218994,0.10140100626345899,COMPLETE
132,4.797499999999999,2025-06-12 21:59:54.732765,2025-06-12 21:59:57.454577,0 days 00:00:02.721812,15,0.9218029061300888,0.05440196856790703,0.9595111512312106,0.033331354278340886,251,1328394,4.797499999999999,0.4902741579973392,0.4225,0.13677993273868802,250.0,4,5.13,"[0.31399999999999995, 0.19900000000000004]",1328394,"[3.1399999999999997, 1.9900000000000004]",0.009861663818359375,2.4654159545898438,5.06,"[0.6460000000000001, -0.13999999999999996]",1329394,"[6.460000000000001, -1.3999999999999995]",0.009893750190734863,2.473437547683716,5.049999999999999,"[0.30799999999999994, 0.19699999999999995]",1330394,"[3.079999999999999, 1.9699999999999995]",0.009852038383483887,2.4630095958709717,3.9499999999999997,"[0.42200000000000004, -0.02699999999999999]",1331394,"[4.220000000000001, -0.2699999999999999]",0.010205109596252442,2.5512773990631104,WelfareSolutionConcept,4.225,1.36779932738688,0.009953140497207642,0.000146291879088433,2.4882851243019104,0.036572969772108214,COMPLETE
133,5.235,2025-06-12 21:59:57.470562,2025-06-12 22:00:00.942252,0 days 00:00:03.471690,16,0.8988386980669609,0.061783412257177664,0.9558922042757684,0.08716467372220904,349,1338397,5.235,3.3177138212932116,0.449,0.16784963509045828,340.0,4,10.580000000000002,"[0.534, 0.524]",1338397,"[5.34, 5.24]",0.00900513214223525,3.0617449283599854,1.5799999999999996,"[0.193, -0.03500000000000001]",1339397,"[1.9300000000000002, -0.3500000000000001]",0.009470103768741384,3.2198352813720703,3.8100000000000005,"[0.42200000000000004, -0.041]",1340397,"[4.220000000000001, -0.41000000000000003]",0.009596044876996208,3.262655258178711,4.97,"[0.647, -0.14999999999999997]",1341397,"[6.470000000000001, -1.4999999999999996]",0.009706368867088767,3.3001654148101807,WelfareSolutionConcept,4.49,1.6784963509045827,0.009444412413765403,0.0002670396927515195,3.211100220680237,0.09079349553551652,COMPLETE
134,3.944999999999999,2025-06-12 22:00:00.956818,2025-06-12 22:00:05.496529,0 days 00:00:04.539711,19,0.9322867104618702,0.029086175837274186,0.9627198627230046,0.051039709402867936,367,1348401,3.944999999999999,2.4903262838431424,0.43124999999999997,0.09612589401404802,360.0,4,3.3899999999999992,"[0.519, -0.18]",1348401,"[5.19, -1.7999999999999998]",0.011511391401290894,4.144100904464722,7.939999999999998,"[0.5189999999999999, 0.27499999999999997]",1349401,"[5.1899999999999995, 2.7499999999999996]",0.012027156352996827,4.329776287078857,1.0799999999999994,"[0.28800000000000003, -0.18]",1350401,"[2.8800000000000003, -1.7999999999999998]",0.01213446060816447,4.368405818939209,3.3699999999999997,"[0.399, -0.06200000000000002]",1351401,"[3.99, -0.6200000000000002]",0.011505833599302503,4.142100095748901,WelfareSolutionConcept,4.3125,0.9612589401404804,0.011794710490438674,0.0002886090721127467,4.246095776557922,0.10389926596058872,COMPLETE
135,3.6675,2025-06-12 22:00:05.511627,2025-06-12 22:00:08.503159,0 days 00:00:02.991532,13,0.9115348525747251,0.03651743164506607,0.9579740626219492,0.04299797837284618,305,1358405,3.6675,2.248070005582566,0.38149999999999995,0.18528424109999211,300.0,4,5.17,"[0.43499999999999994, 0.08200000000000003]",1358405,"[4.35, 0.8200000000000003]",0.00940813938776652,2.822441816329956,2.0700000000000003,"[0.215, -0.007999999999999983]",1359405,"[2.15, -0.07999999999999982]",0.009011160532633464,2.703348159790039,6.489999999999999,"[0.662, -0.012999999999999984]",1360405,"[6.62, -0.12999999999999984]",0.008494608402252198,2.548382520675659,0.94,"[0.21399999999999997, -0.11999999999999997]",1361405,"[2.1399999999999997, -1.1999999999999997]",0.009253470897674561,2.776041269302368,WelfareSolutionConcept,3.8150000000000004,1.852842410999921,0.009041844805081686,0.0003461815020794076,2.7125534415245056,0.10385445062382233,COMPLETE
136,6.59,2025-06-12 22:00:09.310474,2025-06-12 22:00:11.536134,0 days 00:00:02.225660,12,0.9791810736747788,0.08299963447718922,0.9669290151096545,0.05990823091308357,279,1368409,6.59,2.3157828050143214,0.5765000000000001,0.20928150897774037,270.0,4,6.58,"[0.33, 0.328]",1368409,"[3.3000000000000003, 3.2800000000000002]",0.0074023591147528755,1.9986369609832764,9.87,"[0.8760000000000001, 0.11100000000000003]",1369409,"[8.760000000000002, 1.1100000000000003]",0.006977769180580422,1.8839976787567139,6.590000000000001,"[0.658, 0.001000000000000012]",1370409,"[6.58, 0.01000000000000012]",0.0070120290473655415,1.8932478427886963,3.3200000000000003,"[0.442, -0.10999999999999999]",1371409,"[4.42, -1.0999999999999999]",0.0076141207306473346,2.0558125972747803,WelfareSolutionConcept,5.765000000000001,2.0928150897774036,0.007251569518336543,0.00026764115253628324,1.9579237699508667,0.07226311118479646,COMPLETE
137,6.557499999999999,2025-06-12 22:00:11.552920,2025-06-12 22:00:13.486164,0 days 00:00:01.933244,10,0.9771116162995183,0.08834151600309643,0.9750763594105667,0.05798338054243526,281,1378411,6.557499999999999,2.9906635969296174,0.50325,0.2898252706373273,280.0,4,7.91,"[0.666, 0.12499999999999997]",1378411,"[6.66, 1.2499999999999998]",0.006122793470110212,1.7143821716308594,8.959999999999999,"[0.8790000000000001, 0.01700000000000001]",1379411,"[8.790000000000001, 0.17000000000000012]",0.006174967118671962,1.7289907932281494,1.4300000000000004,"[0.12599999999999997, 0.017000000000000022]",1380411,"[1.2599999999999998, 0.1700000000000002]",0.006272654022489275,1.756343126296997,7.930000000000001,"[0.342, 0.45100000000000007]",1381411,"[3.4200000000000004, 4.510000000000001]",0.0058677818093981066,1.6429789066314697,WelfareSolutionConcept,5.032500000000001,2.898252706373273,0.006109549105167389,0.00014959074925592337,1.710673749446869,0.04188540979165861,COMPLETE
138,6.802499999999999,2025-06-12 22:00:13.502735,2025-06-12 22:00:15.406240,0 days 00:00:01.903505,10,0.977959629529875,0.0902248344628055,0.9750336640804337,0.05950364631970528,275,1388413,6.802499999999999,2.633299973417385,0.6077499999999999,0.24632739900384612,270.0,4,4.6499999999999995,"[0.33799999999999997, 0.12699999999999997]",1388413,"[3.38, 1.2699999999999998]",0.006019669991952401,1.6253108978271484,11.09,"[0.982, 0.127]",1389413,"[9.82, 1.27]",0.005676439073350695,1.5326385498046875,6.840000000000001,"[0.666, 0.018000000000000013]",1390413,"[6.66, 0.18000000000000013]",0.006129942116913972,1.6550843715667725,4.63,"[0.445, 0.018000000000000016]",1391413,"[4.45, 0.18000000000000016]",0.006006437760812265,1.6217381954193115,WelfareSolutionConcept,6.0775,2.463273990038461,0.005958122235757333,0.00016955087127324604,1.60869300365448,0.04577873524377648,COMPLETE
139,3.8499999999999996,2025-06-12 22:00:15.421142,2025-06-12 22:00:17.670616,0 days 00:00:02.249474,10,0.9821358589701151,0.08847321483590455,0.9737686929474608,0.058140477460213204,281,1398415,3.8499999999999996,2.6864753860774533,0.3137500000000001,0.24486054704668125,280.0,4,0.34,"[-0.08999999999999998, 0.124]",1398415,"[-0.8999999999999998, 1.24]",0.007089126961571829,1.9849555492401123,3.5899999999999994,"[0.3430000000000001, 0.01600000000000002]",1399415,"[3.4300000000000006, 0.1600000000000002]",0.007377372469220843,2.065664291381836,3.57,"[0.44700000000000006, -0.08999999999999998]",1400415,"[4.470000000000001, -0.8999999999999998]",0.006688989060265677,1.8729169368743896,7.9,"[0.555, 0.23500000000000004]",1401415,"[5.550000000000001, 2.3500000000000005]",0.006732425519398281,1.8850791454315186,WelfareSolutionConcept,3.1375000000000006,2.4486054704668128,0.006971978502614158,0.00028086326114569953,1.9521539807319641,0.07864171312079586,COMPLETE
140,4.954999999999999,2025-06-12 22:00:17.686674,2025-06-12 22:00:19.902816,0 days 00:00:02.216142,10,0.9996466211386401,0.09290767429055828,0.9755215366984217,0.07574043334650794,290,1408417,4.954999999999999,2.438508765618857,0.34325,0.200584614315256,290.0,4,2.5599999999999996,"[0.23700000000000002, 0.019000000000000024]",1408417,"[2.37, 0.19000000000000022]",0.006984440211592049,2.0254876613616943,8.98,"[0.664, 0.23399999999999999]",1409417,"[6.640000000000001, 2.34]",0.007068042919553559,2.0497324466705322,3.63,"[0.34500000000000003, 0.018000000000000023]",1410417,"[3.45, 0.18000000000000022]",0.007083662625016837,2.054262161254883,4.6499999999999995,"[0.12699999999999997, 0.33799999999999997]",1411417,"[1.2699999999999998, 3.38]",0.007005436667080583,2.031576633453369,WelfareSolutionConcept,3.4325,2.00584614315256,0.007035395605810757,4.1501633845799694e-05,2.0402647256851196,0.012035473815281904,COMPLETE
141,4.8,2025-06-12 22:00:20.567238,2025-06-12 22:00:23.180975,0 days 00:00:02.613737,11,0.9656513200676385,0.08353897758278361,0.9683531403661355,0.050312723115638336,276,1418420,4.8,1.7768933563948066,0.47125,0.11788633296527641,270.0,4,3.4,"[0.33299999999999996, 0.0070000000000000045]",1418420,"[3.3299999999999996, 0.07000000000000005]",0.007297126452128092,1.970224142074585,4.569999999999999,"[0.44700000000000006, 0.010000000000000007]",1419420,"[4.470000000000001, 0.10000000000000007]",0.009072418566103335,2.4495530128479004,7.7700000000000005,"[0.6590000000000001, 0.118]",1420420,"[6.590000000000002, 1.18]",0.007030713999712909,1.8982927799224854,3.4599999999999995,"[0.446, -0.09999999999999999]",1421420,"[4.46, -0.9999999999999999]",0.00693177823667173,1.8715801239013672,WelfareSolutionConcept,4.7125,1.1788633296527642,0.007583009313654016,0.0008702299927640829,2.0474125146865845,0.2349620980463024,COMPLETE
142,8.1575,2025-06-12 22:00:23.196294,2025-06-12 22:00:26.346970,0 days 00:00:03.150676,12,0.9742462287754051,0.09949969874530963,0.9776835888865409,0.05764889670402432,285,1428423,8.1575,1.9923274705730487,0.6279999999999999,0.19611093799173976,280.0,4,8.729999999999999,"[0.6529999999999999, 0.22000000000000003]",1428423,"[6.529999999999999, 2.2]",0.008041781187057496,2.2516987323760986,5.42,"[0.33, 0.21200000000000002]",1429423,"[3.3000000000000003, 2.12]",0.01053793260029384,2.9506211280822754,7.55,"[0.6479999999999999, 0.10700000000000001]",1430423,"[6.479999999999999, 1.07]",0.010620072058268955,2.9736201763153076,10.930000000000001,"[0.881, 0.21200000000000005]",1431423,"[8.81, 2.1200000000000006]",0.008069734913962227,2.259525775909424,WelfareSolutionConcept,6.279999999999999,1.9611093799173975,0.009317380189895629,0.0012619950317904825,2.6088664531707764,0.3533586089013352,COMPLETE
143,5.979999999999999,2025-06-12 22:00:26.364209,2025-06-12 22:00:29.628769,0 days 00:00:03.264560,12,0.979339899205049,0.10176856350722785,0.9784605889445667,0.09257242851597565,283,1438426,5.979999999999999,2.349287125917136,0.4645,0.19345089816281547,280.0,4,6.51,"[0.653, -0.0019999999999999905]",1438426,"[6.53, -0.019999999999999907]",0.01081950238772801,3.0294606685638428,6.55,"[0.655, 1.1102230246251566e-17]",1439426,"[6.550000000000001, 1.1102230246251565e-16]",0.00821722149848938,2.3008220195770264,2.2,"[0.22000000000000006, 1.1102230246251566e-17]",1440426,"[2.2000000000000006, 1.1102230246251565e-16]",0.011016660928726196,3.084665060043335,8.659999999999998,"[0.33, 0.5359999999999999]",1441426,"[3.3000000000000003, 5.359999999999999]",0.007952448299952916,2.2266855239868164,WelfareSolutionConcept,4.6450000000000005,1.9345089816281547,0.009501458278724126,0.0014214231746645357,2.660408318042755,0.39799848890607004,COMPLETE
144,3.8425000000000002,2025-06-12 22:00:29.647688,2025-06-12 22:00:32.872603,0 days 00:00:03.224915,12,0.9908091706649615,0.09316324151898879,0.9723850205508642,0.05806753551892873,299,1448429,3.8425000000000002,1.617642961224757,0.46699999999999997,0.11702136557056574,290.0,4,3.33,"[0.44300000000000006, -0.10999999999999999]",1448429,"[4.430000000000001, -1.0999999999999999]",0.007807178332887847,2.2640817165374756,6.540000000000001,"[0.6549999999999999, -0.0009999999999999898]",1449429,"[6.549999999999999, -0.009999999999999898]",0.010292994564977186,2.984968423843384,3.2700000000000005,"[0.437, -0.10999999999999999]",1450429,"[4.37, -1.0999999999999999]",0.0077097309046778185,2.2358219623565674,2.2300000000000004,"[0.333, -0.10999999999999999]",1451429,"[3.33, -1.0999999999999999]",0.010504460334777832,3.0462934970855713,WelfareSolutionConcept,4.67,1.1702136557056573,0.009078591034330171,0.001322700600017608,2.6327913999557495,0.3835831740051063,COMPLETE
145,3.585,2025-06-12 22:00:32.889462,2025-06-12 22:00:35.841139,0 days 00:00:02.951677,10,0.9573235631705207,0.10738511272483978,0.9774262596047693,0.06959747048769215,313,1458432,3.585,2.390831445334447,0.28625,0.22032632048849723,310.0,4,2.54,"[0.12699999999999995, 0.127]",1458432,"[1.2699999999999996, 1.27]",0.00885285254447691,2.744384288787842,6.74,"[0.548, 0.126]",1459432,"[5.48, 1.26]",0.006475963131073983,2.0075485706329346,0.34000000000000025,"[0.01700000000000001, 0.017000000000000022]",1460432,"[0.17000000000000012, 0.1700000000000002]",0.008977000174983854,2.782870054244995,4.72,"[0.453, 0.019000000000000013]",1461432,"[4.53, 0.19000000000000014]",0.006588766651768838,2.04251766204834,WelfareSolutionConcept,2.8625,2.2032632048849727,0.007723645625575896,0.0011927560295898133,2.394330143928528,0.3697543691728422,COMPLETE
146,7.209999999999999,2025-06-12 22:00:36.638975,2025-06-12 22:00:39.355921,0 days 00:00:02.716946,11,0.9930814616897007,0.0966970998557353,0.984219262869099,0.050414356820548414,273,1468436,7.209999999999999,3.0872884542912407,0.5785,0.19471838639430025,270.0,4,7.74,"[0.552, 0.22199999999999998]",1468436,"[5.5200000000000005, 2.2199999999999998]",0.009188169903225369,2.4808058738708496,12.049999999999999,"[0.8770000000000001, 0.32799999999999996]",1469436,"[8.770000000000001, 3.2799999999999994]",0.006849327793827764,1.849318504333496,4.51,"[0.331, 0.12000000000000002]",1470436,"[3.31, 1.2000000000000002]",0.0065436142462271234,1.7667758464813232,4.54,"[0.554, -0.09999999999999999]",1471436,"[5.540000000000001, -0.9999999999999999]",0.009418451344525373,2.5429818630218506,WelfareSolutionConcept,5.785,1.9471838639430026,0.007999890821951407,0.0013104253009888532,2.15997052192688,0.3538148312669904,COMPLETE
147,2.6125000000000003,2025-06-12 22:00:39.370970,2025-06-12 22:00:41.938575,0 days 00:00:02.567605,11,0.9754758080850651,0.09502043706907096,0.984158384925398,0.04679249175208541,247,1478439,2.6125000000000003,2.091929432366207,0.25399999999999995,0.25956020496216287,240.0,4,0.19000000000000014,"[0.119, -0.09999999999999999]",1478439,"[1.19, -0.9999999999999999]",0.009923819700876873,2.381716728210449,3.42,"[0.442, -0.09999999999999999]",1479439,"[4.42, -0.9999999999999999]",0.007230197389920552,1.7352473735809326,5.620000000000001,"[0.5549999999999999, 0.0070000000000000106]",1480439,"[5.549999999999999, 0.0700000000000001]",0.007150756319363912,1.7161815166473389,1.2200000000000002,"[-0.09999999999999999, 0.22199999999999998]",1481439,"[-0.9999999999999999, 2.2199999999999998]",0.01002072791258494,2.4049746990203857,WelfareSolutionConcept,2.5399999999999996,2.5956020496216285,0.008581375330686569,0.0013916038701120785,2.0595300793647766,0.3339849288268988,COMPLETE
148,6.6075,2025-06-12 22:00:41.953441,2025-06-12 22:00:44.801588,0 days 00:00:02.848147,12,0.9864691418070527,0.09696073469388894,0.9832312819493153,0.0364118494205463,263,1488442,6.6075,2.086460819186404,0.71675,0.18476251649076447,260.0,4,4.41,"[0.5509999999999999, -0.10999999999999999]",1488442,"[5.51, -1.0999999999999999]",0.007528353654421293,1.9573719501495361,9.95,"[0.994, 0.001000000000000012]",1489442,"[9.94, 0.01000000000000012]",0.009958969629727877,2.589332103729248,6.6499999999999995,"[0.775, -0.10999999999999999]",1490442,"[7.75, -1.0999999999999999]",0.007541101712446947,1.960686445236206,5.42,"[0.5469999999999999, -0.004999999999999993]",1491442,"[5.469999999999999, -0.04999999999999993]",0.01033247342476478,2.6864430904388428,WelfareSolutionConcept,7.1674999999999995,1.8476251649076445,0.008840224605340223,0.0013121664005920184,2.2984583973884583,0.34116326415392473,COMPLETE
149,7.334999999999999,2025-06-12 22:00:44.816613,2025-06-12 22:00:47.695480,0 days 00:00:02.878867,12,0.9859886305809098,0.1047283405795821,0.9865940872851121,0.03590525515095647,260,1498444,7.334999999999999,1.1689418291771407,0.7095,0.093820306970293,260.0,4,5.45,"[0.655, -0.10999999999999999]",1498444,"[6.550000000000001, -1.0999999999999999]",0.010403952231773964,2.7050275802612305,7.61,"[0.6559999999999999, 0.10500000000000002]",1499444,"[6.559999999999999, 1.0500000000000003]",0.007522458296555739,1.9558391571044922,8.66,"[0.655, 0.21100000000000008]",1500444,"[6.550000000000001, 2.1100000000000008]",0.007546351506159856,1.9620513916015625,7.619999999999999,"[0.8720000000000001, -0.10999999999999999]",1501444,"[8.72, -1.0999999999999999]",0.010361840174748347,2.6940784454345703,WelfareSolutionConcept,7.095000000000001,0.9382030697029298,0.008958650552309476,0.0014243485223449652,2.329249143600464,0.37033061580969096,COMPLETE
150,4.9075,2025-06-12 22:00:47.710493,2025-06-12 22:00:50.567479,0 days 00:00:02.856986,12,0.9880929769067478,0.0989151829057385,0.9898801234714262,0.035901476170195054,261,1508447,4.9075,2.010153912017684,0.4665,0.26254571030584367,260.0,4,2.1100000000000003,"[0.11000000000000006, 0.10100000000000002]",1508447,"[1.1000000000000005, 1.0100000000000002]",0.007671121450570913,1.9944915771484375,7.68,"[0.77, -0.0019999999999999905]",1509447,"[7.7, -0.019999999999999907]",0.0072441623761103704,1.8834822177886963,5.49,"[0.659, -0.10999999999999999]",1510447,"[6.59, -1.0999999999999999]",0.010256780110872709,2.6667628288269043,4.3500000000000005,"[0.32700000000000007, 0.10800000000000005]",1511447,"[3.2700000000000005, 1.0800000000000005]",0.010351242468907283,2.6913230419158936,WelfareSolutionConcept,4.665,2.6254571030584364,0.00888082660161532,0.001431557475438271,2.309014916419983,0.3722049436139505,COMPLETE
151,1.1924999999999972,2025-06-12 22:00:51.390081,2025-06-12 22:00:58.714847,0 days 00:00:07.324766,45,0.9994183090775626,0.10560891421304383,0.9863593665535181,0.05258754999285287,269,1518451,1.1924999999999972,2.001379211943604,0.3804999999999999,0.18373690429524497,260.0,4,1.2299999999999978,"[0.563, -0.4400000000000003]",1518451,"[5.629999999999999, -4.400000000000003]",0.02159434281862699,5.614529132843018,1.2199999999999975,"[0.13399999999999987, -0.01200000000000015]",1519451,"[1.3399999999999987, -0.1200000000000015]",0.019685805760897124,5.118309497833252,3.9899999999999975,"[0.5519999999999999, -0.15300000000000022]",1520451,"[5.52, -1.5300000000000022]",0.027541587902949406,7.160812854766846,-1.6700000000000035,"[0.27299999999999985, -0.4400000000000003]",1521451,"[2.7299999999999986, -4.400000000000003]",0.019980982633737418,5.1950554847717285,WelfareSolutionConcept,3.8049999999999993,1.8373690429524496,0.022200679779052733,0.0031679879593205095,5.772176742553711,0.8236768694233326,COMPLETE
152,6.0025,2025-06-12 22:00:58.729972,2025-06-12 22:01:01.339014,0 days 00:00:02.609042,10,0.9723076457940425,0.08894563213620248,0.9829850317184409,0.03896635262813117,272,1528458,6.0025,1.3796081871314043,0.47625000000000006,0.19068347463794552,270.0,4,4.710000000000001,"[0.23600000000000004, 0.23500000000000004]",1528458,"[2.3600000000000003, 2.3500000000000005]",0.008677012832076461,2.3427934646606445,4.64,"[0.45000000000000007, 0.014000000000000018]",1529458,"[4.500000000000001, 0.14000000000000018]",0.0065790538434629085,1.7763445377349854,6.8,"[0.449, 0.231]",1530458,"[4.49, 2.31]",0.006521844863891601,1.7608981132507324,7.86,"[0.7700000000000001, 0.01600000000000001]",1531458,"[7.700000000000001, 0.16000000000000011]",0.009055181785866066,2.444899082183838,WelfareSolutionConcept,4.762500000000001,1.9068347463794553,0.007708273331324259,0.0011656937596699957,2.08123379945755,0.31473731511089886,COMPLETE
153,5.68,2025-06-12 22:01:01.355029,2025-06-12 22:01:04.125670,0 days 00:00:02.770641,12,0.9788564811631798,0.11332859844650028,0.9872032779888393,0.026257847282801113,262,1538461,5.68,2.0680788186140293,0.5167499999999999,0.14430241681967765,260.0,4,2.2100000000000004,"[0.33100000000000007, -0.10999999999999999]",1538461,"[3.3100000000000005, -1.0999999999999999]",0.0069920072188744175,1.8179218769073486,6.56,"[0.657, -0.0009999999999999898]",1539461,"[6.57, -0.009999999999999898]",0.007036037628467266,1.8293697834014893,7.66,"[0.6579999999999999, 0.10800000000000001]",1540461,"[6.579999999999999, 1.08]",0.0068535896447988656,1.781933307647705,6.29,"[0.421, 0.20800000000000002]",1541461,"[4.21, 2.08]",0.010042395958533654,2.61102294921875,WelfareSolutionConcept,5.1675,1.4430241681967768,0.00773100761266855,0.0013361776862294743,2.0100619792938232,0.34740619841966325,COMPLETE
154,5.99,2025-06-12 22:01:04.140759,2025-06-12 22:01:06.998112,0 days 00:00:02.857353,14,0.9642802369702946,0.110464956801828,0.9756061311662365,0.06386543805429039,238,1548464,5.99,2.0064271728622494,0.47975000000000007,0.12251811090610239,230.0,4,7.3100000000000005,"[0.5290000000000001, 0.20200000000000004]",1548464,"[5.290000000000001, 2.0200000000000005]",0.008049295259558636,1.8513379096984863,8.58,"[0.649, 0.20900000000000002]",1549464,"[6.49, 2.0900000000000003]",0.007694883968519128,1.7698233127593994,3.97,"[0.421, -0.023999999999999976]",1550464,"[4.21, -0.23999999999999977]",0.011300479847451915,2.5991103649139404,4.1000000000000005,"[0.32, 0.09000000000000005]",1551464,"[3.2, 0.9000000000000006]",0.011634627632472826,2.67596435546875,WelfareSolutionConcept,4.7975,1.2251811090610238,0.009669821677000626,0.0018059618859162067,2.224058985710144,0.4153712337607276,COMPLETE
155,5.02,2025-06-12 22:01:07.015376,2025-06-12 22:01:09.908504,0 days 00:00:02.893128,11,0.9883888104007813,0.10272874375524271,0.9921025678639793,0.033095485825864475,287,1558467,5.02,1.751784804135485,0.44249999999999995,0.07461400672795958,280.0,4,2.38,"[0.33799999999999997, -0.09999999999999999]",1558467,"[3.38, -0.9999999999999999]",0.0071445660931723455,2.000478506088257,6.6000000000000005,"[0.43999999999999995, 0.21999999999999997]",1559467,"[4.3999999999999995, 2.1999999999999997]",0.00970174925667899,2.716489791870117,6.6099999999999985,"[0.44299999999999995, 0.21799999999999997]",1560467,"[4.43, 2.1799999999999997]",0.009638093199048724,2.6986660957336426,4.489999999999999,"[0.5489999999999999, -0.09999999999999999]",1561467,"[5.489999999999999, -0.9999999999999999]",0.007487307276044573,2.0964460372924805,WelfareSolutionConcept,4.425,0.7461400672795958,0.008492928956236158,0.0011834277582451077,2.3780201077461243,0.33135977230863006,COMPLETE
156,4.662500000000001,2025-06-12 22:01:10.687337,2025-06-12 22:01:13.388453,0 days 00:00:02.701116,10,0.975181730624661,0.09697770051051001,0.9844242695839351,0.049093368828447996,280,1568470,4.662500000000001,2.723356155555127,0.31425000000000003,0.17619928348321967,280.0,4,7.82,"[0.44400000000000006, 0.338]",1568470,"[4.44, 3.3800000000000003]",0.006483133350099836,1.815277338027954,5.790000000000002,"[0.45100000000000007, 0.12799999999999995]",1569470,"[4.510000000000001, 1.2799999999999994]",0.00854158571788243,2.39164400100708,0.3700000000000005,"[0.018000000000000023, 0.019000000000000013]",1570470,"[0.18000000000000022, 0.19000000000000014]",0.009038708891187396,2.5308384895324707,4.67,"[0.34400000000000003, 0.12299999999999997]",1571470,"[3.4400000000000004, 1.2299999999999998]",0.0062792590686253135,1.758192539215088,WelfareSolutionConcept,3.1425,1.7619928348321967,0.007585671756948743,0.0012193639187065713,2.123988091945648,0.34142189723783983,COMPLETE
157,2.58,2025-06-12 22:01:13.403588,2025-06-12 22:01:16.431897,0 days 00:00:03.028309,13,0.9545657279651026,0.09147456583293992,0.9812138199412851,0.08090671175721376,250,1578473,2.58,1.6601204775557705,0.32375,0.1365693505146744,250.0,4,0.9000000000000001,"[0.21000000000000002, -0.11999999999999997]",1578473,"[2.1, -1.1999999999999997]",0.011445358276367187,2.861339569091797,2.0600000000000005,"[0.32599999999999996, -0.11999999999999997]",1579473,"[3.26, -1.1999999999999997]",0.008240363121032716,2.0600907802581787,5.34,"[0.5459999999999999, -0.011999999999999988]",1580473,"[5.459999999999999, -0.11999999999999988]",0.008146153450012208,2.0365383625030518,2.0200000000000005,"[0.213, -0.010999999999999985]",1581473,"[2.13, -0.10999999999999985]",0.011101823806762695,2.775455951690674,WelfareSolutionConcept,3.2375,1.3656935051467436,0.0097334246635437,0.0015453070556452828,2.4333561658859253,0.3863267639113208,COMPLETE
158,7.33,2025-06-12 22:01:16.448376,2025-06-12 22:01:18.543151,0 days 00:00:02.094775,12,0.9979780205522896,0.08276954358738078,0.9791657944977217,0.0985298179724532,230,1588476,7.33,1.887034710862521,0.5725,0.20910463887728556,230.0,4,9.7,"[0.768, 0.20200000000000004]",1588476,"[7.68, 2.0200000000000005]",0.008198664499365765,1.885692834854126,4.420000000000001,"[0.22000000000000003, 0.22200000000000003]",1589476,"[2.2, 2.22]",0.007282708002173383,1.675022840499878,7.52,"[0.644, 0.10800000000000001]",1590476,"[6.44, 1.08]",0.008310699462890625,1.9114608764648438,7.68,"[0.658, 0.11000000000000001]",1591476,"[6.58, 1.1]",0.007399310236391814,1.7018413543701172,WelfareSolutionConcept,5.725,2.0910463887728556,0.007797845550205396,0.00046039984130956645,1.7935044765472412,0.10589196350120034,COMPLETE
159,5.49,2025-06-12 22:01:18.560628,2025-06-12 22:01:20.631583,0 days 00:00:02.070955,12,0.9982570768203144,0.08484086908919818,0.9858492288808723,0.09257363868809015,255,1598478,5.49,2.0620984457585916,0.49375,0.12333972393353244,250.0,4,8.78,"[0.657, 0.221]",1598478,"[6.57, 2.21]",0.007137078285217285,1.7842695713043213,4.41,"[0.5509999999999999, -0.10999999999999999]",1599478,"[5.51, -1.0999999999999999]",0.007460978507995606,1.8652446269989014,3.250000000000001,"[0.32600000000000007, -0.0009999999999999898]",1600478,"[3.2600000000000007, -0.009999999999999898]",0.0075145368576049806,1.8786342144012451,5.52,"[0.441, 0.11100000000000003]",1601478,"[4.41, 1.1100000000000003]",0.007622123718261719,1.9055309295654297,WelfareSolutionConcept,4.9375,1.2333972393353243,0.007433679342269898,0.00018080835995824192,1.8584198355674744,0.04520208998956048,COMPLETE
160,7.705,2025-06-12 22:01:20.647711,2025-06-12 22:01:22.912262,0 days 00:00:02.264551,14,0.9667161926549126,0.07670948291206563,0.9796230928983694,0.07817466262029354,264,1608480,7.705,3.7137750335743274,0.5955,0.27802922508254413,260.0,4,9.6,"[0.868, 0.09200000000000003]",1608480,"[8.68, 0.9200000000000003]",0.007731107565072866,2.0100879669189453,1.8900000000000003,"[0.31900000000000006, -0.12999999999999995]",1609480,"[3.1900000000000004, -1.2999999999999994]",0.008045728390033428,2.0918893814086914,7.42,"[0.316, 0.426]",1610480,"[3.16, 4.26]",0.007946096933805026,2.0659852027893066,11.909999999999998,"[0.8789999999999999, 0.312]",1611480,"[8.79, 3.12]",0.007728381340320294,2.0093791484832764,WelfareSolutionConcept,5.955,2.780292250825441,0.007862828557307903,0.00013767029934465478,2.044335424900055,0.035794277829610276,COMPLETE
161,3.7775000000000003,2025-06-12 22:01:23.704264,2025-06-12 22:01:25.833578,0 days 00:00:02.129314,14,0.9673545773435313,0.0768524197229066,0.9789677572692482,0.09956230054285939,233,1618483,3.7775000000000003,1.822777756612144,0.42400000000000004,0.15596634252299435,230.0,4,5.24,"[0.429, 0.09500000000000003]",1618483,"[4.29, 0.9500000000000003]",0.008485434366309124,1.9516499042510986,0.7400000000000002,"[0.20400000000000001, -0.12999999999999995]",1619483,"[2.04, -1.2999999999999994]",0.008480304220448369,1.950469970703125,3.9800000000000004,"[0.41800000000000004, -0.019999999999999997]",1620483,"[4.180000000000001, -0.19999999999999996]",0.008526767855105193,1.9611566066741943,5.15,"[0.645, -0.12999999999999995]",1621483,"[6.45, -1.2999999999999994]",0.008206871281499448,1.887580394744873,WelfareSolutionConcept,4.24,1.5596634252299437,0.008424844430840532,0.00012712946825081325,1.9377142190933228,0.029239777697687094,COMPLETE
162,3.3600000000000003,2025-06-12 22:01:25.849830,2025-06-12 22:01:28.137311,0 days 00:00:02.287481,13,0.9834058147595476,0.08469458838224937,0.9893644259121067,0.0009986725054639885,267,1628485,3.3600000000000003,2.3995103667206776,0.21149999999999997,0.1538253880216136,260.0,4,4.19,"[0.21500000000000002, 0.20400000000000001]",1628485,"[2.1500000000000004, 2.04]",0.007722635452563946,2.007885217666626,-0.22999999999999982,"[-0.008999999999999994, -0.013999999999999995]",1629485,"[-0.08999999999999994, -0.13999999999999996]",0.008153790694016677,2.119985580444336,3.0600000000000005,"[0.4259999999999999, -0.11999999999999997]",1630485,"[4.259999999999999, -1.1999999999999997]",0.00813899407019982,2.116138458251953,6.420000000000001,"[0.21400000000000002, 0.42800000000000005]",1631485,"[2.14, 4.28]",0.007660805262052096,1.991809368133545,WelfareSolutionConcept,2.1149999999999998,1.5382538802161358,0.007919056369708135,0.00022844452630972216,2.058954656124115,0.05939557684052772,COMPLETE
163,6.285,2025-06-12 22:01:28.151890,2025-06-12 22:01:30.094602,0 days 00:00:01.942712,12,0.9917840197114844,0.08157732808774629,0.9812463372794377,0.07643688313184593,221,1638488,6.285,2.0787796901066744,0.5235,0.09122088576636385,220.0,4,9.8,"[0.66, 0.3200000000000001]",1638488,"[6.6000000000000005, 3.200000000000001]",0.0077148014848882505,1.697256326675415,5.430000000000001,"[0.5529999999999999, -0.009999999999999986]",1639488,"[5.529999999999999, -0.09999999999999987]",0.007906992868943648,1.7395384311676025,5.53,"[0.442, 0.11100000000000003]",1640488,"[4.42, 1.1100000000000003]",0.0073771021582863545,1.622962474822998,4.38,"[0.43899999999999995, -0.0009999999999999898]",1641488,"[4.39, -0.009999999999999898]",0.008011212132193826,1.7624666690826416,WelfareSolutionConcept,5.234999999999999,0.9122088576636386,0.00775252716107802,0.0002414253137891261,1.7055559754371643,0.05311356903360772,COMPLETE
164,4.2524999999999995,2025-06-12 22:01:30.110314,2025-06-12 22:01:32.235650,0 days 00:00:02.125336,11,0.9429899728309706,0.0993009361841838,0.9805748803851565,0.04203823896150052,274,1648490,4.2524999999999995,1.4363386613191196,0.41575,0.16207617807685373,270.0,4,3.3999999999999995,"[0.33099999999999996, 0.009000000000000006]",1648490,"[3.3099999999999996, 0.09000000000000007]",0.007098410747669362,1.9165709018707275,6.74,"[0.664, 0.01000000000000002]",1649490,"[6.640000000000001, 0.1000000000000002]",0.0068726963467068145,1.8556280136108398,3.4599999999999995,"[0.22699999999999995, 0.119]",1650490,"[2.2699999999999996, 1.19]",0.007088062498304579,1.9137768745422363,3.4099999999999997,"[0.441, -0.09999999999999999]",1651490,"[4.41, -0.9999999999999999]",0.007157472327903465,1.9325175285339355,WelfareSolutionConcept,4.1575,1.6207617807685377,0.007054160480146055,0.00010806248496010278,1.9046233296394348,0.029176870939227793,COMPLETE
165,6.449999999999999,2025-06-12 22:01:32.253171,2025-06-12 22:01:34.569487,0 days 00:00:02.316316,13,0.9636971853988098,0.07959326500930174,0.9713151448543293,0.06448903839320576,258,1658492,6.449999999999999,2.0729327051305844,0.46175,0.16299290628735966,250.0,4,8.71,"[0.546, 0.32499999999999996]",1658492,"[5.460000000000001, 3.2499999999999996]",0.0076762113571166996,1.9190528392791748,7.54,"[0.653, 0.10100000000000005]",1659492,"[6.53, 1.0100000000000005]",0.007629521369934082,1.9073803424835205,3.1500000000000004,"[0.213, 0.10200000000000001]",1660492,"[2.13, 1.02]",0.008476813316345215,2.1192033290863037,6.4,"[0.43499999999999994, 0.205]",1661492,"[4.35, 2.05]",0.008197056770324706,2.0492641925811768,WelfareSolutionConcept,4.6175,1.6299290628735965,0.007994900703430176,0.00035643084836635116,1.998725175857544,0.08910771209158778,COMPLETE
166,4.9325,2025-06-12 22:01:35.524424,2025-06-12 22:01:37.586295,0 days 00:00:02.061871,14,0.9506720663462211,0.07366261763093798,0.9769910867848028,0.08232131600527515,207,1668495,4.9325,1.626843185436138,0.40125000000000005,0.1444028652762818,200.0,4,7.390000000000001,"[0.537, 0.20200000000000004]",1668495,"[5.37, 2.0200000000000005]",0.009153929948806762,1.8307859897613525,3.0100000000000002,"[0.20600000000000004, 0.09500000000000001]",1669495,"[2.0600000000000005, 0.9500000000000002]",0.00938259243965149,1.8765184879302979,4.07,"[0.31900000000000006, 0.08800000000000002]",1670495,"[3.1900000000000004, 0.8800000000000002]",0.008986459970474243,1.7972919940948486,5.260000000000001,"[0.5429999999999999, -0.01699999999999998]",1671495,"[5.43, -0.16999999999999982]",0.009444363117218017,1.8888726234436035,WelfareSolutionConcept,4.0125,1.4440286527628179,0.009241836369037628,0.00018287563998807188,1.8483672738075256,0.03657512799761438,COMPLETE
167,6.9525,2025-06-12 22:01:37.601980,2025-06-12 22:01:40.146157,0 days 00:00:02.544177,11,0.9851049114716999,0.10392023384198433,0.9822986975046223,0.052370897417780636,295,1678497,6.9525,2.1275381900215105,0.68625,0.18225857318655816,290.0,4,4.52,"[0.5520000000000002, -0.09999999999999999]",1678497,"[5.520000000000001, -0.9999999999999999]",0.007887972634414146,2.2875120639801025,5.489999999999999,"[0.54, 0.009000000000000018]",1679497,"[5.4, 0.09000000000000019]",0.008175145346542885,2.3707921504974365,10.010000000000002,"[0.991, 0.010000000000000009]",1680497,"[9.91, 0.10000000000000009]",0.007890751444060227,2.288317918777466,7.79,"[0.662, 0.11699999999999999]",1681497,"[6.62, 1.17]",0.007387736748004782,2.1424436569213867,WelfareSolutionConcept,6.862500000000001,1.822585731865582,0.00783540154325551,0.00028357404320730246,2.272266447544098,0.08223647253011773,COMPLETE
168,5.8374999999999995,2025-06-12 22:01:40.161955,2025-06-12 22:01:42.366773,0 days 00:00:02.204818,11,0.9922316175125065,0.1048769624687495,0.9846162215861428,0.05103599025879738,293,1688500,5.8374999999999995,0.893402904629261,0.5760000000000001,0.08840531658220552,290.0,4,5.55,"[0.6549999999999999, -0.09999999999999999]",1688500,"[6.549999999999999, -0.9999999999999999]",0.0067065386936582365,1.9448962211608887,6.670000000000001,"[0.555, 0.11199999999999996]",1689500,"[5.550000000000001, 1.1199999999999997]",0.006792297856561069,1.96976637840271,4.5,"[0.4400000000000002, 0.010000000000000007]",1690500,"[4.400000000000002, 0.10000000000000007]",0.006974009809822872,2.022462844848633,6.63,"[0.654, 0.009000000000000018]",1691500,"[6.54, 0.09000000000000019]",0.006989713372855351,2.0270168781280518,WelfareSolutionConcept,5.76,0.8840531658220551,0.006865639933224381,0.00012023987817754438,1.9910355806350708,0.03486956467148786,COMPLETE
169,3.4074999999999998,2025-06-12 22:01:42.383487,2025-06-12 22:01:44.926417,0 days 00:00:02.542930,15,0.9688113317260072,0.10968873770706201,0.9904747758030413,0.03616139795409873,243,1698502,3.4074999999999998,2.3387216059206364,0.36750000000000005,0.12724287799322997,240.0,4,5.119999999999999,"[0.425, 0.08700000000000005]",1698502,"[4.25, 0.8700000000000006]",0.009614963332811992,2.307591199874878,0.55,"[0.1950000000000001, -0.13999999999999996]",1699502,"[1.9500000000000008, -1.3999999999999995]",0.008681181073188781,2.0834834575653076,6.23,"[0.5370000000000001, 0.08600000000000002]",1700502,"[5.370000000000001, 0.8600000000000002]",0.009081239501635233,2.179497480392456,1.73,"[0.31299999999999994, -0.13999999999999996]",1701502,"[3.1299999999999994, -1.3999999999999995]",0.008629658818244934,2.071118116378784,WelfareSolutionConcept,3.6750000000000003,1.2724287799322995,0.009001760681470235,0.00039483080437353543,2.1604225635528564,0.09475939304964838,COMPLETE
170,7.335000000000001,2025-06-12 22:01:44.943961,2025-06-12 22:01:47.556509,0 days 00:00:02.612548,10,0.985654743771858,0.09677316042939602,0.9820997684530915,0.029177457904884192,290,1708505,7.335000000000001,2.892520527152746,0.6095,0.17866798817919233,290.0,4,4.59,"[0.34, 0.119]",1708505,"[3.4000000000000004, 1.19]",0.008346495957210147,2.4204838275909424,6.8500000000000005,"[0.7750000000000001, -0.08999999999999998]",1709505,"[7.750000000000002, -0.8999999999999998]",0.008258392070901805,2.3949337005615234,5.75,"[0.556, 0.019000000000000024]",1710505,"[5.5600000000000005, 0.19000000000000022]",0.006312087486530172,1.83050537109375,12.15,"[0.767, 0.44800000000000006]",1711505,"[7.67, 4.48]",0.005532855823122222,1.6045281887054443,WelfareSolutionConcept,6.095000000000001,1.7866798817919234,0.0071124578344410865,0.0012218582743835143,2.062612771987915,0.35433889957121906,COMPLETE
171,6.522499999999999,2025-06-12 22:01:48.403397,2025-06-12 22:01:51.037814,0 days 00:00:02.634417,10,0.9838381768377524,0.11584409536387966,0.9823960695395876,0.028568196458287093,290,1718508,6.522499999999999,1.9202262236517864,0.5262500000000001,0.11499864129632141,290.0,4,6.8100000000000005,"[0.554, 0.127]",1718508,"[5.540000000000001, 1.27]",0.008494717499305462,2.463468074798584,8.95,"[0.553, 0.342]",1719508,"[5.53, 3.4200000000000004]",0.008469860307101547,2.4562594890594482,3.569999999999999,"[0.341, 0.01600000000000002]",1720508,"[3.41, 0.1600000000000002]",0.00607631124299148,1.7621302604675293,6.76,"[0.657, 0.019000000000000013]",1721508,"[6.57, 0.19000000000000014]",0.006275495167436271,1.8198935985565186,WelfareSolutionConcept,5.2625,1.1499864129632142,0.00732909605420869,0.0011553745113351613,2.12543785572052,0.33505860828719675,COMPLETE
172,3.975,2025-06-12 22:01:51.052404,2025-06-12 22:01:53.690935,0 days 00:00:02.638531,11,0.9960672412286474,0.09673362537380252,0.979787977834153,0.04192983530548578,265,1728511,3.975,3.612786320833271,0.36275,0.3098381634014764,260.0,4,3.4499999999999997,"[0.33599999999999997, 0.009000000000000006]",1728511,"[3.3599999999999994, 0.09000000000000007]",0.009312076752002423,2.42113995552063,9.89,"[0.877, 0.11200000000000002]",1729511,"[8.77, 1.12]",0.006596971475161039,1.7152125835418701,2.3800000000000003,"[0.12000000000000002, 0.11800000000000002]",1730511,"[1.2000000000000002, 1.1800000000000002]",0.0064958013021028955,1.688908338546753,0.18000000000000024,"[0.118, -0.09999999999999999]",1731511,"[1.18, -0.9999999999999999]",0.009507894515991211,2.472052574157715,WelfareSolutionConcept,3.6274999999999995,3.098381634014764,0.007978186011314392,0.0014339186377161737,2.074328362941742,0.3728188458062051,COMPLETE
173,3.6949999999999994,2025-06-12 22:01:53.705721,2025-06-12 22:01:56.460675,0 days 00:00:02.754954,11,0.9599037944591503,0.10217086286527541,0.982850001028753,0.035451913981812945,273,1738513,3.6949999999999994,3.1633249912078267,0.3627499999999999,0.19327619486113645,270.0,4,8.79,"[0.6609999999999999, 0.21799999999999997]",1738513,"[6.609999999999999, 2.1799999999999997]",0.006721604311907733,1.814833164215088,0.20000000000000015,"[0.12, -0.09999999999999999]",1739513,"[1.2, -0.9999999999999999]",0.009505959793373391,2.5666091442108154,3.4299999999999997,"[0.33399999999999996, 0.009000000000000018]",1740513,"[3.34, 0.09000000000000019]",0.006975331129851165,1.8833394050598145,2.36,"[0.33599999999999997, -0.09999999999999999]",1741513,"[3.3599999999999994, -0.9999999999999999]",0.009581217059382686,2.586928606033325,WelfareSolutionConcept,3.6274999999999995,1.9327619486113645,0.008196028073628743,0.001350804953936972,2.2129275798797607,0.36471733756298247,COMPLETE
174,5.3575,2025-06-12 22:01:56.475482,2025-06-12 22:01:59.674883,0 days 00:00:03.199401,13,0.9843251774267194,0.09299813305495871,0.9777625570270668,0.07101170856269899,291,1748516,5.3575,0.044930501889029306,0.4345,0.0750216635379408,290.0,4,5.319999999999999,"[0.43200000000000005, 0.10000000000000005]",1748516,"[4.32, 1.0000000000000004]",0.00756918479656351,2.195063591003418,5.309999999999999,"[0.5389999999999999, -0.007999999999999993]",1749516,"[5.389999999999999, -0.07999999999999993]",0.007184410917347875,2.083479166030884,5.38,"[0.32699999999999996, 0.21099999999999994]",1750516,"[3.2699999999999996, 2.1099999999999994]",0.010485565251317518,3.04081392288208,5.420000000000001,"[0.44000000000000006, 0.10200000000000006]",1751516,"[4.4, 1.0200000000000007]",0.010344391033567232,2.999873399734497,WelfareSolutionConcept,4.345,0.750216635379408,0.008895887999699034,0.0015259857466619702,2.5798075199127197,0.4425358665319713,COMPLETE
175,3.5825000000000005,2025-06-12 22:01:59.689814,2025-06-12 22:02:02.382463,0 days 00:00:02.692649,10,0.9707606764851795,0.0955208831751243,0.9809030029185285,0.04746747076002981,297,1758519,3.5825000000000005,2.2665543783461275,0.23375,0.20178500315930323,290.0,4,5.670000000000001,"[0.23200000000000007, 0.335]",1758519,"[2.3200000000000007, 3.35]",0.008650071867581072,2.5085208415985107,2.51,"[0.12599999999999997, 0.125]",1759519,"[1.2599999999999998, 1.25]",0.008714169469372979,2.527109146118164,0.3800000000000005,"[0.019000000000000024, 0.019000000000000024]",1760519,"[0.19000000000000022, 0.19000000000000022]",0.006331171660587705,1.8360397815704346,5.7700000000000005,"[0.558, 0.019000000000000024]",1761519,"[5.58, 0.19000000000000022]",0.006108468976514092,1.771456003189087,WelfareSolutionConcept,2.3375000000000004,2.017850031593032,0.007450970493513962,0.0012338735254545802,2.160781443119049,0.35782332238182823,COMPLETE
176,4.37,2025-06-12 22:02:03.268707,2025-06-12 22:02:06.003166,0 days 00:00:02.734459,12,0.9434228159865807,0.10318248153789444,0.9861159439833556,0.032587949972493285,256,1768523,4.37,2.0419965719853694,0.4650000000000001,0.16125755796240993,250.0,4,1.09,"[0.21900000000000003, -0.10999999999999999]",1768523,"[2.1900000000000004, -1.0999999999999999]",0.01022248649597168,2.55562162399292,6.56,"[0.655, 0.001000000000000012]",1769523,"[6.550000000000001, 0.01000000000000012]",0.009907096862792968,2.476774215698242,4.4,"[0.43900000000000006, 0.001000000000000012]",1770523,"[4.390000000000001, 0.01000000000000012]",0.006906534194946289,1.7266335487365723,5.430000000000001,"[0.547, -0.003999999999999992]",1771523,"[5.470000000000001, -0.039999999999999925]",0.0073019790649414065,1.8254947662353516,WelfareSolutionConcept,4.65,1.6125755796240995,0.008584524154663086,0.001491030802156239,2.1461310386657715,0.37275770053905977,COMPLETE
177,6.657500000000001,2025-06-12 22:02:06.018494,2025-06-12 22:02:09.397479,0 days 00:00:03.378985,13,0.5992165136894156,0.04982750744975009,0.9880564004602179,0.017755433507973498,301,1778526,6.657500000000001,2.346916860478871,0.5435,0.2355180460177096,300.0,4,5.360000000000001,"[0.21300000000000008, 0.32299999999999995]",1778526,"[2.130000000000001, 3.2299999999999995]",0.008151220480600992,2.445366144180298,10.72,"[0.8789999999999999, 0.193]",1779526,"[8.79, 1.9300000000000002]",0.01068911870320638,3.206735610961914,5.38,"[0.5469999999999999, -0.008999999999999994]",1780526,"[5.469999999999999, -0.08999999999999994]",0.00859872023264567,2.579616069793701,5.17,"[0.5349999999999999, -0.017999999999999978]",1781526,"[5.35, -0.17999999999999977]",0.008308823903401692,2.492647171020508,WelfareSolutionConcept,5.4350000000000005,2.3551804601770963,0.008936970829963684,0.00102425678044714,2.6810912489891052,0.307277034134142,COMPLETE
178,8.1025,2025-06-12 22:02:09.413129,2025-06-12 22:02:13.048661,0 days 00:00:03.635532,13,0.6114299249535627,0.057556559429204894,0.9946288071806607,0.021893067100377375,303,1788529,8.1025,3.2239213312362316,0.6290000000000001,0.2638550738568429,300.0,4,12.989999999999998,"[0.9890000000000001, 0.30999999999999994]",1788529,"[9.89, 3.0999999999999996]",0.007653752168019613,2.296125650405884,8.67,"[0.767, 0.10000000000000002]",1789529,"[7.67, 1.0000000000000002]",0.007806999683380127,2.342099905014038,4.26,"[0.434, -0.007999999999999985]",1790529,"[4.34, -0.07999999999999985]",0.011251879533131918,3.375563859939575,6.49,"[0.32599999999999996, 0.32300000000000006]",1791529,"[3.26, 3.2300000000000004]",0.011567183335622152,3.4701550006866455,WelfareSolutionConcept,6.290000000000001,2.638550738568429,0.009569953680038452,0.0018437486204363662,2.8709861040115356,0.5531245861309099,COMPLETE
179,5.6175,2025-06-12 22:02:13.064095,2025-06-12 22:02:16.032250,0 days 00:00:02.968155,11,0.959229887029442,0.059162989460935976,0.9739565539643286,0.02449853015994569,305,1798533,5.6175,2.330036212164952,0.49775,0.19784763708470218,300.0,4,5.63,"[0.5549999999999999, 0.008000000000000007]",1798533,"[5.549999999999999, 0.08000000000000007]",0.006536285877227783,1.960885763168335,5.6499999999999995,"[0.44700000000000006, 0.118]",1799533,"[4.470000000000001, 1.18]",0.008967878023783366,2.6903634071350098,8.889999999999999,"[0.7690000000000001, 0.12]",1800533,"[7.690000000000001, 1.2]",0.006357723871866862,1.9073171615600586,2.3000000000000003,"[0.21999999999999992, 0.01000000000000002]",1801533,"[2.1999999999999993, 0.1000000000000002]",0.009343958695729574,2.803187608718872,WelfareSolutionConcept,4.9775,1.9784763708470219,0.007801461617151896,0.0013624309891819278,2.340438485145569,0.4087292967545782,COMPLETE
180,5.297500000000001,2025-06-12 22:02:16.047297,2025-06-12 22:02:20.369070,0 days 00:00:04.321773,15,0.68621973933223,0.04388064229367847,0.9699451603552162,0.02854900934981398,317,1808536,5.297500000000001,1.5981766954877046,0.3095,0.13640839416986036,310.0,4,5.029999999999999,"[0.31199999999999994, 0.19100000000000003]",1808536,"[3.119999999999999, 1.9100000000000004]",0.008893865154635522,2.7570981979370117,6.050000000000001,"[0.4149999999999999, 0.19]",1809536,"[4.1499999999999995, 1.9]",0.012901432283463016,3.999444007873535,7.23,"[0.425, 0.298]",1810536,"[4.25, 2.98]",0.008903137330086,2.75997257232666,2.8800000000000012,"[0.08600000000000002, 0.2019999999999999]",1811536,"[0.8600000000000002, 2.019999999999999]",0.013355445861816407,4.140188217163086,WelfareSolutionConcept,3.0949999999999998,1.3640839416986037,0.011013470157500236,0.002121054053961639,3.4141757488250732,0.657526756728108,COMPLETE
181,5.3475,2025-06-12 22:02:21.359477,2025-06-12 22:02:24.684901,0 days 00:00:03.325424,13,0.5916407194048514,0.05654892520840171,0.9909604689425708,0.01755768138940323,284,1818541,5.3475,1.8923051418838344,0.4595,0.2625552322845614,280.0,4,2.070000000000001,"[0.10400000000000005, 0.10300000000000006]",1818541,"[1.0400000000000005, 1.0300000000000007]",0.010831413098743983,3.0327956676483154,6.45,"[0.31900000000000006, 0.32599999999999996]",1819541,"[3.1900000000000004, 3.26]",0.009489928824560984,2.657180070877075,6.45,"[0.7649999999999999, -0.11999999999999997]",1820541,"[7.649999999999999, -1.1999999999999997]",0.011260006257465907,3.152801752090454,6.42,"[0.65, -0.007999999999999983]",1821541,"[6.5, -0.07999999999999982]",0.010268513645444597,2.8751838207244873,WelfareSolutionConcept,4.595,2.6255523228456137,0.010462465456553868,0.000662502546673915,2.929490327835083,0.1855007130686963,COMPLETE
182,5.49,2025-06-12 22:02:24.699775,2025-06-12 22:02:28.747513,0 days 00:00:04.047738,14,0.6307035648564444,0.05009621615417179,0.9874048259369022,0.020169894705664014,302,1828544,5.49,1.2348886589486519,0.48450000000000004,0.05410406639061431,300.0,4,4.11,"[0.43200000000000005, -0.020999999999999998]",1828544,"[4.32, -0.20999999999999996]",0.008908082644144694,2.672424793243408,5.22,"[0.429, 0.093]",1829544,"[4.29, 0.9299999999999999]",0.009031194845835368,2.7093584537506104,5.14,"[0.534, -0.019999999999999973]",1830544,"[5.34, -0.19999999999999973]",0.012874683539072673,3.8624050617218018,7.49,"[0.543, 0.20600000000000004]",1831544,"[5.430000000000001, 2.0600000000000005]",0.012266210714975993,3.679863214492798,WelfareSolutionConcept,4.845,0.541040663906143,0.010770042936007182,0.001813733642246233,3.2310128808021545,0.5441200926738698,COMPLETE
183,5.430000000000001,2025-06-12 22:02:28.765164,2025-06-12 22:02:32.154793,0 days 00:00:03.389629,10,0.602384546778307,0.04884673681131415,0.9955664537013006,0.05257977584098205,330,1838548,5.430000000000001,1.6013900212003327,0.49800000000000005,0.09304300081145277,330.0,4,7.830000000000001,"[0.659, 0.124]",1838548,"[6.59, 1.24]",0.0070494521747935905,2.3263192176818848,4.6,"[0.441, 0.019000000000000024]",1839548,"[4.41, 0.19000000000000022]",0.0072147961818810665,2.380882740020752,3.51,"[0.441, -0.08999999999999998]",1840548,"[4.41, -0.8999999999999998]",0.009751581423210375,3.218021869659424,5.780000000000002,"[0.45100000000000007, 0.12699999999999995]",1841548,"[4.510000000000001, 1.2699999999999996]",0.009520965633970318,3.141918659210205,WelfareSolutionConcept,4.98,0.9304300081145275,0.008384198853463838,0.0012560876870103348,2.7667856216430664,0.41450893671341055,COMPLETE
184,4.630000000000001,2025-06-12 22:02:32.169466,2025-06-12 22:02:36.045627,0 days 00:00:03.876161,12,0.5458521190374364,0.050982826276142396,0.9068697565978899,0.022627561800189783,298,1848552,4.630000000000001,1.9945801563236312,0.41125,0.17852363288931802,290.0,4,4.300000000000002,"[0.5399999999999999, -0.10999999999999999]",1848552,"[5.3999999999999995, -1.0999999999999999]",0.01226823823205356,3.5577890872955322,4.430000000000001,"[0.442, 0.001000000000000012]",1849552,"[4.42, 0.01000000000000012]",0.008445227557215197,2.4491159915924072,2.1000000000000005,"[0.11100000000000003, 0.099]",1850552,"[1.1100000000000003, 0.99]",0.01266895162648168,3.6739959716796875,7.690000000000001,"[0.552, 0.217]",1851552,"[5.5200000000000005, 2.17]",0.008601699204280458,2.494492769241333,WelfareSolutionConcept,4.1125,1.7852363288931803,0.010496029155007722,0.0019784204706994723,3.04384845495224,0.573741936502847,COMPLETE
185,7.2524999999999995,2025-06-12 22:02:36.063259,2025-06-12 22:02:39.840587,0 days 00:00:03.777328,11,0.5921876905099577,0.07066415597763727,0.9943799366895709,0.017287852095091344,353,1858556,7.2524999999999995,2.3799934348648946,0.6635,0.13575437377852692,350.0,4,7.87,"[0.777, 0.010000000000000009]",1858556,"[7.7700000000000005, 0.10000000000000009]",0.00945793492453439,3.310277223587036,9.959999999999999,"[0.772, 0.22399999999999998]",1859556,"[7.720000000000001, 2.2399999999999998]",0.00953538281576974,3.337383985519409,3.4199999999999995,"[0.442, -0.09999999999999999]",1860556,"[4.42, -0.9999999999999999]",0.010258841514587402,3.590594530105591,7.76,"[0.663, 0.11299999999999995]",1861556,"[6.630000000000001, 1.1299999999999994]",0.010030620438711984,3.5107171535491943,WelfareSolutionConcept,6.635000000000002,1.3575437377852695,0.009820694923400878,0.00033505185154149677,3.4372432231903076,0.11726814803952397,COMPLETE
186,7.732500000000001,2025-06-12 22:02:40.838749,2025-06-12 22:02:44.653248,0 days 00:00:03.814499,11,0.5828946652212506,0.07586552110569347,0.9948541365961104,0.014076085672055375,354,1868560,7.732500000000001,2.458783998239781,0.55075,0.25253848716581795,350.0,4,6.579999999999999,"[0.657, 0.0010000000000000106]",1868560,"[6.57, 0.010000000000000106]",0.010391697202410016,3.637094020843506,4.47,"[0.12, 0.32699999999999996]",1869560,"[1.2, 3.2699999999999996]",0.007214485577174595,2.5250699520111084,11.05,"[0.6599999999999999, 0.44499999999999995]",1870560,"[6.6, 4.449999999999999]",0.009645099639892579,3.3757848739624023,8.830000000000002,"[0.766, 0.11699999999999997]",1871560,"[7.66, 1.1699999999999997]",0.007335005487714495,2.5672519207000732,WelfareSolutionConcept,5.5075,2.5253848716581793,0.00864657197679792,0.0013976406600326198,3.0263001918792725,0.48917423101141694,COMPLETE
187,4.7675,2025-06-12 22:02:44.667727,2025-06-12 22:02:48.957586,0 days 00:00:04.289859,11,0.5751559403344259,0.07231553833775954,0.9948956004431768,0.02326249070120759,365,1878564,4.7675,1.5708337754199202,0.4725,0.16236609867826476,360.0,4,6.53,"[0.44299999999999995, 0.21000000000000002]",1878564,"[4.43, 2.1]",0.009653005997339885,3.4750821590423584,4.53,"[0.5529999999999999, -0.09999999999999999]",1879564,"[5.529999999999999, -0.9999999999999999]",0.010368281602859497,3.732581377029419,2.3399999999999994,"[0.22699999999999995, 0.0070000000000000045]",1880564,"[2.2699999999999996, 0.07000000000000005]",0.011442933479944866,4.119456052780151,5.67,"[0.667, -0.09999999999999999]",1881564,"[6.67, -0.9999999999999999]",0.01004704965485467,3.6169378757476807,WelfareSolutionConcept,4.725,1.6236609867826475,0.010377817683749728,0.0006650793309520582,3.7360143661499023,0.23942855914274097,COMPLETE
188,6.522500000000001,2025-06-12 22:02:48.973209,2025-06-12 22:02:52.925671,0 days 00:00:03.952462,10,0.5841825567264938,0.0768713838757385,0.9977045492018483,0.011753132909812327,371,1888569,6.522500000000001,3.324758449872713,0.5547500000000001,0.27350079981601516,370.0,4,5.7,"[0.3360000000000001, 0.23399999999999999]",1888569,"[3.3600000000000008, 2.34]",0.008340628727062328,3.0860326290130615,10.010000000000002,"[0.772, 0.2290000000000001]",1889569,"[7.720000000000001, 2.290000000000001]",0.010169889475848223,3.7628591060638428,8.920000000000002,"[0.875, 0.01700000000000001]",1890569,"[8.75, 0.17000000000000012]",0.007933980709797627,2.935572862625122,1.4600000000000002,"[0.23600000000000004, -0.08999999999999998]",1891569,"[2.3600000000000003, -0.8999999999999998]",0.008277391743015599,3.0626349449157715,WelfareSolutionConcept,5.5475,2.7350079981601514,0.008680472663930945,0.0008737249005608019,3.2117748856544495,0.3232782132074968,COMPLETE
189,4.2325,2025-06-12 22:02:52.942340,2025-06-12 22:02:56.983344,0 days 00:00:04.041004,11,0.5650561468473153,0.07093109080727014,0.995184552225903,0.026686370481908358,351,1898572,4.2325,2.8108217214899986,0.4700000000000001,0.19634281244802423,350.0,4,1.1900000000000006,"[0.219, -0.09999999999999999]",1898572,"[2.19, -0.9999999999999999]",0.008686965533665249,3.040437936782837,3.45,"[0.445, -0.09999999999999999]",1899572,"[4.45, -0.9999999999999999]",0.011009281703404018,3.8532485961914062,3.4600000000000004,"[0.446, -0.09999999999999999]",1900572,"[4.46, -0.9999999999999999]",0.01010725498199463,3.53753924369812,8.83,"[0.7700000000000001, 0.11299999999999999]",1901572,"[7.700000000000001, 1.13]",0.009747809682573591,3.411733388900757,WelfareSolutionConcept,4.700000000000001,1.9634281244802423,0.009887827975409371,0.0008317875933151985,3.46073979139328,0.2911256576603195,COMPLETE
190,6.82,2025-06-12 22:02:57.001588,2025-06-12 22:03:00.882605,0 days 00:00:03.881017,12,0.6035517195947834,0.06123125512792071,0.9980059301372217,0.016343672241000785,337,1908577,6.82,1.1684605256490266,0.6275,0.09395876755258134,330.0,4,5.430000000000001,"[0.5429999999999998, 1.1102230246251566e-17]",1908577,"[5.429999999999998, 1.1102230246251565e-16]",0.008137234052022298,2.6852872371673584,6.57,"[0.767, -0.10999999999999999]",1909577,"[7.67, -1.0999999999999999]",0.011227730548743046,3.705151081085205,6.61,"[0.6599999999999999, 0.001000000000000012]",1910577,"[6.6, 0.01000000000000012]",0.008089038097497189,2.6693825721740723,8.67,"[0.5399999999999999, 0.32700000000000007]",1911577,"[5.3999999999999995, 3.2700000000000005]",0.010790504831256289,3.560866594314575,WelfareSolutionConcept,6.274999999999999,0.9395876755258133,0.009561126882379707,0.001456318483783667,3.1551718711853027,0.4805850996486101,COMPLETE
191,5.73,2025-06-12 22:03:01.952571,2025-06-12 22:03:06.230505,0 days 00:00:04.277934,12,0.6249375014205918,0.06565870319211836,0.9984426141758582,0.014746205447377805,342,1918582,5.73,0.9347726996441433,0.49325,0.09493254183892894,340.0,4,6.59,"[0.5549999999999999, 0.10400000000000001]",1918582,"[5.549999999999999, 1.04]",0.011573175822987275,3.934879779815674,6.57,"[0.546, 0.11100000000000007]",1919582,"[5.460000000000001, 1.1100000000000008]",0.008498010214637308,2.8893234729766846,5.430000000000001,"[0.32900000000000007, 0.21400000000000005]",1920582,"[3.290000000000001, 2.1400000000000006]",0.009282575635349049,3.1560757160186768,4.33,"[0.5429999999999999, -0.10999999999999999]",1921582,"[5.43, -1.0999999999999999]",0.011990271596347584,4.076692342758179,WelfareSolutionConcept,4.9325,0.9493254183892893,0.010336008317330303,0.0014794532667786239,3.5142428278923035,0.5030141107047322,COMPLETE
192,5.1899999999999995,2025-06-12 22:03:06.246387,2025-06-12 22:03:09.785424,0 days 00:00:03.539037,10,0.6151423510991532,0.06216823574075149,0.9937331374321721,0.015965733987446017,353,1928586,5.1899999999999995,1.1923715863773343,0.47725000000000006,0.08888581157867659,350.0,4,3.5599999999999996,"[0.3420000000000001, 0.014000000000000018]",1928586,"[3.420000000000001, 0.14000000000000018]",0.007391369002205985,2.5869791507720947,6.750000000000001,"[0.556, 0.11900000000000002]",1929586,"[5.5600000000000005, 1.1900000000000002]",0.006940278325762068,2.4290974140167236,5.77,"[0.453, 0.124]",1930586,"[4.53, 1.24]",0.007339809962681362,2.5689334869384766,4.680000000000001,"[0.558, -0.08999999999999998]",1931586,"[5.58, -0.8999999999999998]",0.009621956007821219,3.3676846027374268,WelfareSolutionConcept,4.772500000000001,0.8888581157867659,0.007823353324617657,0.001052997828026366,2.7381736636161804,0.3685492398092282,COMPLETE
193,5.2924999999999995,2025-06-12 22:03:09.800110,2025-06-12 22:03:13.295508,0 days 00:00:03.495398,11,0.6522178901339638,0.07001435365630296,0.994529549788687,0.01766370902754882,337,1938589,5.2924999999999995,1.1774840763254508,0.36399999999999993,0.08955166106778813,330.0,4,5.5600000000000005,"[0.4459999999999999, 0.11000000000000001]",1938589,"[4.459999999999999, 1.1]",0.009864086815805147,3.2551486492156982,5.5699999999999985,"[0.33699999999999997, 0.21999999999999997]",1939589,"[3.3699999999999997, 2.1999999999999997]",0.007274911620400169,2.4007208347320557,6.64,"[0.44399999999999995, 0.21999999999999997]",1940589,"[4.4399999999999995, 2.1999999999999997]",0.00777270288178415,2.5649919509887695,3.3999999999999995,"[0.22899999999999993, 0.11100000000000002]",1941589,"[2.289999999999999, 1.11]",0.0100915865464644,3.330223560333252,WelfareSolutionConcept,3.6399999999999992,0.8955166106778814,0.008750821966113468,0.0012421791917025717,2.887771248817444,0.4099191332618487,COMPLETE
194,6.3149999999999995,2025-06-12 22:03:13.310368,2025-06-12 22:03:17.685943,0 days 00:00:04.375575,12,0.5818612027232868,0.061169762920337746,0.9985211721261839,0.019599044547955167,357,1948593,6.3149999999999995,0.9061318888550384,0.5775,0.11826770480566542,350.0,4,5.49,"[0.44099999999999995, 0.10800000000000001]",1948593,"[4.409999999999999, 1.08]",0.011882669585091727,4.1589343547821045,5.51,"[0.55, 0.001000000000000012]",1949593,"[5.5, 0.01000000000000012]",0.007205963134765625,2.5220870971679688,7.6899999999999995,"[0.5519999999999999, 0.21700000000000003]",1950593,"[5.52, 2.1700000000000004]",0.008273023877825057,2.8955583572387695,6.57,"[0.7670000000000001, -0.10999999999999999]",1951593,"[7.670000000000002, -1.0999999999999999]",0.011743363652910505,4.110177278518677,WelfareSolutionConcept,5.775,1.1826770480566544,0.009776255062648228,0.0020719919724632055,3.42168927192688,0.725197190362122,COMPLETE
195,4.3725000000000005,2025-06-12 22:03:17.702194,2025-06-12 22:03:21.516169,0 days 00:00:03.813975,10,0.5436039188644386,0.07545266164278244,0.9915149828999522,0.06773156993062578,344,1958597,4.3725000000000005,1.609602047091144,0.3405,0.13002788162544215,340.0,4,6.820000000000001,"[0.44700000000000006, 0.23500000000000004]",1958597,"[4.470000000000001, 2.3500000000000005]",0.008824152806225945,3.0002119541168213,3.5500000000000003,"[0.341, 0.014000000000000007]",1959597,"[3.41, 0.14000000000000007]",0.008634181583628935,2.935621738433838,2.47,"[0.12800000000000003, 0.119]",1960597,"[1.2800000000000002, 1.19]",0.01070165423785939,3.6385624408721924,4.65,"[0.446, 0.019000000000000013]",1961597,"[4.46, 0.19000000000000014]",0.008557996329139261,2.9097187519073486,WelfareSolutionConcept,3.4050000000000002,1.3002788162544217,0.009179496239213382,0.0008841470663903492,3.12102872133255,0.30061000257271864,COMPLETE
196,5.077500000000001,2025-06-12 22:03:22.490823,2025-06-12 22:03:26.153359,0 days 00:00:03.662536,11,0.5995271415575527,0.056109369548194885,0.9958823825239286,0.013853922210770912,323,1968602,5.077500000000001,3.4809077479875854,0.44575,0.2992393481813513,320.0,4,6.74,"[0.664, 0.010000000000000007]",1968602,"[6.640000000000001, 0.10000000000000007]",0.010625027120113373,3.4000086784362793,-0.9099999999999998,"[0.009000000000000018, -0.09999999999999999]",1969602,"[0.09000000000000019, -0.9999999999999999]",0.007976888120174408,2.5526041984558105,6.739999999999999,"[0.33599999999999997, 0.338]",1970602,"[3.3599999999999994, 3.3800000000000003]",0.007661673426628113,2.451735496520996,7.740000000000001,"[0.774, 8.326672684688674e-18]",1971602,"[7.74, 8.326672684688674e-17]",0.01068572625517845,3.4194324016571045,WelfareSolutionConcept,4.4575,2.9923934818135134,0.009237328730523586,0.00142258236833652,2.9559451937675476,0.45522635786768656,COMPLETE
197,5.3475,2025-06-12 22:03:26.171451,2025-06-12 22:03:30.209065,0 days 00:00:04.037614,13,0.5067560647601892,0.06516006426132329,0.9042460023540638,0.04487881054536693,334,1978606,5.3475,2.8191964724013117,0.43425,0.20740103061460424,330.0,4,3.14,"[0.32199999999999995, -0.007999999999999993]",1978606,"[3.2199999999999998, -0.07999999999999993]",0.011359468373385343,3.748624563217163,7.54,"[0.766, -0.011999999999999995]",1979606,"[7.66, -0.11999999999999995]",0.011526374383406205,3.803703546524048,8.68,"[0.437, 0.43100000000000005]",1980606,"[4.37, 4.3100000000000005]",0.011657451138351902,3.846958875656128,2.0300000000000002,"[0.21200000000000002, -0.008999999999999994]",1981606,"[2.12, -0.08999999999999994]",0.010415434114860766,3.4370932579040527,WelfareSolutionConcept,4.3425,2.074010306146042,0.011239682002501054,0.0004874569024713194,3.709095060825348,0.1608607778155355,COMPLETE
198,3.85,2025-06-12 22:03:30.223524,2025-06-12 22:03:34.570309,0 days 00:00:04.346785,12,0.6121932778510516,0.0804587260838627,0.9970113910127893,0.05707710133199172,378,1988610,3.85,1.6700748486220611,0.4127499999999999,0.14506614870465118,370.0,4,4.430000000000001,"[0.5529999999999998, -0.10999999999999999]",1988610,"[5.5299999999999985, -1.0999999999999999]",0.009211691650184425,3.4083259105682373,4.41,"[0.5509999999999999, -0.10999999999999999]",1989610,"[5.51, -1.0999999999999999]",0.008576293893762537,3.1732287406921387,5.5,"[0.33100000000000007, 0.219]",1990610,"[3.3100000000000005, 2.19]",0.008600311665921598,3.182115316390991,1.0600000000000003,"[0.21600000000000005, -0.10999999999999999]",1991610,"[2.1600000000000006, -1.0999999999999999]",0.011266873333905194,4.168743133544922,WelfareSolutionConcept,4.1275,1.4506614870465122,0.00941379263594344,0.001099762282648557,3.4831032752990723,0.40691204457996616,COMPLETE
199,7.6049999999999995,2025-06-12 22:03:34.586655,2025-06-12 22:03:38.271840,0 days 00:00:03.685185,10,0.5840326469476962,0.09124855197939748,0.9935432803728133,0.07974740438732895,362,1998614,7.6049999999999995,1.7668404002625706,0.52725,0.19005706379927056,360.0,4,8.980000000000002,"[0.5559999999999999, 0.3420000000000001]",1998614,"[5.56, 3.420000000000001]",0.009767561488681369,3.516322135925293,8.95,"[0.553, 0.3420000000000001]",1999614,"[5.53, 3.420000000000001]",0.007999115520053439,2.8796815872192383,4.65,"[0.23400000000000004, 0.23100000000000004]",2000614,"[2.3400000000000003, 2.3100000000000005]",0.007844803068372938,2.824129104614258,7.84,"[0.7660000000000001, 0.018000000000000013]",2001614,"[7.660000000000001, 0.18000000000000013]",0.009325426154666477,3.3571534156799316,WelfareSolutionConcept,5.2725,1.9005706379927056,0.008734226557943555,0.0008289693034238549,3.14432156085968,0.2984289492325877,COMPLETE
200,4.507499999999999,2025-06-12 22:03:38.286813,2025-06-12 22:03:42.758454,0 days 00:00:04.471641,13,0.5887393287261417,0.10050368362531864,0.9924170144487894,0.08167962300401695,362,2008618,4.507499999999999,3.16742304563189,0.4327500000000001,0.20833191666185,360.0,4,9.76,"[0.7670000000000001, 0.209]",2008618,"[7.670000000000002, 2.09]",0.011289600531260173,4.064256191253662,4.249999999999999,"[0.433, -0.007999999999999993]",2009618,"[4.33, -0.07999999999999993]",0.009460850556691488,3.4059062004089355,2.0200000000000005,"[0.211, -0.008999999999999984]",2010618,"[2.11, -0.08999999999999983]",0.0087417205174764,3.147019386291504,2.0,"[0.32000000000000006, -0.11999999999999997]",2011618,"[3.2000000000000006, -1.1999999999999997]",0.011918195088704427,4.290550231933594,WelfareSolutionConcept,4.327500000000001,2.0833191666185003,0.010352591673533123,0.001296071733541058,3.726933002471924,0.46658582407478083,COMPLETE
201,4.1450000000000005,2025-06-12 22:03:43.801574,2025-06-12 22:03:47.375257,0 days 00:00:03.573683,10,0.5813700901947729,0.09029982762808568,0.9789030228811264,0.09839658905411787,354,2018623,4.1450000000000005,1.6133892896632236,0.34175,0.29549735616414574,350.0,4,6.830000000000001,"[0.773, -0.08999999999999998]",2018623,"[7.73, -0.8999999999999998]",0.00963606630052839,3.3726232051849365,2.52,"[0.01700000000000001, 0.23499999999999996]",2019623,"[0.17000000000000012, 2.3499999999999996]",0.00967306205204555,3.3855717182159424,3.6,"[0.45, -0.08999999999999998]",2020623,"[4.5, -0.8999999999999998]",0.007108112062726702,2.4878392219543457,3.6300000000000003,"[0.127, 0.23600000000000004]",2021623,"[1.27, 2.3600000000000003]",0.006908292089189802,2.4179022312164307,WelfareSolutionConcept,3.4175,2.9549735616414576,0.008331383126122612,0.0013251302501814234,2.915984094142914,0.4637955875634982,COMPLETE
202,5.8425,2025-06-12 22:03:47.391384,2025-06-12 22:03:51.568862,0 days 00:00:04.177478,11,0.5501019233661654,0.08574366022218975,0.9923481079257583,0.07134714743202525,362,2028627,5.8425,3.0822262652180483,0.44225000000000003,0.20152961941114267,360.0,4,1.2600000000000002,"[0.22599999999999998, -0.09999999999999999]",2028627,"[2.26, -0.9999999999999999]",0.009178413285149468,3.3042287826538086,6.64,"[0.43900000000000006, 0.225]",2029627,"[4.390000000000001, 2.25]",0.0081694761912028,2.941011428833008,9.88,"[0.766, 0.22199999999999998]",2030627,"[7.66, 2.2199999999999998]",0.011157102055019803,4.016556739807129,5.590000000000001,"[0.33799999999999997, 0.221]",2031627,"[3.38, 2.21]",0.010625600814819336,3.825216293334961,WelfareSolutionConcept,4.4225,2.0152961941114267,0.009782648086547852,0.0011797368639553402,3.5217533111572266,0.4247052710239225,COMPLETE
203,4.8975,2025-06-12 22:03:51.583533,2025-06-12 22:03:55.003435,0 days 00:00:03.419902,10,0.558566496691375,0.08837039343700828,0.9930519861647144,0.05965682524061212,347,2038631,4.8975,2.3085425597116465,0.4730000000000001,0.15755633912984907,340.0,4,5.69,"[0.5570000000000002, 0.012000000000000007]",2038631,"[5.570000000000002, 0.12000000000000008]",0.006786685130175422,2.3074729442596436,4.64,"[0.445, 0.019000000000000013]",2039631,"[4.45, 0.19000000000000014]",0.009563021800097297,3.251427412033081,7.830000000000001,"[0.657, 0.12599999999999995]",2040631,"[6.57, 1.2599999999999993]",0.007199889070847456,2.4479622840881348,1.4300000000000002,"[0.233, -0.08999999999999998]",2041631,"[2.33, -0.8999999999999998]",0.007234605620889103,2.459765911102295,WelfareSolutionConcept,4.73,1.5755633912984908,0.007696050405502319,0.0010922035926808143,2.6166571378707886,0.3713492215114769,COMPLETE
204,5.449999999999999,2025-06-12 22:03:55.018477,2025-06-12 22:03:58.855072,0 days 00:00:03.836595,12,0.6127143534504094,0.05836840747567439,0.9964050126865679,0.030505519601377373,337,2048635,5.449999999999999,1.3261787209874838,0.5735,0.15771096981503854,330.0,4,5.47,"[0.5459999999999999, 0.001000000000000012]",2048635,"[5.459999999999999, 0.01000000000000012]",0.010699823408415823,3.5309417247772217,6.609999999999999,"[0.662, -0.0009999999999999898]",2049635,"[6.62, -0.009999999999999898]",0.008132001847931832,2.683560609817505,3.2800000000000007,"[0.332, -0.003999999999999992]",2050635,"[3.3200000000000003, -0.039999999999999925]",0.007859156348488548,2.5935215950012207,6.4399999999999995,"[0.754, -0.10999999999999999]",2051635,"[7.54, -1.0999999999999999]",0.011103375752766927,3.664113998413086,WelfareSolutionConcept,5.734999999999999,1.5771096981503854,0.009448589339400782,0.0014631818602465177,3.1180344820022583,0.4828500138813508,COMPLETE
205,3.4299999999999997,2025-06-12 22:03:58.870002,2025-06-12 22:04:02.708658,0 days 00:00:03.838656,11,0.5709845015435255,0.10608781579047631,0.9378221475662762,0.04902057267971117,355,2058638,3.4299999999999997,0.7604932609826333,0.3345,0.1319024260580525,350.0,4,4.489999999999999,"[0.549, -0.09999999999999999]",2058638,"[5.49, -0.9999999999999999]",0.007825352123805454,2.738873243331909,3.42,"[0.22200000000000003, 0.11999999999999997]",2059638,"[2.22, 1.1999999999999997]",0.010398808888026646,3.639583110809326,2.3400000000000003,"[0.22999999999999993, 0.0040000000000000036]",2060638,"[2.2999999999999994, 0.040000000000000036]",0.007723657063075475,2.703279972076416,3.4699999999999998,"[0.337, 0.010000000000000007]",2061638,"[3.37, 0.10000000000000007]",0.010478027888706751,3.6673097610473633,WelfareSolutionConcept,3.3449999999999998,1.319024260580525,0.009106461490903581,0.0013327364212890244,3.1872615218162537,0.46645774745115864,COMPLETE
206,7.3275,2025-06-12 22:04:03.719937,2025-06-12 22:04:07.554839,0 days 00:00:03.834902,12,0.9742207902486156,0.07790487194500029,0.9334253748240843,0.08034891620681986,374,2068643,7.3275,2.4433110219536105,0.631,0.16261150020831863,370.0,4,7.55,"[0.5469999999999999, 0.20800000000000002]",2068643,"[5.469999999999999, 2.08]",0.006959687052546321,2.5750842094421387,9.66,"[0.6579999999999999, 0.30800000000000005]",2069643,"[6.579999999999999, 3.0800000000000005]",0.007074644758894637,2.6176185607910156,8.799999999999999,"[0.8790000000000001, 0.001000000000000012]",2070643,"[8.790000000000001, 0.01000000000000012]",0.009566364417204985,3.5395548343658447,3.3000000000000007,"[0.44000000000000006, -0.10999999999999999]",2071643,"[4.4, -1.0999999999999999]",0.009871365572955157,3.652405261993408,WelfareSolutionConcept,6.309999999999999,1.6261150020831865,0.008368015450400274,0.0013557561044556792,3.096165716648102,0.5016297586486014,COMPLETE
207,5.665,2025-06-12 22:04:07.569757,2025-06-12 22:04:11.815188,0 days 00:00:04.245431,12,0.6072413734696592,0.07502270513392284,0.9333031004949338,0.012781649247671781,394,2078647,5.665,0.8941336589123575,0.3785,0.11875289470156081,390.0,4,6.470000000000001,"[0.219, 0.42799999999999994]",2078647,"[2.19, 4.279999999999999]",0.00720510971851838,2.809992790222168,5.369999999999999,"[0.5359999999999999, 0.001000000000000012]",2079647,"[5.359999999999999, 0.01000000000000012]",0.00782328018775353,3.051079273223877,4.33,"[0.43499999999999994, -0.0019999999999999905]",2080647,"[4.35, -0.019999999999999907]",0.010430118976495205,4.06774640083313,6.489999999999999,"[0.32400000000000007, 0.325]",2081647,"[3.2400000000000007, 3.25]",0.00760648678510617,2.9665298461914062,WelfareSolutionConcept,3.7849999999999997,1.1875289470156083,0.008266248916968321,0.0012688437057716486,3.2238370776176453,0.494849045250943,COMPLETE
208,5.3575,2025-06-12 22:04:11.895183,2025-06-12 22:04:15.768983,0 days 00:00:03.873800,13,0.9350187970603707,0.0789756643739415,0.9988983876747017,0.08295488000404638,371,2088651,5.3575,3.129148246727853,0.46275,0.21342021342881273,370.0,4,9.78,"[0.7669999999999999, 0.21100000000000002]",2088651,"[7.669999999999999, 2.1100000000000003]",0.006638064255585541,2.4560837745666504,5.309999999999999,"[0.32199999999999995, 0.209]",2089651,"[3.2199999999999998, 2.09]",0.010017067677265888,3.706315040588379,0.9300000000000002,"[0.213, -0.11999999999999997]",2090651,"[2.13, -1.1999999999999997]",0.007562889279545964,2.798269033432007,5.41,"[0.5489999999999999, -0.007999999999999993]",2091651,"[5.489999999999999, -0.07999999999999993]",0.009878278423000026,3.6549630165100098,WelfareSolutionConcept,4.6274999999999995,2.1342021342881274,0.008524074908849356,0.0014614896991157725,3.1539077162742615,0.5407511886728358,COMPLETE
209,5.232500000000001,2025-06-12 22:04:15.784063,2025-06-12 22:04:20.051263,0 days 00:00:04.267200,14,0.5934944434752499,0.06918060338216768,0.921944276208243,0.07725563792251522,348,2098655,5.232500000000001,1.1427023890760013,0.4315000000000001,0.07814889634537392,340.0,4,6.370000000000001,"[0.541, 0.096]",2098655,"[5.41, 0.96]",0.008518329788656796,2.8962321281433105,4.0600000000000005,"[0.32000000000000006, 0.086]",2099655,"[3.2000000000000006, 0.8599999999999999]",0.011754521902869729,3.996537446975708,4.12,"[0.43100000000000005, -0.018999999999999982]",2100655,"[4.3100000000000005, -0.18999999999999984]",0.01206586571300731,4.102394342422485,6.380000000000002,"[0.43400000000000005, 0.20400000000000001]",2101655,"[4.340000000000001, 2.04]",0.008057056455051198,2.7393991947174072,WelfareSolutionConcept,4.315,0.7814889634537392,0.010098943464896258,0.001821905955921308,3.433640778064728,0.6194480250132448,COMPLETE
210,6.9825,2025-06-12 22:04:20.066081,2025-06-12 22:04:23.490211,0 days 00:00:03.424130,11,0.9951548218910985,0.07299226782132454,0.914081206589882,0.0663996257666576,381,2108660,6.9825,0.9162252725176271,0.5547500000000001,0.07923501435602827,380.0,4,6.6899999999999995,"[0.5509999999999999, 0.11799999999999992]",2108660,"[5.51, 1.1799999999999993]",0.006427653839713649,2.4425084590911865,7.85,"[0.558, 0.22699999999999995]",2109660,"[5.58, 2.2699999999999996]",0.0065016853181939374,2.4706404209136963,5.609999999999999,"[0.44299999999999995, 0.11799999999999997]",2110660,"[4.43, 1.1799999999999997]",0.006402753528795744,2.433046340942383,7.779999999999999,"[0.667, 0.11099999999999996]",2111660,"[6.67, 1.1099999999999997]",0.008579988228647332,3.2603955268859863,WelfareSolutionConcept,5.547499999999999,0.7923501435602823,0.0069780202288376655,0.0009256121431202547,2.651647686958313,0.3517326143856968,COMPLETE
211,5.3375,2025-06-12 22:04:24.535424,2025-06-12 22:04:27.690555,0 days 00:00:03.155131,11,0.9991373750137545,0.07379374093583778,0.912638263380345,0.06575760801493308,380,2118664,5.3375,1.21992571495153,0.471,0.1632865579280793,380.0,4,5.62,"[0.445, 0.11699999999999999]",2118664,"[4.45, 1.17]",0.007686998342212877,2.9210593700408936,3.3799999999999994,"[0.22199999999999992, 0.11600000000000002]",2119664,"[2.2199999999999993, 1.1600000000000001]",0.007843799967514841,2.9806439876556396,6.740000000000001,"[0.6639999999999999, 0.01000000000000002]",2120664,"[6.639999999999999, 0.1000000000000002]",0.007752119867425216,2.945805549621582,5.61,"[0.5529999999999999, 0.008000000000000005]",2121664,"[5.529999999999999, 0.08000000000000006]",0.007688606412787186,2.921670436859131,WelfareSolutionConcept,4.709999999999999,1.632865579280793,0.00774288114748503,6.39112606156952e-05,2.9422948360443115,0.02428627903396413,COMPLETE
212,4.6375,2025-06-12 22:04:27.705426,2025-06-12 22:04:31.653379,0 days 00:00:03.947953,12,0.9875960134676388,0.06729456544310056,0.9088549103289796,0.08942157478340189,386,2128667,4.6375,2.070596230557759,0.3295,0.13472657495832063,380.0,4,5.5,"[0.5499999999999999, 1.1102230246251566e-17]",2128667,"[5.499999999999999, 1.1102230246251565e-16]",0.00694807767868042,2.6402695178985596,3.29,"[0.328, 0.001000000000000012]",2129667,"[3.2800000000000002, 0.01000000000000012]",0.006910236258255808,2.625889778137207,2.1900000000000004,"[0.21900000000000003, 1.1102230246251566e-17]",2130667,"[2.1900000000000004, 1.1102230246251565e-16]",0.00993045631207918,3.773573398590088,7.57,"[0.22100000000000009, 0.5359999999999999]",2131667,"[2.210000000000001, 5.359999999999999]",0.00705375357678062,2.6804263591766357,WelfareSolutionConcept,3.295,1.3472657495832063,0.007710630956449006,0.0012826955675207996,2.9300397634506226,0.48742431565790373,COMPLETE
213,3.4074999999999998,2025-06-12 22:04:31.668740,2025-06-12 22:04:35.369101,0 days 00:00:03.700361,11,0.9720199980649422,0.07266365323800743,0.9278418450964243,0.021702635596264484,373,2138671,3.4074999999999998,2.0085115757694796,0.36200000000000004,0.13973009697269953,370.0,4,2.33,"[0.22999999999999993, 0.0030000000000000027]",2138671,"[2.2999999999999994, 0.030000000000000027]",0.006938806740013329,2.5673584938049316,6.619999999999999,"[0.55, 0.11199999999999992]",2139671,"[5.5, 1.1199999999999992]",0.009401559185337376,3.478576898574829,1.2500000000000004,"[0.225, -0.09999999999999999]",2140671,"[2.25, -0.9999999999999999]",0.009468759072793497,3.5034408569335938,3.4299999999999997,"[0.44300000000000006, -0.09999999999999999]",2141671,"[4.430000000000001, -0.9999999999999999]",0.007580024487263448,2.8046090602874756,WelfareSolutionConcept,3.62,1.3973009697269951,0.008347287371351913,0.0011114964976389002,3.0884963274002075,0.41125370412639306,COMPLETE
214,4.355,2025-06-12 22:04:35.392025,2025-06-12 22:04:38.770806,0 days 00:00:03.378781,12,0.9993581709714767,0.0775975578073004,0.9160267212156015,0.04065118953077999,313,2148675,4.355,0.026925824035672525,0.46449999999999997,0.04763139720814409,310.0,4,4.36,"[0.437, -0.0009999999999999898]",2148675,"[4.37, -0.009999999999999898]",0.010327123826549899,3.2014083862304688,4.3100000000000005,"[0.437, -0.005999999999999994]",2149675,"[4.37, -0.05999999999999994]",0.0076994272970384164,2.386822462081909,4.37,"[0.5469999999999999, -0.10999999999999999]",2150675,"[5.469999999999999, -1.0999999999999999]",0.010149408155871975,3.1463165283203125,4.380000000000001,"[0.437, 0.001000000000000012]",2151675,"[4.37, 0.01000000000000012]",0.007617373620310138,2.3613858222961426,WelfareSolutionConcept,4.645,0.4763139720814407,0.008948333224942607,0.0012917879081630651,2.7739832997322083,0.40045425153055025,COMPLETE
215,6.2725,2025-06-12 22:04:38.785201,2025-06-12 22:04:42.263475,0 days 00:00:03.478274,10,0.7058436558962783,0.06051617943260692,0.9003501719601836,0.07267584615044699,359,2158678,6.2725,1.6108751503453025,0.58375,0.0890235221725135,350.0,4,7.8900000000000015,"[0.664, 0.12499999999999996]",2158678,"[6.640000000000001, 1.2499999999999996]",0.006786730630057199,2.3753557205200195,6.79,"[0.558, 0.12100000000000002]",2159678,"[5.58, 1.2100000000000002]",0.009329524040222168,3.265333414077759,6.819999999999999,"[0.664, 0.018000000000000016]",2160678,"[6.640000000000001, 0.18000000000000016]",0.006528317587716239,2.2849111557006836,3.5900000000000003,"[0.449, -0.08999999999999998]",2161678,"[4.49, -0.8999999999999998]",0.009447987420218332,3.306795597076416,WelfareSolutionConcept,5.8375,0.890235221725135,0.008023139919553484,0.001369309278961313,2.8080989718437195,0.47925824763645947,COMPLETE
216,4.549999999999999,2025-06-12 22:04:43.416723,2025-06-12 22:04:47.337070,0 days 00:00:03.920347,11,0.9784269921295032,0.06351047131300518,0.9446728800307429,0.09962492486451228,389,2168683,4.549999999999999,0.7530936196781908,0.44725000000000004,0.13166126043753348,380.0,4,4.55,"[0.44800000000000006, 0.007000000000000016]",2168683,"[4.48, 0.07000000000000016]",0.009702935344294498,3.687115430831909,5.619999999999999,"[0.6620000000000001, -0.09999999999999999]",2169683,"[6.620000000000001, -0.9999999999999999]",0.007555489791067023,2.8710861206054688,4.539999999999999,"[0.33999999999999997, 0.11399999999999996]",2170683,"[3.3999999999999995, 1.1399999999999997]",0.006866175250003212,2.6091465950012207,3.49,"[0.33899999999999997, 0.01000000000000002]",2171683,"[3.3899999999999997, 0.1000000000000002]",0.009831199520512632,3.7358558177948,WelfareSolutionConcept,4.4725,1.3166126043753348,0.008488949976469342,0.0013019351022964388,3.2258009910583496,0.4947353388726466,COMPLETE
217,6.170000000000001,2025-06-12 22:04:47.351512,2025-06-12 22:04:52.049819,0 days 00:00:04.698307,13,0.9854107017194371,0.08035963905328071,0.9082306736006636,0.05395752332167914,398,2178687,6.170000000000001,1.6396188581496616,0.51725,0.14304610270818288,390.0,4,4.24,"[0.434, -0.009999999999999995]",2178687,"[4.34, -0.09999999999999995]",0.010523189642490485,4.104043960571289,5.33,"[0.433, 0.10000000000000005]",2179687,"[4.33, 1.0000000000000004]",0.011585013071695963,4.518155097961426,8.67,"[0.765, 0.10200000000000002]",2180687,"[7.65, 1.0200000000000002]",0.008345218193836702,3.2546350955963135,6.44,"[0.437, 0.20700000000000002]",2181687,"[4.37, 2.0700000000000003]",0.009504255270346616,3.7066595554351807,WelfareSolutionConcept,5.1725,1.4304610270818288,0.00998941904459244,0.0012010007989147241,3.8958734273910522,0.46839031157674244,COMPLETE
218,6.647500000000001,2025-06-12 22:04:52.077405,2025-06-12 22:04:55.974371,0 days 00:00:03.896966,11,0.9684847772427491,0.05434456349508373,0.9322687045029973,0.06351937032976825,331,2188692,6.647500000000001,2.71140530906023,0.521,0.23128661872231174,330.0,4,8.81,"[0.548, 0.333]",2188692,"[5.48, 3.33]",0.008469629287719726,2.7949776649475098,4.51,"[0.441, 0.01000000000000002]",2189692,"[4.41, 0.1000000000000002]",0.010700472918423739,3.531156063079834,3.46,"[0.22699999999999995, 0.119]",2190692,"[2.2699999999999996, 1.19]",0.010188740672487201,3.3622844219207764,9.81,"[0.868, 0.11299999999999999]",2191692,"[8.68, 1.13]",0.011148800271930116,3.6791040897369385,WelfareSolutionConcept,5.21,2.3128661872231175,0.010126910787640196,0.0010153369564595432,3.3418805599212646,0.33506119563164927,COMPLETE
219,7.359999999999999,2025-06-12 22:04:55.991038,2025-06-12 22:05:00.235303,0 days 00:00:04.244265,12,0.6226445007158364,0.09927425791688273,0.9405087560586612,0.08411740711353906,377,2198696,7.359999999999999,1.166940444067305,0.5755,0.12179183059630888,370.0,4,7.689999999999999,"[0.768, 0.001000000000000012]",2198696,"[7.68, 0.01000000000000012]",0.007911653132052035,2.927311658859253,5.5,"[0.551, -0.0009999999999999898]",2199696,"[5.510000000000001, -0.009999999999999898]",0.010555124282836914,3.905395984649658,8.719999999999999,"[0.5530000000000002, 0.31900000000000006]",2200696,"[5.530000000000001, 3.1900000000000004]",0.011004932506664379,4.07182502746582,7.53,"[0.43, 0.32300000000000006]",2201696,"[4.3, 3.2300000000000004]",0.008594199129053064,3.179853677749634,WelfareSolutionConcept,5.755000000000001,1.2179183059630887,0.009516477262651597,0.0012961813233338172,3.5210965871810913,0.4795870896335124,COMPLETE
220,5.995,2025-06-12 22:05:00.250262,2025-06-12 22:05:03.910726,0 days 00:00:03.660464,10,0.6189249374952731,0.09767763917161806,0.9405405074556537,0.07911420251398404,378,2208700,5.995,2.4658720566971843,0.47575000000000006,0.14035023156375623,370.0,4,3.55,"[0.34, 0.015000000000000019]",2208700,"[3.4000000000000004, 0.1500000000000002]",0.006791384155685838,2.5128121376037598,4.64,"[0.3420000000000001, 0.122]",2209700,"[3.420000000000001, 1.22]",0.00733456547195847,2.713789224624634,10.05,"[0.666, 0.339]",2210700,"[6.66, 3.39]",0.006915426254272461,2.5587077140808105,5.739999999999999,"[0.5549999999999999, 0.019000000000000013]",2211700,"[5.549999999999999, 0.19000000000000014]",0.009451872593647725,3.497192859649658,WelfareSolutionConcept,4.7575,1.4035023156375621,0.007623312118891124,0.001074734219382488,2.8206254839897156,0.3976516611715207,COMPLETE
221,3.2425000000000006,2025-06-12 22:05:05.011576,2025-06-12 22:05:09.566389,0 days 00:00:04.554813,12,0.5958315350622436,0.10106535695139529,0.9115857159318143,0.08382324504976106,403,2218705,3.2425000000000006,1.6940391819553646,0.27175000000000005,0.05333561193049165,400.0,4,4.380000000000001,"[0.32900000000000007, 0.10900000000000007]",2218705,"[3.290000000000001, 1.0900000000000007]",0.007942784428596496,3.1771137714385986,1.0700000000000003,"[0.217, -0.10999999999999999]",2219705,"[2.17, -1.0999999999999999]",0.008061073422431946,3.2244293689727783,2.1900000000000004,"[0.22000000000000003, -0.0009999999999999898]",2220705,"[2.2, -0.009999999999999898]",0.010975562930107118,4.390225172042847,5.330000000000001,"[0.32100000000000006, 0.2120000000000001]",2221705,"[3.210000000000001, 2.120000000000001]",0.010540310144424438,4.216124057769775,WelfareSolutionConcept,2.7175000000000002,0.5333561193049166,0.00937993273139,0.0013872001110858238,3.7519730925559998,0.5548800444343294,COMPLETE
222,3.6500000000000004,2025-06-12 22:05:09.581356,2025-06-12 22:05:13.941488,0 days 00:00:04.360132,13,0.5786968912323038,0.10860947071578476,0.9033230574295164,0.07160504072290769,363,2228709,3.6500000000000004,1.2283525552543941,0.3464999999999999,0.14141163318482675,360.0,4,3.1400000000000006,"[0.434, -0.11999999999999997]",2228709,"[4.34, -1.1999999999999997]",0.010997205972671509,3.958994150161743,2.0,"[0.21200000000000002, -0.011999999999999995]",2229709,"[2.12, -0.11999999999999995]",0.011683028274112278,4.20589017868042,4.130000000000001,"[0.5329999999999999, -0.11999999999999997]",2230709,"[5.329999999999999, -1.1999999999999997]",0.007992447084850736,2.8772809505462646,5.329999999999999,"[0.20699999999999993, 0.32599999999999996]",2231709,"[2.0699999999999994, 3.26]",0.008633236090342203,3.1079649925231934,WelfareSolutionConcept,3.465,1.4141163318482675,0.009826479355494182,0.0015495869255209272,3.5375325679779053,0.5578512931875338,COMPLETE
223,4.880000000000001,2025-06-12 22:05:13.958211,2025-06-12 22:05:18.099393,0 days 00:00:04.141182,12,0.6041588594753654,0.10499384060401704,0.9849927991965108,0.047593825585566844,350,2238714,4.880000000000001,1.6168333247431534,0.43525,0.10926430112346847,350.0,4,4.380000000000001,"[0.32600000000000007, 0.11200000000000006]",2238714,"[3.2600000000000007, 1.1200000000000006]",0.01126420089176723,3.9424703121185303,7.57,"[0.5469999999999999, 0.21000000000000005]",2239714,"[5.469999999999999, 2.1000000000000005]",0.008197080067225864,2.8689780235290527,4.32,"[0.542, -0.10999999999999999]",2240714,"[5.42, -1.0999999999999999]",0.00858879838671003,3.0060794353485107,3.250000000000001,"[0.32600000000000007, -0.0009999999999999898]",2241714,"[3.2600000000000007, -0.009999999999999898]",0.008930408614022391,3.125643014907837,WelfareSolutionConcept,4.3525,1.0926430112346843,0.009245121989931378,0.0011942441819733124,3.2357926964759827,0.4179854636906592,COMPLETE
224,6.6,2025-06-12 22:05:18.115729,2025-06-12 22:05:22.187102,0 days 00:00:04.071373,14,0.9882632041786441,0.09561464588915781,0.9818393808723664,0.08722747443710192,368,2248718,6.6,3.1474831214797634,0.51275,0.18178197792960663,360.0,4,6.34,"[0.54, 0.094]",2248718,"[5.4, 0.94]",0.010814797878265382,3.893327236175537,1.8900000000000008,"[0.20800000000000005, -0.018999999999999996]",2249718,"[2.0800000000000005, -0.18999999999999995]",0.00794792307747735,2.8612523078918457,7.500000000000001,"[0.657, 0.09300000000000005]",2250718,"[6.57, 0.9300000000000006]",0.00789259672164917,2.841334819793701,10.669999999999998,"[0.6459999999999999, 0.421]",2251718,"[6.459999999999999, 4.21]",0.010755903853310479,3.8721253871917725,WelfareSolutionConcept,5.1274999999999995,1.8178197792960662,0.009352805382675595,0.0014328303284630844,3.367009937763214,0.5158189182467104,COMPLETE
225,7.777499999999999,2025-06-12 22:05:22.202311,2025-06-12 22:05:24.349348,0 days 00:00:02.147037,11,0.6487434671645462,0.06958240382201811,0.9313574869038439,0.055901366596823626,194,2258722,7.777499999999999,1.5664190850471662,0.6372500000000001,0.05038042774729091,190.0,4,7.789999999999999,"[0.667, 0.11199999999999996]",2258722,"[6.67, 1.1199999999999997]",0.010475798657065943,1.9904017448425293,9.97,"[0.667, 0.32999999999999996]",2259722,"[6.67, 3.3]",0.007193940564205772,1.3668487071990967,5.539999999999999,"[0.55, 0.004000000000000002]",2260722,"[5.5, 0.04000000000000002]",0.010349252349451969,1.966357946395874,7.81,"[0.665, 0.11599999999999995]",2261722,"[6.65, 1.1599999999999995]",0.00739320202877647,1.4047083854675293,WelfareSolutionConcept,6.3725000000000005,0.5038042774729091,0.008853048399875038,0.001561708591057529,1.6820791959762573,0.29672463230093055,COMPLETE
226,4.784999999999999,2025-06-12 22:05:25.442725,2025-06-12 22:05:27.546610,0 days 00:00:02.103885,11,0.6328203817573224,0.07349485884682301,0.9369686207097025,0.05419363695171989,174,2268725,4.784999999999999,1.9464133682237181,0.44425,0.15492962111875191,170.0,4,6.749999999999999,"[0.6660000000000001, 0.009000000000000006]",2268725,"[6.660000000000002, 0.09000000000000007]",0.010984387117273666,1.8673458099365234,2.3799999999999994,"[0.22799999999999998, 0.010000000000000007]",2269725,"[2.28, 0.10000000000000007]",0.008701363731833065,1.479231834411621,3.36,"[0.43599999999999994, -0.09999999999999999]",2270725,"[4.359999999999999, -0.9999999999999999]",0.011355902166927561,1.9305033683776855,6.6499999999999995,"[0.4469999999999999, 0.21799999999999997]",2271725,"[4.469999999999999, 2.1799999999999997]",0.008196558671839096,1.3934149742126465,WelfareSolutionConcept,4.4425,1.5492962111875193,0.009809552921968348,0.0013785195959730991,1.6676239967346191,0.23434833131542687,COMPLETE
227,6.262500000000001,2025-06-12 22:05:27.561727,2025-06-12 22:05:29.778575,0 days 00:00:02.216848,10,0.9527610808588115,0.06963384671185985,0.940829846032981,0.0634283160979834,206,2278727,6.262500000000001,1.7426040141122137,0.52925,0.1365199161294791,200.0,4,5.7700000000000005,"[0.45400000000000007, 0.123]",2278727,"[4.540000000000001, 1.23]",0.010171922445297242,2.0343844890594482,7.770000000000001,"[0.6580000000000001, 0.11899999999999997]",2279727,"[6.580000000000002, 1.1899999999999997]",0.00993527889251709,1.987055778503418,3.62,"[0.3430000000000001, 0.019000000000000017]",2280727,"[3.4300000000000006, 0.19000000000000017]",0.007167987823486328,1.4335975646972656,7.89,"[0.6620000000000001, 0.12699999999999997]",2281727,"[6.620000000000001, 1.2699999999999998]",0.0074089932441711425,1.4817986488342285,WelfareSolutionConcept,5.292500000000001,1.3651991612947911,0.00867104560136795,0.0013877027735658485,1.73420912027359,0.2775405547131697,COMPLETE
228,7.487500000000001,2025-06-12 22:05:29.794004,2025-06-12 22:05:33.714561,0 days 00:00:03.920557,11,0.6448699784024708,0.08343187450267014,0.925929648965014,0.041193937091928236,380,2288729,7.487500000000001,1.3760882057484545,0.553,0.07570006605016934,380.0,4,5.67,"[0.44800000000000006, 0.119]",2288729,"[4.48, 1.19]",0.00937608982387342,3.5629141330718994,8.79,"[0.5530000000000002, 0.326]",2289729,"[5.530000000000001, 3.2600000000000002]",0.009851370359721936,3.743520736694336,8.850000000000001,"[0.662, 0.22299999999999995]",2290729,"[6.62, 2.2299999999999995]",0.00758281757957057,2.8814706802368164,6.64,"[0.5489999999999999, 0.11499999999999995]",2291729,"[5.489999999999999, 1.1499999999999995]",0.00809283319272493,3.0752766132354736,WelfareSolutionConcept,5.53,0.7570006605016933,0.008725777738972713,0.0009215260821401628,3.3157955408096313,0.3501799112132619,COMPLETE
229,6.0025,2025-06-12 22:05:33.729320,2025-06-12 22:05:37.415013,0 days 00:00:03.685693,10,0.6575195309688423,0.08429081458893362,0.9304208990214573,0.036553522405559175,383,2298733,6.0025,3.07176150604177,0.47475,0.2551855942250659,380.0,4,6.800000000000001,"[0.662, 0.018000000000000023]",2298733,"[6.62, 0.18000000000000022]",0.006893412062996312,2.6194965839385986,10.020000000000001,"[0.768, 0.23400000000000004]",2299733,"[7.68, 2.3400000000000003]",0.0066642874165585165,2.5324292182922363,1.4300000000000002,"[0.12499999999999997, 0.018000000000000016]",2300733,"[1.2499999999999998, 0.18000000000000016]",0.007093881305895354,2.6956748962402344,5.760000000000001,"[0.344, 0.23200000000000004]",2301733,"[3.4399999999999995, 2.3200000000000003]",0.00920273128308748,3.497037887573242,WelfareSolutionConcept,4.7475000000000005,2.5518559422506595,0.007463578017134416,0.0010155398096829318,2.836159646511078,0.3859051276795141,COMPLETE
230,6.3525,2025-06-12 22:05:37.435163,2025-06-12 22:05:41.688558,0 days 00:00:04.253395,11,0.6543425563538433,0.0793041460995749,0.9258743797068794,0.041508222557444574,375,2308737,6.3525,1.8853696587141737,0.49299999999999994,0.15650079872000658,370.0,4,8.76,"[0.65, 0.22599999999999998]",2308737,"[6.5, 2.26]",0.008092218476372795,2.9941208362579346,7.629999999999999,"[0.649, 0.11400000000000002]",2309737,"[6.49, 1.1400000000000001]",0.008343773274808317,3.087196111679077,4.53,"[0.33599999999999997, 0.11699999999999997]",2310737,"[3.3599999999999994, 1.1699999999999997]",0.00878274376327927,3.24961519241333,4.489999999999999,"[0.3369999999999999, 0.11199999999999999]",2311737,"[3.369999999999999, 1.1199999999999999]",0.010938620567321778,4.047289609909058,WelfareSolutionConcept,4.93,1.5650079872000657,0.00903933902044554,0.0011240507719642088,3.34455543756485,0.4158987856267572,COMPLETE
231,4.234999999999999,2025-06-12 22:05:42.910715,2025-06-12 22:05:46.056289,0 days 00:00:03.145574,11,0.6319721393989841,0.10008485157788918,0.9236773800034109,0.047498130559770715,286,2318742,4.234999999999999,3.6097541467529335,0.36175,0.24677760737149554,280.0,4,1.2800000000000002,"[0.118, 0.010000000000000009]",2318742,"[1.18, 0.10000000000000009]",0.010618054015295846,2.973055124282837,8.83,"[0.551, 0.33199999999999996]",2319742,"[5.510000000000001, 3.3199999999999994]",0.007736978360584804,2.166353940963745,6.6499999999999995,"[0.66, 0.005000000000000014]",2320742,"[6.6000000000000005, 0.05000000000000014]",0.01043668304170881,2.922271251678467,0.18000000000000035,"[0.11799999999999997, -0.09999999999999999]",2321742,"[1.1799999999999997, -0.9999999999999999]",0.008322022642408099,2.3301663398742676,WelfareSolutionConcept,3.6175,2.467776073714955,0.009278434514999389,0.001267569603731414,2.597961664199829,0.35491948904479587,COMPLETE
232,4.115,2025-06-12 22:05:46.071548,2025-06-12 22:05:48.559754,0 days 00:00:02.488206,12,0.6781995374857049,0.08206637558122863,0.9158940611563685,0.05295275618854021,200,2328746,4.115,0.9183817289123295,0.4125000000000001,0.0912318475095183,200.0,4,4.430000000000001,"[0.442, 0.001000000000000012]",2328746,"[4.42, 0.01000000000000012]",0.008428680896759033,1.6857361793518066,5.4799999999999995,"[0.549, -0.0009999999999999898]",2329746,"[5.49, -0.009999999999999898]",0.008634539842605591,1.7269079685211182,3.2800000000000002,"[0.332, -0.003999999999999992]",2330746,"[3.3200000000000003, -0.039999999999999925]",0.00886248230934143,1.7724964618682861,3.2700000000000005,"[0.32700000000000007, 1.1102230246251566e-17]",2331746,"[3.2700000000000005, 1.1102230246251565e-16]",0.011569138765335083,2.3138277530670166,WelfareSolutionConcept,4.125,0.9123184750951829,0.009373710453510285,0.0012767844123922117,1.8747420907020569,0.2553568824784423,COMPLETE
233,6.1475,2025-06-12 22:05:48.574944,2025-06-12 22:05:52.651871,0 days 00:00:04.076927,11,0.9781701798947503,0.07106475146718784,0.9308316342775068,0.032305984576364605,391,2338748,6.1475,2.389323910649203,0.4185,0.11850421933416551,390.0,4,5.66,"[0.446, 0.11999999999999997]",2338748,"[4.46, 1.1999999999999997]",0.009895764253078363,3.8593480587005615,3.4199999999999995,"[0.22899999999999995, 0.11300000000000002]",2339748,"[2.2899999999999996, 1.1300000000000001]",0.007072742168719952,2.7583694458007812,5.52,"[0.44299999999999995, 0.10899999999999999]",2340748,"[4.43, 1.0899999999999999]",0.0072212659395658055,2.816293716430664,9.99,"[0.556, 0.44299999999999995]",2341748,"[5.5600000000000005, 4.43]",0.009539036261729705,3.720224142074585,WelfareSolutionConcept,4.1850000000000005,1.185042193341655,0.008432202155773456,0.001292438947000817,3.288558840751648,0.5040511893303187,COMPLETE
234,7.077500000000001,2025-06-12 22:05:52.678050,2025-06-12 22:05:55.347621,0 days 00:00:02.669571,10,0.9921761120234672,0.08592333397197183,0.9356524997551726,0.03973661650982464,189,2348752,7.077500000000001,2.02610926408227,0.6095,0.17654248780392778,180.0,4,4.69,"[0.45100000000000007, 0.018000000000000013]",2348752,"[4.510000000000001, 0.18000000000000013]",0.012982156541612413,2.3367881774902344,9.98,"[0.877, 0.121]",2349752,"[8.77, 1.21]",0.012862798902723524,2.3153038024902344,5.780000000000001,"[0.45000000000000007, 0.12799999999999995]",2350752,"[4.500000000000001, 1.2799999999999994]",0.013014704651302762,2.342646837234497,7.86,"[0.66, 0.12600000000000003]",2351752,"[6.6000000000000005, 1.2600000000000002]",0.013318920135498047,2.3974056243896484,WelfareSolutionConcept,6.095000000000001,1.7654248780392776,0.013044645057784188,0.00016814880683409063,2.3480361104011536,0.030266785230136338,COMPLETE
235,6.007500000000001,2025-06-12 22:05:55.377966,2025-06-12 22:05:58.037440,0 days 00:00:02.659474,10,0.6241360523072024,0.08561956518002066,0.9348902872151171,0.03990100798516769,213,2358755,6.007500000000001,1.3847450126286796,0.532,0.16074980559863825,210.0,4,6.780000000000001,"[0.558, 0.11999999999999995]",2358755,"[5.58, 1.1999999999999995]",0.01037098453158424,2.1779067516326904,3.6099999999999994,"[0.45100000000000007, -0.08999999999999998]",2359755,"[4.510000000000001, -0.8999999999999998]",0.010977816581726075,2.3053414821624756,6.770000000000001,"[0.3420000000000001, 0.3350000000000001]",2360755,"[3.420000000000001, 3.3500000000000005]",0.011700986680530366,2.457207202911377,6.870000000000001,"[0.777, -0.08999999999999998]",2361755,"[7.7700000000000005, -0.8999999999999998]",0.009770386559622628,2.051781177520752,WelfareSolutionConcept,5.32,1.6074980559863827,0.010705043588365826,0.0007161506411946167,2.2480591535568237,0.15039163465086947,COMPLETE
236,8.115,2025-06-12 22:05:59.634509,2025-06-12 22:06:01.942061,0 days 00:00:02.307552,13,0.6446894873627569,0.09292014225282501,0.934875889854809,0.04426872245304434,187,2368759,8.115,1.2142178552467424,0.82125,0.056331052715176605,180.0,4,8.669999999999998,"[0.8790000000000001, -0.011999999999999995]",2368759,"[8.790000000000001, -0.11999999999999995]",0.008215680387285021,1.4788224697113037,9.74,"[0.7609999999999999, 0.213]",2369759,"[7.609999999999999, 2.13]",0.008112525939941407,1.4602546691894531,6.49,"[0.769, -0.11999999999999997]",2370759,"[7.69, -1.1999999999999997]",0.011850876278347439,2.133157730102539,7.5600000000000005,"[0.876, -0.11999999999999997]",2371759,"[8.76, -1.1999999999999997]",0.011262626118130155,2.0272727012634277,WelfareSolutionConcept,8.2125,0.5633105271517659,0.009860427180926005,0.0017094151216388344,1.774876892566681,0.30769472189499025,COMPLETE
237,7.48,2025-06-12 22:06:01.956875,2025-06-12 22:06:04.597278,0 days 00:00:02.640403,13,0.6715245951949157,0.09227977686944162,0.9377878705998712,0.04396513123395348,192,2378762,7.48,1.5035458090793237,0.6757500000000001,0.09468203367059666,190.0,4,9.61,"[0.753, 0.20800000000000005]",2378762,"[7.53, 2.0800000000000005]",0.010324769271047491,1.9617061614990234,7.3999999999999995,"[0.529, 0.21099999999999994]",2379762,"[5.29, 2.1099999999999994]",0.012054817300093801,2.2904152870178223,7.55,"[0.765, -0.009999999999999985]",2380762,"[7.65, -0.09999999999999984]",0.010688762915761848,2.030864953994751,5.360000000000001,"[0.656, -0.11999999999999997]",2381762,"[6.5600000000000005, -1.1999999999999997]",0.012834881481371428,2.4386274814605713,WelfareSolutionConcept,6.7575,0.9468203367059667,0.011475807742068642,0.0010157094340329262,2.180403470993042,0.19298479246625594,COMPLETE
238,4.892500000000001,2025-06-12 22:06:04.614167,2025-06-12 22:06:07.233059,0 days 00:00:02.618892,14,0.6428838512979885,0.09049838253124892,0.938969831835341,0.043607188848093,196,2388764,4.892500000000001,2.070704892059706,0.482,0.1824965753103329,190.0,4,1.8900000000000001,"[0.31900000000000006, -0.12999999999999995]",2388764,"[3.1900000000000004, -1.2999999999999994]",0.009298668409648695,1.766746997833252,6.23,"[0.7530000000000001, -0.12999999999999995]",2389764,"[7.530000000000001, -1.2999999999999994]",0.009110852291709498,1.7310619354248047,7.3,"[0.31100000000000005, 0.41900000000000004]",2390764,"[3.1100000000000003, 4.19]",0.009292227343509072,1.7655231952667236,4.150000000000001,"[0.545, -0.12999999999999995]",2391764,"[5.45, -1.2999999999999994]",0.012897067320974249,2.4504427909851074,WelfareSolutionConcept,4.82,1.8249657531033292,0.010149703841460378,0.0015879818860525536,1.928443729877472,0.3017165583499853,COMPLETE
239,6.139999999999999,2025-06-12 22:06:07.247936,2025-06-12 22:06:09.448557,0 days 00:00:02.200621,13,0.6734303076351851,0.09295767066404309,0.9358483495359974,0.036480003262823454,188,2398767,6.139999999999999,0.9051243008559653,0.5427500000000001,0.10728787210118389,180.0,4,5.28,"[0.43200000000000005, 0.096]",2398767,"[4.32, 0.96]",0.008043261369069417,1.4477870464324951,6.3999999999999995,"[0.6479999999999999, -0.007999999999999983]",2399767,"[6.479999999999999, -0.07999999999999982]",0.00792256063885159,1.4260609149932861,5.369999999999999,"[0.43899999999999995, 0.09800000000000006]",2400767,"[4.39, 0.9800000000000006]",0.007812726497650146,1.4062907695770264,7.51,"[0.6519999999999999, 0.099]",2401767,"[6.52, 0.99]",0.011327691872914632,2.038984537124634,WelfareSolutionConcept,5.427499999999999,1.072878721011839,0.008776560094621447,0.0014751517417048517,1.5797808170318604,0.26552731350687325,COMPLETE
240,6.145,2025-06-12 22:06:09.462936,2025-06-12 22:06:11.696788,0 days 00:00:02.233852,13,0.6361031230009868,0.09564887069067679,0.9307737421065796,0.04483615239485382,176,2408769,6.145,1.681703005884214,0.57,0.1230142268195025,170.0,4,6.349999999999999,"[0.43199999999999994, 0.20299999999999999]",2408769,"[4.319999999999999, 2.03]",0.008372309628654928,1.423292636871338,5.34,"[0.5429999999999999, -0.008999999999999994]",2409769,"[5.43, -0.08999999999999994]",0.012124315430136288,2.061133623123169,4.159999999999999,"[0.5359999999999999, -0.11999999999999997]",2410769,"[5.359999999999999, -1.1999999999999997]",0.008382844924926757,1.4250836372375488,8.73,"[0.769, 0.10400000000000001]",2411769,"[7.69, 1.04]",0.011693540741415584,1.9879019260406494,WelfareSolutionConcept,5.7,1.2301422681950251,0.01014325268128339,0.001772235695990706,1.7243529558181763,0.30128006831842,COMPLETE
241,3.0250000000000004,2025-06-12 22:06:12.842187,2025-06-12 22:06:15.124656,0 days 00:00:02.282469,12,0.6431586142056582,0.08989059301681884,0.9360724571093555,0.03842783136211033,182,2418772,3.0250000000000004,0.8939938478535517,0.33025000000000004,0.07708558555268294,180.0,4,2.2200000000000006,"[0.22200000000000006, 1.1102230246251566e-17]",2418772,"[2.2200000000000006, 1.1102230246251565e-16]",0.011769909328884548,2.1185836791992188,4.37,"[0.328, 0.10900000000000003]",2419772,"[3.2800000000000002, 1.0900000000000003]",0.008280261357625326,1.4904470443725586,3.3,"[0.44000000000000006, -0.10999999999999999]",2420772,"[4.4, -1.0999999999999999]",0.011626529693603515,2.092775344848633,2.210000000000001,"[0.33100000000000007, -0.10999999999999999]",2421772,"[3.3100000000000005, -1.0999999999999999]",0.008408417966630723,1.5135152339935303,WelfareSolutionConcept,3.3025000000000007,0.7708558555268292,0.010021279586686027,0.0016783176815213616,1.803830325603485,0.3020971826738451,COMPLETE
242,6.2375,2025-06-12 22:06:15.139237,2025-06-12 22:06:17.314110,0 days 00:00:02.174873,14,0.6669081479403693,0.08740319335660861,0.9317874491614272,0.05944819005988655,160,2428775,6.2375,3.463490832960295,0.5387500000000001,0.27375205478680886,160.0,4,8.46,"[0.541, 0.30500000000000005]",2428775,"[5.41, 3.0500000000000007]",0.01242118775844574,1.9873900413513184,6.2700000000000005,"[0.7570000000000001, -0.12999999999999995]",2429775,"[7.570000000000001, -1.2999999999999994]",0.009542009234428406,1.526721477508545,0.6100000000000001,"[0.09100000000000005, -0.029999999999999992]",2430775,"[0.9100000000000006, -0.29999999999999993]",0.00921252965927124,1.4740047454833984,9.61,"[0.766, 0.195]",2431775,"[7.66, 1.9500000000000002]",0.01254759132862091,2.0076146125793457,WelfareSolutionConcept,5.3875,2.7375205478680886,0.010930829495191575,0.0015585620473463578,1.7489327192306519,0.24936992757541726,COMPLETE
243,6.0425,2025-06-12 22:06:17.328767,2025-06-12 22:06:19.693772,0 days 00:00:02.365005,12,0.6385624905948905,0.09378024016115336,0.9391373639916883,0.06862269599262771,196,2438777,6.0425,1.6593127342366778,0.54875,0.1731435459380453,190.0,4,7.71,"[0.6609999999999999, 0.11000000000000001]",2438777,"[6.609999999999999, 1.1]",0.011409394364607962,2.1677849292755127,6.62,"[0.33, 0.332]",2439777,"[3.3000000000000003, 3.3200000000000003]",0.00776271569101434,1.4749159812927246,6.5600000000000005,"[0.766, -0.10999999999999999]",2440777,"[7.66, -1.0999999999999999]",0.008435432534468802,1.6027321815490723,3.2800000000000002,"[0.438, -0.10999999999999999]",2441777,"[4.38, -1.0999999999999999]",0.0115755043531719,2.199345827102661,WelfareSolutionConcept,5.4875,1.7314354593804528,0.00979576173581575,0.0017142830718011876,1.8611947298049927,0.32571378364222575,COMPLETE
244,5.300000000000001,2025-06-12 22:06:19.708106,2025-06-12 22:06:22.143139,0 days 00:00:02.435033,13,0.6577518764988978,0.08357883601395336,0.9338447771757257,0.04654700566708201,193,2448779,5.300000000000001,2.7195771730178944,0.48574999999999996,0.2538694300226004,190.0,4,5.330000000000001,"[0.43100000000000005, 0.10200000000000001]",2448779,"[4.3100000000000005, 1.02]",0.011956005347402472,2.2716410160064697,0.8500000000000001,"[0.10000000000000002, -0.014999999999999986]",2449779,"[1.0000000000000002, -0.14999999999999986]",0.008842345287925319,1.6800456047058105,7.430000000000001,"[0.639, 0.10400000000000002]",2450779,"[6.390000000000001, 1.0400000000000003]",0.011729211556284052,2.2285501956939697,7.59,"[0.7729999999999999, -0.013999999999999985]",2451779,"[7.729999999999999, -0.13999999999999985]",0.008765558192604467,1.6654560565948486,WelfareSolutionConcept,4.8575,2.5386943002260036,0.010323280096054077,0.001521684958497414,1.9614232182502747,0.2891201421145087,COMPLETE
245,2.969999999999998,2025-06-12 22:06:22.158108,2025-06-12 22:06:26.942749,0 days 00:00:04.784641,39,0.9993730241052561,0.0866163018832757,0.9425390465416604,0.054979147348126936,187,2458782,2.969999999999998,1.8211534806270453,0.4742499999999999,0.11421334204023631,180.0,4,0.4699999999999974,"[0.3009999999999998, -0.25400000000000017]",2458782,"[3.009999999999998, -2.540000000000002]",0.02408748600218031,4.335747480392456,4.689999999999999,"[0.575, -0.10600000000000014]",2459782,"[5.75, -1.0600000000000014]",0.017904856469896105,3.222874164581299,4.729999999999999,"[0.579, -0.10600000000000012]",2460782,"[5.789999999999999, -1.0600000000000012]",0.01611325873268975,2.9003865718841553,1.9899999999999984,"[0.442, -0.2430000000000002]",2461782,"[4.42, -2.430000000000002]",0.025662505626678468,4.619251012802124,WelfareSolutionConcept,4.7425,1.1421334204023632,0.02094202670786116,0.004022382335371634,3.7695648074150085,0.7240288203668941,COMPLETE
246,6.2475000000000005,2025-06-12 22:06:28.160762,2025-06-12 22:06:30.085255,0 days 00:00:01.924493,10,0.6481013361021185,0.0774615880689439,0.9356824584715838,0.041996401082841486,177,2468788,6.2475000000000005,1.6212398804618644,0.5825,0.15949686517295564,170.0,4,7.91,"[0.664, 0.127]",2468788,"[6.640000000000001, 1.27]",0.00723870782291188,1.2305803298950195,6.790000000000001,"[0.7689999999999999, -0.08999999999999998]",2469788,"[7.6899999999999995, -0.8999999999999998]",0.010323926981757669,1.7550675868988037,3.5599999999999996,"[0.338, 0.018000000000000013]",2470788,"[3.3800000000000003, 0.18000000000000013]",0.010291914378895478,1.7496254444122314,6.73,"[0.5589999999999999, 0.11400000000000002]",2471788,"[5.59, 1.1400000000000001]",0.007250379113590016,1.2325644493103027,WelfareSolutionConcept,5.825,1.5949686517295565,0.00877623207428876,0.0015317359805420356,1.4919594526290894,0.2603951166921461,COMPLETE
247,4.8925,2025-06-12 22:06:30.099779,2025-06-12 22:06:32.183875,0 days 00:00:02.084096,12,0.6223489193482439,0.09875988349074441,0.9384494446393661,0.03304732825894059,163,2478790,4.8925,1.194055589158227,0.46425000000000005,0.09070660119307748,160.0,4,5.340000000000001,"[0.434, 0.10000000000000005]",2478790,"[4.34, 1.0000000000000004]",0.008552035689353943,1.3683257102966309,6.54,"[0.5450000000000002, 0.10900000000000003]",2479790,"[5.450000000000001, 1.0900000000000003]",0.011731298267841339,1.8770077228546143,3.3,"[0.329, 0.001000000000000012]",2480790,"[3.29, 0.01000000000000012]",0.008395726978778838,1.3433163166046143,4.39,"[0.549, -0.10999999999999999]",2481790,"[5.49, -1.0999999999999999]",0.011972835659980774,1.9156537055969238,WelfareSolutionConcept,4.6425,0.9070660119307749,0.010162974148988724,0.0016921528087092627,1.6260758638381958,0.270744449393482,COMPLETE
248,6.147499999999999,2025-06-12 22:06:32.198290,2025-06-12 22:06:34.321194,0 days 00:00:02.122904,11,0.9902691953159342,0.0810414590855773,0.9340595739928941,0.07538758768881973,200,2488792,6.147499999999999,0.5182361913259244,0.5549999999999999,0.07922120928135347,200.0,4,6.69,"[0.665, 0.004000000000000002]",2488792,"[6.65, 0.04000000000000002]",0.009766614437103272,1.9533228874206543,5.659999999999999,"[0.557, 0.009000000000000006]",2489792,"[5.57, 0.09000000000000007]",0.006836178302764892,1.3672356605529785,5.6,"[0.557, 0.003000000000000012]",2490792,"[5.57, 0.030000000000000124]",0.006820847988128662,1.3641695976257324,6.639999999999999,"[0.44099999999999995, 0.22299999999999995]",2491792,"[4.409999999999999, 2.2299999999999995]",0.009795087575912475,1.9590175151824951,WelfareSolutionConcept,5.55,0.7922120928135348,0.008304682075977326,0.001476213205718017,1.660936415195465,0.2952426411436034,COMPLETE
249,4.3950000000000005,2025-06-12 22:06:34.335453,2025-06-12 22:06:36.206667,0 days 00:00:01.871214,10,0.9715099722234908,0.09174905542430119,0.9184548388202013,0.05167816811611376,185,2498794,4.3950000000000005,2.658839032359801,0.5025000000000002,0.27799685250016776,180.0,4,2.5300000000000002,"[0.3430000000000001, -0.08999999999999998]",2498794,"[3.4300000000000006, -0.8999999999999998]",0.009475403361850314,1.7055726051330566,2.5300000000000002,"[0.3430000000000001, -0.08999999999999998]",2499794,"[3.4300000000000006, -0.8999999999999998]",0.009467864036560058,1.7042155265808105,3.58,"[0.33999999999999997, 0.018000000000000013]",2500794,"[3.3999999999999995, 0.18000000000000013]",0.00682503514819675,1.228506326675415,8.940000000000001,"[0.9840000000000002, -0.08999999999999998]",2501794,"[9.840000000000002, -0.8999999999999998]",0.006617591116163466,1.1911664009094238,WelfareSolutionConcept,5.025,2.779968525001678,0.008096473415692647,0.0013771172930552408,1.4573652148246765,0.2478811127499434,COMPLETE
250,5.595,2025-06-12 22:06:36.221048,2025-06-12 22:06:40.152674,0 days 00:00:03.931626,13,0.9784286438537164,0.09395078470898854,0.9281080471521848,0.06398459391869184,369,2508796,5.595,2.3945093443125254,0.62475,0.1807157643925953,360.0,4,8.67,"[0.768, 0.099]",2508796,"[7.68, 0.99]",0.0100955069065094,3.634382486343384,2.0300000000000002,"[0.323, -0.11999999999999997]",2509796,"[3.23, -1.1999999999999997]",0.007535960939195421,2.7129459381103516,5.27,"[0.647, -0.11999999999999997]",2510796,"[6.470000000000001, -1.1999999999999997]",0.007381529278225369,2.657350540161133,6.41,"[0.7610000000000001, -0.11999999999999997]",2511796,"[7.610000000000001, -1.1999999999999997]",0.010469718111885918,3.7690985202789307,WelfareSolutionConcept,6.2475000000000005,1.807157643925953,0.008870678808954027,0.0014191695351159033,3.1934443712234497,0.5109010326417252,COMPLETE
251,5.3575,2025-06-12 22:06:41.394065,2025-06-12 22:06:43.745890,0 days 00:00:02.351825,11,0.9929543371698568,0.07655915496003506,0.933024425133463,0.03930442682848043,225,2518801,5.3575,0.8948568321245579,0.44525000000000003,0.13268830958302247,220.0,4,4.53,"[0.335, 0.11799999999999997]",2518801,"[3.35, 1.1799999999999997]",0.009587054902857,2.10915207862854,6.709999999999999,"[0.44499999999999995, 0.22599999999999992]",2519801,"[4.449999999999999, 2.2599999999999993]",0.009853731502186169,2.167820930480957,4.57,"[0.339, 0.11800000000000002]",2520801,"[3.39, 1.1800000000000002]",0.007359093969518488,1.6190006732940674,5.62,"[0.6620000000000001, -0.09999999999999999]",2521801,"[6.620000000000001, -0.9999999999999999]",0.00798699747432362,1.7571394443511963,WelfareSolutionConcept,4.452500000000001,1.3268830958302247,0.008696719462221319,0.00105170353668578,1.9132782816886902,0.2313747780708715,COMPLETE
252,6.315,2025-06-12 22:06:43.765658,2025-06-12 22:06:46.750429,0 days 00:00:02.984771,14,0.5900835530580304,0.09822269971237067,0.9294140677599432,0.08545453161185722,212,2528803,6.315,1.3432330400939367,0.59375,0.18218860419905522,210.0,4,6.290000000000001,"[0.7590000000000001, -0.12999999999999995]",2528803,"[7.590000000000002, -1.2999999999999994]",0.013365592275347029,2.806774377822876,7.430000000000001,"[0.5389999999999999, 0.20400000000000004]",2529803,"[5.389999999999999, 2.0400000000000005]",0.009747002238319034,2.046870470046997,4.130000000000001,"[0.31900000000000006, 0.094]",2530803,"[3.1900000000000004, 0.94]",0.009715692202250163,2.040295362472534,7.409999999999999,"[0.758, -0.016999999999999994]",2531803,"[7.58, -0.16999999999999993]",0.012850753466288249,2.6986582279205322,WelfareSolutionConcept,5.9375,1.8218860419905525,0.01141976004555112,0.0016982322524417663,2.398149609565735,0.3566287730127709,COMPLETE
253,3.8125000000000004,2025-06-12 22:06:46.764999,2025-06-12 22:06:48.929025,0 days 00:00:02.164026,12,0.9270509827292384,0.08709799467071389,0.936873157695074,0.04675372381339979,193,2538806,3.8125000000000004,2.9272032300474113,0.381,0.24768629352469218,190.0,4,5.3900000000000015,"[0.6489999999999998, -0.10999999999999999]",2538806,"[6.489999999999998, -1.0999999999999999]",0.0078601924996627,1.493436574935913,0.010000000000000231,"[0.001000000000000012, 1.1102230246251566e-17]",2539806,"[0.01000000000000012, 1.1102230246251565e-16]",0.007611224525853207,1.4461326599121094,7.6499999999999995,"[0.544, 0.22100000000000003]",2540806,"[5.44, 2.2100000000000004]",0.00728401635822497,1.3839631080627441,2.200000000000001,"[0.33000000000000007, -0.10999999999999999]",2541806,"[3.3000000000000007, -1.0999999999999999]",0.01053692290657445,2.0020153522491455,WelfareSolutionConcept,3.8099999999999996,2.4768629352469222,0.008323089072578832,0.0012943875695054419,1.581386923789978,0.24593363820603395,COMPLETE
254,6.025000000000001,2025-06-12 22:06:48.943478,2025-06-12 22:06:52.112926,0 days 00:00:03.169448,10,0.9618401324260024,0.07562191714772364,0.9938301523940756,0.057426369483268104,359,2548808,6.025000000000001,2.655903800968703,0.4785,0.20771675425925568,350.0,4,10.010000000000002,"[0.668, 0.333]",2548808,"[6.680000000000001, 3.33]",0.006160718372889927,2.1562514305114746,5.78,"[0.5589999999999999, 0.019000000000000024]",2549808,"[5.59, 0.19000000000000022]",0.005974764823913574,2.091167688369751,5.78,"[0.56, 0.018000000000000013]",2550808,"[5.6000000000000005, 0.18000000000000013]",0.006125572749546596,2.1439504623413086,2.53,"[0.12699999999999997, 0.12599999999999997]",2551808,"[1.2699999999999998, 1.2599999999999998]",0.008581670352390835,3.003584623336792,WelfareSolutionConcept,4.785,2.077167542592557,0.006710681574685233,0.0010824722087599615,2.3487385511398315,0.3788652730659864,COMPLETE
255,6.142499999999999,2025-06-12 22:06:52.127216,2025-06-12 22:06:56.100099,0 days 00:00:03.972883,11,0.6435981103113664,0.08232287097066769,0.9255130524252086,0.06893658068566277,377,2558812,6.142499999999999,0.5532348054849769,0.58025,0.04663354479342101,370.0,4,6.659999999999999,"[0.553, 0.11299999999999996]",2558812,"[5.53, 1.1299999999999997]",0.008026967821894465,2.969978094100952,5.569999999999999,"[0.552, 0.005000000000000014]",2559812,"[5.5200000000000005, 0.05000000000000014]",0.010275426426449338,3.801907777786255,5.609999999999999,"[0.6610000000000001, -0.09999999999999999]",2560812,"[6.610000000000001, -0.9999999999999999]",0.0076762283170545426,2.8402044773101807,6.73,"[0.555, 0.11800000000000002]",2561812,"[5.550000000000001, 1.1800000000000002]",0.006954912237218908,2.573317527770996,WelfareSolutionConcept,5.802500000000001,0.46633544793421006,0.008233383700654313,0.0012407112288189233,3.046351969242096,0.45906315466300146,COMPLETE
256,5.86,2025-06-12 22:06:57.307587,2025-06-12 22:06:59.582651,0 days 00:00:02.275064,13,0.9898917345326951,0.10291929957907872,0.9659308981937552,0.034409254735656654,182,2568817,5.86,1.2032040558442278,0.45825,0.09221001843617643,180.0,4,5.33,"[0.5429999999999999, -0.009999999999999986]",2568817,"[5.43, -0.09999999999999987]",0.00867665343814426,1.5617976188659668,7.45,"[0.542, 0.20299999999999999]",2569817,"[5.42, 2.03]",0.01158421172036065,2.085158109664917,6.430000000000001,"[0.42699999999999994, 0.21600000000000003]",2570817,"[4.27, 2.16]",0.01093026532067193,1.9674477577209473,4.23,"[0.321, 0.10200000000000006]",2571817,"[3.21, 1.0200000000000007]",0.008699733681148953,1.5659520626068115,WelfareSolutionConcept,4.5825,0.9221001843617644,0.009972716040081448,0.001305189766529317,1.7950888872146606,0.23493415797527703,COMPLETE
257,7.072500000000002,2025-06-12 22:06:59.602078,2025-06-12 22:07:04.405599,0 days 00:00:04.803521,15,0.6202452613000153,0.010044470766559356,0.9886205235277737,0.09924105135208082,385,2578819,7.072500000000002,0.8921427856570944,0.67825,0.16620676129447923,380.0,4,8.38,"[0.643, 0.19499999999999995]",2578819,"[6.43, 1.9499999999999995]",0.008652263566067344,3.287860155105591,7.410000000000001,"[0.881, -0.13999999999999996]",2579819,"[8.81, -1.3999999999999995]",0.012202892805400647,4.637099266052246,6.19,"[0.759, -0.13999999999999996]",2580819,"[7.59, -1.3999999999999995]",0.009157192707061768,3.4797332286834717,6.3100000000000005,"[0.43000000000000005, 0.20099999999999998]",2581819,"[4.300000000000001, 2.01]",0.011473503865693745,4.359931468963623,WelfareSolutionConcept,6.7825,1.6620676129447924,0.010371463236055877,0.0014998940162320896,3.941156029701233,0.5699597261681941,COMPLETE
258,3.9174999999999995,2025-06-12 22:07:04.422105,2025-06-12 22:07:06.604875,0 days 00:00:02.182770,15,0.6143206100904458,0.09319966532382545,0.9903245395114559,0.09658918387109817,148,2588824,3.9174999999999995,2.1100755318234463,0.28175000000000006,0.16561608466571115,140.0,4,1.6799999999999997,"[0.087, 0.08099999999999999]",2588824,"[0.8699999999999999, 0.8099999999999998]",0.010652121475764683,1.4912970066070557,3.900000000000001,"[0.198, 0.192]",2589824,"[1.98, 1.92]",0.01380741936819894,1.9330387115478516,2.7800000000000002,"[0.307, -0.028999999999999998]",2590824,"[3.07, -0.29]",0.01431893961770194,2.0046515464782715,7.31,"[0.535, 0.196]",2591824,"[5.3500000000000005, 1.96]",0.00970254625592913,1.3583564758300781,WelfareSolutionConcept,2.8175,1.6561608466571116,0.012120256679398674,0.0019799917467989816,1.6968359351158142,0.2771988445518574,COMPLETE
259,5.462500000000001,2025-06-12 22:07:06.622245,2025-06-12 22:07:09.488356,0 days 00:00:02.866111,14,0.6285237578221913,0.04515587402151592,0.9876076262158138,0.0852367460874947,204,2598826,5.462500000000001,2.152584202766526,0.5665,0.21437875361145278,200.0,4,6.27,"[0.647, -0.019999999999999973]",2598826,"[6.470000000000001, -0.19999999999999973]",0.009981251955032348,1.9962503910064697,3.0200000000000014,"[0.31900000000000006, -0.016999999999999994]",2599826,"[3.1900000000000004, -0.16999999999999993]",0.013367232084274292,2.6734464168548584,8.580000000000002,"[0.876, -0.017999999999999985]",2600826,"[8.76, -0.17999999999999985]",0.010593951940536498,2.1187903881073,3.9800000000000013,"[0.4240000000000001, -0.025999999999999978]",2601826,"[4.240000000000001, -0.2599999999999998]",0.010088433027267456,2.017686605453491,WelfareSolutionConcept,5.665000000000001,2.143787536114528,0.011007717251777648,0.0013817766162095334,2.20154345035553,0.27635532324190665,COMPLETE
260,3.13,2025-06-12 22:07:09.504213,2025-06-12 22:07:11.951444,0 days 00:00:02.447231,15,0.6669818479243675,0.08983924044022432,0.9893926002778789,0.08869683134060447,170,2608829,3.13,2.0080712138766392,0.36875,0.2920936279688416,170.0,4,5.09,"[0.6490000000000001, -0.13999999999999996]",2608829,"[6.490000000000001, -1.3999999999999995]",0.009616895282969756,1.6348721981048584,0.5799999999999998,"[-0.026000000000000002, 0.08399999999999999]",2609829,"[-0.26, 0.8399999999999999]",0.013369506948134479,2.2728161811828613,5.1000000000000005,"[0.6500000000000001, -0.13999999999999996]",2610829,"[6.500000000000002, -1.3999999999999995]",0.013257765769958496,2.2538201808929443,1.75,"[0.20200000000000004, -0.027000000000000003]",2611829,"[2.0200000000000005, -0.27]",0.01029970084919649,1.7509491443634033,WelfareSolutionConcept,3.687500000000001,2.920936279688416,0.011635967212564807,0.0016954092298256114,1.9781144261360168,0.2882195690703539,COMPLETE
261,7.052499999999999,2025-06-12 22:07:13.245102,2025-06-12 22:07:17.158143,0 days 00:00:03.913041,12,0.6199112693539285,0.05310282975012965,0.9475317782669594,0.029980117681903853,354,2618833,7.052499999999999,2.156923445558511,0.5725,0.17013303618051367,350.0,4,6.549999999999999,"[0.44400000000000006, 0.21100000000000002]",2618833,"[4.44, 2.1100000000000003]",0.010698317800249373,3.7444112300872803,5.510000000000001,"[0.55, 0.001000000000000012]",2619833,"[5.5, 0.01000000000000012]",0.007751728466578892,2.7131049633026123,10.709999999999999,"[0.8569999999999999, 0.21400000000000002]",2620833,"[8.569999999999999, 2.14]",0.01036684513092041,3.6283957958221436,5.44,"[0.43899999999999995, 0.10500000000000007]",2621833,"[4.39, 1.0500000000000007]",0.0076729883466448105,2.6855459213256836,WelfareSolutionConcept,5.725,1.701330361805137,0.009122469936098372,0.0014152469016803129,3.19286447763443,0.49533641558810954,COMPLETE
262,6.0825000000000005,2025-06-12 22:07:17.172960,2025-06-12 22:07:21.549227,0 days 00:00:04.376267,13,0.6145400015376358,0.05478134529560673,0.9433292109438561,0.09668889670676747,355,2628837,6.0825000000000005,2.9214069812335284,0.4275,0.2050481650734773,350.0,4,10.68,"[0.756, 0.312]",2628837,"[7.5600000000000005, 3.12]",0.0077233096531459265,2.703158378601074,4.12,"[0.42399999999999993, -0.011999999999999995]",2629837,"[4.239999999999999, -0.11999999999999995]",0.011954141344342913,4.1839494705200195,3.08,"[0.20400000000000001, 0.10400000000000005]",2630837,"[2.04, 1.0400000000000005]",0.008494623047964913,2.9731180667877197,6.45,"[0.32599999999999996, 0.31900000000000006]",2631837,"[3.26, 3.1900000000000004]",0.011341267313276018,3.9694435596466064,WelfareSolutionConcept,4.275,2.050481650734773,0.009878335339682444,0.0018033258125079077,3.457417368888855,0.6311640343777676,COMPLETE
263,6.010000000000001,2025-06-12 22:07:21.568778,2025-06-12 22:07:26.535745,0 days 00:00:04.966967,16,0.6195940137607044,0.01076293795235784,0.9488917373648781,0.029717480149773302,347,2638841,6.010000000000001,1.0926801910897805,0.50375,0.09433550498089256,340.0,4,4.86,"[0.421, 0.065]",2638841,"[4.21, 0.65]",0.014070406380821677,4.78393816947937,7.1899999999999995,"[0.648, 0.071]",2639841,"[6.48, 0.71]",0.010394510100869572,3.5341334342956543,7.01,"[0.528, 0.17300000000000004]",2640841,"[5.28, 1.7300000000000004]",0.010314468075247371,3.5069191455841064,4.98,"[0.418, 0.08]",2641841,"[4.18, 0.8]",0.01052932669134701,3.5799710750579834,WelfareSolutionConcept,5.0375000000000005,0.9433550498089256,0.011327177812071407,0.001585663856388351,3.8512404561042786,0.5391257111720393,COMPLETE
264,5.745,2025-06-12 22:07:26.554619,2025-06-12 22:07:30.590936,0 days 00:00:04.036317,12,0.6259885123287156,0.014101927868345618,0.9459307607550287,0.027038571405649584,361,2648846,5.745,0.9000416657022051,0.5742499999999999,0.12086226665092792,360.0,4,4.390000000000001,"[0.5489999999999999, -0.10999999999999999]",2648846,"[5.489999999999999, -1.0999999999999999]",0.0077379220061832,2.785651922225952,6.57,"[0.767, -0.10999999999999999]",2649846,"[7.67, -1.0999999999999999]",0.010710567898220487,3.855804443359375,5.470000000000001,"[0.5479999999999999, -0.0009999999999999898]",2650846,"[5.4799999999999995, -0.009999999999999898]",0.007841647333568997,2.822993040084839,6.550000000000001,"[0.433, 0.22200000000000006]",2651846,"[4.33, 2.2200000000000006]",0.010444749726189508,3.7601099014282227,WelfareSolutionConcept,5.7425,1.2086226665092792,0.009183721741040547,0.0013975828558199762,3.306139826774597,0.5031298280951914,COMPLETE
265,4.620000000000001,2025-06-12 22:07:30.605766,2025-06-12 22:07:34.912234,0 days 00:00:04.306468,14,0.646704831315821,0.019078031085820814,0.9378980116764195,0.08222911514593996,345,2658850,4.620000000000001,2.282739582168759,0.39825000000000005,0.11895666227664593,340.0,4,8.510000000000002,"[0.538, 0.31300000000000006]",2658850,"[5.380000000000001, 3.130000000000001]",0.011345566721523509,3.857492685317993,3.9900000000000007,"[0.41900000000000004, -0.019999999999999983]",2659850,"[4.19, -0.19999999999999984]",0.008511534157921287,2.8939216136932373,3.0100000000000016,"[0.20900000000000007, 0.09200000000000007]",2660850,"[2.0900000000000007, 0.9200000000000007]",0.007757201615501853,2.63744854927063,2.9700000000000006,"[0.42700000000000005, -0.12999999999999995]",2661850,"[4.2700000000000005, -1.2999999999999994]",0.012152830292196834,4.131962299346924,WelfareSolutionConcept,3.9825,1.1895666227664594,0.009941783196785871,0.0018491448321392063,3.380206286907196,0.6287092429273302,COMPLETE
266,7.2825,2025-06-12 22:07:36.226739,2025-06-12 22:07:40.938625,0 days 00:00:04.711886,13,0.5722918353565364,0.05178427998018276,0.9852686245462796,0.0442389166411069,392,2668856,7.2825,3.141348237620273,0.683,0.1963720957773787,390.0,4,10.829999999999998,"[0.8710000000000001, 0.2119999999999999]",2668856,"[8.71, 2.119999999999999]",0.007702162326910557,3.003843307495117,9.79,"[0.881, 0.098]",2669856,"[8.81, 0.98]",0.008632650742164025,3.3667337894439697,5.32,"[0.541, -0.008999999999999985]",2670856,"[5.41, -0.08999999999999986]",0.011655792823204628,4.545759201049805,3.19,"[0.43900000000000006, -0.11999999999999997]",2671856,"[4.390000000000001, -1.1999999999999997]",0.009009509208874824,3.5137085914611816,WelfareSolutionConcept,6.830000000000001,1.9637209577737873,0.00925002877528851,0.0014682129012742332,3.6075112223625183,0.572603031496951,COMPLETE
267,8.184999999999999,2025-06-12 22:07:40.955044,2025-06-12 22:07:45.517811,0 days 00:00:04.562767,12,0.5635010783349329,0.05463416153988733,0.983050879207176,0.09884619306715109,414,2678861,8.184999999999999,0.9390819985496474,0.6599999999999999,0.10900917392586737,410.0,4,8.76,"[0.767, 0.10900000000000003]",2678861,"[7.67, 1.0900000000000003]",0.007594770338477158,3.1138558387756348,8.659999999999998,"[0.5509999999999999, 0.31500000000000006]",2679861,"[5.51, 3.1500000000000004]",0.007690233719058153,3.1529958248138428,6.56,"[0.5509999999999999, 0.10500000000000002]",2680861,"[5.51, 1.0500000000000003]",0.007933199114915801,3.2526116371154785,8.76,"[0.7709999999999999, 0.10500000000000001]",2681861,"[7.709999999999999, 1.05]",0.010658477573859982,4.369975805282593,WelfareSolutionConcept,6.6,1.0900917392586733,0.008469170186577774,0.0012700048169650045,3.472359776496887,0.5207019749556518,COMPLETE
268,6.384999999999999,2025-06-12 22:07:45.533435,2025-06-12 22:07:50.668428,0 days 00:00:05.134993,13,0.5616056117238731,0.01668943885935372,0.9853344578081459,0.07819757906756025,428,2688865,6.384999999999999,2.7576121917340006,0.59375,0.19353342734525214,420.0,4,8.6,"[0.651, 0.209]",2688865,"[6.51, 2.09]",0.008016749223073324,3.367034673690796,9.59,"[0.86, 0.099]",2689865,"[8.6, 0.99]",0.00812306801478068,3.4116885662078857,3.1500000000000004,"[0.324, -0.008999999999999994]",2690865,"[3.24, -0.08999999999999994]",0.008661675453186034,3.6379036903381348,4.2,"[0.5399999999999999, -0.11999999999999997]",2691865,"[5.3999999999999995, -1.1999999999999997]",0.011833751201629638,4.970175504684448,WelfareSolutionConcept,5.9375,1.9353342734525214,0.00915881097316742,0.0015636110024514068,3.846700608730316,0.6567166210295909,COMPLETE
269,5.485,2025-06-12 22:07:50.682956,2025-06-12 22:07:55.588093,0 days 00:00:04.905137,12,0.55379600152403,0.05790668916488967,0.9839672437233087,0.09598121192834062,416,2698870,5.485,2.0875044910131324,0.46525000000000005,0.1805593738912494,410.0,4,5.52,"[0.442, 0.11000000000000006]",2698870,"[4.42, 1.1000000000000005]",0.008623124913471501,3.5354812145233154,6.619999999999999,"[0.33, 0.332]",2699870,"[3.3000000000000003, 3.3200000000000003]",0.011519608846524866,4.723039627075195,7.68,"[0.767, 0.001000000000000012]",2700870,"[7.67, 0.01000000000000012]",0.008452291604949206,3.465439558029175,2.120000000000001,"[0.32200000000000006, -0.10999999999999999]",2701870,"[3.2200000000000006, -1.0999999999999999]",0.011441509316607219,4.69101881980896,WelfareSolutionConcept,4.6525,1.8055937389124939,0.010009133670388198,0.0014729233466627323,4.103744804859161,0.6038985721317202,COMPLETE
270,6.5600000000000005,2025-06-12 22:07:55.604812,2025-06-12 22:07:59.583507,0 days 00:00:03.978695,10,0.5381376061595664,0.09993615864949444,0.9861126787520744,0.07631711721666,404,2708875,6.5600000000000005,2.4472229158783225,0.42225,0.24404853513184627,400.0,4,6.790000000000001,"[0.66, 0.019000000000000013]",2708875,"[6.6000000000000005, 0.19000000000000014]",0.006579977869987488,2.631991147994995,8.93,"[0.557, 0.33599999999999997]",2709875,"[5.57, 3.3599999999999994]",0.009441918134689331,3.7767672538757324,2.5300000000000002,"[0.019000000000000013, 0.23399999999999999]",2710875,"[0.19000000000000014, 2.34]",0.0068361788988113405,2.734471559524536,7.990000000000001,"[0.4530000000000001, 0.346]",2711875,"[4.530000000000001, 3.46]",0.006296284794807434,2.5185139179229736,WelfareSolutionConcept,4.2225,2.4404853513184626,0.007288589924573898,0.001257805492830318,2.9154359698295593,0.5031221971321272,COMPLETE
271,6.1674999999999995,2025-06-12 22:08:01.184962,2025-06-12 22:08:05.559403,0 days 00:00:04.374441,13,0.5697043343626809,0.04747066390199586,0.9809870308973194,0.09348376110657286,390,2718881,6.1674999999999995,2.7183577303217468,0.48824999999999996,0.12654717499810103,390.0,4,8.7,"[0.544, 0.32599999999999996]",2718881,"[5.44, 3.26]",0.010248078444065192,3.996750593185425,8.52,"[0.42400000000000004, 0.42799999999999994]",2719881,"[4.24, 4.279999999999999]",0.010784928615276631,4.206122159957886,5.409999999999999,"[0.661, -0.11999999999999997]",2720881,"[6.61, -1.1999999999999997]",0.010014611635452662,3.905698537826538,2.0400000000000005,"[0.32399999999999995, -0.11999999999999997]",2721881,"[3.2399999999999993, -1.1999999999999997]",0.009324769484691131,3.636660099029541,WelfareSolutionConcept,4.882499999999999,1.2654717499810104,0.010093097044871404,0.0005241987588524092,3.9363078474998474,0.20443751595243953,COMPLETE
272,6.2675,2025-06-12 22:08:05.573986,2025-06-12 22:08:09.951097,0 days 00:00:04.377111,12,0.572110654133726,0.051747165913038635,0.9833435237185951,0.07399466084053737,411,2728885,6.2675,3.0175103562374064,0.43574999999999997,0.13358400914780177,410.0,4,1.1000000000000003,"[0.22000000000000006, -0.10999999999999999]",2728885,"[2.2000000000000006, -1.0999999999999999]",0.007921443915948635,3.2477920055389404,7.720000000000001,"[0.5509999999999999, 0.22100000000000003]",2729885,"[5.51, 2.2100000000000004]",0.00730807025258134,2.9963088035583496,8.72,"[0.4289999999999998, 0.44299999999999995]",2730885,"[4.289999999999998, 4.43]",0.007208374069958198,2.9554333686828613,7.530000000000001,"[0.543, 0.21000000000000005]",2731885,"[5.430000000000001, 2.1000000000000005]",0.010277027037085556,4.213581085205078,WelfareSolutionConcept,4.3575,1.3358400914780182,0.008178728818893432,0.001241841939582625,3.3532788157463074,0.5091551952288763,COMPLETE
273,3.6775,2025-06-12 22:08:09.965523,2025-06-12 22:08:14.527008,0 days 00:00:04.561485,11,0.5777906340359479,0.11225733100308724,0.988824853604299,0.05051321185867583,449,2738890,3.6775,2.0894781046950452,0.41374999999999995,0.22261668288787345,440.0,4,6.659999999999999,"[0.766, -0.09999999999999999]",2738890,"[7.66, -0.9999999999999999]",0.007065861875360662,3.1089792251586914,4.54,"[0.44400000000000006, 0.010000000000000007]",2739890,"[4.44, 0.10000000000000007]",0.009665880419991233,4.252987384796143,1.2900000000000003,"[0.22899999999999995, -0.09999999999999999]",2740890,"[2.2899999999999996, -0.9999999999999999]",0.007021244005723433,3.0893473625183105,2.22,"[0.21600000000000003, 0.006000000000000004]",2741890,"[2.16, 0.06000000000000004]",0.009994197975505482,4.397447109222412,WelfareSolutionConcept,4.1375,2.2261668288787346,0.008436796069145203,0.001398159258397853,3.712190270423889,0.6151900736950554,COMPLETE
274,4.895000000000001,2025-06-12 22:08:14.541419,2025-06-12 22:08:19.845226,0 days 00:00:05.303807,14,0.586718799868316,0.09557928378753132,0.9773750354144491,0.061242623935434316,395,2748894,4.895000000000001,0.4721493407810709,0.398,0.09288971956034747,390.0,4,5.17,"[0.42399999999999993, 0.09300000000000005]",2748894,"[4.239999999999999, 0.9300000000000006]",0.013154147832821577,5.130117654800415,5.220000000000001,"[0.539, -0.01699999999999997]",2749894,"[5.390000000000001, -0.1699999999999997]",0.00949560556656275,3.7032861709594727,4.080000000000001,"[0.31700000000000006, 0.09100000000000005]",2750894,"[3.170000000000001, 0.9100000000000006]",0.011815442183078863,4.608022451400757,5.110000000000001,"[0.312, 0.19900000000000004]",2751894,"[3.12, 1.9900000000000004]",0.010184769752698067,3.972060203552246,WelfareSolutionConcept,3.9800000000000004,0.9288971956034747,0.011162491333790315,0.0014254374830941772,4.353371620178223,0.5559206184067291,COMPLETE
275,5.732500000000001,2025-06-12 22:08:19.859842,2025-06-12 22:08:23.618557,0 days 00:00:03.758715,10,0.5331796496421426,0.10665200975215924,0.9871560513441211,0.09930839734399717,369,2758899,5.732500000000001,1.5205817143448754,0.44925000000000004,0.0014790199457748677,360.0,4,5.6800000000000015,"[0.44700000000000006, 0.12099999999999995]",2758899,"[4.470000000000001, 1.2099999999999995]",0.008525924550162422,3.0693328380584717,7.9,"[0.45099999999999996, 0.339]",2759899,"[4.51, 3.39]",0.006970256567001343,2.5092923641204834,3.6,"[0.45, -0.08999999999999998]",2760899,"[4.5, -0.8999999999999998]",0.009983354144626193,3.5940074920654297,5.750000000000001,"[0.449, 0.12600000000000003]",2761899,"[4.49, 1.2600000000000002]",0.0073574569490220815,2.648684501647949,WelfareSolutionConcept,4.4925,0.014790199457748725,0.00820924805270301,0.001173497381270332,2.9553292989730835,0.4224590572573197,COMPLETE
276,4.6325,2025-06-12 22:08:25.018227,2025-06-12 22:08:29.448078,0 days 00:00:04.429851,12,0.5621749691358874,0.08924527367301663,0.979179261524082,0.04455135093294249,384,2768905,4.6325,0.8706140074682924,0.46699999999999997,0.0479687398208458,380.0,4,4.370000000000001,"[0.43599999999999994, 0.001000000000000012]",2768905,"[4.359999999999999, 0.01000000000000012]",0.007898181363155968,3.0013089179992676,3.3200000000000003,"[0.442, -0.10999999999999999]",2769905,"[4.42, -1.0999999999999999]",0.008407339924260189,3.194789171218872,5.420000000000001,"[0.44000000000000006, 0.10200000000000001]",2770905,"[4.4, 1.02]",0.008687107186568411,3.301100730895996,5.42,"[0.5499999999999999, -0.007999999999999985]",2771905,"[5.499999999999999, -0.07999999999999985]",0.011236716571607087,4.269952297210693,WelfareSolutionConcept,4.67,0.4796873982084579,0.009057336261397915,0.001289661139678491,3.4417877793312073,0.4900712330778267,COMPLETE
277,5.3375,2025-06-12 22:08:29.463012,2025-06-12 22:08:31.887643,0 days 00:00:02.424631,13,0.7595017915069137,0.08523758445872355,0.9920196739292425,0.054359657861037955,188,2778909,5.3375,1.3519499805836013,0.433,0.07673004626611404,180.0,4,3.1100000000000003,"[0.43099999999999994, -0.11999999999999997]",2778909,"[4.31, -1.1999999999999997]",0.012240719795227051,2.203329563140869,6.390000000000001,"[0.542, 0.097]",2779909,"[5.42, 0.97]",0.012554762098524306,2.259857177734375,5.4,"[0.325, 0.21500000000000002]",2780909,"[3.25, 2.1500000000000004]",0.009029901027679444,1.6253821849822998,6.449999999999999,"[0.434, 0.211]",2781909,"[4.34, 2.11]",0.008982581562466091,1.6168646812438965,WelfareSolutionConcept,4.33,0.7673004626611403,0.010701991120974223,0.0016994632048240577,1.92635840177536,0.30590337686833036,COMPLETE
278,4.512499999999999,2025-06-12 22:08:31.902094,2025-06-12 22:08:36.402848,0 days 00:00:04.500754,11,0.5729646384918161,0.011120402249662466,0.9947336520770454,0.09990298150805407,407,2788911,4.512499999999999,2.0515040214437796,0.41700000000000004,0.2601893541250296,400.0,4,3.4299999999999993,"[0.225, 0.11799999999999995]",2788911,"[2.25, 1.1799999999999995]",0.010715051293373109,4.286020517349243,2.279999999999999,"[0.11699999999999995, 0.11099999999999992]",2789911,"[1.1699999999999995, 1.1099999999999992]",0.008228853940963746,3.291541576385498,7.779999999999999,"[0.7700000000000001, 0.008000000000000005]",2790911,"[7.700000000000001, 0.08000000000000006]",0.0072867852449417115,2.9147140979766846,4.56,"[0.556, -0.09999999999999999]",2791911,"[5.5600000000000005, -0.9999999999999999]",0.010834514498710632,4.333805799484253,WelfareSolutionConcept,4.17,2.6018935412502953,0.009266301244497299,0.0015453923462112808,3.7065204977989197,0.6181569384845124,COMPLETE
279,3.2749999999999995,2025-06-12 22:08:36.417714,2025-06-12 22:08:42.763521,0 days 00:00:06.345807,22,0.6948110239352837,0.05663834518746327,0.9837706654832516,0.08174431597958375,371,2798916,3.2749999999999995,2.7144474575869033,0.29900000000000004,0.25775666819696447,370.0,4,7.74,"[0.6220000000000001, 0.152]",2798916,"[6.220000000000001, 1.52]",0.010540606524493243,3.9000244140625,0.629999999999999,"[0.273, -0.21000000000000002]",2799916,"[2.7300000000000004, -2.1]",0.016708731006931613,6.182230472564697,3.0299999999999994,"[0.392, -0.08900000000000005]",2800916,"[3.92, -0.8900000000000006]",0.01207180860880259,4.466569185256958,1.699999999999999,"[-0.09100000000000005, 0.261]",2801916,"[-0.9100000000000006, 2.6100000000000003]",0.016275280875128667,6.021853923797607,WelfareSolutionConcept,2.99,2.5775666819696443,0.013899106753839027,0.0026532401983057406,5.142669498920441,0.9816988733731244,COMPLETE
280,5.442500000000001,2025-06-12 22:08:42.778052,2025-06-12 22:08:46.245199,0 days 00:00:03.467147,10,0.6053003141142566,0.09716270000347248,0.9326889886985118,0.038607732557332713,377,2808922,5.442500000000001,1.7847881526948794,0.5275000000000001,0.24779477395619148,370.0,4,5.750000000000001,"[0.556, 0.019000000000000017]",2808922,"[5.5600000000000005, 0.19000000000000017]",0.006727335259721086,2.4891140460968018,2.4400000000000004,"[0.11899999999999995, 0.125]",2809922,"[1.1899999999999995, 1.25]",0.006938938192419104,2.5674071311950684,6.810000000000001,"[0.7710000000000001, -0.08999999999999998]",2810922,"[7.710000000000001, -0.8999999999999998]",0.006627724621746991,2.4522581100463867,6.77,"[0.664, 0.013000000000000012]",2811922,"[6.640000000000001, 0.13000000000000012]",0.00890298791833826,3.2941055297851562,WelfareSolutionConcept,5.275,2.4779477395619147,0.007299246498056361,0.0009327154862463741,2.7007212042808533,0.34510472991115837,COMPLETE
281,3.2550000000000003,2025-06-12 22:08:47.628175,2025-06-12 22:08:50.620862,0 days 00:00:02.992687,14,0.5962498699034705,0.10149731957624855,0.9813912337311976,0.06966919863896265,219,2818927,3.2550000000000003,3.079728072411589,0.37275,0.23145234390690456,210.0,4,1.9000000000000004,"[0.32, -0.12999999999999995]",2818927,"[3.2, -1.2999999999999994]",0.00924960658663795,1.9424173831939697,1.84,"[0.201, -0.01699999999999998]",2819927,"[2.0100000000000002, -0.16999999999999982]",0.009369308607918875,1.9675548076629639,8.530000000000001,"[0.7650000000000001, 0.08800000000000002]",2820927,"[7.650000000000001, 0.8800000000000002]",0.012726524897984096,2.67257022857666,0.7500000000000002,"[0.20500000000000007, -0.12999999999999995]",2821927,"[2.0500000000000007, -1.2999999999999994]",0.013429921013968331,2.8202834129333496,WelfareSolutionConcept,3.727500000000001,2.3145234390690455,0.011193840276627313,0.0019011930243836887,2.350706458091736,0.39925053512057457,COMPLETE
282,7.222500000000001,2025-06-12 22:08:50.636089,2025-06-12 22:08:54.704595,0 days 00:00:04.068506,11,0.5882584338768911,0.08229739896287014,0.9854210398142436,0.06179147565125986,389,2828930,7.222500000000001,3.2098471536819324,0.58025,0.23749776314736107,380.0,4,2.3399999999999994,"[0.22399999999999992, 0.01000000000000002]",2828930,"[2.2399999999999993, 0.1000000000000002]",0.010260426370721115,3.8989620208740234,8.930000000000001,"[0.883, 0.010000000000000007]",2829930,"[8.83, 0.10000000000000007]",0.007498579903652793,2.8494603633880615,6.640000000000001,"[0.6600000000000001, 0.004000000000000002]",2830930,"[6.600000000000001, 0.04000000000000002]",0.007404008037165592,2.813523054122925,10.98,"[0.554, 0.544]",2831930,"[5.540000000000001, 5.44]",0.009808854680312307,3.7273647785186768,WelfareSolutionConcept,5.8025,2.374977631473611,0.008742967247962951,0.0013019322023957944,3.3223275542259216,0.49473423691040175,COMPLETE
283,6.9624999999999995,2025-06-12 22:08:54.724821,2025-06-12 22:08:59.088545,0 days 00:00:04.363724,11,0.584355436174508,0.07927248945185102,0.9852116120310943,0.05697313996105652,394,2838934,6.9624999999999995,0.4216856056352887,0.634,0.046308746474073334,390.0,4,7.69,"[0.659, 0.10999999999999996]",2838934,"[6.59, 1.0999999999999996]",0.008299050575647598,3.2366297245025635,6.739999999999999,"[0.554, 0.11999999999999997]",2839934,"[5.540000000000001, 1.1999999999999997]",0.008248121310503054,3.2167673110961914,6.76,"[0.666, 0.01000000000000002]",2840934,"[6.66, 0.1000000000000002]",0.010364345403817983,4.042094707489014,6.66,"[0.657, 0.009000000000000006]",2841934,"[6.57, 0.09000000000000007]",0.010673233178945689,4.162560939788818,WelfareSolutionConcept,6.34,0.46308746474073303,0.009396187617228581,0.0011280448571624397,3.6645131707191467,0.4399374942933514,COMPLETE
284,5.46,2025-06-12 22:08:59.104406,2025-06-12 22:09:03.785205,0 days 00:00:04.680799,12,0.5886518424576932,0.08211242759997057,0.9800548842069198,0.047692170111664885,400,2848939,5.46,0.0406201920231796,0.492,0.091874914965947,400.0,4,5.49,"[0.3330000000000001, 0.21600000000000003]",2848939,"[3.330000000000001, 2.16]",0.00845613181591034,3.3824527263641357,5.4799999999999995,"[0.5469999999999999, 0.001000000000000012]",2849939,"[5.469999999999999, 0.01000000000000012]",0.01125117540359497,4.500470161437988,5.48,"[0.549, -0.0009999999999999898]",2850939,"[5.49, -0.009999999999999898]",0.008795421719551087,3.5181686878204346,5.390000000000001,"[0.5389999999999999, 1.1102230246251566e-17]",2851939,"[5.389999999999999, 1.1102230246251565e-16]",0.0112446129322052,4.49784517288208,WelfareSolutionConcept,4.92,0.9187491496594697,0.009936835467815399,0.001316537125629451,3.9747341871261597,0.5266148502517807,COMPLETE
285,6.43,2025-06-12 22:09:03.799783,2025-06-12 22:09:07.852853,0 days 00:00:04.053070,11,0.9663887623641798,0.08565211794704802,0.9682622241392741,0.0621967907489398,437,2858943,6.43,1.4303321292622917,0.55375,0.20352318663975372,430.0,4,7.8,"[0.8800000000000001, -0.09999999999999999]",2858943,"[8.8, -0.9999999999999999]",0.009043638096299282,3.8887643814086914,7.83,"[0.44699999999999995, 0.33599999999999997]",2859943,"[4.47, 3.3599999999999994]",0.008277350248292435,3.559260606765747,5.549999999999999,"[0.5529999999999999, 0.00200000000000001]",2860943,"[5.529999999999999, 0.0200000000000001]",0.006534988935603652,2.8100452423095703,4.539999999999999,"[0.3349999999999999, 0.11899999999999993]",2861943,"[3.349999999999999, 1.1899999999999993]",0.006654585793960926,2.8614718914031982,WelfareSolutionConcept,5.537499999999999,2.0352318663975373,0.007627640768539074,0.001068631701274327,3.2798855304718018,0.4595116315479607,COMPLETE
286,4.6899999999999995,2025-06-12 22:09:09.285238,2025-06-12 22:09:13.106406,0 days 00:00:03.821168,10,0.7259723920482033,0.09124136537396461,0.9340234733604794,0.0426543670317116,423,2868949,4.6899999999999995,1.3269325529204568,0.3702500000000001,0.047219566918810296,420.0,4,6.8500000000000005,"[0.3430000000000001, 0.34199999999999997]",2868949,"[3.4300000000000006, 3.42]",0.006144614446730841,2.580738067626953,4.71,"[0.34500000000000003, 0.126]",2869949,"[3.45, 1.26]",0.0061418397086007255,2.5795726776123047,3.62,"[0.4520000000000001, -0.08999999999999998]",2870949,"[4.520000000000001, -0.8999999999999998]",0.008699871244884673,3.6539459228515625,3.58,"[0.34099999999999997, 0.017000000000000022]",2871949,"[3.4099999999999997, 0.1700000000000002]",0.008712281499590193,3.659158229827881,WelfareSolutionConcept,3.7025000000000006,0.47219566918810313,0.007424651724951608,0.0012814325346543975,3.1183537244796753,0.538201664554847,COMPLETE
287,4.357500000000001,2025-06-12 22:09:13.120883,2025-06-12 22:09:15.956676,0 days 00:00:02.835793,12,0.5627949687213177,0.08059397805457312,0.9827407533773873,0.052444986753675385,231,2878953,4.357500000000001,1.5523268824574292,0.3277500000000001,0.07604727148294013,230.0,4,6.530000000000001,"[0.43600000000000005, 0.21700000000000003]",2878953,"[4.36, 2.1700000000000004]",0.011066228410472041,2.5452325344085693,4.360000000000001,"[0.33000000000000007, 0.10600000000000005]",2879953,"[3.3000000000000007, 1.0600000000000005]",0.007774291867795198,1.7880871295928955,4.4,"[0.22100000000000009, 0.21900000000000003]",2880953,"[2.210000000000001, 2.1900000000000004]",0.011632543024809464,2.6754848957061768,2.14,"[0.32400000000000007, -0.10999999999999999]",2881953,"[3.2400000000000007, -1.0999999999999999]",0.008787736685379691,2.021179437637329,WelfareSolutionConcept,3.2775000000000003,0.7604727148294012,0.0098151999971141,0.0015881431469346567,2.2574959993362427,0.365272923794971,COMPLETE
288,5.9625,2025-06-12 22:09:15.971945,2025-06-12 22:09:19.074277,0 days 00:00:03.102332,10,0.9767251000093128,0.08727302382920601,0.9397118787719091,0.034770056061560986,340,2888956,5.9625,1.6375343507847404,0.47325,0.24633348838515642,340.0,4,6.860000000000001,"[0.23700000000000004, 0.449]",2888956,"[2.3700000000000006, 4.49]",0.005542521616991828,1.8844573497772217,3.52,"[0.442, -0.08999999999999998]",2889956,"[4.42, -0.8999999999999998]",0.00858697400373571,2.9195711612701416,5.5600000000000005,"[0.333, 0.223]",2890956,"[3.33, 2.23]",0.00626455264932969,2.1299479007720947,7.910000000000001,"[0.881, -0.08999999999999998]",2891956,"[8.81, -0.8999999999999998]",0.008383220083573286,2.850294828414917,WelfareSolutionConcept,4.7325,2.4633348838515645,0.007194317088407629,0.0013177512860256158,2.4460678100585938,0.44803543724870937,COMPLETE
289,4.199999999999999,2025-06-12 22:09:19.089364,2025-06-12 22:09:21.399843,0 days 00:00:02.310479,11,0.578388872204396,0.09417610078134513,0.9299803718907157,0.06391104537382453,198,2898959,4.199999999999999,2.0388844989356305,0.46699999999999997,0.21832430006758294,190.0,4,6.559999999999999,"[0.651, 0.005000000000000014]",2898959,"[6.51, 0.05000000000000014]",0.00798025507675974,1.5162484645843506,1.2700000000000005,"[0.12000000000000002, 0.007000000000000016]",2899959,"[1.2000000000000002, 0.07000000000000016]",0.01129265584443745,2.1456046104431152,3.4099999999999993,"[0.441, -0.09999999999999999]",2900959,"[4.41, -0.9999999999999999]",0.008213041958055998,1.5604779720306396,5.559999999999999,"[0.6559999999999999, -0.09999999999999999]",2901959,"[6.559999999999999, -0.9999999999999999]",0.011147228040193257,2.1179733276367188,WelfareSolutionConcept,4.67,2.183243000675829,0.00965829522986161,0.0015646590129518466,1.835076093673706,0.29728521246085077,COMPLETE
290,-0.25000000000000355,2025-06-12 22:09:21.415167,2025-06-12 22:09:32.763862,0 days 00:00:11.348695,50,0.9796830611612662,0.05252569013057717,0.9771273476616626,0.04706728835521437,367,2908961,-0.25000000000000355,3.1661569765253272,0.3937499999999999,0.2746328230565313,360.0,4,-5.350000000000004,"[-0.04500000000000019, -0.4900000000000003]",2908961,"[-0.45000000000000195, -4.900000000000003]",0.03106896413697137,11.184827089309692,0.45999999999999636,"[0.38799999999999985, -0.34200000000000025]",2909961,"[3.8799999999999986, -3.4200000000000026]",0.021580857038497925,7.769108533859253,0.5399999999999966,"[0.5439999999999999, -0.4900000000000003]",2910961,"[5.4399999999999995, -4.900000000000003]",0.02186145053969489,7.870122194290161,3.349999999999997,"[0.688, -0.3530000000000002]",2911961,"[6.879999999999999, -3.530000000000002]",0.030267463790045843,10.896286964416504,WelfareSolutionConcept,3.9374999999999987,2.746328230565313,0.026194683876302506,0.004483593801964857,9.430086195468903,1.614093768707348,COMPLETE
291,5.175000000000001,2025-06-12 22:09:34.146350,2025-06-12 22:09:36.458528,0 days 00:00:02.312178,12,0.5937168744575934,0.08306691295982255,0.9966091302053706,0.00029271348055638115,180,2918974,5.175000000000001,1.602381040826432,0.51825,0.22182918541075689,180.0,4,5.53,"[0.5539999999999999, -0.0009999999999999898]",2918974,"[5.539999999999999, -0.009999999999999898]",0.008247836430867513,1.4846105575561523,7.57,"[0.8669999999999998, -0.10999999999999999]",2919974,"[8.669999999999998, -1.0999999999999999]",0.011928921275668674,2.1472058296203613,3.24,"[0.32400000000000007, 1.1102230246251566e-17]",2920974,"[3.2400000000000007, 1.1102230246251565e-16]",0.00858411259121365,1.545140266418457,4.360000000000001,"[0.328, 0.1080000000000001]",2921974,"[3.2800000000000002, 1.080000000000001]",0.008481776714324952,1.5267198085784912,WelfareSolutionConcept,5.1825,2.218291854107569,0.009310661753018697,0.0015165589903827512,1.6759191155433655,0.27298061826889525,COMPLETE
292,4.2125,2025-06-12 22:09:36.473226,2025-06-12 22:09:38.907735,0 days 00:00:02.434509,13,0.963498698023283,0.07867100798376271,0.9360186018005296,0.04221349482684666,192,2928976,4.2125,1.112797712973926,0.46,0.16161219013428413,190.0,4,5.290000000000001,"[0.649, -0.11999999999999997]",2928976,"[6.49, -1.1999999999999997]",0.011958952953940944,2.2722010612487793,5.36,"[0.546, -0.009999999999999985]",2929976,"[5.460000000000001, -0.09999999999999984]",0.009667938633968956,1.8369083404541016,3.1100000000000003,"[0.43100000000000005, -0.11999999999999997]",2930976,"[4.3100000000000005, -1.1999999999999997]",0.009450256197076094,1.795548677444458,3.0900000000000007,"[0.21400000000000002, 0.09500000000000006]",2931976,"[2.14, 0.9500000000000006]",0.011915904597232217,2.264021873474121,WelfareSolutionConcept,4.6000000000000005,1.6161219013428414,0.010748263095554551,0.001191750756286482,2.042169988155365,0.22643264369443153,COMPLETE
293,6.4,2025-06-12 22:09:38.922008,2025-06-12 22:09:41.614599,0 days 00:00:02.692591,11,0.6051969789695248,0.06327335849809372,0.9697867864461811,0.07098623811885023,247,2938978,6.4,2.8796093485054537,0.63275,0.2073672768302656,240.0,4,4.54,"[0.554, -0.09999999999999999]",2938978,"[5.540000000000001, -0.9999999999999999]",0.007536044716835022,1.8086507320404053,10.97,"[0.877, 0.21999999999999992]",2939978,"[8.77, 2.1999999999999993]",0.007344983021418254,1.7627959251403809,3.4399999999999995,"[0.33499999999999996, 0.009000000000000018]",2940978,"[3.3499999999999996, 0.09000000000000019]",0.008832907676696778,2.1198978424072266,6.6499999999999995,"[0.765, -0.09999999999999999]",2941978,"[7.65, -0.9999999999999999]",0.010517588257789612,2.524221181869507,WelfareSolutionConcept,6.327500000000001,2.073672768302656,0.008557880918184916,0.0012680066152398644,2.05389142036438,0.30432158765756745,COMPLETE
294,7.857500000000002,2025-06-12 22:09:41.629072,2025-06-12 22:09:44.838619,0 days 00:00:03.209547,10,0.9502820928802849,0.10349513598107975,0.9721049435005814,0.05068919146564943,362,2948981,7.857500000000002,1.037939665876586,0.6094999999999999,0.05361669516111562,360.0,4,6.780000000000001,"[0.551, 0.127]",2948981,"[5.510000000000001, 1.27]",0.006006005075242784,2.1621618270874023,8.91,"[0.663, 0.22800000000000004]",2949981,"[6.630000000000001, 2.2800000000000002]",0.0058599743578169085,2.109590768814087,6.860000000000001,"[0.561, 0.125]",2950981,"[5.61, 1.25]",0.008383048242992824,3.017897367477417,8.88,"[0.663, 0.22500000000000003]",2951981,"[6.630000000000001, 2.2500000000000004]",0.008464282751083374,3.0471417903900146,WelfareSolutionConcept,6.095000000000001,0.5361669516111565,0.007178327606783972,0.0012467385302739615,2.5841979384422302,0.4488258708986262,COMPLETE
295,4.22,2025-06-12 22:09:44.853060,2025-06-12 22:09:48.950025,0 days 00:00:04.096965,13,0.9539822908750799,0.10434214174587048,0.9737352550990138,0.056266333566303166,358,2958984,4.22,1.7218739791285538,0.34950000000000003,0.24911091907020053,350.0,4,6.3999999999999995,"[0.76, -0.11999999999999997]",2958984,"[7.6, -1.1999999999999997]",0.011159223828996931,3.905728340148926,2.0500000000000003,"[0.10400000000000002, 0.10100000000000006]",2959984,"[1.0400000000000003, 1.0100000000000007]",0.011106504712785993,3.8872766494750977,3.120000000000001,"[0.32099999999999995, -0.008999999999999994]",2960984,"[3.2099999999999995, -0.08999999999999994]",0.007706465721130371,2.69726300239563,5.31,"[0.213, 0.31799999999999995]",2961984,"[2.13, 3.1799999999999997]",0.007960013662065779,2.7860047817230225,WelfareSolutionConcept,3.495,2.491109190702005,0.009483051981244769,0.0016523509990359483,3.319068193435669,0.578322849662582,COMPLETE
296,6.915,2025-06-12 22:09:50.564022,2025-06-12 22:09:53.884131,0 days 00:00:03.320109,11,0.9447578880257919,0.11771287361278461,0.9701080250421774,0.062433254091741844,349,2968990,6.915,1.4695152261885556,0.6315,0.14389840165894827,340.0,4,7.79,"[0.5539999999999999, 0.22499999999999995]",2968990,"[5.539999999999999, 2.2499999999999996]",0.009233218782088336,3.139294385910034,7.7700000000000005,"[0.77, 0.007000000000000006]",2969990,"[7.7, 0.07000000000000006]",0.008909275952507468,3.029153823852539,4.369999999999999,"[0.434, 0.003000000000000012]",2970990,"[4.34, 0.030000000000000124]",0.006595915205338422,2.2426111698150635,7.73,"[0.768, 0.0050000000000000044]",2971990,"[7.68, 0.050000000000000044]",0.006462458301992977,2.1972358226776123,WelfareSolutionConcept,6.3149999999999995,1.4389840165894825,0.0078002170604818,0.0012770519776348023,2.6520738005638123,0.4341976723958327,COMPLETE
297,6.5649999999999995,2025-06-12 22:09:53.898825,2025-06-12 22:09:57.667484,0 days 00:00:03.768659,12,0.9546293216793346,0.10099660274428131,0.9722892252622882,0.0512766654876401,365,2978993,6.5649999999999995,0.7903954706347954,0.63225,0.09204991852250603,360.0,4,5.49,"[0.551, -0.0019999999999999905]",2978993,"[5.510000000000001, -0.019999999999999907]",0.010008278157975939,3.602980136871338,6.470000000000001,"[0.548, 0.099]",2979993,"[5.48, 0.99]",0.00983330143822564,3.5399885177612305,6.579999999999999,"[0.658, 1.1102230246251566e-17]",2980993,"[6.58, 1.1102230246251565e-16]",0.00807928442955017,2.9085423946380615,7.72,"[0.772, 1.1102230246251566e-17]",2981993,"[7.720000000000001, 1.1102230246251565e-16]",0.0075035267406039765,2.7012696266174316,WelfareSolutionConcept,6.3225,0.9204991852250604,0.008856097691588932,0.0010857409924899502,3.1881951689720154,0.390866757296382,COMPLETE
298,4.8999999999999995,2025-06-12 22:09:57.682454,2025-06-12 22:10:00.765014,0 days 00:00:03.082560,10,0.9407155565618116,0.11062104702027947,0.975963025648051,0.0740777885128437,341,2988997,4.8999999999999995,1.1427379402120157,0.5017500000000001,0.05426497489172919,340.0,4,6.720000000000001,"[0.4490000000000001, 0.223]",2988997,"[4.490000000000001, 2.23]",0.008584385759690229,2.9186911582946777,4.65,"[0.555, -0.08999999999999998]",2989997,"[5.550000000000001, -0.8999999999999998]",0.008485125092899098,2.8849425315856934,4.67,"[0.557, -0.08999999999999998]",2990997,"[5.57, -0.8999999999999998]",0.006445886808283189,2.191601514816284,3.56,"[0.446, -0.08999999999999998]",2991997,"[4.46, -0.8999999999999998]",0.006436575861538158,2.1884357929229736,WelfareSolutionConcept,5.017500000000001,0.542649748917292,0.007487993380602668,0.0010473553370341552,2.5459177494049072,0.3561008145916128,COMPLETE
299,4.795,2025-06-12 22:10:00.780426,2025-06-12 22:10:02.314051,0 days 00:00:01.533625,11,0.660196934459088,0.09589072199444779,0.9787144217702565,0.05834282839620665,126,2999000,4.795,3.2015035530200495,0.38925000000000004,0.29298666778541316,120.0,4,9.950000000000001,"[0.8790000000000001, 0.11599999999999996]",2999000,"[8.790000000000001, 1.1599999999999997]",0.007426730791727702,0.8912076950073242,3.43,"[0.333, 0.01000000000000002]",3000000,"[3.33, 0.1000000000000002]",0.007721227407455444,0.9265472888946533,1.2600000000000002,"[0.11599999999999999, 0.01000000000000002]",3001000,"[1.16, 0.1000000000000002]",0.011246109008789062,1.3495330810546875,4.54,"[0.22899999999999995, 0.225]",3002000,"[2.2899999999999996, 2.25]",0.011430644989013672,1.3716773986816406,WelfareSolutionConcept,3.8925,2.929866677854131,0.00945617804924647,0.0018862053465002334,1.1347413659095764,0.22634464158002804,COMPLETE
300,4.5249999999999995,2025-06-12 22:39:56.504326,2025-06-12 22:39:59.439282,0 days 00:00:02.934956,13,0.9702061672963995,0.10632569612731933,0.9681265514071663,0.001551378118265709,378,3000796,4.5249999999999995,0.9245674664403887,0.48924999999999996,0.09660324787500675,370.0,4,4.25,"[0.5449999999999999, -0.11999999999999997]",3000796,"[5.449999999999999, -1.1999999999999997]",0.007035514470693227,2.603140354156494,5.3999999999999995,"[0.549, -0.008999999999999994]",3001796,"[5.49, -0.08999999999999994]",0.0069117906931284315,2.5573625564575195,5.319999999999999,"[0.541, -0.008999999999999984]",3002796,"[5.41, -0.08999999999999983]",0.007440396257348963,2.752946615219116,3.1300000000000003,"[0.32200000000000006, -0.008999999999999994]",3003796,"[3.2200000000000006, -0.08999999999999994]",0.007308126784659721,2.7040069103240967,WelfareSolutionConcept,4.8925,0.9660324787500674,0.0071739570514575855,0.0002102908196711319,2.6543641090393066,0.07780760327831884,COMPLETE
301,4.89,2025-06-12 22:40:00.900083,2025-06-12 22:40:03.775217,0 days 00:00:02.875134,12,0.57648196060391,0.09969998696993435,0.9806701587127591,0.04981393850518369,360,3010800,4.89,2.9329592564507263,0.5189999999999999,0.2728232028255661,360.0,4,6.479999999999999,"[0.5449999999999999, 0.10300000000000002]",3010800,"[5.449999999999999, 1.0300000000000002]",0.007427726851569282,2.6739816665649414,0.02000000000000024,"[0.1120000000000001, -0.10999999999999999]",3011800,"[1.120000000000001, -1.0999999999999999]",0.007528310351901584,2.7101917266845703,5.35,"[0.5379999999999999, -0.0029999999999999914]",3012800,"[5.379999999999999, -0.029999999999999916]",0.007279027832878961,2.620450019836426,7.71,"[0.881, -0.10999999999999999]",3013800,"[8.81, -1.0999999999999999]",0.007089246643914117,2.552128791809082,WelfareSolutionConcept,5.1899999999999995,2.728232028255661,0.007331077920065986,0.00016540346567554985,2.639188051223755,0.059545247643197956,COMPLETE
302,3.945,2025-06-12 22:40:03.790395,2025-06-12 22:40:07.089436,0 days 00:00:03.299041,11,0.5549083604066829,0.05900589531007775,0.9715230970883597,0.0023483833404994354,388,3020803,3.945,0.9440736200106432,0.38675000000000004,0.09483769029241489,380.0,4,4.49,"[0.33399999999999996, 0.11499999999999999]",3020803,"[3.34, 1.15]",0.007580316694159257,2.8805203437805176,2.3099999999999996,"[0.331, -0.09999999999999999]",3021803,"[3.31, -0.9999999999999999]",0.008206567638798764,3.1184957027435303,4.47,"[0.33099999999999996, 0.11599999999999992]",3022803,"[3.3099999999999996, 1.1599999999999993]",0.007710375283893786,2.9299426078796387,4.51,"[0.551, -0.09999999999999999]",3023803,"[5.510000000000001, -0.9999999999999999]",0.0076962621588456005,2.924579620361328,WelfareSolutionConcept,3.8675000000000006,0.9483769029241489,0.007798380443924351,0.00024100914783493457,2.9633845686912537,0.09158347617727523,COMPLETE
303,5.73,2025-06-12 22:40:07.107064,2025-06-12 22:40:09.080331,0 days 00:00:01.973267,10,0.6397134462062988,0.1095372284418373,0.9251634157636928,0.019375111241838095,269,3030807,5.73,2.2818851855428663,0.55525,0.10627411491045224,260.0,4,6.75,"[0.659, 0.01600000000000002]",3030807,"[6.59, 0.1600000000000002]",0.006530070304870605,1.6978182792663574,3.57,"[0.44699999999999995, -0.08999999999999998]",3031807,"[4.47, -0.8999999999999998]",0.006574889329763559,1.7094712257385254,3.6100000000000003,"[0.45099999999999996, -0.08999999999999998]",3032807,"[4.51, -0.8999999999999998]",0.0068615161455594575,1.783994197845459,8.99,"[0.664, 0.23500000000000004]",3033807,"[6.640000000000001, 2.3500000000000005]",0.006132965821486253,1.5945711135864258,WelfareSolutionConcept,5.5525,1.0627411491045224,0.006524860400419968,0.000259542139453649,1.696463704109192,0.06748095625794874,COMPLETE
304,1.5424999999999978,2025-06-12 22:40:09.096344,2025-06-12 22:40:15.530506,0 days 00:00:06.434162,42,0.9602298982809574,0.04857268846123721,0.9850399474497373,0.08099785018070352,328,3040809,1.5424999999999978,1.3776678663596684,0.5295,0.17947353565358884,320.0,4,2.9499999999999984,"[0.7050000000000001, -0.41000000000000025]",3040809,"[7.050000000000001, -4.100000000000002]",0.018690768629312515,5.981045961380005,2.8899999999999983,"[0.6990000000000001, -0.41000000000000025]",3041809,"[6.99, -4.100000000000002]",0.019553954154253005,6.257265329360962,0.15999999999999748,"[0.2869999999999999, -0.2710000000000002]",3042809,"[2.869999999999999, -2.7100000000000017]",0.016700848191976547,5.344271421432495,0.1699999999999975,"[0.42699999999999994, -0.41000000000000025]",3043809,"[4.27, -4.100000000000002]",0.018157212436199187,5.81030797958374,WelfareSolutionConcept,5.295,1.7947353565358881,0.018275695852935314,0.001036871878518006,5.8482226729393005,0.33179900112576194,COMPLETE
305,1.0149999999999983,2025-06-12 22:40:15.546089,2025-06-12 22:40:20.292930,0 days 00:00:04.746841,36,0.936728844210891,0.10356292276783527,0.9826511958174521,0.06854471888487679,279,3050815,1.0149999999999983,2.0824564821383427,0.4177499999999999,0.25410566207780566,270.0,4,2.2999999999999985,"[0.5799999999999998, -0.35000000000000014]",3050815,"[5.799999999999999, -3.5000000000000013]",0.0161524357619109,4.361157655715942,-0.29000000000000203,"[0.32099999999999995, -0.35000000000000014]",3051815,"[3.2099999999999995, -3.5000000000000013]",0.015674614906311037,4.2321460247039795,-1.6200000000000023,"[0.052999999999999915, -0.21500000000000014]",3052815,"[0.5299999999999991, -2.1500000000000012]",0.01683567276707402,4.545631647109985,3.669999999999999,"[0.7169999999999999, -0.35000000000000014]",3053815,"[7.169999999999998, -3.5000000000000013]",0.016150428630687573,4.3606157302856445,WelfareSolutionConcept,4.177499999999998,2.541056620778057,0.01620328801649588,0.0004137589263873038,4.374887764453888,0.11171491012457231,COMPLETE
306,6.545,2025-06-12 22:40:21.749788,2025-06-12 22:40:24.579405,0 days 00:00:02.829617,12,0.8135661662933393,0.07585563908728252,0.9943582018053264,0.02304351476532136,350,3060821,6.545,1.7356338899664292,0.46675,0.16417121398101434,350.0,4,7.71,"[0.6609999999999999, 0.11000000000000001]",3060821,"[6.609999999999999, 1.1]",0.007158564840044294,2.505497694015503,5.36,"[0.21700000000000003, 0.31900000000000006]",3061821,"[2.1700000000000004, 3.1900000000000004]",0.007428765296936035,2.6000678539276123,8.709999999999999,"[0.43900000000000006, 0.43200000000000005]",3062821,"[4.390000000000001, 4.32]",0.007227750505719866,2.529712677001953,4.4,"[0.55, -0.10999999999999999]",3063821,"[5.5, -1.0999999999999999]",0.007545020239693778,2.6407570838928223,WelfareSolutionConcept,4.6675,1.641712139810143,0.0073400252205984935,0.00015445973610800728,2.5690088272094727,0.05406090763780246,COMPLETE
307,3.4449999999999985,2025-06-12 22:40:24.595154,2025-06-12 22:40:31.048963,0 days 00:00:06.453809,32,0.5948376934942475,0.06540079603354858,0.9928357407544174,0.045770984810948885,374,3070824,3.4449999999999985,3.364836548779153,0.5007499999999999,0.19056412962569846,370.0,4,7.6899999999999995,"[0.594, 0.17499999999999996]",3070824,"[5.9399999999999995, 1.7499999999999996]",0.015224394282779177,5.633025884628296,5.499999999999999,"[0.73, -0.18000000000000008]",3071824,"[7.3, -1.8000000000000007]",0.015184162114117597,5.618139982223511,-0.9700000000000015,"[0.21299999999999994, -0.3100000000000001]",3072824,"[2.1299999999999994, -3.100000000000001]",0.01698457743670489,6.2842936515808105,1.5599999999999987,"[0.4659999999999999, -0.3100000000000001]",3073824,"[4.659999999999999, -3.100000000000001]",0.01659302453737001,6.139419078826904,WelfareSolutionConcept,5.007499999999999,1.9056412962569846,0.015996539592742918,0.0008043908592445042,5.91871964931488,0.29762461792046674,COMPLETE
308,6.455,2025-06-12 22:40:31.063952,2025-06-12 22:40:34.567673,0 days 00:00:03.503721,13,0.5842158838481067,0.09841444857370915,0.9650198721668685,0.03583980681977239,360,3080831,6.455,2.034471675890328,0.5455,0.077231793971136,360.0,4,5.29,"[0.5369999999999999, -0.007999999999999993]",3080831,"[5.369999999999999, -0.07999999999999993]",0.00910529957877265,3.2779078483581543,9.71,"[0.657, 0.31399999999999995]",3081831,"[6.57, 3.1399999999999997]",0.008616540167066786,3.101954460144043,4.3100000000000005,"[0.43900000000000006, -0.007999999999999993]",3082831,"[4.390000000000001, -0.07999999999999993]",0.007676803403430515,2.7636492252349854,6.51,"[0.5489999999999999, 0.10200000000000005]",3083831,"[5.489999999999999, 1.0200000000000005]",0.009209636847178142,3.315469264984131,WelfareSolutionConcept,5.454999999999999,0.77231793971136,0.008652069999112022,0.0006059507289291548,3.1147451996803284,0.21814226241449572,COMPLETE
309,5.505000000000001,2025-06-12 22:40:34.584081,2025-06-12 22:40:37.343567,0 days 00:00:02.759486,10,0.9479484178406207,0.09134819626334166,0.9906210583954135,0.06006876883029126,383,3090834,5.505000000000001,2.335471044564672,0.5315,0.26850186219093525,380.0,4,6.820000000000001,"[0.772, -0.08999999999999998]",3090834,"[7.720000000000001, -0.8999999999999998]",0.006627852038333291,2.5185837745666504,6.870000000000001,"[0.777, -0.08999999999999998]",3091834,"[7.7700000000000005, -0.8999999999999998]",0.006451253514540823,2.4514763355255127,6.87,"[0.45, 0.23699999999999993]",3092834,"[4.5, 2.369999999999999]",0.006208238476201108,2.359130620956421,1.4600000000000004,"[0.12699999999999997, 0.019000000000000013]",3093834,"[1.2699999999999998, 0.19000000000000014]",0.006774582988337467,2.5743415355682373,WelfareSolutionConcept,5.315,2.6850186219093533,0.006515481754353172,0.0002111185857124949,2.4758830666542053,0.08022506257074803,COMPLETE
310,3.83,2025-06-12 22:40:37.358445,2025-06-12 22:40:40.288852,0 days 00:00:02.930407,12,0.5676165435737384,0.054616329956362196,0.9862683178082792,0.07811705657322587,337,3100837,3.83,1.8635047625375152,0.43875000000000003,0.207411878878718,330.0,4,3.2700000000000005,"[0.437, -0.10999999999999999]",3100837,"[4.37, -1.0999999999999999]",0.008281483794703628,2.7328896522521973,5.48,"[0.6579999999999999, -0.10999999999999999]",3101837,"[6.579999999999999, -1.0999999999999999]",0.008043505206252589,2.6543567180633545,1.02,"[0.10600000000000001, -0.003999999999999992]",3102837,"[1.06, -0.039999999999999925]",0.008321903691147313,2.7462282180786133,5.550000000000001,"[0.554, 0.001000000000000012]",3103837,"[5.540000000000001, 0.01000000000000012]",0.008279502030574913,2.7322356700897217,WelfareSolutionConcept,4.3875,2.0741187887871804,0.00823159868066961,0.00010990610261716768,2.7164275646209717,0.03626901386366528,COMPLETE
311,4.2425,2025-06-12 22:40:41.868222,2025-06-12 22:40:44.679140,0 days 00:00:02.810918,11,0.6512471879751685,0.0712720200252884,0.9805240497639255,0.05312568151217224,369,3110841,4.2425,3.0870323532480186,0.30725,0.24743926022359508,360.0,4,8.82,"[0.551, 0.33099999999999996]",3110841,"[5.510000000000001, 3.3099999999999996]",0.007261196772257487,2.6140308380126953,3.4299999999999993,"[0.33299999999999996, 0.01000000000000002]",3111841,"[3.3299999999999996, 0.1000000000000002]",0.007136510478125678,2.569143772125244,0.19000000000000036,"[-0.09999999999999999, 0.119]",3112841,"[-0.9999999999999999, 1.19]",0.007308259937498305,2.6309735774993896,4.53,"[0.445, 0.00800000000000001]",3113841,"[4.45, 0.0800000000000001]",0.007283927334679498,2.622213840484619,WelfareSolutionConcept,3.0725,2.474392602235951,0.007247473630640242,6.61909991453549e-05,2.609090507030487,0.02382875969232777,COMPLETE
312,4.927499999999999,2025-06-12 22:40:44.695459,2025-06-12 22:40:47.256287,0 days 00:00:02.560828,14,0.9768883256773924,0.0961995729478013,0.9755996586720795,0.04141846945288901,286,3120844,4.927499999999999,3.9962568423463463,0.402,0.27769677707888507,280.0,4,11.799999999999997,"[0.876, 0.304]",3120844,"[8.76, 3.04]",0.007489571401051113,2.0970799922943115,3.040000000000001,"[0.32100000000000006, -0.016999999999999994]",3121844,"[3.210000000000001, -0.16999999999999993]",0.00825020500591823,2.3100574016571045,3.0100000000000002,"[0.20600000000000004, 0.09500000000000003]",3122844,"[2.0600000000000005, 0.9500000000000003]",0.008368372065680368,2.343144178390503,1.8600000000000003,"[0.205, -0.018999999999999996]",3123844,"[2.05, -0.18999999999999995]",0.008455091714859008,2.3674256801605225,WelfareSolutionConcept,4.0200000000000005,2.776967770788851,0.008140810046877181,0.0003829609869530398,2.2794268131256104,0.10722907634685121,COMPLETE
313,3.7474999999999974,2025-06-12 22:40:47.274713,2025-06-12 22:40:54.315866,0 days 00:00:07.041153,47,0.9838746168731338,0.10271553783741505,0.9828066331807662,0.0002069394196662272,345,3130847,3.7474999999999974,0.9327747584492191,0.5887499999999999,0.06370390490385976,340.0,4,4.989999999999997,"[0.5559999999999999, -0.05700000000000016]",3130847,"[5.56, -0.5700000000000016]",0.01964351920520558,6.6787965297698975,3.839999999999998,"[0.6990000000000001, -0.3150000000000002]",3131847,"[6.99, -3.150000000000002]",0.019506130498998304,6.632084369659424,2.359999999999998,"[0.5509999999999999, -0.3150000000000003]",3132847,"[5.51, -3.150000000000003]",0.020091575734755573,6.8311357498168945,3.7999999999999967,"[0.5489999999999999, -0.16900000000000018]",3133847,"[5.489999999999999, -1.6900000000000017]",0.018007749669692097,6.1226348876953125,WelfareSolutionConcept,5.8875,0.6370390490385973,0.01931224377716289,0.0007836451120692669,6.566162884235382,0.2664393381035509,COMPLETE
314,6.3525,2025-06-12 22:40:54.331751,2025-06-12 22:40:57.147877,0 days 00:00:02.816126,11,0.9658103033986599,0.10747655434948854,0.9274888441760002,0.06665314290323172,364,3140854,6.3525,1.7209209017267468,0.4685,0.24406300416081098,360.0,4,6.64,"[0.336, 0.32799999999999996]",3140854,"[3.3600000000000003, 3.2799999999999994]",0.00729200111495124,2.6251204013824463,7.7,"[0.8700000000000001, -0.09999999999999999]",3141854,"[8.700000000000001, -0.9999999999999999]",0.006707356373469035,2.4146482944488525,7.609999999999999,"[0.442, 0.31899999999999995]",3142854,"[4.42, 3.1899999999999995]",0.007302222649256388,2.6288001537323,3.46,"[0.22599999999999992, 0.12000000000000002]",3143854,"[2.2599999999999993, 1.2000000000000002]",0.0070231325096554225,2.528327703475952,WelfareSolutionConcept,4.6850000000000005,2.4406300416081095,0.007081178161833021,0.00024311469010228354,2.5492241382598877,0.08752128843682207,COMPLETE
315,4.272499999999999,2025-06-12 22:40:57.165153,2025-06-12 22:40:59.779644,0 days 00:00:02.614491,13,0.6080149018417916,0.060034089214760646,0.9678419259327736,0.015129296906696472,260,3150857,4.272499999999999,1.3554035376964304,0.3807499999999999,0.12332553466334535,260.0,4,5.37,"[0.434, 0.10300000000000001]",3150857,"[4.34, 1.03]",0.00900863500741812,2.342245101928711,5.389999999999999,"[0.32699999999999996, 0.21200000000000002]",3151857,"[3.2699999999999996, 2.12]",0.00900437465080848,2.341137409210205,2.0600000000000005,"[0.215, -0.008999999999999984]",3152857,"[2.15, -0.08999999999999983]",0.009288795177753155,2.4150867462158203,4.27,"[0.5469999999999999, -0.11999999999999997]",3153857,"[5.469999999999999, -1.1999999999999997]",0.008669130618755634,2.253973960876465,WelfareSolutionConcept,3.8074999999999997,1.2332553466334533,0.008992733863683848,0.00021952204679339917,2.3381108045578003,0.0570757321662838,COMPLETE
316,5.66,2025-06-12 22:41:01.526372,2025-06-12 22:41:04.964151,0 days 00:00:03.437779,12,0.6784506773859396,0.0924064633256355,0.9781952733185258,0.08255924644046646,400,3160861,5.66,2.6867452428542604,0.43525,0.2022107502087859,400.0,4,7.680000000000001,"[0.441, 0.327]",3160861,"[4.41, 3.27]",0.007655699253082276,3.06227970123291,1.08,"[0.10900000000000001, -0.0009999999999999898]",3161861,"[1.09, -0.009999999999999898]",0.007952632904052735,3.1810531616210938,7.459999999999999,"[0.649, 0.097]",3162861,"[6.49, 0.97]",0.008048076629638672,3.2192306518554688,6.42,"[0.542, 0.1]",3163861,"[5.42, 1.0]",0.007696300745010376,3.0785202980041504,WelfareSolutionConcept,4.3525,2.0221075020878585,0.007838177382946015,0.00016627162140940037,3.1352709531784058,0.06650864856376011,COMPLETE
317,4.902500000000001,2025-06-12 22:41:04.978941,2025-06-12 22:41:07.530975,0 days 00:00:02.552034,10,0.6327198532407567,0.0755293652396621,0.9216576078955048,0.0495110333740672,355,3170865,4.902500000000001,1.8832601386956613,0.44775000000000004,0.13065675451349618,350.0,4,6.71,"[0.445, 0.22600000000000003]",3170865,"[4.45, 2.2600000000000002]",0.006519192968096052,2.281717538833618,2.54,"[0.34400000000000003, -0.08999999999999998]",3171865,"[3.4400000000000004, -0.8999999999999998]",0.006590283938816615,2.3065993785858154,6.790000000000002,"[0.662, 0.017000000000000022]",3172865,"[6.62, 0.1700000000000002]",0.0066800437654767715,2.33801531791687,3.57,"[0.34, 0.017000000000000022]",3173865,"[3.4000000000000004, 0.1700000000000002]",0.006650240761893136,2.3275842666625977,WelfareSolutionConcept,4.477500000000001,1.3065675451349616,0.0066099403585706444,6.156312590198826e-05,2.3134791254997253,0.021547094065695948,COMPLETE
318,5.6975,2025-06-12 22:41:07.545760,2025-06-12 22:41:10.063172,0 days 00:00:02.517412,12,0.9543566127868964,0.046483993247713504,0.9878548957430386,0.03854760308773633,210,3180867,5.6975,2.7893850128657394,0.5197499999999999,0.17887198634777884,210.0,4,6.530000000000001,"[0.6519999999999999, 0.001000000000000012]",3180867,"[6.52, 0.01000000000000012]",0.009932876768566313,2.085904121398926,1.1,"[0.22000000000000003, -0.10999999999999999]",3181867,"[2.2, -1.0999999999999999]",0.010439901124863397,2.1923792362213135,6.53,"[0.546, 0.10700000000000003]",3182867,"[5.460000000000001, 1.0700000000000003]",0.009926868620372955,2.0846424102783203,8.629999999999999,"[0.6609999999999999, 0.20200000000000004]",3183867,"[6.609999999999999, 2.0200000000000005]",0.010988319487798782,2.307547092437744,WelfareSolutionConcept,5.1975,1.7887198634777888,0.010321991500400363,0.00043744371957512424,2.167618215084076,0.09186318111077608,COMPLETE
319,4.51,2025-06-12 22:41:10.083634,2025-06-12 22:41:12.517926,0 days 00:00:02.434292,11,0.9997102157127775,0.06643963645251255,0.9965290540429649,0.057095290192408554,241,3190870,4.51,2.1452389144335418,0.39075,0.1217546200355453,240.0,4,2.3599999999999994,"[0.22699999999999995, 0.009000000000000006]",3190870,"[2.2699999999999996, 0.09000000000000007]",0.008604540427525838,2.065089702606201,6.61,"[0.445, 0.21599999999999991]",3191870,"[4.45, 2.1599999999999993]",0.009307926893234253,2.2339024543762207,6.7,"[0.554, 0.11599999999999996]",3192870,"[5.540000000000001, 1.1599999999999997]",0.008261521657307943,1.9827651977539062,2.37,"[0.33699999999999997, -0.09999999999999999]",3193870,"[3.3699999999999997, -0.9999999999999999]",0.009062638878822327,2.1750333309173584,WelfareSolutionConcept,3.9075,1.2175462003554531,0.008809156964222591,0.0004045976024350368,2.1141976714134216,0.09710342458440885,COMPLETE
320,5.0675,2025-06-12 22:41:12.534171,2025-06-12 22:41:14.989545,0 days 00:00:02.455374,13,0.9701336537447319,0.051026403704985616,0.9728910253767227,0.08558684256880476,273,3200872,5.0675,1.6020982335674676,0.46175,0.04750986739615252,270.0,4,3.15,"[0.43500000000000005, -0.11999999999999997]",3200872,"[4.3500000000000005, -1.1999999999999997]",0.008414798312717013,2.2719955444335938,7.489999999999999,"[0.5439999999999999, 0.20500000000000002]",3201872,"[5.4399999999999995, 2.0500000000000003]",0.007834588156806098,2.1153388023376465,5.36,"[0.43200000000000005, 0.10400000000000006]",3202872,"[4.32, 1.0400000000000007]",0.007549184340017813,2.0382797718048096,4.27,"[0.43599999999999994, -0.008999999999999994]",3203872,"[4.359999999999999, -0.08999999999999994]",0.007979577559011955,2.1544859409332275,WelfareSolutionConcept,4.6175,0.47509867396152533,0.00794453709213822,0.0003125564016656965,2.1450250148773193,0.08439022844973809,COMPLETE
321,5.045,2025-06-12 22:41:16.695407,2025-06-12 22:41:19.536213,0 days 00:00:02.840806,11,0.5986653034048203,0.09870051234216863,0.985653596610135,0.04540921666686944,376,3210876,5.045,2.495691286998454,0.4415,0.20222821267073496,370.0,4,2.3800000000000003,"[0.11999999999999997, 0.11800000000000002]",3210876,"[1.1999999999999997, 1.1800000000000002]",0.007048360721485035,2.607893466949463,8.88,"[0.663, 0.22499999999999995]",3211876,"[6.630000000000001, 2.2499999999999996]",0.0065985666738974085,2.441469669342041,3.36,"[0.43599999999999994, -0.09999999999999999]",3212876,"[4.359999999999999, -0.9999999999999999]",0.00721007811056601,2.667728900909424,5.56,"[0.547, 0.009000000000000006]",3213876,"[5.470000000000001, 0.09000000000000007]",0.007176100241171347,2.6551570892333984,WelfareSolutionConcept,4.415,2.0222821267073496,0.007008276436779951,0.0002441093937893645,2.5930622816085815,0.09032047570206492,COMPLETE
322,5.487500000000001,2025-06-12 22:41:19.551102,2025-06-12 22:41:22.167171,0 days 00:00:02.616069,10,0.5679382105194024,0.056754055560962906,0.9909321660812639,0.033223531681586704,386,3220879,5.487500000000001,1.3564913379745556,0.42125,0.20431761426759076,380.0,4,3.6500000000000004,"[0.12799999999999997, 0.23699999999999996]",3220879,"[1.2799999999999998, 2.3699999999999997]",0.0063833920579207575,2.4256889820098877,4.720000000000001,"[0.344, 0.12800000000000003]",3221879,"[3.4399999999999995, 1.2800000000000002]",0.006131124496459961,2.329827308654785,6.82,"[0.663, 0.019000000000000013]",3222879,"[6.630000000000001, 0.19000000000000014]",0.006274510057348954,2.3843138217926025,6.760000000000001,"[0.55, 0.126]",3223879,"[5.5, 1.26]",0.006333153498800178,2.4065983295440674,WelfareSolutionConcept,4.2125,2.043176142675908,0.0062805450276324625,9.448290702545245e-05,2.3866071105003357,0.03590350466967185,COMPLETE
323,7.985,2025-06-12 22:41:22.188661,2025-06-12 22:41:25.613041,0 days 00:00:03.424380,14,0.9849574255551925,0.07966542985146652,0.9840319568658391,0.06893990910861819,419,3230882,7.985,2.543663696324653,0.6515,0.1761568902995282,410.0,4,7.38,"[0.538, 0.2]",3230882,"[5.380000000000001, 2.0]",0.007429397978433749,3.046053171157837,9.620000000000001,"[0.8770000000000001, 0.08499999999999999]",3231882,"[8.770000000000001, 0.8499999999999999]",0.007585019018591904,3.1098577976226807,4.130000000000001,"[0.43100000000000005, -0.017999999999999985]",3232882,"[4.3100000000000005, -0.17999999999999985]",0.007545029826280547,3.0934622287750244,10.809999999999999,"[0.76, 0.32100000000000006]",3233882,"[7.6, 3.210000000000001]",0.007714929813291968,3.163121223449707,WelfareSolutionConcept,6.515000000000001,1.7615689029952817,0.007568594159149541,0.00010199847326114452,3.1031236052513123,0.04181937403706932,COMPLETE
324,6.875,2025-06-12 22:41:25.627734,2025-06-12 22:41:29.235358,0 days 00:00:03.607624,14,0.7803987424546728,0.08156193303847226,0.9828359680293918,0.0703611607278401,420,3240885,6.875,1.6637983651873205,0.6795000000000001,0.2769679584356284,420.0,4,4.1,"[0.20600000000000004, 0.20400000000000001]",3240885,"[2.0600000000000005, 2.04]",0.008019958223615373,3.368382453918457,7.38,"[0.868, -0.12999999999999995]",3241885,"[8.68, -1.2999999999999994]",0.008150630337851388,3.423264741897583,7.49,"[0.8790000000000001, -0.12999999999999995]",3242885,"[8.790000000000001, -1.2999999999999994]",0.007870368162790934,3.3055546283721924,8.53,"[0.765, 0.08800000000000001]",3243885,"[7.65, 0.8800000000000001]",0.0077189797446841285,3.241971492767334,WelfareSolutionConcept,6.795,2.7696795843562843,0.007939984117235456,0.00016159904219322432,3.3347933292388916,0.06787159772115424,COMPLETE
325,4.192500000000001,2025-06-12 22:41:29.250316,2025-06-12 22:41:33.120410,0 days 00:00:03.870094,15,0.9835361083867992,0.07877566282137413,0.9802542403835637,0.06501472140650048,434,3250889,4.192500000000001,1.8984780088270707,0.33575,0.18779826277151768,430.0,4,2.7700000000000005,"[0.198, 0.079]",3250889,"[1.98, 0.79]",0.008374072784601255,3.60085129737854,2.7600000000000002,"[0.188, 0.08800000000000001]",3251889,"[1.88, 0.8800000000000001]",0.008301952273346657,3.5698394775390625,7.39,"[0.651, 0.08800000000000002]",3252889,"[6.51, 0.8800000000000002]",0.0076529735742613325,3.290778636932373,3.85,"[0.306, 0.079]",3253889,"[3.06, 0.79]",0.008214595151502033,3.532275915145874,WelfareSolutionConcept,3.3575,1.8779826277151768,0.00813589844592782,0.0002844778077220177,3.4984363317489624,0.1223254573204676,COMPLETE
326,3.2475,2025-06-12 22:41:34.664867,2025-06-12 22:41:37.770058,0 days 00:00:03.105191,14,0.9868956237775661,0.08838637688392371,0.9848914413001877,0.08709555881983899,394,3260894,3.2475,1.2223619553961906,0.4025000000000001,0.14521105329829412,390.0,4,2.8800000000000003,"[0.31700000000000006, -0.02899999999999997]",3260894,"[3.170000000000001, -0.2899999999999997]",0.007312133984688001,2.8517322540283203,5.239999999999999,"[0.6540000000000001, -0.12999999999999995]",3261894,"[6.540000000000001, -1.2999999999999994]",0.0073546629685622,2.868318557739258,2.9600000000000004,"[0.318, -0.021999999999999985]",3262894,"[3.18, -0.21999999999999986]",0.00751641407991067,2.931401491165161,1.9100000000000008,"[0.32100000000000006, -0.12999999999999995]",3263894,"[3.210000000000001, -1.2999999999999994]",0.007410992108858549,2.890286922454834,WelfareSolutionConcept,4.025,1.452110532982941,0.007398550785504855,7.655152943343932e-05,2.8854348063468933,0.029855096479041252,COMPLETE
327,6.44,2025-06-12 22:41:37.785168,2025-06-12 22:41:39.921668,0 days 00:00:02.136500,13,0.8337336756336169,0.07552025543668159,0.9869746356273753,0.06995051027615633,254,3270897,6.44,1.7399281594364753,0.51675,0.11832661365897361,250.0,4,4.22,"[0.542, -0.11999999999999997]",3270897,"[5.42, -1.1999999999999997]",0.007520256042480469,1.8800640106201172,7.470000000000001,"[0.5450000000000002, 0.20200000000000004]",3271897,"[5.450000000000001, 2.0200000000000005]",0.007341971397399902,1.8354928493499756,8.68,"[0.6529999999999999, 0.21500000000000002]",3272897,"[6.529999999999999, 2.1500000000000004]",0.007446712493896485,1.861678123474121,5.390000000000001,"[0.32699999999999996, 0.21200000000000002]",3273897,"[3.2699999999999996, 2.12]",0.0067612075805664066,1.6903018951416016,WelfareSolutionConcept,5.1674999999999995,1.1832661365897361,0.007267536878585815,0.00029911566849025217,1.8168842196464539,0.07477891712256304,COMPLETE
328,5.36,2025-06-12 22:41:39.936589,2025-06-12 22:41:42.995979,0 days 00:00:03.059390,13,0.9726647157028631,0.07075556495306577,0.9892676233624086,0.007212641378745986,410,3280899,5.36,2.0779677572089517,0.40625,0.09204448652689629,410.0,4,6.460000000000001,"[0.5459999999999999, 0.10000000000000006]",3280899,"[5.459999999999999, 1.0000000000000007]",0.006844025123410109,2.8060503005981445,7.590000000000001,"[0.43199999999999994, 0.327]",3281899,"[4.319999999999999, 3.27]",0.0066806554794311525,2.7390687465667725,2.0300000000000002,"[0.32300000000000006, -0.11999999999999997]",3282899,"[3.2300000000000004, -1.1999999999999997]",0.006894661740558903,2.8268113136291504,5.359999999999999,"[0.324, 0.21200000000000002]",3283899,"[3.24, 2.12]",0.007022084840914098,2.8790547847747803,WelfareSolutionConcept,4.0625,0.9204448652689627,0.006860356796078566,0.000122364288539474,2.812746286392212,0.05016935830118435,COMPLETE
329,4.63,2025-06-12 22:41:43.012986,2025-06-12 22:41:46.513427,0 days 00:00:03.500441,14,0.9816243644690673,0.08199802727451493,0.9833537377641178,0.07549051461254622,416,3290903,4.63,2.0205321081338945,0.45475,0.0932801559818593,410.0,4,1.8200000000000005,"[0.312, -0.12999999999999995]",3290903,"[3.12, -1.2999999999999994]",0.008104861654886386,3.322993278503418,5.18,"[0.539, -0.02099999999999999]",3291903,"[5.390000000000001, -0.2099999999999999]",0.008113868062089129,3.326685905456543,4.090000000000001,"[0.43100000000000005, -0.021999999999999974]",3292903,"[4.3100000000000005, -0.21999999999999975]",0.008098555192714784,3.3204076290130615,7.430000000000001,"[0.537, 0.20600000000000004]",3293903,"[5.37, 2.0600000000000005]",0.007897664860981266,3.2380425930023193,WelfareSolutionConcept,4.5475,0.9328015598185929,0.00805373744266789,9.027272281888018e-05,3.3020323514938354,0.03701181635574074,COMPLETE
330,5.165,2025-06-12 22:41:46.530969,2025-06-12 22:41:51.504475,0 days 00:00:04.973506,12,0.5841902158241127,0.041778665519533784,0.9412853883609353,0.011058811587255439,409,3300906,5.165,1.3828683957629515,0.43825000000000003,0.18951698472696318,400.0,4,4.34,"[0.11000000000000006, 0.324]",3300906,"[1.1000000000000005, 3.24]",0.011854128241539,4.741651296615601,7.56,"[0.5469999999999999, 0.20900000000000007]",3301906,"[5.469999999999999, 2.0900000000000007]",0.01144928514957428,4.579714059829712,4.390000000000001,"[0.549, -0.10999999999999999]",3302906,"[5.49, -1.0999999999999999]",0.010474669337272645,4.189867734909058,4.37,"[0.547, -0.10999999999999999]",3303906,"[5.470000000000001, -1.0999999999999999]",0.011644293069839478,4.657717227935791,WelfareSolutionConcept,4.3825,1.8951698472696317,0.01135559394955635,0.0005283677308047141,4.54223757982254,0.21134709232188578,COMPLETE
331,3.7975000000000003,2025-06-12 22:41:53.554421,2025-06-12 22:41:55.870948,0 days 00:00:02.316527,12,0.9920994877565366,0.0762781136387352,0.931682361520953,0.05816374372594173,278,3310913,3.7975000000000003,1.940262546667332,0.29900000000000004,0.19314114010225786,270.0,4,3.3200000000000003,"[0.333, -0.0009999999999999898]",3310913,"[3.33, -0.009999999999999898]",0.007800352131878888,2.1060950756073,1.11,"[1.1102230246251566e-17, 0.11100000000000003]",3311913,"[1.1102230246251565e-16, 1.1100000000000003]",0.007726515663994683,2.0861592292785645,4.24,"[0.32300000000000006, 0.10100000000000002]",3312913,"[3.2300000000000004, 1.0100000000000002]",0.00753845903608534,2.035383939743042,6.5200000000000005,"[0.5399999999999999, 0.1120000000000001]",3313913,"[5.3999999999999995, 1.120000000000001]",0.007640408586572718,2.062910318374634,WelfareSolutionConcept,2.99,1.9314114010225785,0.007676433854632908,9.77225633574502e-05,2.072637140750885,0.026385092106511555,COMPLETE
332,4.694999999999999,2025-06-12 22:41:55.886031,2025-06-12 22:42:00.332137,0 days 00:00:04.446106,20,0.9626756852564633,0.08518344505698368,0.9843049208491254,0.025404748928182116,425,3320915,4.694999999999999,0.46510751445230414,0.514,0.08313543167627147,420.0,4,4.3999999999999995,"[0.5159999999999999, -0.07600000000000004]",3320915,"[5.159999999999999, -0.7600000000000005]",0.00930935995919364,3.909931182861328,4.449999999999999,"[0.39799999999999996, 0.046999999999999965]",3321915,"[3.9799999999999995, 0.46999999999999964]",0.009610268615541004,4.036312818527222,4.429999999999999,"[0.633, -0.19]",3322915,"[6.33, -1.9]",0.009932355653671992,4.171589374542236,5.5,"[0.5089999999999999, 0.04099999999999996]",3323915,"[5.089999999999999, 0.4099999999999996]",0.010022674288068498,4.2095232009887695,WelfareSolutionConcept,5.14,0.8313543167627148,0.009718664629118783,0.00028167611510891705,4.081839144229889,0.11830396834574525,COMPLETE
333,4.9350000000000005,2025-06-12 22:42:00.347516,2025-06-12 22:42:02.163372,0 days 00:00:01.815856,16,0.9731751576147191,0.06268506808149621,0.993819699618302,0.0878973212877675,168,3330920,4.9350000000000005,1.570565184893642,0.36024999999999996,0.20507849107110182,160.0,4,2.72,"[0.30800000000000005, -0.03600000000000001]",3330920,"[3.0800000000000005, -0.3600000000000001]",0.009764769673347473,1.5623631477355957,7.16,"[0.6469999999999999, 0.069]",3331920,"[6.469999999999999, 0.6900000000000001]",0.009608103334903717,1.5372965335845947,5.0,"[0.076, 0.42399999999999993]",3332920,"[0.76, 4.239999999999999]",0.009742382168769836,1.5587811470031738,4.86,"[0.41000000000000003, 0.07599999999999998]",3333920,"[4.1000000000000005, 0.7599999999999998]",0.010198672115802766,1.6317875385284424,WelfareSolutionConcept,3.6025,2.0507849107110183,0.009828481823205948,0.0002219684208242811,1.5725570917129517,0.03551494733188493,COMPLETE
334,6.29,2025-06-12 22:42:02.179409,2025-06-12 22:42:05.235430,0 days 00:00:03.056021,12,0.6638113130599879,0.08973771342424544,0.9804131567968278,0.060259676497869355,374,3340922,6.29,1.1683963368651917,0.5195000000000001,0.11714627608251142,370.0,4,6.51,"[0.6549999999999999, -0.003999999999999992]",3340922,"[6.549999999999999, -0.039999999999999925]",0.007358531694154482,2.722656726837158,6.53,"[0.542, 0.11100000000000007]",3341922,"[5.42, 1.1100000000000008]",0.007349302317645099,2.7192418575286865,4.440000000000001,"[0.3320000000000001, 0.1120000000000001]",3342922,"[3.3200000000000007, 1.120000000000001]",0.0076948249662244644,2.8470852375030518,7.68,"[0.549, 0.219]",3343922,"[5.49, 2.19]",0.007215374869269294,2.6696887016296387,WelfareSolutionConcept,5.195,1.171462760825114,0.007404508461823335,0.00017692990849513894,2.739668130874634,0.0654640661432014,COMPLETE
335,3.687499999999999,2025-06-12 22:42:05.253227,2025-06-12 22:42:08.086456,0 days 00:00:02.833229,13,0.9841348134425221,0.07323552420991741,0.979368637414054,0.052788570231564885,292,3350925,3.687499999999999,2.2719526293477155,0.323,0.19168594105984924,290.0,4,4.239999999999999,"[0.433, -0.008999999999999994]",3350925,"[4.33, -0.08999999999999994]",0.008982364884738265,2.6048858165740967,5.34,"[0.43600000000000005, 0.098]",3351925,"[4.36, 0.98]",0.008819212584659971,2.5575716495513916,5.339999999999998,"[0.43199999999999994, 0.10200000000000006]",3352925,"[4.319999999999999, 1.0200000000000007]",0.008180130761245201,2.3722379207611084,-0.16999999999999976,"[-0.008999999999999994, -0.007999999999999983]",3353925,"[-0.08999999999999994, -0.07999999999999982]",0.008627305359675966,2.5019185543060303,WelfareSolutionConcept,3.2300000000000004,1.9168594105984924,0.00865225339757985,0.0003001546070107986,2.5091534852981567,0.08704483603313154,COMPLETE
336,5.609999999999999,2025-06-12 22:42:09.678593,2025-06-12 22:42:12.289387,0 days 00:00:02.610794,15,0.5771922008133241,0.0681024264750932,0.9780396735546093,0.07509778605474358,265,3360929,5.609999999999999,0.598289227715158,0.5900000000000001,0.05133225107084238,260.0,4,6.23,"[0.541, 0.08200000000000003]",3360929,"[5.41, 0.8200000000000003]",0.009062926585857684,2.356360912322998,6.18,"[0.6490000000000001, -0.030999999999999993]",3361929,"[6.490000000000001, -0.30999999999999994]",0.008365377096029428,2.1749980449676514,4.930000000000001,"[0.633, -0.13999999999999996]",3362929,"[6.33, -1.3999999999999995]",0.009280588993659387,2.4129531383514404,5.099999999999999,"[0.5370000000000001, -0.027000000000000003]",3363929,"[5.370000000000001, -0.27]",0.008541509738335243,2.220792531967163,WelfareSolutionConcept,5.900000000000001,0.5133225107084239,0.008812600603470435,0.00037255045080410637,2.2912761569023132,0.09686311720906761,COMPLETE
337,8.025,2025-06-12 22:42:12.307158,2025-06-12 22:42:13.793759,0 days 00:00:01.486601,11,0.9991768883975676,0.07836420493532717,0.9824872287895209,0.02941555315225955,202,3370932,8.025,2.4926040600143464,0.741,0.2707665045754367,200.0,4,11.090000000000002,"[0.9889999999999999, 0.12]",3370932,"[9.889999999999999, 1.2]",0.005947878360748291,1.1895756721496582,5.569999999999999,"[0.657, -0.09999999999999999]",3371932,"[6.57, -0.9999999999999999]",0.006485329866409302,1.2970659732818604,5.57,"[0.33399999999999996, 0.22299999999999995]",3372932,"[3.34, 2.2299999999999995]",0.006395106315612793,1.2790212631225586,9.870000000000001,"[0.984, 0.003000000000000007]",3373932,"[9.84, 0.03000000000000007]",0.006432479619979859,1.2864959239959717,WelfareSolutionConcept,7.41,2.707665045754367,0.006315198540687562,0.00021448128510194233,1.2630397081375122,0.042896257020388434,COMPLETE
338,5.905,2025-06-12 22:42:13.815298,2025-06-12 22:42:15.295762,0 days 00:00:01.480464,11,0.9955906101015125,0.08073214830226337,0.9820915223504073,0.030061648786627492,204,3380933,5.905,4.166536331294856,0.47425,0.33236905316229426,200.0,4,6.74,"[0.666, 0.008000000000000005]",3380933,"[6.66, 0.08000000000000006]",0.00646614670753479,1.293229341506958,3.43,"[0.336, 0.0070000000000000045]",3381933,"[3.3600000000000003, 0.07000000000000005]",0.006381893157958984,1.2763786315917969,12.26,"[0.8859999999999999, 0.33999999999999997]",3382933,"[8.86, 3.3999999999999995]",0.005582338571548462,1.1164677143096924,1.1900000000000002,"[0.009000000000000018, 0.10999999999999995]",3383933,"[0.09000000000000019, 1.0999999999999994]",0.006440962553024292,1.2881925106048584,WelfareSolutionConcept,4.7425,3.3236905316229426,0.006217835247516632,0.00036817638394686644,1.2435670495033264,0.07363527678937333,COMPLETE
339,3.9675000000000002,2025-06-12 22:42:15.310812,2025-06-12 22:42:16.869153,0 days 00:00:01.558341,11,0.9895600319379995,0.08398232065683922,0.9871121779887277,0.021010904390658575,217,3390935,3.9675000000000002,1.7516046214828274,0.362,0.08841379982785497,210.0,4,6.569999999999999,"[0.4370000000000001, 0.21999999999999997]",3390935,"[4.370000000000001, 2.1999999999999997]",0.006601559548150926,1.3863275051116943,2.35,"[0.33499999999999996, -0.09999999999999999]",3391935,"[3.3499999999999996, -0.9999999999999999]",0.0065595785776774084,1.3775115013122559,2.38,"[0.22899999999999993, 0.009000000000000006]",3392935,"[2.289999999999999, 0.09000000000000007]",0.006528236752464658,1.3709297180175781,4.569999999999999,"[0.44699999999999995, 0.010000000000000007]",3393935,"[4.47, 0.10000000000000007]",0.006388530277070545,1.3415913581848145,WelfareSolutionConcept,3.62,0.8841379982785498,0.006519476288840883,7.99522650560144e-05,1.3690900206565857,0.016789975661763042,COMPLETE
340,5.484999999999999,2025-06-12 22:42:16.885003,2025-06-12 22:42:18.351900,0 days 00:00:01.466897,10,0.9986461290842236,0.07725025242444385,0.9821610858437084,0.02978258893742702,193,3400936,5.484999999999999,1.9303950372915901,0.42250000000000004,0.19205402885646528,190.0,4,5.79,"[0.45100000000000007, 0.12799999999999997]",3400936,"[4.510000000000001, 1.2799999999999998]",0.005874481954072651,1.1161515712738037,5.75,"[0.44700000000000006, 0.12799999999999997]",3401936,"[4.470000000000001, 1.2799999999999998]",0.0062619585739938834,1.189772129058838,2.5000000000000004,"[0.12700000000000003, 0.12299999999999997]",3402936,"[1.2700000000000002, 1.2299999999999998]",0.006005583311382093,1.1410608291625977,7.9,"[0.665, 0.125]",3403936,"[6.65, 1.25]",0.0059463300203022205,1.1298027038574219,WelfareSolutionConcept,4.225,1.9205402885646528,0.006022088464937712,0.00014606258358650619,1.1441968083381653,0.027751890881436175,COMPLETE
341,4.512499999999999,2025-06-12 22:42:19.962274,2025-06-12 22:42:21.479727,0 days 00:00:01.517453,11,0.9812911205119712,0.07213840203184492,0.985766171351015,0.03323105651068043,180,3410940,4.512499999999999,3.1874470583838725,0.44325000000000003,0.2330122046159815,180.0,4,8.870000000000001,"[0.664, 0.22299999999999995]",3410940,"[6.640000000000001, 2.2299999999999995]",0.006474412812127008,1.1653943061828613,3.4699999999999993,"[0.33799999999999997, 0.009000000000000018]",3411940,"[3.38, 0.09000000000000019]",0.006532177660200331,1.1757919788360596,5.6,"[0.6600000000000001, -0.09999999999999999]",3412940,"[6.600000000000001, -0.9999999999999999]",0.006780114438798692,1.2204205989837646,0.11000000000000007,"[0.11099999999999999, -0.09999999999999999]",3413940,"[1.1099999999999999, -0.9999999999999999]",0.006789024670918783,1.2220244407653809,WelfareSolutionConcept,4.4325,2.330122046159815,0.006643932395511204,0.00014214721885430845,1.1959078311920166,0.02558649939377556,COMPLETE
342,6.557500000000001,2025-06-12 22:42:21.494896,2025-06-12 22:42:23.151183,0 days 00:00:01.656287,12,0.9738622235693842,0.07859986473818448,0.9766554290837804,0.01776333706059565,205,3420941,6.557500000000001,1.3460381681066853,0.41050000000000003,0.09124006795262703,200.0,4,6.480000000000001,"[0.32600000000000007, 0.322]",3420941,"[3.2600000000000007, 3.22]",0.006848516464233398,1.3697032928466797,5.51,"[0.442, 0.10900000000000007]",3421941,"[4.42, 1.0900000000000007]",0.006930129528045654,1.3860259056091309,8.780000000000001,"[0.546, 0.332]",3422941,"[5.460000000000001, 3.3200000000000003]",0.006933579444885254,1.3867158889770508,5.460000000000001,"[0.32800000000000007, 0.21800000000000005]",3423941,"[3.2800000000000007, 2.1800000000000006]",0.006846323013305664,1.3692646026611328,WelfareSolutionConcept,4.105,0.9124006795262704,0.006889637112617492,4.2242109307716964e-05,1.3779274225234985,0.008448421861543383,COMPLETE
343,2.4400000000000004,2025-06-12 22:42:23.170029,2025-06-12 22:42:25.008150,0 days 00:00:01.838121,14,0.6392160938407119,0.09232088248124781,0.9847952522334563,0.02580721781264135,198,3430943,2.4400000000000004,1.6801934412441923,0.20450000000000004,0.2100839118066874,190.0,4,0.7899999999999998,"[-0.016999999999999994, 0.09600000000000003]",3430943,"[-0.16999999999999993, 0.9600000000000003]",0.008385704693041349,1.5932838916778564,1.84,"[0.08800000000000002, 0.09600000000000003]",3431943,"[0.8800000000000002, 0.9600000000000003]",0.008726032156693308,1.6579461097717285,5.250000000000001,"[0.542, -0.016999999999999984]",3432943,"[5.42, -0.16999999999999985]",0.00865519548717298,1.6444871425628662,1.880000000000001,"[0.20500000000000007, -0.01699999999999998]",3433943,"[2.0500000000000007, -0.16999999999999982]",0.008593647103560599,1.6327929496765137,WelfareSolutionConcept,2.045,2.1008391180668737,0.008590144860117058,0.0001269891620122086,1.6321275234222412,0.02412794078231961,COMPLETE
344,7.057500000000001,2025-06-12 22:42:25.023313,2025-06-12 22:42:26.568608,0 days 00:00:01.545295,10,0.9984481181033479,0.08709897110588444,0.9813294459671622,0.02293738034902931,233,3440945,7.057500000000001,0.869263337545074,0.6352500000000001,0.17404794598041085,230.0,4,5.76,"[0.344, 0.23200000000000004]",3440945,"[3.4399999999999995, 2.3200000000000003]",0.0059155505636464,1.3605766296386719,6.7700000000000005,"[0.659, 0.018000000000000013]",3441945,"[6.59, 0.18000000000000013]",0.0058273595312367315,1.3402926921844482,7.840000000000002,"[0.7680000000000001, 0.01600000000000001]",3442945,"[7.6800000000000015, 0.16000000000000011]",0.005950112964795983,1.3685259819030762,7.860000000000001,"[0.77, 0.01600000000000001]",3443945,"[7.7, 0.16000000000000011]",0.005794055565543797,1.3326327800750732,WelfareSolutionConcept,6.3525,1.7404794598041087,0.005871769656305727,6.337621979964045e-05,1.3505070209503174,0.014576530553917317,COMPLETE
345,6.3549999999999995,2025-06-12 22:42:26.583953,2025-06-12 22:42:29.455397,0 days 00:00:02.871444,11,0.6072444430064328,0.0945455866134543,0.98865991735842,0.03757290957796602,402,3450946,6.3549999999999995,2.1389892472848007,0.54825,0.16848052558085166,400.0,4,4.469999999999999,"[0.33499999999999996, 0.11199999999999996]",3450946,"[3.3499999999999996, 1.1199999999999997]",0.006665443181991577,2.666177272796631,4.550000000000001,"[0.44499999999999995, 0.010000000000000007]",3451946,"[4.449999999999999, 0.10000000000000007]",0.006516616344451904,2.6066465377807617,9.729999999999999,"[0.6460000000000001, 0.3269999999999999]",3452946,"[6.460000000000001, 3.269999999999999]",0.006396743059158325,2.55869722366333,6.669999999999999,"[0.767, -0.09999999999999999]",3453946,"[7.67, -0.9999999999999999]",0.006746860146522522,2.698744058609009,WelfareSolutionConcept,5.4825,1.6848052558085167,0.0065814156830310815,0.00013484752812887806,2.632566273212433,0.05393901125155115,COMPLETE
346,6.370000000000001,2025-06-12 22:42:31.105159,2025-06-12 22:42:34.293414,0 days 00:00:03.188255,13,0.9877250565565362,0.08329106586313476,0.9926901711856977,0.04025345837200883,393,3460951,6.370000000000001,2.7607698201769733,0.59525,0.2719782849787828,390.0,4,3.0600000000000005,"[0.21100000000000002, 0.09500000000000003]",3460951,"[2.1100000000000003, 0.9500000000000003]",0.0076230813295413286,2.973001718521118,6.4,"[0.5429999999999999, 0.09700000000000006]",3461951,"[5.43, 0.9700000000000006]",0.007340908050537109,2.8629541397094727,5.3500000000000005,"[0.655, -0.11999999999999997]",3462951,"[6.550000000000001, -1.1999999999999997]",0.007706546172117575,3.0055530071258545,10.67,"[0.9719999999999999, 0.09500000000000006]",3463951,"[9.719999999999999, 0.9500000000000006]",0.006811595574403421,2.656522274017334,WelfareSolutionConcept,5.9525,2.7197828497878276,0.0073705327816498585,0.000349990783433525,2.874507784843445,0.13649640553907483,COMPLETE
347,6.2875000000000005,2025-06-12 22:42:34.308587,2025-06-12 22:42:37.983493,0 days 00:00:03.674906,12,0.5564163557218904,0.07489842466615439,0.9959185949643584,0.0445189826264338,380,3470954,6.2875000000000005,2.516936381794343,0.54575,0.2704878694137687,380.0,4,8.83,"[0.772, 0.11100000000000002]",3470954,"[7.720000000000001, 1.11]",0.008196507629595305,3.114672899246216,2.160000000000001,"[0.10500000000000007, 0.11100000000000003]",3471954,"[1.0500000000000007, 1.1100000000000003]",0.00919053742760106,3.4924042224884033,6.54,"[0.5429999999999999, 0.11100000000000003]",3472954,"[5.43, 1.1100000000000003]",0.008911120264153732,3.386225700378418,7.620000000000001,"[0.7629999999999999, -0.0009999999999999898]",3473954,"[7.629999999999999, -0.009999999999999898]",0.008955412789394981,3.4030568599700928,WelfareSolutionConcept,5.4575,2.704878694137687,0.00881339452768627,0.00037165364192326373,3.3490899205207825,0.1412283839308403,COMPLETE
348,3.977499999999999,2025-06-12 22:42:37.998883,2025-06-12 22:42:41.442871,0 days 00:00:03.443988,30,0.5894179948672769,0.06877522723971556,0.9796064172392303,0.028148118234027266,187,3480958,3.977499999999999,2.965074830421654,0.4427499999999999,0.24356557125341008,180.0,4,4.35,"[0.597, -0.1620000000000001]",3480958,"[5.97, -1.620000000000001]",0.0168236149681939,3.0282506942749023,6.819999999999999,"[0.7309999999999999, -0.04900000000000008]",3481958,"[7.309999999999999, -0.49000000000000077]",0.016387522220611572,2.949753999710083,-0.9300000000000013,"[0.09399999999999997, -0.18700000000000008]",3482958,"[0.9399999999999997, -1.8700000000000008]",0.018011413680182563,3.2420544624328613,5.67,"[0.34900000000000003, 0.21799999999999992]",3483958,"[3.49, 2.1799999999999993]",0.017015088929070367,3.062716007232666,WelfareSolutionConcept,4.427499999999999,2.435655712534101,0.017059409949514603,0.0005948335585534486,3.070693790912628,0.10707004053962069,COMPLETE
349,5.6375,2025-06-12 22:42:41.458322,2025-06-12 22:42:44.274058,0 days 00:00:02.815736,13,0.9665925465946261,0.07890128147631341,0.9341679969149459,0.03456630370867804,367,3490961,5.6375,1.4419843099007703,0.48874999999999996,0.22974265494243776,360.0,4,3.1399999999999997,"[0.32199999999999995, -0.007999999999999985]",3490961,"[3.2199999999999998, -0.07999999999999985]",0.007311599784427219,2.632175922393799,6.48,"[0.768, -0.11999999999999997]",3491961,"[7.68, -1.1999999999999997]",0.007173768017027113,2.5825564861297607,6.449999999999999,"[0.655, -0.009999999999999985]",3492961,"[6.550000000000001, -0.09999999999999984]",0.00708771546681722,2.551577568054199,6.48,"[0.20999999999999996, 0.438]",3493961,"[2.0999999999999996, 4.38]",0.007146478361553616,2.5727322101593018,WelfareSolutionConcept,4.887499999999999,2.2974265494243773,0.007179890407456292,8.215447057199009e-05,2.584760546684265,0.02957560940591647,COMPLETE
350,4.3375,2025-06-12 22:42:44.289029,2025-06-12 22:42:46.407029,0 days 00:00:02.118000,10,0.6481473762497395,0.08852513138354615,0.9285268335126639,0.04805882882959393,223,3500964,4.3375,1.565109820427947,0.41925000000000007,0.205420757227696,220.0,4,2.41,"[0.12399999999999997, 0.11700000000000002]",3500964,"[1.2399999999999998, 1.1700000000000002]",0.008672085675326261,1.9078588485717773,6.65,"[0.6530000000000001, 0.012000000000000005]",3501964,"[6.530000000000001, 0.12000000000000005]",0.008590480414303867,1.8899056911468506,4.720000000000001,"[0.562, -0.08999999999999998]",3502964,"[5.620000000000001, -0.8999999999999998]",0.008464225855740633,1.8621296882629395,3.57,"[0.3380000000000001, 0.019000000000000013]",3503964,"[3.380000000000001, 0.19000000000000014]",0.00849426876414906,1.868739128112793,WelfareSolutionConcept,4.192500000000001,2.05420757227696,0.008555265177379956,8.199978988328606e-05,1.88215833902359,0.01803995377432285,COMPLETE
351,5.0525,2025-06-12 22:42:48.133223,2025-06-12 22:42:49.674588,0 days 00:00:01.541365,11,0.9843923936026016,0.09737375846952005,0.9836403596054706,0.08648887838861784,178,3510968,5.0525,2.7149896408642156,0.5,0.19733600786475844,170.0,4,8.88,"[0.773, 0.11499999999999999]",3510968,"[7.73, 1.15]",0.006792720626382267,1.1547625064849854,4.56,"[0.556, -0.09999999999999999]",3511968,"[5.5600000000000005, -0.9999999999999999]",0.007445722467759076,1.265772819519043,1.2600000000000002,"[0.22599999999999998, -0.09999999999999999]",3512968,"[2.26, -0.9999999999999999]",0.0073240069782032685,1.2450811862945557,5.51,"[0.445, 0.10600000000000001]",3513968,"[4.45, 1.06]",0.007225583581363454,1.228349208831787,WelfareSolutionConcept,5.0,1.9733600786475844,0.007197008413427017,0.0002460957492794498,1.2234914302825928,0.04183627737750646,COMPLETE
352,6.2925,2025-06-12 22:42:49.689616,2025-06-12 22:42:52.016878,0 days 00:00:02.327262,12,0.9751224250454461,0.08561157445898887,0.9377860030308844,0.05371971252852938,284,3520969,6.2925,0.8876197102363149,0.575,0.15906288064787455,280.0,4,7.609999999999999,"[0.7619999999999999, -0.0009999999999999898]",3520969,"[7.619999999999999, -0.009999999999999898]",0.0077212427343641005,2.1619479656219482,5.5,"[0.332, 0.21800000000000005]",3521969,"[3.3200000000000003, 2.1800000000000006]",0.007694240127290998,2.1543872356414795,6.6,"[0.55, 0.11000000000000006]",3522969,"[5.5, 1.1000000000000005]",0.007642233371734619,2.1398253440856934,5.46,"[0.6559999999999999, -0.10999999999999999]",3523969,"[6.559999999999999, -1.0999999999999999]",0.007568717002868652,2.1192407608032227,WelfareSolutionConcept,5.749999999999999,1.5906288064787455,0.007656608309064592,5.814912554134427e-05,2.143850326538086,0.016281755151576437,COMPLETE
353,6.1499999999999995,2025-06-12 22:42:52.033065,2025-06-12 22:42:54.130265,0 days 00:00:02.097200,11,0.9587146060054597,0.08030038810788315,0.9814123013268037,0.06461670688342869,267,3530972,6.1499999999999995,2.35854828231266,0.57975,0.13959651679035553,260.0,4,2.38,"[0.33799999999999997, -0.09999999999999999]",3530972,"[3.38, -0.9999999999999999]",0.007311482612903301,1.9009854793548584,6.669999999999999,"[0.6600000000000001, 0.007000000000000016]",3531972,"[6.600000000000001, 0.07000000000000016]",0.006652665138244629,1.7296929359436035,8.889999999999999,"[0.664, 0.22499999999999995]",3532972,"[6.640000000000001, 2.2499999999999996]",0.007244208225837121,1.8834941387176514,6.659999999999999,"[0.657, 0.009000000000000018]",3533972,"[6.57, 0.09000000000000019]",0.007380675352536715,1.918975591659546,WelfareSolutionConcept,5.7975,1.3959651679035554,0.007147257832380441,0.00028960094489556326,1.8582870364189148,0.07529624567284644,COMPLETE
354,5.495,2025-06-12 22:42:54.145343,2025-06-12 22:42:58.110460,0 days 00:00:03.965117,14,0.5979800312739518,0.09194034326985996,0.990543602479786,0.04084820493696754,443,3540974,5.495,1.4466945081806313,0.42774999999999996,0.2377229216966677,440.0,4,7.41,"[0.762, -0.020999999999999974]",3540974,"[7.62, -0.20999999999999974]",0.00810342160138217,3.5655055046081543,4.12,"[0.20600000000000002, 0.20600000000000004]",3541974,"[2.06, 2.0600000000000005]",0.008609340407631614,3.78810977935791,4.070000000000001,"[0.20000000000000004, 0.20700000000000002]",3542974,"[2.0000000000000004, 2.0700000000000003]",0.008270147713747891,3.6388649940490723,6.379999999999999,"[0.543, 0.09500000000000001]",3543974,"[5.430000000000001, 0.9500000000000002]",0.008301150256937201,3.652506113052368,WelfareSolutionConcept,4.2775,2.377229216966677,0.008321014994924719,0.00018266124153443146,3.661246597766876,0.08037094627514983,COMPLETE
355,2.9724999999999993,2025-06-12 22:42:58.125371,2025-06-12 22:43:05.774977,0 days 00:00:07.649606,33,0.6282008872662348,0.07298389574005076,0.9757262061378711,0.09798143288086472,385,3550978,2.9724999999999993,1.4773519384357945,0.4602499999999999,0.20334745511070454,380.0,4,5.3199999999999985,"[0.7199999999999999, -0.18800000000000008]",3550978,"[7.199999999999998, -1.8800000000000008]",0.019329916803460374,7.345368385314941,2.6599999999999993,"[0.586, -0.3200000000000002]",3551978,"[5.859999999999999, -3.200000000000002]",0.019680793034402948,7.47870135307312,1.2299999999999986,"[0.2049999999999999, -0.0820000000000001]",3552978,"[2.049999999999999, -0.820000000000001]",0.01793226254613776,6.814259767532349,2.6799999999999993,"[0.32999999999999985, -0.06200000000000009]",3553978,"[3.2999999999999985, -0.6200000000000009]",0.01922132780677394,7.304104566574097,WelfareSolutionConcept,4.602499999999999,2.0334745511070453,0.019041075047693756,0.0006623112718270176,7.235608518123627,0.2516782832942668,COMPLETE
356,5.445,2025-06-12 22:43:07.612810,2025-06-12 22:43:09.555492,0 days 00:00:01.942682,12,0.9906223547905366,0.06428796491235893,0.986066060797728,0.07435999586492736,207,3560987,5.445,1.7630158819477488,0.5207499999999999,0.16394263478424392,200.0,4,4.3100000000000005,"[0.32999999999999996, 0.10100000000000002]",3560987,"[3.3, 1.0100000000000002]",0.008210642337799072,1.6421284675598145,7.68,"[0.7709999999999999, -0.0029999999999999914]",3561987,"[7.709999999999999, -0.029999999999999916]",0.008009833097457886,1.6019666194915771,6.56,"[0.549, 0.10700000000000003]",3562987,"[5.49, 1.0700000000000003]",0.008782020807266235,1.756404161453247,3.2300000000000004,"[0.43299999999999994, -0.10999999999999999]",3563987,"[4.329999999999999, -1.0999999999999999]",0.008780393600463867,1.7560787200927734,WelfareSolutionConcept,5.2075,1.6394263478424393,0.008445722460746766,0.00034291527775266864,1.689144492149353,0.06858305555053382,COMPLETE
357,3.3225000000000002,2025-06-12 22:43:09.572091,2025-06-12 22:43:12.469175,0 days 00:00:02.897084,10,0.5717023941611559,0.10308116399042222,0.9316162998026969,0.049687052764721976,417,3570989,3.3225000000000002,2.058693457025596,0.42224999999999996,0.20586934570255966,410.0,4,2.5000000000000004,"[0.34, -0.08999999999999998]",3570989,"[3.4000000000000004, -0.8999999999999998]",0.00624456870846632,2.5602731704711914,4.69,"[0.559, -0.08999999999999998]",3571989,"[5.590000000000001, -0.8999999999999998]",0.0065478906398866235,2.6846351623535156,5.72,"[0.662, -0.08999999999999998]",3572989,"[6.62, -0.8999999999999998]",0.006607215578963117,2.708958387374878,0.3800000000000003,"[0.12799999999999995, -0.08999999999999998]",3573989,"[1.2799999999999994, -0.8999999999999998]",0.0066386315880752195,2.72183895111084,WelfareSolutionConcept,4.2225,2.0586934570255964,0.00650957662884782,0.0001564334590070264,2.668926417827606,0.06413771819288075,COMPLETE
358,4.76,2025-06-12 22:43:12.484435,2025-06-12 22:43:14.318450,0 days 00:00:01.834015,15,0.9989716066234655,0.09952196278381968,0.9740570429760126,0.004838624683264486,199,3580992,4.76,0.4450842616853574,0.5052500000000001,0.12490071056643359,190.0,4,5.05,"[0.6450000000000001, -0.13999999999999996]",3580992,"[6.450000000000001, -1.3999999999999995]",0.00866649401815314,1.6466338634490967,4.989999999999999,"[0.534, -0.03499999999999999]",3581992,"[5.34, -0.34999999999999987]",0.008717033737584165,1.6562364101409912,3.9899999999999998,"[0.539, -0.13999999999999996]",3582992,"[5.390000000000001, -1.3999999999999995]",0.008551377999155145,1.6247618198394775,5.009999999999998,"[0.30299999999999994, 0.19799999999999998]",3583992,"[3.0299999999999994, 1.9799999999999998]",0.008690580568815533,1.6512103080749512,WelfareSolutionConcept,5.0525,1.249007105664336,0.008656371580926995,6.319863141583169e-05,1.6447106003761292,0.012007739969007974,COMPLETE
359,6.19,2025-06-12 22:43:14.333748,2025-06-12 22:43:17.964650,0 days 00:00:03.630902,13,0.5842751111888804,0.0830945922048989,0.9951403844349687,0.013383056401841493,431,3590994,6.19,0.9259049627256571,0.461,0.1644718820953904,430.0,4,5.34,"[0.654, -0.11999999999999997]",3590994,"[6.54, -1.1999999999999997]",0.007994936787804892,3.4378228187561035,7.6000000000000005,"[0.43400000000000005, 0.32599999999999996]",3591994,"[4.340000000000001, 3.26]",0.007398710694423941,3.181445598602295,5.38,"[0.546, -0.007999999999999985]",3592994,"[5.460000000000001, -0.07999999999999985]",0.008010823227638422,3.4446539878845215,6.44,"[0.21000000000000002, 0.434]",3593994,"[2.1, 4.34]",0.007841251617254213,3.3717381954193115,WelfareSolutionConcept,4.610000000000001,1.644718820953904,0.007811430581780367,0.000247315059412091,3.358915150165558,0.10634547554719902,COMPLETE
360,7.477499999999999,2025-06-12 22:43:17.983510,2025-06-12 22:43:20.007397,0 days 00:00:02.023887,11,0.6553706351488567,0.07773766387372336,0.9781988478200301,0.00288070328714537,248,3600998,7.477499999999999,2.0584627152319275,0.4172499999999999,0.16029406570425486,240.0,4,8.85,"[0.6609999999999998, 0.22399999999999992]",3600998,"[6.609999999999998, 2.2399999999999993]",0.007369499405225118,1.7686798572540283,9.84,"[0.44299999999999995, 0.5410000000000001]",3601998,"[4.43, 5.410000000000002]",0.007317159573237101,1.7561182975769043,6.7299999999999995,"[0.339, 0.33399999999999996]",3602998,"[3.39, 3.34]",0.007159952322642008,1.718388557434082,4.489999999999999,"[0.22599999999999998, 0.22299999999999995]",3603998,"[2.26, 2.2299999999999995]",0.0073065569003423056,1.7535736560821533,WelfareSolutionConcept,4.172499999999999,1.6029406570425484,0.007288292050361633,7.783421294143971e-05,1.749190092086792,0.018680211105945522,COMPLETE
361,5.1025,2025-06-12 22:43:21.792013,2025-06-12 22:43:23.556820,0 days 00:00:01.764807,10,0.6564989227428888,0.07676059745558425,0.9779924059472194,0.00334232591401461,245,3611001,5.1025,1.848003990796557,0.4945,0.17083544714139393,240.0,4,4.6,"[0.55, -0.08999999999999998]",3611001,"[5.5, -0.8999999999999998]",0.006535448630650838,1.5685076713562012,7.640000000000001,"[0.75, 0.014000000000000018]",3612001,"[7.5, 0.14000000000000018]",0.006263090173403422,1.5031416416168213,2.5199999999999996,"[0.34199999999999997, -0.08999999999999998]",3613001,"[3.42, -0.8999999999999998]",0.006566170851389567,1.575881004333496,5.65,"[0.336, 0.229]",3614001,"[3.3600000000000003, 2.29]",0.0061866114536921184,1.4847867488861084,WelfareSolutionConcept,4.945,1.7083544714139394,0.006387830277283986,0.00016556392051627535,1.5330792665481567,0.03973534092390608,COMPLETE
362,6.235,2025-06-12 22:43:23.578689,2025-06-12 22:43:26.456601,0 days 00:00:02.877912,12,0.65140724098542,0.07200277442264615,0.9785872783322678,0.0024721155645410025,355,3621003,6.235,2.1116995524932047,0.5169999999999999,0.20890548101952702,350.0,4,9.8,"[0.7689999999999999, 0.21100000000000008]",3621003,"[7.6899999999999995, 2.1100000000000008]",0.0068676934923444476,2.4036927223205566,4.28,"[0.43100000000000005, -0.0029999999999999914]",3622003,"[4.3100000000000005, -0.029999999999999916]",0.0074769721712384905,2.6169402599334717,5.5,"[0.22200000000000006, 0.32799999999999996]",3623003,"[2.2200000000000006, 3.2799999999999994]",0.007155431338718959,2.5044009685516357,5.359999999999999,"[0.6459999999999999, -0.10999999999999999]",3624003,"[6.459999999999999, -1.0999999999999999]",0.0075579629625592915,2.645287036895752,WelfareSolutionConcept,5.17,2.0890548101952704,0.007264514991215297,0.0002741424403651151,2.542580246925354,0.09594985412779028,COMPLETE
363,3.6575,2025-06-12 22:43:26.471423,2025-06-12 22:43:28.886367,0 days 00:00:02.414944,13,0.662384380690629,0.07917830527602329,0.9765629905972844,0.00040326653203559564,253,3631006,3.6575,1.816512799294296,0.24,0.1645037993482217,250.0,4,5.300000000000001,"[0.21000000000000005, 0.31999999999999995]",3631006,"[2.1000000000000005, 3.1999999999999993]",0.00880415439605713,2.2010385990142822,5.259999999999999,"[0.319, 0.20699999999999993]",3632006,"[3.19, 2.0699999999999994]",0.00851153564453125,2.1278839111328125,3.1900000000000004,"[0.43899999999999995, -0.11999999999999997]",3633006,"[4.39, -1.1999999999999997]",0.008763767242431641,2.19094181060791,0.8800000000000003,"[-0.007999999999999985, 0.09600000000000003]",3634006,"[-0.07999999999999985, 0.9600000000000003]",0.008950810432434082,2.2377026081085205,WelfareSolutionConcept,2.4,1.6450379934822172,0.008757566928863526,0.00015817970834644887,2.1893917322158813,0.03954492708661226,COMPLETE
364,5.605,2025-06-12 22:43:28.904151,2025-06-12 22:43:31.043475,0 days 00:00:02.139324,11,0.6462220109532462,0.0749010053604102,0.9796461464340068,0.0195651298481357,259,3641008,5.605,3.4376918128302316,0.5785,0.2817112883787229,250.0,4,10.000000000000002,"[0.992, 0.008000000000000005]",3641008,"[9.92, 0.08000000000000006]",0.007227986335754394,1.8069965839385986,3.39,"[0.43900000000000006, -0.09999999999999999]",3642008,"[4.390000000000001, -0.9999999999999999]",0.0077379741668701174,1.9344935417175293,1.3,"[0.23000000000000004, -0.09999999999999999]",3643008,"[2.3000000000000003, -0.9999999999999999]",0.007615370750427246,1.9038426876068115,7.73,"[0.653, 0.11999999999999993]",3644008,"[6.53, 1.1999999999999993]",0.007161140441894531,1.7902851104736328,WelfareSolutionConcept,5.785,2.8171128837872295,0.007435617923736572,0.00024605849956436563,1.858904480934143,0.061514624891091385,COMPLETE
365,4.575000000000001,2025-06-12 22:43:31.058889,2025-06-12 22:43:33.362456,0 days 00:00:02.303567,14,0.6664322430907638,0.08280541634726725,0.9746318386424914,0.0026705548460389137,250,3651011,4.575000000000001,0.8920341921697845,0.5057500000000001,0.08778489334731801,250.0,4,3.0300000000000007,"[0.4330000000000001, -0.12999999999999995]",3651011,"[4.330000000000001, -1.2999999999999994]",0.008214650154113769,2.0536625385284424,5.1000000000000005,"[0.64, -0.12999999999999995]",3652011,"[6.4, -1.2999999999999994]",0.008198277473449707,2.0495693683624268,5.090000000000002,"[0.5280000000000001, -0.018999999999999996]",3653011,"[5.280000000000001, -0.18999999999999995]",0.008060178756713866,2.015044689178467,5.08,"[0.42200000000000004, 0.08600000000000002]",3654011,"[4.220000000000001, 0.8600000000000002]",0.00851961612701416,2.12990403175354,WelfareSolutionConcept,5.057500000000001,0.87784893347318,0.008248180627822874,0.00016780684673551005,2.062045156955719,0.04195171168387743,COMPLETE
366,5.5875,2025-06-12 22:43:35.225694,2025-06-12 22:43:37.357591,0 days 00:00:02.131897,11,0.6357709142081017,0.0686979637834324,0.9194575949067343,0.0012100067420662886,241,3661015,5.5875,2.6334423764343127,0.57625,0.28841409032847204,240.0,4,7.789999999999999,"[0.769, 0.01000000000000002]",3661015,"[7.69, 0.1000000000000002]",0.0078072786331176754,1.8737468719482422,5.58,"[0.5479999999999999, 0.010000000000000007]",3662015,"[5.4799999999999995, 0.10000000000000007]",0.0077118992805480955,1.850855827331543,1.2900000000000003,"[0.119, 0.01000000000000002]",3663015,"[1.19, 0.1000000000000002]",0.008017378052075703,1.924170732498169,7.690000000000001,"[0.8690000000000001, -0.09999999999999999]",3664015,"[8.690000000000001, -0.9999999999999999]",0.008081817626953125,1.93963623046875,WelfareSolutionConcept,5.7625,2.8841409032847203,0.00790459339817365,0.00015060709801307184,1.897102415561676,0.03614570352313726,COMPLETE
367,6.245,2025-06-12 22:43:37.373915,2025-06-12 22:43:39.488310,0 days 00:00:02.114395,12,0.6886764877411111,0.05947834346984532,0.9664457529805608,0.002802011419309048,235,3671017,6.245,1.6298849652659537,0.4892500000000001,0.06226706593376633,230.0,4,4.300000000000001,"[0.429, 0.001000000000000012]",3671017,"[4.29, 0.01000000000000012]",0.008065092045327892,1.854971170425415,6.63,"[0.552, 0.11100000000000003]",3672017,"[5.5200000000000005, 1.1100000000000003]",0.0074866077174311095,1.7219197750091553,5.37,"[0.425, 0.11200000000000006]",3673017,"[4.25, 1.1200000000000006]",0.00837475527887759,1.9261937141418457,8.68,"[0.551, 0.31700000000000006]",3674017,"[5.510000000000001, 3.170000000000001]",0.0077699381372203,1.787085771560669,WelfareSolutionConcept,4.8925,0.6226706593376633,0.007924098294714223,0.00033095857537514956,1.8225426077842712,0.07612047233628433,COMPLETE
368,3.777499999999999,2025-06-12 22:43:39.503610,2025-06-12 22:43:45.324400,0 days 00:00:05.820790,25,0.6751723103984552,0.0777584984940083,0.9709103749747635,0.003826061769339065,370,3681019,3.777499999999999,2.8644491180679057,0.46375,0.26509561954132704,370.0,4,1.3699999999999986,"[0.12899999999999995, 0.007999999999999933]",3681019,"[1.2899999999999996, 0.07999999999999932]",0.014109185579660776,5.220398664474487,2.539999999999999,"[0.36999999999999994, -0.11600000000000006]",3682019,"[3.6999999999999993, -1.1600000000000006]",0.013438138446292361,4.972111225128174,2.529999999999999,"[0.4929999999999999, -0.24000000000000007]",3683019,"[4.929999999999999, -2.400000000000001]",0.01524874970719621,5.642037391662598,8.67,"[0.8630000000000001, 0.003999999999999929]",3684019,"[8.63, 0.039999999999999286]",0.012665811100521604,4.686350107192993,WelfareSolutionConcept,4.637499999999999,2.6509561954132703,0.013865471208417739,0.0009479786078805103,5.130224347114563,0.35075208491578885,COMPLETE
369,6.739999999999999,2025-06-12 22:43:45.339368,2025-06-12 22:43:47.088385,0 days 00:00:01.749017,10,0.6172168388601208,0.08701477795901416,0.9931796425703264,0.00012025927409365809,194,3691025,6.739999999999999,3.295018968078939,0.5255,0.27725484666638384,190.0,4,4.58,"[0.43899999999999995, 0.019000000000000013]",3691025,"[4.39, 0.19000000000000014]",0.0076270392066554015,1.4491374492645264,12.11,"[0.8789999999999999, 0.332]",3692025,"[8.79, 3.3200000000000003]",0.00720342711398476,1.3686511516571045,6.680000000000001,"[0.656, 0.012000000000000005]",3693025,"[6.5600000000000005, 0.12000000000000005]",0.007665074499029863,1.4563641548156738,3.59,"[0.12799999999999995, 0.231]",3694025,"[1.2799999999999994, 2.31]",0.007886870283829539,1.4985053539276123,WelfareSolutionConcept,5.255000000000001,2.7725484666638383,0.00759560277587489,0.0002472109830020765,1.4431645274162292,0.04697008677039449,COMPLETE
370,6.1499999999999995,2025-06-12 22:43:47.104830,2025-06-12 22:43:49.632980,0 days 00:00:02.528150,17,0.7126412937199145,0.0548787863076323,0.9970077797407143,0.0030802897834076555,227,3701027,6.1499999999999995,1.4474287547233542,0.582,0.05450229352972224,220.0,4,7.159999999999999,"[0.646, 0.07000000000000002]",3701027,"[6.46, 0.7000000000000002]",0.010486761006441983,2.3070874214172363,6.890000000000001,"[0.531, 0.158]",3702027,"[5.3100000000000005, 1.58]",0.010258594426241788,2.2568907737731934,6.8999999999999995,"[0.626, 0.06399999999999999]",3703027,"[6.26, 0.6399999999999999]",0.010662440820173784,2.3457369804382324,3.65,"[0.5249999999999999, -0.15999999999999998]",3704027,"[5.249999999999999, -1.5999999999999996]",0.010611322793093595,2.334491014480591,WelfareSolutionConcept,5.82,0.5450229352972222,0.010504779761487788,0.00015583671088139923,2.3110515475273132,0.03428407639390779,COMPLETE
371,5.595,2025-06-12 22:43:51.396199,2025-06-12 22:43:54.198417,0 days 00:00:02.802218,13,0.5639713965591858,0.06582244099597033,0.9357842298039375,0.08748488064972057,323,3711031,5.595,2.2613989033339514,0.45999999999999996,0.3081306541063385,320.0,4,5.279999999999999,"[0.20499999999999993, 0.32299999999999995]",3711031,"[2.0499999999999994, 3.2299999999999995]",0.007947368919849396,2.5431580543518066,2.0200000000000005,"[0.10300000000000001, 0.09900000000000007]",3712031,"[1.03, 0.9900000000000008]",0.008180255442857743,2.6176817417144775,7.61,"[0.77, -0.008999999999999984]",3713031,"[7.7, -0.08999999999999983]",0.007864964753389358,2.5167887210845947,7.469999999999999,"[0.762, -0.01499999999999999]",3714031,"[7.62, -0.1499999999999999]",0.007948938012123107,2.5436601638793945,WelfareSolutionConcept,4.6,3.081306541063385,0.0079853817820549,0.00011752566797006023,2.5553221702575684,0.037608213750419194,COMPLETE
372,3.2649999999999997,2025-06-12 22:43:54.215238,2025-06-12 22:43:57.252824,0 days 00:00:03.037586,12,0.5329621153125157,0.12231412726236024,0.982014605546047,0.07846340440595372,366,3721034,3.2649999999999997,1.7254057493818662,0.35475,0.21006710237445558,360.0,4,4.3,"[0.43, 1.1102230246251566e-17]",3721034,"[4.3, 1.1102230246251565e-16]",0.007208779785368178,2.595160722732544,5.49,"[0.659, -0.10999999999999999]",3722034,"[6.59, -1.0999999999999999]",0.007354242934121026,2.6475274562835693,2.17,"[0.22100000000000003, -0.003999999999999992]",3723034,"[2.2100000000000004, -0.039999999999999925]",0.0077125787734985355,2.7765283584594727,1.1000000000000003,"[0.10900000000000003, 0.001000000000000012]",3724034,"[1.0900000000000003, 0.01000000000000012]",0.0076800048351287845,2.7648017406463623,WelfareSolutionConcept,3.5475000000000003,2.1006710237445554,0.007488901582029131,0.00021398195703721746,2.696004569530487,0.07703350453339824,COMPLETE
373,6.552500000000001,2025-06-12 22:43:57.270863,2025-06-12 22:43:59.666088,0 days 00:00:02.395225,10,0.7356165447849106,0.0812205269137506,0.9777099051558739,0.004265071285618683,378,3731037,6.552500000000001,1.6187244206473195,0.5045000000000001,0.19583475176791268,370.0,4,6.840000000000001,"[0.559, 0.12499999999999997]",3731037,"[5.590000000000001, 1.2499999999999998]",0.0058284031378256305,2.1565091609954834,4.58,"[0.4450000000000001, 0.013000000000000008]",3732037,"[4.450000000000001, 0.1300000000000001]",0.005958430187122242,2.2046191692352295,8.99,"[0.7779999999999999, 0.12099999999999997]",3733037,"[7.779999999999999, 1.2099999999999997]",0.005471988626428553,2.0246357917785645,5.8,"[0.23600000000000004, 0.34400000000000003]",3734037,"[2.3600000000000003, 3.4400000000000004]",0.0057638013685071795,2.1326065063476562,WelfareSolutionConcept,5.045,1.958347517679127,0.005755655829970901,0.00017814533594921338,2.1295926570892334,0.06591377430120898,COMPLETE
374,5.885,2025-06-12 22:43:59.682160,2025-06-12 22:44:01.206040,0 days 00:00:01.523880,11,0.6410474481908506,0.07273709015159338,0.9329678166250165,0.02710382666802501,184,3741039,5.885,1.6203317561536592,0.57975,0.16165453133147867,180.0,4,7.83,"[0.774, 0.009000000000000008]",3741039,"[7.74, 0.09000000000000008]",0.0069453822241889104,1.250168800354004,6.67,"[0.658, 0.009000000000000011]",3742039,"[6.58, 0.09000000000000011]",0.007152032852172851,1.2873659133911133,5.609999999999999,"[0.552, 0.009000000000000018]",3743039,"[5.5200000000000005, 0.09000000000000019]",0.007221211327446832,1.2998180389404297,3.4299999999999993,"[0.3349999999999999, 0.008000000000000005]",3744039,"[3.349999999999999, 0.08000000000000006]",0.007457384798261854,1.3423292636871338,WelfareSolutionConcept,5.797499999999999,1.6165453133147865,0.007194002800517612,0.00018281414620556838,1.2949205040931702,0.0329065463170023,COMPLETE
375,6.3,2025-06-12 22:44:01.225378,2025-06-12 22:44:04.870228,0 days 00:00:03.644850,14,0.608861131129477,0.08531137399996651,0.9233539167290323,0.030845327370219236,398,3751041,6.3,1.5844557425185468,0.53825,0.20829711351816663,390.0,4,6.3100000000000005,"[0.761, -0.12999999999999995]",3751041,"[7.61, -1.2999999999999994]",0.008802003738207696,3.432781457901001,6.2299999999999995,"[0.5279999999999999, 0.09500000000000003]",3752041,"[5.279999999999999, 0.9500000000000003]",0.008362867893316807,3.2615184783935547,4.090000000000001,"[0.20700000000000007, 0.20200000000000004]",3753041,"[2.0700000000000007, 2.0200000000000005]",0.008093431057074132,3.156438112258911,8.57,"[0.657, 0.2]",3754041,"[6.57, 2.0]",0.00750880974989671,2.928435802459717,WelfareSolutionConcept,5.3825,2.0829711351816664,0.008191778109623836,0.00046844555580084486,3.194793462753296,0.1826937667623294,COMPLETE
376,6.155,2025-06-12 22:44:06.659875,2025-06-12 22:44:10.027364,0 days 00:00:03.367489,13,0.5948016590189422,0.07595062282098286,0.9839267402589874,0.05961413620277766,388,3761046,6.155,2.4173797798442838,0.625,0.14589893762464484,380.0,4,6.42,"[0.762, -0.11999999999999997]",3761046,"[7.62, -1.1999999999999997]",0.008201336233239424,3.1165077686309814,3.0900000000000007,"[0.429, -0.11999999999999997]",3762046,"[4.29, -1.1999999999999997]",0.00803803142748381,3.0544519424438477,5.32,"[0.54, -0.007999999999999983]",3763046,"[5.4, -0.07999999999999982]",0.008089524193813926,3.074019193649292,9.79,"[0.769, 0.20999999999999996]",3764046,"[7.69, 2.0999999999999996]",0.007682217422284578,2.9192426204681396,WelfareSolutionConcept,6.250000000000001,1.458989376246448,0.008002777319205436,0.0001942628131302491,3.041055381298065,0.0738198689894947,COMPLETE
377,6.147500000000001,2025-06-12 22:44:10.042279,2025-06-12 22:44:12.754117,0 days 00:00:02.711838,11,0.5509026557132227,0.06885501893179714,0.9390352284969558,0.03619128224142529,352,3771050,6.147500000000001,4.160104415756894,0.44299999999999995,0.2150058138748811,350.0,4,7.7,"[0.656, 0.11400000000000002]",3771050,"[6.5600000000000005, 1.1400000000000001]",0.0067610958644321985,2.3663835525512695,1.2700000000000002,"[0.22699999999999992, -0.09999999999999999]",3772050,"[2.269999999999999, -0.9999999999999999]",0.006983718190874373,2.4443013668060303,12.140000000000002,"[0.6599999999999999, 0.5539999999999999]",3773050,"[6.6, 5.539999999999999]",0.006462614876883371,2.2619152069091797,3.479999999999999,"[0.22899999999999995, 0.119]",3774050,"[2.2899999999999996, 1.19]",0.007212019647870745,2.5242068767547607,WelfareSolutionConcept,4.43,2.150058138748811,0.0068548621450151715,0.0002769545978728838,2.39920175075531,0.09693410925550934,COMPLETE
378,6.507499999999999,2025-06-12 22:44:12.768876,2025-06-12 22:44:14.378751,0 days 00:00:01.609875,12,0.6535677189191154,0.0889880853397611,0.9914119422945457,0.002005823599614112,173,3781052,6.507499999999999,3.2712870173679343,0.41174999999999995,0.1958792676625068,170.0,4,6.549999999999999,"[0.6599999999999999, -0.004999999999999993]",3781052,"[6.6, -0.04999999999999993]",0.008046960830688477,1.367983341217041,4.37,"[0.11100000000000003, 0.32599999999999996]",3782052,"[1.1100000000000003, 3.26]",0.008008128054001752,1.3613817691802979,3.3100000000000005,"[0.44099999999999995, -0.10999999999999999]",3783052,"[4.409999999999999, -1.0999999999999999]",0.008403301239013672,1.4285612106323242,11.799999999999999,"[0.43499999999999994, 0.745]",3784052,"[4.35, 7.45]",0.007940835111281451,1.3499419689178467,WelfareSolutionConcept,4.1175,1.9587926766250683,0.008099806308746339,0.00017928926436458126,1.3769670724868774,0.03047917494197884,COMPLETE
379,5.720000000000001,2025-06-12 22:44:14.394090,2025-06-12 22:44:16.764710,0 days 00:00:02.370620,10,0.9504012815042595,0.11334235591219899,0.9986952880055338,0.0018114901311345952,361,3791054,5.720000000000001,1.283023772188185,0.50125,0.09692877539719566,360.0,4,5.790000000000001,"[0.669, -0.08999999999999998]",3791054,"[6.69, -0.8999999999999998]",0.006074965000152588,2.1869874000549316,4.7,"[0.45099999999999996, 0.019000000000000013]",3792054,"[4.51, 0.19000000000000014]",0.006025554074181451,2.1691994667053223,4.6000000000000005,"[0.4450000000000001, 0.015000000000000008]",3793054,"[4.450000000000001, 0.15000000000000008]",0.006034594774246216,2.1724541187286377,7.79,"[0.43999999999999995, 0.3390000000000001]",3794054,"[4.3999999999999995, 3.3900000000000006]",0.005676974852879842,2.043710947036743,WelfareSolutionConcept,5.0125,0.9692877539719565,0.005953022175365024,0.00016045804903662268,2.1430879831314087,0.05776489765318413,COMPLETE
380,4.3525,2025-06-12 22:44:16.779643,2025-06-12 22:44:18.503507,0 days 00:00:01.723864,12,0.965491725349255,0.10705009292708158,0.9811447084274596,0.016246929168498868,211,3801056,4.3525,1.300795429727519,0.51825,0.15728060115602305,210.0,4,4.4,"[0.55, -0.10999999999999999]",3801056,"[5.5, -1.0999999999999999]",0.007187241599673317,1.5093207359313965,6.460000000000001,"[0.756, -0.10999999999999999]",3802056,"[7.5600000000000005, -1.0999999999999999]",0.007288005238487607,1.5304811000823975,3.24,"[0.434, -0.10999999999999999]",3803056,"[4.34, -1.0999999999999999]",0.007338861056736538,1.5411608219146729,3.31,"[0.333, -0.0019999999999999905]",3804056,"[3.33, -0.019999999999999907]",0.007207685425167992,1.5136139392852783,WelfareSolutionConcept,5.182499999999999,1.5728060115602307,0.0072554483300163635,6.113732168598622e-05,1.5236441493034363,0.012838837554057105,COMPLETE
381,5.585,2025-06-12 22:44:20.277647,2025-06-12 22:44:23.216192,0 days 00:00:02.938545,11,0.5775973996034323,0.062206592047298656,0.9721875416003427,0.0034752835132755926,407,3811060,5.585,1.3127166487860205,0.524,0.11701495630901203,400.0,4,6.66,"[0.6559999999999999, 0.010000000000000007]",3811060,"[6.559999999999999, 0.10000000000000007]",0.006880068182945251,2.7520272731781006,6.63,"[0.552, 0.11099999999999999]",3812060,"[5.5200000000000005, 1.1099999999999999]",0.006815280914306641,2.7261123657226562,3.4299999999999997,"[0.335, 0.008000000000000005]",3813060,"[3.35, 0.08000000000000006]",0.006881126165390015,2.752450466156006,5.62,"[0.553, 0.009000000000000018]",3814060,"[5.53, 0.09000000000000019]",0.006320602893829345,2.5282411575317383,WelfareSolutionConcept,5.239999999999999,1.1701495630901202,0.0067242695391178135,0.00023457783865711465,2.6897078156471252,0.0938311354628458,COMPLETE
382,0.16999999999999713,2025-06-12 22:44:23.235934,2025-06-12 22:44:30.056213,0 days 00:00:06.820279,44,0.9764314547106181,0.08012837340513025,0.9260108460450459,0.00934053371509093,373,3821063,0.16999999999999713,2.0731256594813545,0.3407499999999999,0.11972546721562623,370.0,4,2.7699999999999974,"[0.4229999999999999, -0.14600000000000016]",3821063,"[4.229999999999999, -1.4600000000000015]",0.01734415711583318,6.417338132858276,0.9599999999999972,"[0.38499999999999984, -0.2890000000000002]",3822063,"[3.8499999999999983, -2.890000000000002]",0.01745603406751478,6.458732604980469,-2.9500000000000033,"[0.13499999999999993, -0.43000000000000027]",3823063,"[1.3499999999999992, -4.3000000000000025]",0.017809146159404033,6.589384078979492,-0.10000000000000286,"[0.4199999999999998, -0.43000000000000027]",3824063,"[4.199999999999998, -4.3000000000000025]",0.017679378148671744,6.541369915008545,WelfareSolutionConcept,3.407499999999999,1.1972546721562625,0.017572178872855934,0.00018243404089758155,6.501706182956696,0.06750059513210505,COMPLETE
383,4.24,2025-06-12 22:44:30.071005,2025-06-12 22:44:33.100010,0 days 00:00:03.029005,15,0.627467680759455,0.09173320443119348,0.9295641078781327,0.0007894761371890223,316,3831070,4.24,2.5008398589273964,0.343,0.1460787458872782,310.0,4,1.7600000000000002,"[0.202, -0.02599999999999999]",3831070,"[2.02, -0.2599999999999999]",0.00922458787118235,2.8596222400665283,8.34,"[0.538, 0.296]",3832070,"[5.380000000000001, 2.96]",0.008926294695946479,2.767151355743408,2.8200000000000003,"[0.20200000000000004, 0.08]",3833070,"[2.0200000000000005, 0.8]",0.008634509578827889,2.6766979694366455,4.040000000000001,"[0.43, -0.02599999999999999]",3834070,"[4.3, -0.2599999999999999]",0.008955567882907006,2.776226043701172,WelfareSolutionConcept,3.4300000000000006,1.460787458872782,0.00893524000721593,0.00020895826022450256,2.7699244022369385,0.06477706066959577,COMPLETE
384,6.720000000000001,2025-06-12 22:44:33.114818,2025-06-12 22:44:36.706655,0 days 00:00:03.591837,13,0.5918225109585077,0.03740623824442018,0.979575575590111,0.06999979594036183,425,3841073,6.720000000000001,2.860620562045935,0.6257499999999999,0.163588469948221,420.0,4,5.3100000000000005,"[0.651, -0.11999999999999997]",3841073,"[6.51, -1.1999999999999997]",0.00793361607052031,3.3321187496185303,3.1400000000000006,"[0.434, -0.11999999999999997]",3842073,"[4.34, -1.1999999999999997]",0.008129080704280308,3.4142138957977295,7.5600000000000005,"[0.5419999999999999, 0.21399999999999997]",3843073,"[5.419999999999999, 2.1399999999999997]",0.007589042754400344,3.1873979568481445,10.870000000000001,"[0.876, 0.21100000000000008]",3844073,"[8.76, 2.1100000000000008]",0.0069856456347874235,2.9339711666107178,WelfareSolutionConcept,6.2575,1.63588469948221,0.007659346290997096,0.0004343643322193909,3.2169254422187805,0.18243301953214433,COMPLETE
385,4.1225000000000005,2025-06-12 22:44:36.721349,2025-06-12 22:44:38.235737,0 days 00:00:01.514388,10,0.7941000292608263,0.09553995731634307,0.9892335775583613,0.023315166061310472,191,3851076,4.1225000000000005,3.184151182026381,0.31300000000000006,0.20622439234969273,190.0,4,7.9,"[0.555, 0.23500000000000004]",3851076,"[5.550000000000001, 2.3500000000000005]",0.006583415834527266,1.2508490085601807,3.56,"[0.23000000000000004, 0.12600000000000003]",3852076,"[2.3000000000000003, 1.2600000000000002]",0.006634645713003058,1.260582685470581,-0.7099999999999997,"[0.019000000000000013, -0.08999999999999998]",3853076,"[0.19000000000000014, -0.8999999999999998]",0.00698146569101434,1.3264784812927246,5.74,"[0.44800000000000006, 0.126]",3854076,"[4.48, 1.26]",0.006681791104768452,1.2695403099060059,WelfareSolutionConcept,3.1300000000000003,2.0622439234969274,0.006720329585828279,0.00015472910304124152,1.276862621307373,0.029398529577835848,COMPLETE
386,3.4174999999999995,2025-06-12 22:44:40.086587,2025-06-12 22:44:41.945838,0 days 00:00:01.859251,11,0.9637851130849933,0.052960712593517714,0.9828342309056632,0.04291507269194428,246,3861080,3.4174999999999995,1.365656893220255,0.33499999999999996,0.13268195054339532,240.0,4,3.44,"[0.33599999999999997, 0.008000000000000007]",3861080,"[3.3599999999999994, 0.08000000000000007]",0.006748177607854207,1.6195626258850098,4.529999999999999,"[0.44300000000000006, 0.01000000000000002]",3862080,"[4.430000000000001, 0.1000000000000002]",0.006703223784764608,1.6087737083435059,1.1800000000000002,"[0.11800000000000002, 8.326672684688674e-18]",3863080,"[1.1800000000000002, 8.326672684688674e-17]",0.00699551006158193,1.678922414779663,4.52,"[0.44299999999999995, 0.009000000000000006]",3864080,"[4.43, 0.09000000000000007]",0.00690434475739797,1.6570427417755127,WelfareSolutionConcept,3.35,1.326819505433953,0.006837814052899679,0.00011773232176468317,1.6410753726959229,0.028255757223523952,COMPLETE
387,3.059999999999998,2025-06-12 22:44:41.961220,2025-06-12 22:44:49.295408,0 days 00:00:07.334188,38,0.6743532672245082,0.05771952453351408,0.98760841898339,0.08909717734974099,391,3871082,3.059999999999998,1.7321518409192653,0.5774999999999999,0.13252452603197645,390.0,4,4.749999999999998,"[0.708, -0.23300000000000015]",3871082,"[7.08, -2.3300000000000014]",0.018342869098369893,7.153718948364258,4.699999999999998,"[0.712, -0.24200000000000013]",3872082,"[7.119999999999999, -2.4200000000000013]",0.016361237183595317,6.380882501602173,2.0699999999999985,"[0.44799999999999995, -0.24100000000000016]",3873082,"[4.4799999999999995, -2.4100000000000015]",0.016319970595530975,6.36478853225708,0.7199999999999979,"[0.4419999999999999, -0.37000000000000016]",3874082,"[4.419999999999999, -3.7000000000000015]",0.01795664261548947,7.0030906200408936,WelfareSolutionConcept,5.7749999999999995,1.3252452603197646,0.017245179873246416,0.0009149409481915397,6.725620150566101,0.3568269697947005,COMPLETE
388,6.4750000000000005,2025-06-12 22:44:49.310352,2025-06-12 22:44:52.088716,0 days 00:00:02.778364,12,0.9788848207819338,0.08403195759957423,0.9942464871988107,0.06170650181998782,383,3881089,6.4750000000000005,2.7349634366843008,0.48674999999999996,0.15912632560327658,380.0,4,9.700000000000001,"[0.641, 0.329]",3881089,"[6.41, 3.29]",0.0064486867503116005,2.450500965118408,7.510000000000001,"[0.545, 0.20600000000000004]",3882089,"[5.45, 2.0600000000000005]",0.006770441406651547,2.572767734527588,2.18,"[0.22000000000000003, -0.0019999999999999905]",3883089,"[2.2, -0.019999999999999907]",0.006855358575519763,2.6050362586975098,6.510000000000001,"[0.5409999999999999, 0.11000000000000001]",3884089,"[5.409999999999999, 1.1]",0.006744994615253649,2.5630979537963867,WelfareSolutionConcept,4.8675,1.591263256032766,0.00670487033693414,0.00015344890265324312,2.547850728034973,0.058310583008232386,COMPLETE
389,6.857500000000002,2025-06-12 22:44:52.103846,2025-06-12 22:44:55.234569,0 days 00:00:03.130723,14,0.6337145638651486,0.07308846476746883,0.9760382402939669,0.07830032819470673,359,3891092,6.857500000000002,1.2962903802775054,0.42975,0.2854508495345565,350.0,4,6.330000000000001,"[0.42800000000000005, 0.20500000000000002]",3891092,"[4.28, 2.0500000000000003]",0.00844250134059361,2.9548754692077637,8.57,"[0.765, 0.092]",3892092,"[7.65, 0.9199999999999999]",0.008400736536298479,2.9402577877044678,5.080000000000001,"[-0.017999999999999995, 0.526]",3893092,"[-0.17999999999999994, 5.26]",0.008310456957135882,2.9086599349975586,7.450000000000001,"[0.544, 0.201]",3894092,"[5.44, 2.0100000000000002]",0.008175677571977888,2.8614871501922607,WelfareSolutionConcept,4.2975,2.8545084953455646,0.008332343101501466,0.00010226875258272878,2.9163200855255127,0.035794063403955134,COMPLETE
390,6.41,2025-06-12 22:44:55.249808,2025-06-12 22:44:57.690895,0 days 00:00:02.441087,13,0.604049638529342,0.0783812215287131,0.9372292898170087,0.05408656001556261,261,3901095,6.41,2.4194317514656203,0.54325,0.1747632326892587,260.0,4,7.490000000000001,"[0.7689999999999999, -0.01999999999999999]",3901095,"[7.6899999999999995, -0.1999999999999999]",0.008332565197577843,2.1664669513702393,3.1700000000000004,"[0.325, -0.007999999999999983]",3902095,"[3.25, -0.07999999999999982]",0.008379960977114164,2.1787898540496826,9.66,"[0.6479999999999999, 0.31799999999999995]",3903095,"[6.479999999999999, 3.1799999999999997]",0.007652960373805119,1.989769697189331,5.32,"[0.43100000000000005, 0.10100000000000002]",3904095,"[4.3100000000000005, 1.0100000000000002]",0.008356594122373141,2.1727144718170166,WelfareSolutionConcept,5.432499999999999,1.747632326892587,0.008180520167717567,0.000305047414846848,2.1269352436065674,0.0793123278601804,COMPLETE
391,7.2375,2025-06-12 22:44:59.560489,2025-06-12 22:45:02.163396,0 days 00:00:02.602907,11,0.5707229649603394,0.10149004130792416,0.9350822775304612,0.03190251489214629,330,3911099,7.2375,2.2211075503000752,0.6332500000000001,0.15707541978298198,330.0,4,5.6499999999999995,"[0.44800000000000006, 0.11699999999999999]",3911099,"[4.48, 1.17]",0.0070687749169089575,2.332695722579956,8.86,"[0.661, 0.22499999999999995]",3912099,"[6.61, 2.2499999999999996]",0.006912203991051876,2.281027317047119,4.5200000000000005,"[0.5519999999999999, -0.09999999999999999]",3913099,"[5.52, -0.9999999999999999]",0.0073428775324965966,2.423149585723877,9.920000000000002,"[0.8720000000000001, 0.12000000000000002]",3914099,"[8.72, 1.2000000000000002]",0.00698695182800293,2.305694103240967,WelfareSolutionConcept,6.3325,1.5707541978298198,0.0070777020671150895,0.0001628058203279607,2.3356416821479797,0.0537259207082271,COMPLETE
392,5.165,2025-06-12 22:45:02.178593,2025-06-12 22:45:05.758459,0 days 00:00:03.579866,16,0.5633536742579666,0.10500125441225204,0.9323258289506189,0.03174337685768075,342,3921102,5.165,3.181835162292352,0.5295,0.1355756246528114,340.0,4,2.72,"[0.422, -0.14999999999999997]",3921102,"[4.22, -1.4999999999999996]",0.009050445696886848,3.0771515369415283,4.84,"[0.532, -0.04800000000000001]",3922102,"[5.32, -0.4800000000000001]",0.009988015539505903,3.395925283432007,10.459999999999999,"[0.75, 0.29600000000000004]",3923102,"[7.5, 2.9600000000000004]",0.009026525301091812,3.069018602371216,2.64,"[0.414, -0.14999999999999997]",3924102,"[4.14, -1.4999999999999996]",0.009570388934191536,3.253932237625122,WelfareSolutionConcept,5.295,1.355756246528114,0.009408843867919025,0.0003987961161877559,3.1990069150924683,0.13559067950383696,COMPLETE
393,5.73,2025-06-12 22:45:05.773978,2025-06-12 22:45:08.212677,0 days 00:00:02.438699,10,0.5444704178141566,0.10121474709650194,0.9344458624415736,0.035218448065474826,329,3931105,5.73,1.3127642591112845,0.47625,0.1756407911050278,320.0,4,4.62,"[0.34199999999999997, 0.12]",3931105,"[3.42, 1.2]",0.006647171080112457,2.1270947456359863,5.74,"[0.449, 0.125]",3932105,"[4.49, 1.25]",0.00658431276679039,2.106980085372925,7.87,"[0.7710000000000001, 0.01600000000000001]",3933105,"[7.710000000000001, 0.16000000000000011]",0.006692781299352646,2.1416900157928467,4.69,"[0.343, 0.126]",3934105,"[3.43, 1.26]",0.006732120364904404,2.154278516769409,WelfareSolutionConcept,4.7625,1.756407911050278,0.006664096377789974,5.500449489270461e-05,2.1325108408927917,0.017601438365665443,COMPLETE
394,4.9325,2025-06-12 22:45:08.227527,2025-06-12 22:45:11.054111,0 days 00:00:02.826584,12,0.5703933589220612,0.09911701328038398,0.9327012861649089,0.026337128750519037,339,3941108,4.9325,1.632519142307373,0.4375,0.1890879425029528,330.0,4,6.5600000000000005,"[0.5449999999999999, 0.11100000000000003]",3941108,"[5.449999999999999, 1.1100000000000003]",0.007423033858790542,2.449601173400879,2.21,"[0.1100000000000001, 0.11100000000000003]",3942108,"[1.100000000000001, 1.1100000000000003]",0.007751290003458659,2.5579257011413574,5.490000000000001,"[0.5489999999999999, 1.1102230246251566e-17]",3943108,"[5.489999999999999, 1.1102230246251565e-16]",0.007636946620363178,2.5201923847198486,5.47,"[0.546, 0.001000000000000012]",3944108,"[5.460000000000001, 0.01000000000000012]",0.0072738987026792585,2.4003865718841553,WelfareSolutionConcept,4.375,1.890879425029528,0.0075212922963229095,0.0001851574861294672,2.48202645778656,0.06110197042272418,COMPLETE
395,5.7625,2025-06-12 22:45:11.069202,2025-06-12 22:45:13.531068,0 days 00:00:02.461866,12,0.9552778526386132,0.10690369594334795,0.9359351327221399,0.031000239480378913,333,3951111,5.7625,0.9129450969253298,0.46575,0.1611325153406351,330.0,4,4.390000000000001,"[0.221, 0.21800000000000005]",3951111,"[2.21, 2.1800000000000006]",0.00689076871582956,2.273953676223755,5.480000000000001,"[0.43699999999999994, 0.11100000000000007]",3952111,"[4.369999999999999, 1.1100000000000008]",0.006412972103465687,2.1162807941436768,6.61,"[0.549, 0.11200000000000002]",3953111,"[5.49, 1.12]",0.00671223293651234,2.2150368690490723,6.57,"[0.656, 0.001000000000000012]",3954111,"[6.5600000000000005, 0.01000000000000012]",0.006798690738099994,2.243567943572998,WelfareSolutionConcept,4.657500000000001,1.611325153406351,0.006703666123476896,0.00017931359471970952,2.2122098207473755,0.05917348625750413,COMPLETE
396,4.885,2025-06-12 22:45:15.417903,2025-06-12 22:45:17.543217,0 days 00:00:02.125314,10,0.8492030151378565,0.09476261593492712,0.9642577334366076,0.021852577472110307,311,3961115,4.885,0.45489009661675406,0.52625,0.08784752415407047,310.0,4,4.66,"[0.556, -0.08999999999999998]",3961115,"[5.5600000000000005, -0.8999999999999998]",0.0058695093277961975,1.8195478916168213,5.67,"[0.657, -0.08999999999999998]",3962115,"[6.57, -0.8999999999999998]",0.005989371576616841,1.8567051887512207,4.65,"[0.44800000000000006, 0.01700000000000001]",3963115,"[4.48, 0.17000000000000012]",0.0057680922169839185,1.7881085872650146,4.5600000000000005,"[0.4440000000000001, 0.012000000000000005]",3964115,"[4.440000000000001, 0.12000000000000005]",0.005885058064614573,1.8243680000305176,WelfareSolutionConcept,5.2625,0.8784752415407048,0.005878007796502883,7.843031364380913e-05,1.8221824169158936,0.02431339722958082,COMPLETE
397,6.164999999999999,2025-06-12 22:45:17.558345,2025-06-12 22:45:20.202381,0 days 00:00:02.644036,13,0.9719903289539398,0.10340613820990013,0.9408022873529804,0.037190700111372446,352,3971117,6.164999999999999,0.47699580710945455,0.544,0.17566587602605127,350.0,4,5.34,"[0.43299999999999994, 0.10100000000000005]",3971117,"[4.329999999999999, 1.0100000000000005]",0.00701125008719308,2.453937530517578,6.45,"[0.654, -0.008999999999999984]",3972117,"[6.54, -0.08999999999999983]",0.006959492138453893,2.4358222484588623,6.47,"[0.767, -0.11999999999999997]",3973117,"[7.67, -1.1999999999999997]",0.0070183828898838585,2.4564340114593506,6.3999999999999995,"[0.32199999999999995, 0.31799999999999995]",3974117,"[3.2199999999999998, 3.1799999999999997]",0.006842593465532575,2.3949077129364014,WelfareSolutionConcept,5.4399999999999995,1.7566587602605124,0.006957929645265852,7.036074909455702e-05,2.435275375843048,0.024626262183094987,COMPLETE
398,5.095,2025-06-12 22:45:20.219129,2025-06-12 22:45:22.437367,0 days 00:00:02.218238,11,0.985337228369383,0.09909005374035916,0.9370102946147861,0.04118552778869941,332,3981120,5.095,2.509506923680427,0.50075,0.19657361852496893,330.0,4,2.3600000000000003,"[0.229, 0.007000000000000006]",3981120,"[2.29, 0.07000000000000006]",0.006079078443122632,2.0060958862304688,8.93,"[0.774, 0.119]",3982120,"[7.74, 1.19]",0.005740394014300722,1.8943300247192383,3.4499999999999997,"[0.44499999999999995, -0.09999999999999999]",3983120,"[4.449999999999999, -0.9999999999999999]",0.006161565491647431,2.0333166122436523,5.64,"[0.555, 0.009000000000000006]",3984120,"[5.550000000000001, 0.09000000000000007]",0.005998904777295662,1.9796385765075684,WelfareSolutionConcept,5.0075,1.965736185249689,0.005994985681591612,0.00015783908104873644,1.978345274925232,0.0520868967460831,COMPLETE
399,5.250000000000001,2025-06-12 22:45:22.456725,2025-06-12 22:45:25.014808,0 days 00:00:02.558083,14,0.9998440795055665,0.06614802610363385,0.9303011492523711,0.09998780143073037,320,3991122,5.250000000000001,1.7758800635178043,0.57175,0.20043749025569044,320.0,4,4.130000000000001,"[0.4330000000000001, -0.019999999999999983]",3991122,"[4.330000000000001, -0.19999999999999984]",0.007254470139741898,2.3214304447174072,7.460000000000001,"[0.764, -0.017999999999999995]",3992122,"[7.640000000000001, -0.17999999999999994]",0.0073666244745254515,2.3573198318481445,2.9900000000000007,"[0.318, -0.018999999999999986]",3993122,"[3.18, -0.18999999999999986]",0.007442930340766906,2.38173770904541,6.420000000000001,"[0.772, -0.12999999999999995]",3994122,"[7.720000000000001, -1.2999999999999994]",0.007289095222949982,2.332510471343994,WelfareSolutionConcept,5.717500000000001,2.0043749025569046,0.007338280044496059,7.279824522041776e-05,2.348249614238739,0.023295438470533746,COMPLETE
400,4.9975,2025-06-12 22:45:25.029920,2025-06-12 22:45:27.250437,0 days 00:00:02.220517,11,0.6470537909478786,0.04946260554690118,0.9351763586873975,0.02693124811969567,300,4001125,4.9975,1.749248052735803,0.54725,0.18527327788971626,300.0,4,3.4899999999999993,"[0.44899999999999995, -0.09999999999999999]",4001125,"[4.489999999999999, -0.9999999999999999]",0.006450538635253906,1.9351615905761719,5.43,"[0.43299999999999994, 0.11000000000000001]",4002125,"[4.329999999999999, 1.1]",0.006560226281483968,1.9680678844451904,7.679999999999999,"[0.8680000000000001, -0.09999999999999999]",4003125,"[8.680000000000001, -0.9999999999999999]",0.006829752127329509,2.0489256381988525,3.39,"[0.43899999999999995, -0.09999999999999999]",4004125,"[4.39, -0.9999999999999999]",0.006817452112833659,2.0452356338500977,WelfareSolutionConcept,5.4725,1.852732778897163,0.006664492289225261,0.0001638254315930191,1.9993476867675781,0.049147629477905706,COMPLETE
401,5.4375,2025-06-12 22:45:29.170311,2025-06-12 22:45:30.719420,0 days 00:00:01.549109,12,0.5812738024408728,0.09456425743211888,0.969755769089245,0.0443888994154622,164,4011129,5.4375,2.565028021289435,0.4375,0.15280134161714679,160.0,4,4.3500000000000005,"[0.442, -0.006999999999999984]",4011129,"[4.42, -0.06999999999999984]",0.008098079264163971,1.2956926822662354,9.819999999999999,"[0.655, 0.32700000000000007]",4012129,"[6.550000000000001, 3.2700000000000005]",0.007659967243671417,1.2255947589874268,3.2900000000000005,"[0.22300000000000003, 0.10600000000000001]",4013129,"[2.2300000000000004, 1.06]",0.007868243753910065,1.2589190006256104,4.290000000000001,"[0.43000000000000005, -0.0009999999999999898]",4014129,"[4.300000000000001, -0.009999999999999898]",0.007984836399555207,1.277573823928833,WelfareSolutionConcept,4.375,1.5280134161714682,0.007902781665325164,0.0001620384539312562,1.2644450664520264,0.025926152629000974,COMPLETE
402,5.5675,2025-06-12 22:45:30.735686,2025-06-12 22:45:33.593175,0 days 00:00:02.857489,13,0.5538925565106049,0.1086036951993912,0.9956228840017739,0.018115328730017363,347,4021130,5.5675,1.9421170793749793,0.5415,0.13295958032424743,340.0,4,5.32,"[0.4339999999999999, 0.098]",4021130,"[4.339999999999999, 0.98]",0.007623399706447826,2.5919559001922607,3.1700000000000004,"[0.437, -0.11999999999999997]",4022130,"[4.37, -1.1999999999999997]",0.007865705209619859,2.674339771270752,5.1899999999999995,"[0.534, -0.014999999999999996]",4023130,"[5.34, -0.14999999999999997]",0.007880064319161807,2.6792218685150146,8.59,"[0.761, 0.09800000000000003]",4024130,"[7.61, 0.9800000000000003]",0.007449232129489674,2.5327389240264893,WelfareSolutionConcept,5.415,1.3295958032424744,0.007704600341179792,0.00017926855052340278,2.619564116001129,0.060951307177957,COMPLETE
403,7.3425,2025-06-12 22:45:33.610730,2025-06-12 22:45:34.949706,0 days 00:00:01.338976,10,0.9600543550645114,0.07006057768705692,0.9441040400842244,0.033437954809272,180,4031133,7.3425,1.5879763064983037,0.5815,0.13830672434845676,180.0,4,5.700000000000001,"[0.66, -0.08999999999999998]",4031133,"[6.6000000000000005, -0.8999999999999998]",0.00619578758875529,1.1152417659759521,9.969999999999997,"[0.6579999999999999, 0.3390000000000001]",4032133,"[6.579999999999999, 3.3900000000000006]",0.0059750702646043565,1.0755126476287842,6.850000000000001,"[0.34199999999999997, 0.3430000000000001]",4033133,"[3.42, 3.4300000000000006]",0.006193025906880697,1.1147446632385254,6.8500000000000005,"[0.666, 0.019000000000000013]",4034133,"[6.66, 0.19000000000000014]",0.006222209665510389,1.1199977397918701,WelfareSolutionConcept,5.815,1.3830672434845677,0.006146523356437683,9.964189864685999e-05,1.106374204158783,0.0179355417564348,COMPLETE
404,6.487500000000001,2025-06-12 22:45:34.974069,2025-06-12 22:45:36.119158,0 days 00:00:01.145089,10,0.956010417975377,0.06935458518821178,0.9406213464558542,0.03852321314627739,157,4041135,6.487500000000001,2.0801607509997884,0.5517500000000001,0.1073018522673304,150.0,4,8.920000000000002,"[0.663, 0.229]",4041135,"[6.630000000000001, 2.29]",0.006311674118041993,0.9467511177062988,5.650000000000001,"[0.655, -0.08999999999999998]",4042135,"[6.550000000000001, -0.8999999999999998]",0.0063614098230997725,0.9542114734649658,3.5199999999999996,"[0.44200000000000006, -0.08999999999999998]",4043135,"[4.420000000000001, -0.8999999999999998]",0.006459763844807943,0.9689645767211914,7.860000000000001,"[0.44700000000000006, 0.3390000000000001]",4044135,"[4.470000000000001, 3.3900000000000006]",0.006171580950419108,0.9257371425628662,WelfareSolutionConcept,5.5175,1.0730185226733042,0.006326107184092204,0.00010391949956983857,0.9489160776138306,0.015587924935475799,COMPLETE
405,6.482499999999999,2025-06-12 22:45:36.137633,2025-06-12 22:45:37.768297,0 days 00:00:01.630664,15,0.9653267062394958,0.06170836329407763,0.9460230003285763,0.04769447926473266,173,4051136,6.482499999999999,0.9234818623015831,0.536,0.14015170352157696,170.0,4,6.059999999999999,"[0.30499999999999994, 0.301]",4051136,"[3.0499999999999994, 3.01]",0.008503355699426987,1.445570468902588,5.17,"[0.543, -0.026000000000000002]",4052136,"[5.430000000000001, -0.26]",0.008328722505008473,1.4158828258514404,7.3,"[0.642, 0.08800000000000005]",4053136,"[6.42, 0.8800000000000006]",0.008207750320434571,1.395317554473877,7.3999999999999995,"[0.654, 0.086]",4054136,"[6.54, 0.8599999999999999]",0.008402838426477769,1.4284825325012207,WelfareSolutionConcept,5.36,1.4015170352157698,0.00836066673783695,0.00010786850305422794,1.4213133454322815,0.018337645519218793,COMPLETE
406,4.9025,2025-06-12 22:45:39.716088,2025-06-12 22:45:41.062315,0 days 00:00:01.346227,10,0.9426246015099867,0.07224384471940588,0.9386306291508643,0.08599509807211214,191,4061139,4.9025,2.875955276077846,0.44899999999999995,0.24037782759647364,190.0,4,7.859999999999999,"[0.5559999999999999, 0.22999999999999998]",4061139,"[5.56, 2.3]",0.00608454001577277,1.1560626029968262,6.82,"[0.772, -0.08999999999999998]",4062139,"[7.720000000000001, -0.8999999999999998]",0.005744120949193051,1.0913829803466797,0.37000000000000005,"[0.127, -0.08999999999999998]",4063139,"[1.27, -0.8999999999999998]",0.006104594782779091,1.1598730087280273,4.56,"[0.341, 0.11499999999999999]",4064139,"[3.41, 1.15]",0.005984075445877878,1.1369743347167969,WelfareSolutionConcept,4.49,2.4037782759647364,0.005979332798405697,0.0001432709234547968,1.1360732316970825,0.027221475456411362,COMPLETE
407,2.8000000000000003,2025-06-12 22:45:41.089356,2025-06-12 22:45:42.469199,0 days 00:00:01.379843,10,0.9456639447696874,0.06493778163108188,0.9740376592990637,0.033471416531022063,179,4071141,2.8000000000000003,1.1838074167701438,0.262,0.11746276005611309,170.0,4,1.4400000000000004,"[0.23399999999999999, -0.08999999999999998]",4071141,"[2.34, -0.8999999999999998]",0.0063386804917279415,1.07757568359375,2.5400000000000005,"[0.128, 0.126]",4072141,"[1.28, 1.26]",0.006089338134316837,1.0351874828338623,2.5199999999999996,"[0.23500000000000004, 0.01700000000000001]",4073141,"[2.3500000000000005, 0.17000000000000012]",0.006424931918873507,1.092238426208496,4.700000000000001,"[0.45099999999999996, 0.019000000000000013]",4074141,"[4.51, 0.19000000000000014]",0.006281802233527688,1.067906379699707,WelfareSolutionConcept,2.62,1.174627600561131,0.006283688194611493,0.0001232370126740478,1.0682269930839539,0.02095029215458808,COMPLETE
408,6.025,2025-06-12 22:45:42.483996,2025-06-12 22:45:44.056824,0 days 00:00:01.572828,12,0.973831648258071,0.07399302052875087,0.9453953422434312,0.07084553688912645,186,4081142,6.025,1.6700374247303562,0.63,0.14492584310605203,180.0,4,8.81,"[0.881, 1.1102230246251566e-17]",4081142,"[8.81, 1.1102230246251565e-16]",0.0069746812184651695,1.2554426193237305,5.48,"[0.549, -0.0009999999999999898]",4082142,"[5.49, -0.009999999999999898]",0.006896315680609809,1.2413368225097656,5.449999999999999,"[0.5439999999999998, 0.001000000000000012]",4083142,"[5.439999999999998, 0.01000000000000012]",0.007229759958055284,1.3013567924499512,4.36,"[0.546, -0.10999999999999999]",4084142,"[5.460000000000001, -1.0999999999999999]",0.007037541601392958,1.2667574882507324,WelfareSolutionConcept,6.3,1.4492584310605203,0.007034574614630805,0.00012329727596246246,1.266223430633545,0.022193509673243267,COMPLETE
409,6.722499999999998,2025-06-12 22:45:44.072035,2025-06-12 22:45:50.054625,0 days 00:00:05.982590,23,0.6590787649796844,0.06967729201461434,0.9444942827801127,0.04388868663531438,470,4091144,6.722499999999998,3.0796052912670486,0.5652499999999999,0.2505258220224016,470.0,4,5.169999999999997,"[0.2599999999999999, 0.25699999999999995]",4091144,"[2.5999999999999988, 2.5699999999999994]",0.012366237538926145,5.812131643295288,11.139999999999999,"[0.8630000000000001, 0.251]",4092144,"[8.63, 2.51]",0.010123657672963244,4.758119106292725,2.849999999999999,"[0.3829999999999999, -0.09800000000000003]",4093144,"[3.829999999999999, -0.9800000000000003]",0.010764511595381067,5.059320449829102,7.73,"[0.755, 0.01799999999999994]",4094144,"[7.55, 0.17999999999999938]",0.01093345804417387,5.138725280761719,WelfareSolutionConcept,5.6525,2.505258220224016,0.011046966212861081,0.0008193961506683223,5.192074120044708,0.3851161908141113,COMPLETE
410,6.077499999999999,2025-06-12 22:45:50.069220,2025-06-12 22:45:51.705895,0 days 00:00:01.636675,13,0.9613513622173263,0.07709900308740396,0.9427349549469833,0.024531514014045665,198,4101150,6.077499999999999,1.1366040427519162,0.618,0.17724982369525785,190.0,4,6.309999999999999,"[0.751, -0.11999999999999997]",4101150,"[7.51, -1.1999999999999997]",0.007659766548558286,1.4553556442260742,4.23,"[0.31900000000000006, 0.10400000000000002]",4102150,"[3.1900000000000004, 1.0400000000000003]",0.0072647772337261,1.380307674407959,6.4399999999999995,"[0.6519999999999999, -0.007999999999999993]",4103150,"[6.52, -0.07999999999999993]",0.007650894867746454,1.4536700248718262,7.33,"[0.7500000000000001, -0.016999999999999987]",4104150,"[7.500000000000001, -0.16999999999999987]",0.007539316227561549,1.4324700832366943,WelfareSolutionConcept,6.18,1.7724982369525788,0.007528688719398097,0.0001595916321356269,1.4304508566856384,0.030322410105769106,COMPLETE
411,7.734999999999999,2025-06-12 22:45:53.656967,2025-06-12 22:45:55.315139,0 days 00:00:01.658172,11,0.9823019951934043,0.057165422491445475,0.9791980502539425,0.05372032187593185,218,4111153,7.734999999999999,2.306409547326754,0.6577500000000001,0.2182571591036592,210.0,4,10.98,"[0.874, 0.22399999999999998]",4111153,"[8.74, 2.2399999999999998]",0.006048469316391717,1.2701785564422607,5.55,"[0.438, 0.11699999999999997]",4112153,"[4.38, 1.1699999999999997]",0.006460049038841611,1.3566102981567383,5.559999999999999,"[0.441, 0.11499999999999996]",4113153,"[4.41, 1.1499999999999997]",0.006532996041434151,1.3719291687011719,8.85,"[0.8780000000000001, 0.007000000000000016]",4114153,"[8.780000000000001, 0.07000000000000016]",0.006546270279657273,1.3747167587280273,WelfareSolutionConcept,6.577500000000001,2.1825715910365924,0.006396946169081188,0.0002038537139709235,1.3433586955070496,0.04280927993389391,COMPLETE
412,5.2375,2025-06-12 22:45:55.330132,2025-06-12 22:45:57.217338,0 days 00:00:01.887206,14,0.9810517366916627,0.05412077165344073,0.9794529697558846,0.05405103454920043,217,4121155,5.2375,1.1329027981252409,0.45825,0.049559938458395965,210.0,4,6.329999999999999,"[0.5439999999999999, 0.08900000000000002]",4121155,"[5.4399999999999995, 0.8900000000000002]",0.007940354801359632,1.6674745082855225,6.410000000000001,"[0.43200000000000005, 0.20900000000000002]",4122155,"[4.32, 2.0900000000000003]",0.008029120309012277,1.6861152648925781,4.09,"[0.426, -0.01699999999999998]",4123155,"[4.26, -0.16999999999999982]",0.008161254156203498,1.7138633728027344,4.12,"[0.43100000000000005, -0.018999999999999982]",4124155,"[4.3100000000000005, -0.18999999999999984]",0.0079637572878883,1.672389030456543,WelfareSolutionConcept,4.5825,0.4955993845839598,0.008023621638615927,8.586333901661316e-05,1.6849605441093445,0.018031301193488752,COMPLETE
413,6.084999999999999,2025-06-12 22:45:57.232036,2025-06-12 22:45:58.871882,0 days 00:00:01.639846,11,0.9866572537123238,0.05683539972207542,0.942553372193265,0.05132775019421072,212,4131157,6.084999999999999,1.214526656767977,0.4957500000000001,0.22295220900453092,210.0,4,7.739999999999998,"[0.8740000000000002, -0.09999999999999999]",4131157,"[8.740000000000002, -0.9999999999999999]",0.007018591108776274,1.4739041328430176,5.56,"[0.333, 0.223]",4132157,"[3.33, 2.23]",0.006976170766921271,1.4649958610534668,6.58,"[0.33299999999999996, 0.32499999999999996]",4133157,"[3.3299999999999996, 3.2499999999999996]",0.006886619613284156,1.4461901187896729,4.459999999999999,"[0.44300000000000006, 0.003000000000000012]",4134157,"[4.430000000000001, 0.030000000000000124]",0.006883528119041806,1.4455409049987793,WelfareSolutionConcept,4.9575000000000005,2.229522090045309,0.006941227402005876,5.8132176375287996e-05,1.4576577544212341,0.012207757038810465,COMPLETE
414,4.11,2025-06-12 22:45:58.887042,2025-06-12 22:46:00.407484,0 days 00:00:01.520442,10,0.9714969591156631,0.05938192856853824,0.979091310317906,0.0643610410630638,222,4141158,4.11,1.2034325905508791,0.4225,0.13944264053724742,220.0,4,5.74,"[0.559, 0.01500000000000001]",4141158,"[5.590000000000001, 0.1500000000000001]",0.00589977502822876,1.2979505062103271,4.6499999999999995,"[0.5549999999999999, -0.08999999999999998]",4142158,"[5.549999999999999, -0.8999999999999998]",0.005934386903589422,1.3055651187896729,2.5300000000000002,"[0.23600000000000004, 0.017000000000000015]",4143158,"[2.3600000000000003, 0.17000000000000015]",0.00603764382275668,1.3282816410064697,3.5199999999999996,"[0.34, 0.012000000000000005]",4144158,"[3.4000000000000004, 0.12000000000000005]",0.006118780916387384,1.3461318016052246,WelfareSolutionConcept,4.225,1.394426405372474,0.005997646667740561,8.639145528609811e-05,1.3194822669029236,0.019006120162941623,COMPLETE
415,4.335,2025-06-12 22:46:00.422581,2025-06-12 22:46:02.270265,0 days 00:00:01.847684,12,0.9800957239353691,0.052312418200886404,0.9774380531270495,0.036953536441842384,223,4151160,4.335,2.046564193960209,0.38150000000000006,0.18197321231434035,220.0,4,1.0700000000000003,"[0.10800000000000005, -0.0009999999999999898]",4151160,"[1.0800000000000005, -0.009999999999999898]",0.007599359208887274,1.6718590259552002,4.260000000000001,"[0.32500000000000007, 0.10100000000000012]",4152160,"[3.250000000000001, 1.0100000000000011]",0.007452145489779386,1.6394720077514648,6.51,"[0.5439999999999999, 0.10700000000000003]",4153160,"[5.4399999999999995, 1.0700000000000003]",0.007162035595286977,1.5756478309631348,5.5,"[0.549, 0.001000000000000012]",4154160,"[5.49, 0.01000000000000012]",0.007271625778891824,1.5997576713562012,WelfareSolutionConcept,3.8150000000000004,1.8197321231434034,0.007371291518211365,0.000167536217816934,1.6216841340065002,0.0368579679197255,COMPLETE
416,5.914999999999999,2025-06-12 22:46:04.210029,2025-06-12 22:46:06.053045,0 days 00:00:01.843016,11,0.9915440853245576,0.04404794962894012,0.975991932267408,0.04431943013612157,236,4161164,5.914999999999999,0.9154370540894662,0.4457499999999999,0.10825981479755079,230.0,4,4.52,"[0.5519999999999999, -0.09999999999999999]",4161164,"[5.52, -0.9999999999999999]",0.006932529159214186,1.5944817066192627,6.76,"[0.5559999999999999, 0.12000000000000002]",4162164,"[5.56, 1.2000000000000002]",0.006785412456678307,1.5606448650360107,6.71,"[0.33799999999999997, 0.3329999999999999]",4163164,"[3.38, 3.329999999999999]",0.006576863579128099,1.512678623199463,5.67,"[0.33699999999999997, 0.22999999999999993]",4164164,"[3.3699999999999997, 2.2999999999999994]",0.006523305436839228,1.5003602504730225,WelfareSolutionConcept,4.4575,1.0825981479755078,0.006704527657964955,0.0001640629800486747,1.5420413613319397,0.03773448541119516,COMPLETE
417,6.75,2025-06-12 22:46:06.067765,2025-06-12 22:46:07.756133,0 days 00:00:01.688368,12,0.9623768515050974,0.02688092421376942,0.9816564259184805,0.07440073401565732,202,4171166,6.75,3.0572127829119125,0.6242500000000001,0.2080280930547603,200.0,4,4.29,"[0.539, -0.10999999999999999]",4171166,"[5.390000000000001, -1.0999999999999999]",0.007380487918853759,1.476097583770752,8.79,"[0.7690000000000001, 0.11000000000000006]",4172166,"[7.690000000000001, 1.1000000000000005]",0.007298785448074341,1.4597570896148682,3.2800000000000002,"[0.32700000000000007, 0.001000000000000012]",4173166,"[3.2700000000000005, 0.01000000000000012]",0.007541110515594482,1.5082221031188965,10.64,"[0.8620000000000001, 0.20200000000000004]",4174166,"[8.620000000000001, 2.0200000000000005]",0.007054437398910523,1.4108874797821045,WelfareSolutionConcept,6.242500000000001,2.080280930547603,0.007318705320358276,0.0001757238572043031,1.4637410640716553,0.03514477144086067,COMPLETE
418,4.9399999999999995,2025-06-12 22:46:07.771197,2025-06-12 22:46:09.246621,0 days 00:00:01.475424,10,0.9514055483467225,0.060577153034550746,0.9804776446176081,0.056445273836192036,207,4181167,4.9399999999999995,2.5663982543634964,0.34175,0.15274058890812225,200.0,4,7.94,"[0.5589999999999999, 0.23499999999999996]",4181167,"[5.59, 2.3499999999999996]",0.006193749904632569,1.2387499809265137,1.4599999999999995,"[0.12699999999999995, 0.019000000000000024]",4182167,"[1.2699999999999996, 0.19000000000000022]",0.006531459093093872,1.3062918186187744,6.780000000000001,"[0.341, 0.337]",4183167,"[3.41, 3.37]",0.006533300876617432,1.3066601753234863,3.58,"[0.34, 0.018000000000000013]",4184167,"[3.4000000000000004, 0.18000000000000013]",0.006494619846343994,1.2989239692687988,WelfareSolutionConcept,3.4175,1.5274058890812228,0.0064382824301719675,0.00014202152670087436,1.2876564860343933,0.028404305340174893,COMPLETE
419,1.1124999999999978,2025-06-12 22:46:09.327774,2025-06-12 22:46:13.217021,0 days 00:00:03.889247,40,0.9716036302408992,0.05669984737939605,0.9774640353202905,0.08768778540781272,202,4191169,1.1124999999999978,0.6982612333503845,0.3969999999999999,0.058373795490785085,200.0,4,1.7799999999999976,"[0.42899999999999994, -0.25100000000000017]",4191169,"[4.289999999999999, -2.5100000000000016]",0.017461321353912353,3.4922642707824707,1.839999999999998,"[0.29599999999999993, -0.11200000000000014]",4192169,"[2.959999999999999, -1.1200000000000014]",0.016234010457992554,3.2468020915985107,0.3799999999999978,"[0.42799999999999994, -0.3900000000000002]",4193169,"[4.279999999999999, -3.9000000000000017]",0.01840138792991638,3.6802775859832764,0.44999999999999785,"[0.43499999999999994, -0.3900000000000002]",4194169,"[4.35, -3.9000000000000017]",0.018089494705200194,3.617898941040039,WelfareSolutionConcept,3.9699999999999993,0.5837379549078509,0.017546553611755368,0.0008299940979795462,3.509310722351074,0.16599881959590926,COMPLETE
420,3.1075000000000004,2025-06-12 22:46:13.232525,2025-06-12 22:46:15.154187,0 days 00:00:01.921662,15,0.9823556934684049,0.08902312288461445,0.9731170394560849,0.09962237564244798,214,4201173,3.1075000000000004,1.6655235663298193,0.31025,0.11375054944922246,210.0,4,5.05,"[0.42400000000000004, 0.08100000000000003]",4201173,"[4.24, 0.8100000000000003]",0.008031910941714333,1.6867012977600098,2.8400000000000007,"[0.19699999999999995, 0.087]",4202173,"[1.9699999999999995, 0.8699999999999999]",0.008339769499642508,1.7513515949249268,0.56,"[0.19600000000000004, -0.13999999999999996]",4203173,"[1.9600000000000004, -1.3999999999999995]",0.0082015593846639,1.722327470779419,3.98,"[0.42400000000000004, -0.02599999999999999]",4204173,"[4.24, -0.2599999999999999]",0.008225061779930478,1.7272629737854004,WelfareSolutionConcept,3.1025,1.1375054944922247,0.008199575401487805,0.00011002187044391104,1.721910834312439,0.02310459279322138,COMPLETE
421,4.47,2025-06-12 22:46:17.155114,2025-06-12 22:46:19.047967,0 days 00:00:01.892853,13,0.9913469217659246,0.05253841566170989,0.9395169470015945,0.0029205220792914714,237,4211177,4.47,0.8930005599102384,0.37575000000000003,0.12111848537692335,230.0,4,4.15,"[0.21400000000000002, 0.201]",4211177,"[2.14, 2.0100000000000002]",0.007200715852820355,1.6561646461486816,3.1500000000000004,"[0.32300000000000006, -0.007999999999999993]",4212177,"[3.2300000000000004, -0.07999999999999993]",0.007140617785246476,1.6423420906066895,5.279999999999999,"[0.42499999999999993, 0.10300000000000005]",4213177,"[4.249999999999999, 1.0300000000000005]",0.007455883855405061,1.714853286743164,5.3,"[0.541, -0.010999999999999985]",4214177,"[5.41, -0.10999999999999985]",0.007432818412780762,1.7095482349395752,WelfareSolutionConcept,3.7575000000000003,1.2111848537692336,0.007307508976563163,0.00013872184443551976,1.6807270646095276,0.03190602422016954,COMPLETE
422,4.284999999999999,2025-06-12 22:46:19.063203,2025-06-12 22:46:22.479399,0 days 00:00:03.416196,28,0.9687822062989357,0.06352984938657275,0.9509081519857707,0.039703095302123605,230,4221179,4.284999999999999,3.2912193788928747,0.35749999999999993,0.09374033283491155,230.0,4,9.649999999999999,"[0.48699999999999993, 0.47799999999999987]",4221179,"[4.869999999999999, 4.7799999999999985]",0.011484673748845639,2.641474962234497,3.3899999999999997,"[0.361, -0.022000000000000058]",4222179,"[3.61, -0.22000000000000058]",0.014024399674457053,3.225611925125122,0.679999999999999,"[0.22199999999999998, -0.15400000000000005]",4223179,"[2.2199999999999998, -1.5400000000000005]",0.013585109296052352,3.124575138092041,3.419999999999999,"[0.36, -0.018000000000000033]",4224179,"[3.5999999999999996, -0.18000000000000033]",0.012615720085475755,2.901615619659424,WelfareSolutionConcept,3.5749999999999997,0.9374033283491155,0.0129274757012077,0.0009765491776963444,2.973319411277771,0.22460631087015914,COMPLETE
423,5.09,2025-06-12 22:46:22.494930,2025-06-12 22:46:23.953438,0 days 00:00:01.458508,11,0.951776116222063,0.04867433020467783,0.9829173218874223,0.06544543427901081,195,4231182,5.09,1.6453722982960421,0.49999999999999994,0.09471800251272194,190.0,4,5.579999999999999,"[0.5509999999999999, 0.0070000000000000106]",4231182,"[5.51, 0.0700000000000001]",0.006686736408032869,1.2704799175262451,2.3599999999999994,"[0.33599999999999997, -0.09999999999999999]",4232182,"[3.3599999999999994, -0.9999999999999999]",0.0067335467589528936,1.2793738842010498,5.65,"[0.5549999999999999, 0.010000000000000007]",4233182,"[5.549999999999999, 0.10000000000000007]",0.006281640655116031,1.193511724472046,6.77,"[0.558, 0.11899999999999997]",4234182,"[5.58, 1.1899999999999997]",0.0063284321835166525,1.202402114868164,WelfareSolutionConcept,5.0,0.9471800251272195,0.006507589001404611,0.00020389980510299798,1.2364419102668762,0.03874096296956958,COMPLETE
424,5.175000000000001,2025-06-12 22:46:23.968588,2025-06-12 22:46:26.288611,0 days 00:00:02.320023,14,0.6558290411464875,0.08713977107974781,0.9671346988175482,0.048115874175498514,252,4241184,5.175000000000001,1.7603195732593548,0.45400000000000007,0.26525176719486715,250.0,4,2.9600000000000013,"[0.09600000000000002, 0.20000000000000004]",4241184,"[0.9600000000000002, 2.0000000000000004]",0.00851492977142334,2.128732442855835,4.070000000000001,"[0.31100000000000005, 0.09600000000000006]",4242184,"[3.1100000000000003, 0.9600000000000006]",0.00818115520477295,2.0452888011932373,7.449999999999999,"[0.765, -0.019999999999999973]",4243184,"[7.65, -0.19999999999999973]",0.008465628623962402,2.1164071559906006,6.22,"[0.644, -0.021999999999999974]",4244184,"[6.44, -0.21999999999999975]",0.008352626800537109,2.0881567001342773,WelfareSolutionConcept,4.54,2.6525176719486714,0.00837858510017395,0.00012827591485709716,2.0946462750434875,0.03206897871427434,COMPLETE
425,7.1,2025-06-12 22:46:26.307848,2025-06-12 22:46:27.831468,0 days 00:00:01.523620,12,0.6412298077998839,0.07964676737381461,0.9810135351128916,0.05606228400086999,177,4251186,7.1,1.5917757379731607,0.6315000000000001,0.13847111612173854,170.0,4,8.67,"[0.764, 0.10300000000000006]",4251186,"[7.640000000000001, 1.0300000000000007]",0.007475498143364402,1.2708346843719482,4.4399999999999995,"[0.44400000000000006, 1.1102230246251566e-17]",4252186,"[4.44, 1.1102230246251565e-16]",0.007244124132044175,1.2315011024475098,7.66,"[0.765, 0.001000000000000012]",4253186,"[7.65, 0.01000000000000012]",0.00786289187038646,1.3366916179656982,7.630000000000001,"[0.5529999999999999, 0.21000000000000005]",4254186,"[5.529999999999999, 2.1000000000000005]",0.00744923423318302,1.2663698196411133,WelfareSolutionConcept,6.315000000000001,1.3847111612173857,0.007507937094744514,0.00022365625609509752,1.2763493061065674,0.03802156353616665,COMPLETE
426,5.460000000000001,2025-06-12 22:46:29.859909,2025-06-12 22:46:31.246187,0 days 00:00:01.386278,10,0.9900619398848122,0.05699906626364154,0.9839163630396608,0.07757385860785034,182,4261189,5.460000000000001,1.5760076141948054,0.3940000000000001,0.09186675133039159,180.0,4,7.820000000000002,"[0.44200000000000006, 0.3400000000000001]",4261189,"[4.420000000000001, 3.400000000000001]",0.006009101867675781,1.0816383361816406,4.660000000000001,"[0.44700000000000006, 0.019000000000000024]",4262189,"[4.470000000000001, 0.19000000000000022]",0.006115880277421739,1.100858449935913,5.800000000000001,"[0.45200000000000007, 0.128]",4263189,"[4.5200000000000005, 1.28]",0.005880918767717149,1.058565378189087,3.56,"[0.23500000000000001, 0.121]",4264189,"[2.35, 1.21]",0.006203558709886339,1.116640567779541,WelfareSolutionConcept,3.94,0.9186675133039158,0.006052364905675252,0.00012058113197926874,1.0894256830215454,0.02170460375626838,COMPLETE
427,5.05,2025-06-12 22:46:31.265579,2025-06-12 22:46:33.490336,0 days 00:00:02.224757,13,0.9997912494218358,0.0914360610588688,0.9775589497371612,0.047079111447439155,290,4271191,5.05,1.4924979061961858,0.48825,0.17028707379011482,290.0,4,3.1,"[0.323, -0.012999999999999994]",4271191,"[3.23, -0.12999999999999995]",0.006988551698882004,2.0266799926757812,6.489999999999999,"[0.658, -0.008999999999999994]",4272191,"[6.58, -0.08999999999999994]",0.007072170849504142,2.050929546356201,4.1,"[0.313, 0.09700000000000003]",4273191,"[3.13, 0.9700000000000003]",0.006957025363527495,2.0175373554229736,6.51,"[0.659, -0.007999999999999993]",4274191,"[6.59, -0.07999999999999993]",0.0066402394196082805,1.9256694316864014,WelfareSolutionConcept,4.8825,1.7028707379011478,0.006914496832880481,0.00016383758981877055,2.0052040815353394,0.04751290104744342,COMPLETE
428,5.032500000000001,2025-06-12 22:46:33.506838,2025-06-12 22:46:34.944343,0 days 00:00:01.437505,11,0.9776875255829041,0.08240240113363183,0.9692034490083693,0.006229419231361216,194,4281193,5.032500000000001,1.9796385402391015,0.5509999999999999,0.15710665167331397,190.0,4,7.86,"[0.777, 0.009000000000000008]",4281193,"[7.7700000000000005, 0.09000000000000008]",0.006070955176102488,1.1534814834594727,4.54,"[0.554, -0.09999999999999999]",4282193,"[5.540000000000001, -0.9999999999999999]",0.006564313487002724,1.2472195625305176,2.33,"[0.33299999999999996, -0.09999999999999999]",4283193,"[3.3299999999999996, -0.9999999999999999]",0.006663703918457031,1.266103744506836,5.4,"[0.54, 8.326672684688674e-18]",4284193,"[5.4, 8.326672684688674e-17]",0.006640497006868061,1.2616944313049316,WelfareSolutionConcept,5.51,1.57106651673314,0.006484867397107575,0.0002417840382963523,1.2321248054504395,0.04593896727630697,COMPLETE
429,7.447500000000001,2025-06-12 22:46:34.959449,2025-06-12 22:46:36.418514,0 days 00:00:01.459065,11,0.6708759761663916,0.07609149660207405,0.942234610152622,0.03670367529145694,187,4291195,7.447500000000001,1.5871574433558886,0.5495,0.1349305376851363,180.0,4,6.640000000000001,"[0.549, 0.11499999999999995]",4291195,"[5.49, 1.1499999999999995]",0.007013442781236437,1.2624197006225586,9.89,"[0.7699999999999999, 0.21899999999999994]",4292195,"[7.699999999999999, 2.1899999999999995]",0.00683702892727322,1.2306652069091797,5.6,"[0.441, 0.11899999999999995]",4293195,"[4.41, 1.1899999999999995]",0.0071405159102545844,1.2852928638458252,7.66,"[0.43800000000000006, 0.32799999999999996]",4294195,"[4.380000000000001, 3.2799999999999994]",0.006956509749094645,1.2521717548370361,WelfareSolutionConcept,5.495000000000001,1.349305376851363,0.006986874341964721,0.00010918707601650584,1.25763738155365,0.019653673682971034,COMPLETE
430,7.192499999999999,2025-06-12 22:46:36.433629,2025-06-12 22:46:39.501322,0 days 00:00:03.067693,11,0.6968343822970765,0.07742175974921785,0.9432258458933572,0.029025125122428323,457,4301196,7.192499999999999,1.2002786134893848,0.57525,0.14011133965528988,450.0,4,5.55,"[0.43499999999999994, 0.12]",4301196,"[4.35, 1.2]",0.006435916158888075,2.896162271499634,7.78,"[0.659, 0.11899999999999995]",4302196,"[6.59, 1.1899999999999995]",0.006415058771769205,2.8867764472961426,6.68,"[0.4450000000000001, 0.22299999999999995]",4303196,"[4.450000000000001, 2.2299999999999995]",0.006396430333455404,2.8783936500549316,8.76,"[0.7620000000000001, 0.11399999999999995]",4304196,"[7.620000000000001, 1.1399999999999995]",0.006311079131232368,2.8399856090545654,WelfareSolutionConcept,5.7525,1.4011133965528988,0.006389621098836264,4.744869371393195e-05,2.8753294944763184,0.021351912171269388,COMPLETE
431,6.025,2025-06-12 22:46:41.546039,2025-06-12 22:46:43.054105,0 days 00:00:01.508066,10,0.6751286609733784,0.08416927112145571,0.9410126350270673,0.03541636310928353,175,4311201,6.025,2.236487200947057,0.45100000000000007,0.171243977996308,170.0,4,7.930000000000001,"[0.34400000000000003, 0.449]",4311201,"[3.4400000000000004, 4.49]",0.006469357714933508,1.0997908115386963,5.710000000000001,"[0.557, 0.014000000000000009]",4312201,"[5.57, 0.1400000000000001]",0.007153886907240924,1.216160774230957,2.4899999999999998,"[0.23399999999999999, 0.015000000000000008]",4313201,"[2.34, 0.15000000000000008]",0.007266013762530159,1.235222339630127,7.970000000000001,"[0.6690000000000002, 0.12800000000000003]",4314201,"[6.690000000000001, 1.2800000000000002]",0.007372255886302275,1.2532835006713867,WelfareSolutionConcept,4.510000000000001,1.7124397799630797,0.007065378567751716,0.0003526693753283117,1.2011143565177917,0.05995379380581297,COMPLETE
432,5.6075,2025-06-12 22:46:43.069406,2025-06-12 22:46:44.740935,0 days 00:00:01.671529,11,0.6875008889162371,0.07466443098562815,0.9472813430668026,0.032098108697770605,193,4321203,5.6075,2.4520641814601842,0.5250000000000001,0.17952576416770938,190.0,4,4.519999999999999,"[0.5520000000000002, -0.09999999999999999]",4321203,"[5.520000000000001, -0.9999999999999999]",0.007457489716379266,1.4169230461120605,8.930000000000001,"[0.667, 0.22599999999999998]",4322203,"[6.67, 2.26]",0.007507838700947009,1.4264893531799316,2.33,"[0.22400000000000003, 0.009000000000000006]",4323203,"[2.24, 0.09000000000000007]",0.007812784847460294,1.484429121017456,6.6499999999999995,"[0.6570000000000001, 0.008000000000000005]",4324203,"[6.570000000000001, 0.08000000000000006]",0.007452796634874846,1.4160313606262207,WelfareSolutionConcept,5.250000000000001,1.795257641677094,0.007557727474915354,0.00014882980421066451,1.4359682202339172,0.028277662800026315,COMPLETE
433,4.59,2025-06-12 22:46:44.757430,2025-06-12 22:46:46.504772,0 days 00:00:01.747342,12,0.6708150661326628,0.07502670009886715,0.9444248072831591,0.06636978548404027,186,4331204,4.59,3.5777367147401997,0.32675,0.23230516029567658,180.0,4,-1.13,"[-0.0029999999999999914, -0.10999999999999999]",4331204,"[-0.029999999999999916, -1.0999999999999999]",0.0086628966861301,1.559321403503418,7.67,"[0.332, 0.43499999999999994]",4332204,"[3.3200000000000003, 4.35]",0.008058881759643555,1.4505987167358398,7.57,"[0.6539999999999999, 0.10300000000000002]",4333204,"[6.539999999999999, 1.0300000000000002]",0.008129154311286078,1.4632477760314941,4.25,"[0.3240000000000001, 0.10100000000000002]",4334204,"[3.240000000000001, 1.0100000000000002]",0.008217864566379122,1.4792156219482422,WelfareSolutionConcept,3.2675,2.3230516029567654,0.008267199330859714,0.00023529925300604912,1.4880958795547485,0.04235386554108879,COMPLETE
434,6.785,2025-06-12 22:46:46.521122,2025-06-12 22:46:47.925603,0 days 00:00:01.404481,10,0.65939155873939,0.0788656637244882,0.9394643921093678,0.036984695666875046,168,4341206,6.785,1.2832478326496406,0.6065,0.11406248287671106,160.0,4,6.840000000000002,"[0.5589999999999999, 0.12499999999999997]",4341206,"[5.59, 1.2499999999999998]",0.007348999381065369,1.175839900970459,5.649999999999999,"[0.6549999999999999, -0.08999999999999998]",4342206,"[6.549999999999999, -0.8999999999999998]",0.0076482236385345456,1.2237157821655273,8.86,"[0.76, 0.12599999999999997]",4343206,"[7.6, 1.2599999999999998]",0.0072447419166564945,1.159158706665039,5.790000000000001,"[0.45199999999999996, 0.12699999999999995]",4344206,"[4.52, 1.2699999999999996]",0.007381045818328857,1.1809673309326172,WelfareSolutionConcept,6.0649999999999995,1.1406248287671104,0.007405752688646317,0.00014878507787973897,1.1849204301834106,0.023805612460758272,COMPLETE
435,6.109999999999999,2025-06-12 22:46:47.944213,2025-06-12 22:46:49.660143,0 days 00:00:01.715930,11,0.6496775112262866,0.17449528000832484,0.9422272711519553,0.030054708829056927,205,4351208,6.109999999999999,1.651211676315305,0.3355,0.07816169138395103,200.0,4,4.5,"[0.33399999999999996, 0.11599999999999992]",4351208,"[3.34, 1.1599999999999993]",0.0076629316806793215,1.5325863361358643,7.84,"[0.44800000000000006, 0.33599999999999997]",4352208,"[4.48, 3.3599999999999994]",0.007098712921142578,1.4197425842285156,4.42,"[0.227, 0.215]",4353208,"[2.27, 2.15]",0.00692177414894104,1.384354829788208,7.68,"[0.33299999999999996, 0.43500000000000005]",4354208,"[3.3299999999999996, 4.3500000000000005]",0.0072973394393920895,1.459467887878418,WelfareSolutionConcept,3.355,0.7816169138395102,0.007245189547538757,0.00027535478166888127,1.4490379095077515,0.05507095633377626,COMPLETE
436,3.2700000000000005,2025-06-12 22:46:51.734508,2025-06-12 22:46:53.621821,0 days 00:00:01.887313,12,0.6661807009416542,0.08702769725236445,0.937315191892436,0.08339709922765746,219,4361211,3.2700000000000005,0.7480307480311218,0.29875000000000007,0.11562952693840789,210.0,4,2.160000000000001,"[0.32600000000000007, -0.10999999999999999]",4361211,"[3.2600000000000007, -1.0999999999999999]",0.008081125077747163,1.6970362663269043,3.33,"[0.11100000000000003, 0.22200000000000006]",4362211,"[1.1100000000000003, 2.2200000000000006]",0.007587455567859468,1.5933656692504883,3.3200000000000003,"[0.33100000000000007, 0.001000000000000012]",4363211,"[3.3100000000000005, 0.01000000000000012]",0.007981541043236142,1.6761236190795898,4.2700000000000005,"[0.42699999999999994, 1.1102230246251566e-17]",4364211,"[4.27, 1.1102230246251565e-16]",0.008106394041152227,1.7023427486419678,WelfareSolutionConcept,2.9875000000000003,1.156295269384079,0.00793912893249875,0.0002083347452851913,1.6672170758247375,0.043750296509890194,COMPLETE
437,8.1525,2025-06-12 22:46:53.638023,2025-06-12 22:46:55.183627,0 days 00:00:01.545604,10,0.5181284118407126,0.06825591286078664,0.9740273915468309,0.03873251442210146,185,4371213,8.1525,4.179739076784578,0.6385000000000001,0.2768397550930863,180.0,4,7.77,"[0.5559999999999999, 0.221]",4371213,"[5.56, 2.21]",0.007243627972073025,1.3038530349731445,14.35,"[0.984, 0.45100000000000007]",4372213,"[9.84, 4.510000000000001]",0.00683845149146186,1.2309212684631348,2.5600000000000005,"[0.23700000000000002, 0.019000000000000024]",4373213,"[2.37, 0.19000000000000022]",0.007448414961496989,1.340714693069458,7.930000000000001,"[0.777, 0.01600000000000002]",4374213,"[7.7700000000000005, 0.1600000000000002]",0.0075530184639824765,1.3595433235168457,WelfareSolutionConcept,6.385,2.768397550930863,0.007270878222253588,0.0002733394699920504,1.3087580800056458,0.04920110459856905,COMPLETE
438,6.3125,2025-06-12 22:46:55.199588,2025-06-12 22:46:58.420355,0 days 00:00:03.220767,10,0.6239184220976322,0.06644161460048595,0.9735378270377837,0.038897055030127844,485,4381215,6.3125,2.453389237361247,0.4515,0.2277021080271327,480.0,4,7.910000000000001,"[0.454, 0.337]",4381215,"[4.54, 3.37]",0.006112546722094218,2.9340224266052246,8.98,"[0.771, 0.12699999999999997]",4382215,"[7.71, 1.2699999999999998]",0.005642706155776977,2.708498954772949,2.5500000000000003,"[0.127, 0.12799999999999997]",4383215,"[1.27, 1.2799999999999998]",0.006308659414450328,3.0281565189361572,5.8100000000000005,"[0.454, 0.12699999999999995]",4384215,"[4.54, 1.2699999999999996]",0.006046026448408763,2.902092695236206,WelfareSolutionConcept,4.515,2.277021080271327,0.006027484685182572,0.00024222566553599463,2.8931926488876343,0.11626831945727736,COMPLETE
439,3.8275000000000006,2025-06-12 22:46:58.435866,2025-06-12 22:46:59.984656,0 days 00:00:01.548790,10,0.5160046403007897,0.07081089799712093,0.9717029745766165,0.041890248713011384,184,4391218,3.8275000000000006,1.5660838898347689,0.4205,0.17550569791320167,180.0,4,4.65,"[0.555, -0.08999999999999998]",4391218,"[5.550000000000001, -0.8999999999999998]",0.0075627711084153915,1.3612987995147705,5.690000000000001,"[0.559, 0.010000000000000026]",4392218,"[5.590000000000001, 0.10000000000000026]",0.007226876417795817,1.300837755203247,1.4700000000000004,"[0.12799999999999997, 0.019000000000000024]",4393218,"[1.2799999999999998, 0.19000000000000022]",0.007590888606177436,1.3663599491119385,3.5,"[0.44000000000000006, -0.08999999999999998]",4394218,"[4.4, -0.8999999999999998]",0.0075637790891859265,1.3614802360534668,WelfareSolutionConcept,4.205,1.755056979132017,0.007486078805393643,0.0001500749941870172,1.3474941849708557,0.027013498953663114,COMPLETE
440,5.467499999999999,2025-06-12 22:46:59.999886,2025-06-12 22:47:01.535879,0 days 00:00:01.535993,10,0.506597291079494,0.06992805561557684,0.9743070459049189,0.034617438557784166,184,4401220,5.467499999999999,1.5978012235569228,0.3945000000000001,0.11859700670758942,180.0,4,4.66,"[0.23700000000000002, 0.229]",4401220,"[2.37, 2.29]",0.007492427031199137,1.3486368656158447,3.6199999999999997,"[0.3430000000000001, 0.019000000000000013]",4402220,"[3.4300000000000006, 0.19000000000000014]",0.00737537145614624,1.3275668621063232,5.65,"[0.44000000000000006, 0.125]",4403220,"[4.4, 1.25]",0.007174735599093967,1.291452407836914,7.9399999999999995,"[0.5580000000000002, 0.23600000000000004]",4404220,"[5.580000000000002, 2.3600000000000003]",0.007412091890970866,1.3341765403747559,WelfareSolutionConcept,3.9450000000000007,1.1859700670758944,0.0073636564943525525,0.00011700019636785227,1.3254581689834595,0.021060035346213413,COMPLETE
441,5.3075,2025-06-12 22:47:03.664713,2025-06-12 22:47:05.212429,0 days 00:00:01.547716,11,0.5351046799313592,0.06411833623264684,0.9718589933673358,0.028872396585220526,189,4411223,5.3075,2.0527588143763995,0.38750000000000007,0.09209913137483978,180.0,4,2.37,"[0.22800000000000004, 0.009000000000000018]",4411223,"[2.2800000000000002, 0.09000000000000019]",0.007407241397433811,1.333303451538086,4.5,"[0.44000000000000006, 0.010000000000000007]",4412223,"[4.4, 0.10000000000000007]",0.007530583275689019,1.3555049896240234,6.65,"[0.43900000000000006, 0.22599999999999992]",4413223,"[4.390000000000001, 2.2599999999999993]",0.007370372613271077,1.326667070388794,7.71,"[0.44299999999999995, 0.32799999999999996]",4414223,"[4.43, 3.2799999999999994]",0.007050992382897271,1.2691786289215088,WelfareSolutionConcept,3.875,0.9209913137483979,0.007339797417322795,0.00017698243184180448,1.321163535118103,0.03185683773152482,COMPLETE
442,2.495,2025-06-12 22:47:05.232348,2025-06-12 22:47:06.595356,0 days 00:00:01.363008,10,0.6273134678871639,0.06735094924663679,0.9746076826373533,0.04883665407377986,174,4421225,2.495,0.7990775932285925,0.28650000000000003,0.09618341852939101,170.0,4,1.3700000000000003,"[0.227, -0.08999999999999998]",4421225,"[2.27, -0.8999999999999998]",0.006846141815185547,1.163844108581543,2.48,"[0.23000000000000004, 0.018000000000000013]",4422225,"[2.3000000000000003, 0.18000000000000013]",0.006843648237340591,1.1634202003479004,3.6300000000000003,"[0.453, -0.08999999999999998]",4423225,"[4.53, -0.8999999999999998]",0.006837698992560892,1.1624088287353516,2.5,"[0.23600000000000004, 0.014000000000000018]",4424225,"[2.3600000000000003, 0.14000000000000018]",0.006893072408788344,1.1718223094940186,WelfareSolutionConcept,2.865,0.9618341852939102,0.006855140363468843,2.2113820991768438e-05,1.1653738617897034,0.0037593495686006418,COMPLETE
443,6.6675,2025-06-12 22:47:06.610982,2025-06-12 22:47:08.164912,0 days 00:00:01.553930,11,0.6432920172707207,0.13161401959849925,0.9767694922570139,0.039281438246342254,197,4431226,6.6675,2.7703733954108065,0.52425,0.2075564682200967,190.0,4,7.699999999999999,"[0.659, 0.11099999999999999]",4431226,"[6.59, 1.1099999999999999]",0.006889495096708599,1.3090040683746338,9.97,"[0.767, 0.22999999999999993]",4432226,"[7.67, 2.2999999999999994]",0.006750343975267912,1.2825653553009033,2.34,"[0.22599999999999998, 0.008000000000000018]",4433226,"[2.26, 0.08000000000000018]",0.007238201091164037,1.375258207321167,6.659999999999999,"[0.445, 0.221]",4434226,"[4.45, 2.21]",0.007112888285988255,1.3514487743377686,WelfareSolutionConcept,5.2425,2.075564682200967,0.006997732112282201,0.0001897382512981847,1.3295691013336182,0.03605026774665511,COMPLETE
444,4.36,2025-06-12 22:47:08.180252,2025-06-12 22:47:09.641155,0 days 00:00:01.460903,10,0.7471030588328473,0.09631388932048639,0.9761744100483485,0.031873842467147154,208,4441228,4.36,1.5773236826980064,0.47200000000000003,0.13918512851594453,200.0,4,3.5299999999999994,"[0.3340000000000001, 0.019000000000000017]",4441228,"[3.3400000000000007, 0.19000000000000017]",0.006424131393432617,1.2848262786865234,4.6,"[0.55, -0.08999999999999998]",4442228,"[5.5, -0.8999999999999998]",0.006397968530654908,1.2795937061309814,6.780000000000001,"[0.661, 0.01700000000000001]",4443228,"[6.61, 0.17000000000000012]",0.006238095760345459,1.2476191520690918,2.5300000000000002,"[0.343, -0.08999999999999998]",4444228,"[3.43, -0.8999999999999998]",0.006356532573699951,1.2713065147399902,WelfareSolutionConcept,4.72,1.3918512851594453,0.006354182064533234,7.122450094984501e-05,1.2708364129066467,0.014244900189969031,COMPLETE
445,6.402499999999999,2025-06-12 22:47:09.656624,2025-06-12 22:47:11.057032,0 days 00:00:01.400408,11,0.5190748117684845,0.11036685261245943,0.979114324013713,0.04250017878597449,164,4451229,6.402499999999999,2.0725512659521836,0.49650000000000005,0.2233925916408152,160.0,4,7.789999999999999,"[0.769, 0.010000000000000007]",4451229,"[7.69, 0.10000000000000007]",0.007015931606292725,1.122549057006836,5.489999999999999,"[0.32999999999999996, 0.21900000000000003]",4452229,"[3.3, 2.1900000000000004]",0.007515813410282135,1.2025301456451416,3.4899999999999998,"[0.229, 0.12000000000000002]",4453229,"[2.29, 1.2000000000000002]",0.0076073333621025085,1.2171733379364014,8.84,"[0.658, 0.22599999999999998]",4454229,"[6.58, 2.26]",0.007248789072036743,1.159806251525879,WelfareSolutionConcept,4.965,2.2339259164081517,0.0073469668626785275,0.0002321223223893339,1.1755146980285645,0.03713957158229343,COMPLETE
446,4.08,2025-06-12 22:47:13.184498,2025-06-12 22:47:15.066724,0 days 00:00:01.882226,12,0.5247467699354539,0.07329615575010755,0.9705709308878508,0.05215768696490734,200,4461233,4.08,2.3650369975964436,0.46475000000000005,0.20964657760144811,200.0,4,3.2199999999999998,"[0.32800000000000007, -0.005999999999999994]",4461233,"[3.2800000000000007, -0.05999999999999994]",0.008402318954467773,1.6804637908935547,7.62,"[0.7630000000000001, -0.0009999999999999898]",4462233,"[7.630000000000001, -0.009999999999999898]",0.008317509889602661,1.6635019779205322,4.4,"[0.55, -0.10999999999999999]",4463233,"[5.5, -1.0999999999999999]",0.0084038245677948,1.68076491355896,1.08,"[0.21800000000000005, -0.10999999999999999]",4464233,"[2.1800000000000006, -1.0999999999999999]",0.008538450002670289,1.7076900005340576,WelfareSolutionConcept,4.647500000000001,2.096465776014481,0.00841552585363388,7.910249347708008e-05,1.6831051707267761,0.015820498695415963,COMPLETE
447,5.327500000000001,2025-06-12 22:47:15.082019,2025-06-12 22:47:16.667171,0 days 00:00:01.585152,11,0.6357160969841354,0.09291480085981293,0.9780999966639411,0.03466083507991398,181,4471235,5.327500000000001,2.461314435418604,0.526,0.1619459786472021,180.0,4,7.840000000000001,"[0.7740000000000001, 0.01000000000000002]",4471235,"[7.740000000000001, 0.1000000000000002]",0.007420028580559624,1.3356051445007324,3.42,"[0.4419999999999999, -0.09999999999999999]",4472235,"[4.419999999999999, -0.9999999999999999]",0.00782757732603285,1.408963918685913,2.3699999999999997,"[0.3369999999999999, -0.09999999999999999]",4473235,"[3.369999999999999, -0.9999999999999999]",0.007796239852905273,1.4033231735229492,7.680000000000001,"[0.5509999999999999, 0.217]",4474235,"[5.51, 2.17]",0.007733105288611518,1.3919589519500732,WelfareSolutionConcept,5.26,1.6194597864720206,0.007694237762027317,0.00016192994295112338,1.384962797164917,0.02914738973120218,COMPLETE
448,5.202500000000001,2025-06-12 22:47:16.682332,2025-06-12 22:47:18.233782,0 days 00:00:01.551450,10,0.7230288500863621,0.062380497869618155,0.9747488374398736,0.026446369919031685,190,4481236,5.202500000000001,1.943661171603734,0.50275,0.0939743981092723,190.0,4,7.88,"[0.557, 0.23100000000000004]",4481236,"[5.57, 2.3100000000000005]",0.006926186461197702,1.3159754276275635,5.780000000000001,"[0.5589999999999999, 0.019000000000000013]",4482236,"[5.59, 0.19000000000000014]",0.006775351574546413,1.2873167991638184,2.5,"[0.34, -0.08999999999999998]",4483236,"[3.4000000000000004, -0.8999999999999998]",0.007112346197429456,1.3513457775115967,4.65,"[0.555, -0.08999999999999998]",4484236,"[5.550000000000001, -0.8999999999999998]",0.007193739790665476,1.3668105602264404,WelfareSolutionConcept,5.0275,0.939743981092723,0.007001906005959762,0.00016283242666801685,1.3303621411323547,0.030938161066923237,COMPLETE
449,6.315,2025-06-12 22:47:18.249605,2025-06-12 22:47:20.584821,0 days 00:00:02.335216,12,0.678643146240006,0.09835685810829949,0.9421472582067428,0.04651479002481681,278,4491238,6.315,3.158896167967538,0.549,0.3107740336643331,270.0,4,11.0,"[0.9890000000000001, 0.11100000000000002]",4491238,"[9.89, 1.11]",0.007243438120241519,1.95572829246521,5.48,"[0.548, 1.1102230246251566e-17]",4492238,"[5.48, 1.1102230246251565e-16]",0.007434060838487413,2.0071964263916016,6.609999999999999,"[0.549, 0.11200000000000002]",4493238,"[5.49, 1.12]",0.007335283138133862,1.9805264472961426,2.1700000000000004,"[0.11000000000000001, 0.10700000000000003]",4494238,"[1.1, 1.0700000000000003]",0.007954507403903537,2.147716999053955,WelfareSolutionConcept,5.49,3.1077403366433307,0.007491822375191583,0.000275505490763034,2.0227920413017273,0.07438648250601924,COMPLETE
450,7.5825000000000005,2025-06-12 22:47:20.599843,2025-06-12 22:47:22.559066,0 days 00:00:01.959223,10,0.6608508605846334,0.06862226735663134,0.9800519252620427,0.0022169182285630374,268,4501240,7.5825000000000005,1.5986146346133583,0.71475,0.09488512791791975,260.0,4,7.7700000000000005,"[0.6559999999999999, 0.12099999999999993]",4501240,"[6.559999999999999, 1.2099999999999993]",0.006347077626448411,1.650240182876587,5.6899999999999995,"[0.659, -0.08999999999999998]",4502240,"[6.59, -0.8999999999999998]",0.006836491364699143,1.7774877548217773,10.040000000000001,"[0.8789999999999999, 0.12499999999999996]",4503240,"[8.79, 1.2499999999999996]",0.0067652711501488315,1.7589704990386963,6.830000000000001,"[0.6649999999999999, 0.018000000000000013]",4504240,"[6.6499999999999995, 0.18000000000000013]",0.0066051428134624775,1.7173371315002441,WelfareSolutionConcept,7.147499999999999,0.9488512791791978,0.0066384957386897165,0.0001879569143666925,1.7260088920593262,0.04886879773534006,COMPLETE
451,4.09,2025-06-12 22:47:24.679567,2025-06-12 22:47:26.679632,0 days 00:00:02.000065,10,0.6823366637680488,0.06825907773268579,0.9756811508203637,0.0020921030358918916,272,4511244,4.09,1.9438749959809658,0.33875,0.20277620052659043,270.0,4,3.5199999999999996,"[0.22999999999999998, 0.122]",4511244,"[2.3, 1.22]",0.006729835051077384,1.8170554637908936,1.4500000000000006,"[0.12699999999999995, 0.018000000000000013]",4512244,"[1.2699999999999996, 0.18000000000000013]",0.006585416970429597,1.7780625820159912,4.539999999999999,"[0.331, 0.12300000000000003]",4513244,"[3.31, 1.2300000000000002]",0.0066773670691031,1.802889108657837,6.8500000000000005,"[0.667, 0.018000000000000016]",4514244,"[6.67, 0.18000000000000016]",0.006444721751742892,1.740074872970581,WelfareSolutionConcept,3.3874999999999997,2.027762005265904,0.006609335210588242,0.00010818758983382806,1.7845205068588257,0.02921064925513351,COMPLETE
452,3.8149999999999995,2025-06-12 22:47:26.695258,2025-06-12 22:47:28.648868,0 days 00:00:01.953610,10,0.6685252906833408,0.06100778268094052,0.9814442021019584,0.0024731025410925584,261,4521246,3.8149999999999995,1.1325524270425626,0.391,0.15784644436920334,260.0,4,3.5099999999999993,"[0.337, 0.014000000000000007]",4521246,"[3.37, 0.14000000000000007]",0.00679554480772752,1.7668416500091553,5.6499999999999995,"[0.655, -0.08999999999999998]",4522246,"[6.550000000000001, -0.8999999999999998]",0.006707423466902513,1.7439301013946533,3.55,"[0.336, 0.019000000000000013]",4523246,"[3.3600000000000003, 0.19000000000000014]",0.006822708936838003,1.7739043235778809,2.5500000000000007,"[0.236, 0.019000000000000024]",4524246,"[2.36, 0.19000000000000022]",0.006721819364107572,1.7476730346679688,WelfareSolutionConcept,3.91,1.5784644436920336,0.006761874143893902,4.848671788258148e-05,1.7580872774124146,0.01260654664947119,COMPLETE
453,5.955,2025-06-12 22:47:28.664035,2025-06-12 22:47:30.669337,0 days 00:00:02.005302,10,0.5004903499958413,0.06644752983989011,0.9800732629399527,0.003028074564522216,265,4531248,5.955,1.2224258668729167,0.3925,0.19499551276888397,260.0,4,5.6499999999999995,"[0.442, 0.123]",4531248,"[4.42, 1.23]",0.006852425978733943,1.7816307544708252,5.75,"[0.6649999999999999, -0.08999999999999998]",4532248,"[6.6499999999999995, -0.8999999999999998]",0.006932607980874869,1.8024780750274658,4.5200000000000005,"[0.12299999999999996, 0.329]",4533248,"[1.2299999999999995, 3.29]",0.0070450095029977655,1.831702470779419,7.900000000000002,"[0.34, 0.45000000000000007]",4534248,"[3.4000000000000004, 4.500000000000001]",0.006489187020521897,1.6871886253356934,WelfareSolutionConcept,3.9250000000000003,1.94995512768884,0.006829807620782119,0.00020821488154213827,1.7757499814033508,0.05413586920095588,COMPLETE
454,5.5675,2025-06-12 22:47:30.684876,2025-06-12 22:47:32.854738,0 days 00:00:02.169862,11,0.6408848292104738,0.06945920974584717,0.9400882308666605,0.002236103233555833,275,4541250,5.5675,0.7720548879451512,0.495,0.12075388192517875,270.0,4,5.49,"[0.5469999999999999, 0.0020000000000000213]",4541250,"[5.469999999999999, 0.020000000000000212]",0.007375622678686071,1.9914181232452393,5.6,"[0.442, 0.11800000000000002]",4542250,"[4.42, 1.1800000000000002]",0.007224392007898401,1.9505858421325684,4.5,"[0.33299999999999996, 0.11699999999999999]",4543250,"[3.3299999999999996, 1.17]",0.007310801082187229,1.9739162921905518,6.68,"[0.6580000000000001, 0.010000000000000007]",4544250,"[6.580000000000002, 0.10000000000000007]",0.007136211571870027,1.9267771244049072,WelfareSolutionConcept,4.95,1.2075388192517877,0.0072617568351604316,9.017831216430213e-05,1.9606743454933167,0.02434814428436162,COMPLETE
455,5.430000000000001,2025-06-12 22:47:32.869995,2025-06-12 22:47:35.033791,0 days 00:00:02.163796,10,0.6589596143006508,0.06519024798037555,0.9706940624016243,0.0025872090541586676,286,4551252,5.430000000000001,2.076234572489342,0.5012500000000001,0.1266913079102115,280.0,4,6.7,"[0.442, 0.22799999999999992]",4551252,"[4.42, 2.2799999999999994]",0.0067194708756038125,1.8814518451690674,2.42,"[0.332, -0.08999999999999998]",4552252,"[3.3200000000000003, -0.8999999999999998]",0.006723598071507045,1.8826074600219727,7.8900000000000015,"[0.6700000000000002, 0.11899999999999995]",4553252,"[6.700000000000001, 1.1899999999999995]",0.006695803574153355,1.8748250007629395,4.71,"[0.561, -0.08999999999999998]",4554252,"[5.61, -0.8999999999999998]",0.00657022339957101,1.8396625518798828,WelfareSolutionConcept,5.0125,1.2669130791021146,0.006677273980208806,6.270899473405677e-05,1.8696367144584656,0.01755851852553588,COMPLETE
456,7.6975,2025-06-12 22:47:37.246326,2025-06-12 22:47:39.249933,0 days 00:00:02.003607,11,0.6688511803888644,0.07352390577150797,0.9681956124259736,0.003618827128075573,255,4561257,7.6975,2.5108103771491788,0.7095,0.1913014636640295,250.0,4,8.84,"[0.665, 0.219]",4561257,"[6.65, 2.19]",0.006815829277038574,1.7039573192596436,3.4099999999999993,"[0.44099999999999995, -0.09999999999999999]",4562257,"[4.409999999999999, -0.9999999999999999]",0.00733426570892334,1.833566427230835,8.73,"[0.7579999999999999, 0.11500000000000002]",4563257,"[7.579999999999999, 1.1500000000000001]",0.006940225601196289,1.7350564002990723,9.81,"[0.974, 0.0070000000000000045]",4564257,"[9.74, 0.07000000000000005]",0.007227988243103028,1.8069970607757568,WelfareSolutionConcept,7.094999999999999,1.9130146366402954,0.007079577207565308,0.00020968661691208332,1.769894301891327,0.052421654228020836,COMPLETE
457,6.3525,2025-06-12 22:47:39.264700,2025-06-12 22:47:41.430833,0 days 00:00:02.166133,11,0.6628587497679785,0.07203646558751832,0.9635960236700915,0.0018980448776138904,270,4571259,6.3525,2.774043754161062,0.54725,0.16920752790582338,270.0,4,5.5,"[0.32999999999999996, 0.21999999999999997]",4571259,"[3.3, 2.1999999999999997]",0.007270226655183015,1.962961196899414,5.529999999999999,"[0.653, -0.09999999999999999]",4572259,"[6.53, -0.9999999999999999]",0.007137139638264974,1.927027702331543,3.4500000000000006,"[0.445, -0.09999999999999999]",4573259,"[4.45, -0.9999999999999999]",0.00735814924593325,1.9867002964019775,10.93,"[0.7609999999999999, 0.332]",4574259,"[7.609999999999999, 3.3200000000000003]",0.006629322193287037,1.7899169921875,WelfareSolutionConcept,5.4725,1.6920752790582336,0.00709870943316707,0.00028219161731095045,1.9166515469551086,0.07619173667395668,COMPLETE
458,6.552500000000001,2025-06-12 22:47:41.448224,2025-06-12 22:47:42.911129,0 days 00:00:01.462905,10,0.6671924703348884,0.07385808246151092,0.9667589515791291,0.004990768269259966,170,4581261,6.552500000000001,0.8731659349745615,0.638,0.04510543204537562,170.0,4,5.790000000000001,"[0.56, 0.019000000000000013]",4581261,"[5.6000000000000005, 0.19000000000000014]",0.007518212935503791,1.2780961990356445,7.840000000000001,"[0.663, 0.121]",4582261,"[6.630000000000001, 1.21]",0.0070020409191355985,1.1903469562530518,6.87,"[0.6679999999999999, 0.019000000000000017]",4583261,"[6.68, 0.19000000000000017]",0.007012821646297679,1.1921796798706055,5.71,"[0.661, -0.08999999999999998]",4584261,"[6.61, -0.8999999999999998]",0.00740808458889232,1.2593743801116943,WelfareSolutionConcept,6.38,0.4510543204537563,0.007235290022457347,0.00023119291701285716,1.229999303817749,0.039302795892185695,COMPLETE
459,5.3125,2025-06-12 22:47:42.929223,2025-06-12 22:47:44.281957,0 days 00:00:01.352734,11,0.681700381804559,0.07156320892676,0.9674074438317102,0.0011155452300442082,148,4591262,5.3125,0.8767660748455085,0.525,0.0463303356344415,140.0,4,4.53,"[0.553, -0.09999999999999999]",4591262,"[5.53, -0.9999999999999999]",0.008205367837633405,1.1487514972686768,5.66,"[0.5559999999999999, 0.010000000000000007]",4592262,"[5.56, 0.10000000000000007]",0.008174923488071986,1.1444892883300781,4.47,"[0.445, 0.0020000000000000213]",4593262,"[4.45, 0.020000000000000212]",0.008128035068511962,1.1379249095916748,6.59,"[0.546, 0.11300000000000002]",4594262,"[5.460000000000001, 1.1300000000000001]",0.008348778315952847,1.1688289642333984,WelfareSolutionConcept,5.25,0.463303356344415,0.00821427617754255,8.239591435907458e-05,1.149998664855957,0.011535428010270372,COMPLETE
460,4.217499999999999,2025-06-12 22:47:44.297266,2025-06-12 22:47:46.600155,0 days 00:00:02.302889,11,0.6468114031621872,0.0762757832115134,0.9683834147951323,0.0015146832245700424,295,4601264,4.217499999999999,0.8659496232460641,0.33375,0.1325469256527665,290.0,4,3.46,"[0.33699999999999997, 0.009000000000000006]",4601264,"[3.3699999999999997, 0.09000000000000007]",0.007239886810039652,2.099567174911499,4.33,"[0.21900000000000003, 0.21400000000000002]",4602264,"[2.1900000000000004, 2.14]",0.007309639864954455,2.119795560836792,5.59,"[0.549, 0.01000000000000002]",4603264,"[5.49, 0.1000000000000002]",0.007273561379005169,2.109332799911499,3.489999999999999,"[0.22999999999999993, 0.11899999999999997]",4604264,"[2.2999999999999994, 1.1899999999999997]",0.007253262092327249,2.1034460067749023,WelfareSolutionConcept,3.3375,1.3254692565276647,0.007269087536581631,2.6304152328653344e-05,2.108035385608673,0.007628204175309464,COMPLETE
461,5.635000000000001,2025-06-12 22:47:48.808960,2025-06-12 22:47:50.206881,0 days 00:00:01.397921,10,0.7050583564876431,0.06759458437912898,0.9697777933941077,0.00168463229661896,181,4611268,5.635000000000001,1.0169931169875241,0.44625000000000004,0.07380506418939017,180.0,4,4.62,"[0.344, 0.11800000000000002]",4611268,"[3.4399999999999995, 1.1800000000000002]",0.006759798526763916,1.2167637348175049,6.74,"[0.453, 0.221]",4612268,"[4.53, 2.21]",0.006524899270799425,1.1744818687438965,6.5600000000000005,"[0.43600000000000005, 0.22000000000000006]",4613268,"[4.36, 2.2000000000000006]",0.006656217575073242,1.1981191635131836,4.62,"[0.552, -0.08999999999999998]",4614268,"[5.5200000000000005, -0.8999999999999998]",0.006704054938422309,1.2067298889160156,WelfareSolutionConcept,4.4625,0.7380506418939018,0.006661242577764724,8.683449964514334e-05,1.1990236639976501,0.015630209936125815,COMPLETE
462,7.24,2025-06-12 22:47:50.222343,2025-06-12 22:47:52.206278,0 days 00:00:01.983935,11,0.6541908199465316,0.059541053248676645,0.9724632020975431,0.01027427949701631,251,4621270,7.24,2.198670052554499,0.6625000000000001,0.07602137857208328,250.0,4,5.659999999999999,"[0.556, 0.01000000000000002]",4621270,"[5.5600000000000005, 0.1000000000000002]",0.0068999013900756835,1.724975347518921,10.97,"[0.7710000000000001, 0.32599999999999996]",4622270,"[7.710000000000001, 3.26]",0.00673271656036377,1.6831791400909424,5.609999999999999,"[0.6610000000000001, -0.09999999999999999]",4623270,"[6.610000000000001, -0.9999999999999999]",0.0071923847198486325,1.7980961799621582,6.720000000000001,"[0.6620000000000001, 0.010000000000000007]",4624270,"[6.620000000000001, 0.10000000000000007]",0.007119936943054199,1.7799842357635498,WelfareSolutionConcept,6.625000000000001,0.7602137857208326,0.00698623490333557,0.0001817271361191371,1.7465587258338928,0.045431784029784324,COMPLETE
463,5.4575000000000005,2025-06-12 22:47:52.223031,2025-06-12 22:47:54.218968,0 days 00:00:01.995937,10,0.6535899140383272,0.07062286748646684,0.9643499444727214,0.0013277688516867391,282,4631272,5.4575000000000005,1.135943990696725,0.5277500000000002,0.044639528447330226,280.0,4,5.790000000000002,"[0.56, 0.019000000000000024]",4631272,"[5.6000000000000005, 0.19000000000000022]",0.006044615166527884,1.6924922466278076,5.720000000000001,"[0.555, 0.01700000000000001]",4632272,"[5.550000000000001, 0.17000000000000012]",0.006291249820164272,1.761549949645996,3.6100000000000003,"[0.45099999999999996, -0.08999999999999998]",4633272,"[4.51, -0.8999999999999998]",0.006481342656271798,1.8147759437561035,6.710000000000002,"[0.5450000000000002, 0.12599999999999995]",4634272,"[5.450000000000001, 1.2599999999999993]",0.006258941548211234,1.7525036334991455,WelfareSolutionConcept,5.277500000000001,0.4463952844733022,0.006269037297793797,0.00015494690909316326,1.7553304433822632,0.043385134546085675,COMPLETE
464,4.427499999999998,2025-06-12 22:47:54.234317,2025-06-12 22:47:57.663485,0 days 00:00:03.429168,35,0.688544985952255,0.07515431676510978,0.9731184907414446,0.003210410142875069,189,4641274,4.427499999999998,2.164270951151911,0.585,0.1881223006450857,180.0,4,2.4399999999999986,"[0.3169999999999999, -0.07300000000000009]",4641274,"[3.169999999999999, -0.7300000000000009]",0.01802694797515869,3.2448506355285645,5.059999999999998,"[0.583, -0.0770000000000001]",4642274,"[5.83, -0.7700000000000009]",0.017211038536495634,3.097986936569214,7.6999999999999975,"[0.849, -0.0790000000000001]",4643274,"[8.49, -0.7900000000000009]",0.016347164577907986,2.9424896240234375,2.5099999999999985,"[0.591, -0.3400000000000002]",4644274,"[5.91, -3.400000000000002]",0.018002875645955405,3.2405176162719727,WelfareSolutionConcept,5.8500000000000005,1.8812230064508573,0.01739700668387943,0.0006893213744287784,3.131461203098297,0.12407784739718007,COMPLETE
465,5.99,2025-06-12 22:47:57.678652,2025-06-12 22:48:00.997579,0 days 00:00:03.318927,12,0.6646610436663906,0.064047964583088,0.9659345212320521,0.00044510460429354753,439,4651277,5.99,2.9517706550475755,0.49024999999999996,0.12533829223345908,430.0,4,4.340000000000001,"[0.43499999999999994, -0.0009999999999999898]",4651277,"[4.35, -0.009999999999999898]",0.007212379921314328,3.101323366165161,10.909999999999998,"[0.6569999999999999, 0.434]",4652277,"[6.569999999999999, 4.34]",0.0062621299610581506,2.692715883255005,5.490000000000002,"[0.5479999999999998, 0.001000000000000012]",4653277,"[5.479999999999999, 0.01000000000000012]",0.006269673414008562,2.6959595680236816,3.2200000000000006,"[0.32100000000000006, 0.001000000000000012]",4654277,"[3.210000000000001, 0.01000000000000012]",0.007269356417101483,3.1258232593536377,WelfareSolutionConcept,4.9025,1.2533829223345907,0.0067533849283706315,0.00048790656194761027,2.9039555191993713,0.20979982163747235,COMPLETE
466,4.732500000000001,2025-06-12 22:48:03.176576,2025-06-12 22:48:05.068726,0 days 00:00:01.892150,11,0.6709438873967011,0.0810586079362962,0.9779236285067525,0.0038470463495315415,200,4661283,4.732500000000001,2.07361248790607,0.38949999999999996,0.17955848629346371,200.0,4,3.4,"[0.33299999999999996, 0.007000000000000016]",4661283,"[3.3299999999999996, 0.07000000000000016]",0.007743639945983887,1.5487279891967773,7.700000000000001,"[0.5509999999999999, 0.21899999999999994]",4662283,"[5.51, 2.1899999999999995]",0.008078169822692872,1.6156339645385742,2.2900000000000005,"[0.11999999999999997, 0.10900000000000001]",4663283,"[1.1999999999999997, 1.09]",0.007675536870956421,1.5351073741912842,5.54,"[0.554, 8.326672684688674e-18]",4664283,"[5.540000000000001, 8.326672684688674e-17]",0.007490261793136597,1.4980523586273193,WelfareSolutionConcept,3.895,1.7955848629346374,0.0077469021081924445,0.00021254775273472676,1.5493804216384888,0.04250955054694531,COMPLETE
467,4.535,2025-06-12 22:48:05.083834,2025-06-12 22:48:07.534317,0 days 00:00:02.450483,11,0.6361937665459093,0.07463797473569904,0.9689842575215296,0.008159911330171233,305,4671285,4.535,1.337207912031633,0.44475,0.13227504488753725,300.0,4,2.36,"[0.33599999999999997, -0.09999999999999999]",4671285,"[3.3599999999999994, -0.9999999999999999]",0.007185374895731608,2.1556124687194824,5.609999999999999,"[0.6609999999999999, -0.09999999999999999]",4672285,"[6.609999999999999, -0.9999999999999999]",0.0071485376358032225,2.144561290740967,5.659999999999999,"[0.33799999999999997, 0.22799999999999998]",4673285,"[3.38, 2.28]",0.007130305767059326,2.139091730117798,4.51,"[0.44400000000000006, 0.0070000000000000045]",4674285,"[4.44, 0.07000000000000005]",0.0072697297732035315,2.1809189319610596,WelfareSolutionConcept,4.4475,1.3227504488753727,0.007183487017949422,5.3598231488961366e-05,2.1550461053848267,0.016079469446688418,COMPLETE
468,3.58,2025-06-12 22:48:07.549249,2025-06-12 22:48:09.223436,0 days 00:00:01.674187,12,0.8050094770101166,0.06811998484019163,0.9751910962601928,0.002250506125060556,178,4681287,3.58,0.43307043307064946,0.38649999999999995,0.056029010342857184,170.0,4,3.3400000000000003,"[0.333, 0.001000000000000012]",4681287,"[3.33, 0.01000000000000012]",0.008187446874730728,1.3918659687042236,3.3200000000000003,"[0.442, -0.10999999999999999]",4682287,"[4.42, -1.0999999999999999]",0.008025208641501034,1.3642854690551758,4.33,"[0.328, 0.10500000000000002]",4683287,"[3.2800000000000002, 1.0500000000000003]",0.008107746348661534,1.378316879272461,3.3300000000000005,"[0.44299999999999995, -0.10999999999999999]",4684287,"[4.43, -1.0999999999999999]",0.007850966734044692,1.3346643447875977,WelfareSolutionConcept,3.865,0.5602901034285719,0.008042842149734497,0.00012474994718270532,1.3672831654548645,0.02120749102105988,COMPLETE
469,5.152500000000001,2025-06-12 22:48:09.238396,2025-06-12 22:48:11.122641,0 days 00:00:01.884245,10,0.6141930924299432,0.07965622813901124,0.9480294140043861,0.002711000986095167,259,4691289,5.152500000000001,3.577110391083843,0.3915,0.19180784655482683,250.0,4,6.65,"[0.44000000000000006, 0.22500000000000003]",4691289,"[4.4, 2.2500000000000004]",0.00684363842010498,1.7109096050262451,10.010000000000002,"[0.6599999999999999, 0.34099999999999997]",4692289,"[6.6, 3.4099999999999997]",0.006582754135131836,1.645688533782959,3.5799999999999987,"[0.339, 0.019000000000000024]",4693289,"[3.39, 0.19000000000000022]",0.006667346000671387,1.6668365001678467,0.3700000000000005,"[0.12699999999999995, -0.08999999999999998]",4694289,"[1.2699999999999996, -0.8999999999999998]",0.006785908699035645,1.6964771747589111,WelfareSolutionConcept,3.915,1.9180784655482686,0.006719911813735963,0.00010153725362652133,1.6799779534339905,0.025384313406630343,COMPLETE
470,4.874999999999999,2025-06-12 22:48:11.138540,2025-06-12 22:48:13.284979,0 days 00:00:02.146439,16,0.6556114214439996,0.06166618171234701,0.9384158133948695,0.0007828768308145756,192,4701291,4.874999999999999,1.6231836002128655,0.4982500000000001,0.14233125974289695,190.0,4,7.199999999999999,"[0.64, 0.07999999999999999]",4701291,"[6.4, 0.7999999999999998]",0.00936368515616969,1.7791001796722412,4.869999999999999,"[0.31000000000000005, 0.177]",4702291,"[3.1000000000000005, 1.77]",0.010017386235688862,1.9033033847808838,2.6099999999999994,"[0.41100000000000003, -0.14999999999999997]",4703291,"[4.11, -1.4999999999999996]",0.010378146171569824,1.9718477725982666,4.819999999999999,"[0.632, -0.14999999999999997]",4704291,"[6.32, -1.4999999999999996]",0.009790518409327457,1.8601984977722168,WelfareSolutionConcept,4.9825,1.4233125974289695,0.00988743399318896,0.00036789655543926337,1.878612458705902,0.06990034553346003,COMPLETE
471,5.699999999999999,2025-06-12 22:48:15.532422,2025-06-12 22:48:17.961671,0 days 00:00:02.429249,21,0.645707252358644,0.07053782923266758,0.9443355684145252,0.0001650644431607335,184,4711295,5.699999999999999,0.9951130589033585,0.506,0.1673155701063114,180.0,4,5.42,"[0.742, -0.2]",4711295,"[7.42, -2.0]",0.012227830621931288,2.201009511947632,6.609999999999999,"[0.514, 0.147]",4712295,"[5.140000000000001, 1.47]",0.010995850298139783,1.9792530536651611,4.19,"[0.49899999999999994, -0.08000000000000004]",4713295,"[4.989999999999999, -0.8000000000000005]",0.012459166844685872,2.242650032043457,6.579999999999999,"[0.26899999999999996, 0.38899999999999996]",4714295,"[2.6899999999999995, 3.8899999999999997]",0.010265068213144938,1.8477122783660889,WelfareSolutionConcept,5.0600000000000005,1.673155701063114,0.011486978994475469,0.0008983712628831189,2.0676562190055847,0.16170682731896138,COMPLETE
472,6.434999999999999,2025-06-12 22:48:17.976815,2025-06-12 22:48:20.175010,0 days 00:00:02.198195,11,0.9348242393427744,0.07640733593312503,0.9793811195822335,0.056298482596842905,293,4721298,6.434999999999999,2.3592424631648186,0.47250000000000003,0.31171661810047924,290.0,4,2.349999999999999,"[0.01000000000000002, 0.22499999999999995]",4721298,"[0.1000000000000002, 2.2499999999999996]",0.006676954236523858,1.936316728591919,7.86,"[0.449, 0.337]",4722298,"[4.49, 3.37]",0.006211811920692181,1.8014254570007324,7.699999999999999,"[0.5480000000000002, 0.22199999999999998]",4723298,"[5.480000000000001, 2.2199999999999998]",0.0065725408751389075,1.9060368537902832,7.83,"[0.883, -0.09999999999999999]",4724298,"[8.83, -0.9999999999999999]",0.006553639214614342,1.9005553722381592,WelfareSolutionConcept,4.7250000000000005,3.117166181004792,0.006503736561742322,0.00017496332988273342,1.8860836029052734,0.0507393656659927,COMPLETE
473,4.4799999999999995,2025-06-12 22:48:20.190329,2025-06-12 22:48:22.616107,0 days 00:00:02.425778,13,0.6723009180548942,0.05813675791994949,0.9530082863013009,0.005642795600094786,271,4731300,4.4799999999999995,1.2333896383544005,0.431,0.17919123862510686,270.0,4,4.1,"[0.311, 0.09900000000000003]",4731300,"[3.11, 0.9900000000000003]",0.008013486862182617,2.1636414527893066,4.26,"[0.546, -0.11999999999999997]",4732300,"[5.460000000000001, -1.1999999999999997]",0.008211448457505969,2.2170910835266113,3.0900000000000003,"[0.20900000000000002, 0.10000000000000005]",4733300,"[2.0900000000000003, 1.0000000000000004]",0.008294985912464282,2.2396461963653564,6.469999999999999,"[0.6579999999999999, -0.01099999999999999]",4734300,"[6.579999999999999, -0.1099999999999999]",0.008311489776328758,2.2441022396087646,WelfareSolutionConcept,4.31,1.7919123862510689,0.008207852752120406,0.00011845236245723709,2.2161202430725098,0.031982137863454024,COMPLETE
474,6.012499999999999,2025-06-12 22:48:22.631474,2025-06-12 22:48:24.098345,0 days 00:00:01.466871,10,0.6316887084779005,0.09046612234993125,0.9689145511801331,0.05861079752554208,172,4741302,6.012499999999999,0.8748249824964994,0.6372500000000001,0.13888911944425306,170.0,4,4.7299999999999995,"[0.45500000000000007, 0.018000000000000013]",4741302,"[4.550000000000001, 0.18000000000000013]",0.007182715920840993,1.2210617065429688,6.790000000000001,"[0.769, -0.08999999999999998]",4742302,"[7.69, -0.8999999999999998]",0.007433070855982164,1.2636220455169678,6.85,"[0.775, -0.08999999999999998]",4743302,"[7.75, -0.8999999999999998]",0.007284440713770249,1.2383549213409424,5.68,"[0.55, 0.018000000000000023]",4744302,"[5.5, 0.18000000000000022]",0.007572671946357279,1.2873542308807373,WelfareSolutionConcept,6.3725000000000005,1.3888911944425306,0.007368224859237672,0.00014784870982041722,1.252598226070404,0.025134280669470918,COMPLETE
475,5.185,2025-06-12 22:48:24.113510,2025-06-12 22:48:25.742888,0 days 00:00:01.629378,12,0.9569322751370746,0.06662488432488178,0.9736126318043523,0.052168257734611284,199,4751304,5.185,2.7091926841773364,0.43575,0.1886893942435557,190.0,4,1.0800000000000003,"[0.10900000000000007, -0.0009999999999999898]",4751304,"[1.0900000000000007, -0.009999999999999898]",0.007652061863949424,1.4538917541503906,7.619999999999999,"[0.542, 0.22000000000000003]",4752304,"[5.42, 2.2]",0.00739192335229171,1.4044654369354248,7.63,"[0.541, 0.22200000000000006]",4753304,"[5.41, 2.2200000000000006]",0.006986387152420847,1.327413558959961,4.41,"[0.5509999999999999, -0.10999999999999999]",4754304,"[5.51, -1.0999999999999999]",0.0075107976009971215,1.4270515441894531,WelfareSolutionConcept,4.3575,1.8868939424355569,0.0073852924924147755,0.00024803571741164476,1.4032055735588074,0.04712678630821251,COMPLETE
476,6.1675,2025-06-12 22:48:28.012977,2025-06-12 22:48:30.225777,0 days 00:00:02.212800,11,0.6880875331399637,0.07250956649850024,0.927277924845035,0.04499453426922457,282,4761308,6.1675,2.52538487165818,0.5012500000000001,0.2393442865413754,280.0,4,10.030000000000001,"[0.7780000000000001, 0.22499999999999995]",4761308,"[7.780000000000001, 2.2499999999999996]",0.006427747862679618,1.799769401550293,4.539999999999999,"[0.554, -0.09999999999999999]",4762308,"[5.540000000000001, -0.9999999999999999]",0.007022242035184588,1.9662277698516846,6.699999999999999,"[0.5549999999999999, 0.11499999999999999]",4763308,"[5.549999999999999, 1.15]",0.006953719684055873,1.9470415115356445,3.4000000000000004,"[0.11799999999999997, 0.22200000000000003]",4764308,"[1.1799999999999997, 2.22]",0.007261136599949428,2.03311824798584,WelfareSolutionConcept,5.0125,2.3934428654137543,0.006916211545467377,0.0003042282809922805,1.9365392327308655,0.08518391867783855,COMPLETE
477,4.199999999999999,2025-06-12 22:48:30.240730,2025-06-12 22:48:32.559108,0 days 00:00:02.318378,13,0.679521063102778,0.07789067833876902,0.9720265294471575,0.039700523050785655,253,4771310,4.199999999999999,2.655814376043627,0.37675000000000003,0.23704574980370346,250.0,4,2.02,"[0.32199999999999995, -0.11999999999999997]",4771310,"[3.2199999999999998, -1.1999999999999997]",0.00856747531890869,2.141868829727173,8.52,"[0.757, 0.09500000000000006]",4772310,"[7.57, 0.9500000000000006]",0.00823030948638916,2.05757737159729,2.0100000000000002,"[0.10400000000000006, 0.097]",4773310,"[1.0400000000000007, 0.97]",0.008551403999328614,2.1378509998321533,4.25,"[0.324, 0.10100000000000005]",4774310,"[3.24, 1.0100000000000005]",0.00841615104675293,2.1040377616882324,WelfareSolutionConcept,3.7675,2.3704574980370348,0.008441334962844849,0.0001352706209450639,2.110333740711212,0.03381765523626594,COMPLETE
478,4.305000000000001,2025-06-12 22:48:32.574924,2025-06-12 22:48:35.067473,0 days 00:00:02.492549,14,0.765377636429252,0.05560052315574429,0.924651551813547,0.0019791851945603696,266,4781312,4.305000000000001,2.4185274445414096,0.4517500000000001,0.23003518752573485,260.0,4,5.260000000000001,"[0.6559999999999999, -0.12999999999999995]",4781312,"[6.559999999999999, -1.2999999999999994]",0.00828631199323214,2.1544411182403564,3.9400000000000004,"[0.41500000000000015, -0.020999999999999998]",4782312,"[4.150000000000001, -0.20999999999999996]",0.00831975294993474,2.1631357669830322,0.6800000000000002,"[0.09, -0.022]",4783312,"[0.8999999999999999, -0.21999999999999997]",0.008499612258030817,2.2098991870880127,7.340000000000001,"[0.6460000000000001, 0.08800000000000002]",4784312,"[6.460000000000001, 0.8800000000000002]",0.008458142097179707,2.1991169452667236,WelfareSolutionConcept,4.5175,2.3003518752573484,0.00839095482459435,8.991717932214365e-05,2.1816482543945312,0.023378466623757383,COMPLETE
479,3.8100000000000005,2025-06-12 22:48:35.082801,2025-06-12 22:48:36.691398,0 days 00:00:01.608597,12,0.9446726389297366,0.09477722969102746,0.9620364595334377,0.06320165041992812,185,4791315,3.8100000000000005,0.5150242712727233,0.383,0.05804308744372576,180.0,4,3.3000000000000007,"[0.43999999999999995, -0.10999999999999999]",4791315,"[4.3999999999999995, -1.0999999999999999]",0.007728668053944906,1.391160249710083,3.290000000000001,"[0.32800000000000007, 0.001000000000000012]",4792315,"[3.2800000000000007, 0.01000000000000012]",0.007905664708879259,1.4230196475982666,4.33,"[0.442, -0.008999999999999985]",4793315,"[4.42, -0.08999999999999986]",0.007681071758270264,1.3825929164886475,4.32,"[0.32200000000000006, 0.11000000000000001]",4794315,"[3.2200000000000006, 1.1]",0.007824483182695177,1.4084069728851318,WelfareSolutionConcept,3.83,0.5804308744372575,0.007784971925947402,8.673704241475468e-05,1.4012949466705322,0.015612667634655858,COMPLETE
480,3.6,2025-06-12 22:48:36.706824,2025-06-12 22:48:38.290585,0 days 00:00:01.583761,10,0.6516139554447088,0.08427524782715956,0.9764899226280066,0.05172802751212874,209,4801316,3.6,1.1001136304945962,0.28800000000000003,0.12254794979925207,200.0,4,4.69,"[0.23600000000000004, 0.233]",4801316,"[2.3600000000000003, 2.33]",0.0070158493518829345,1.403169870376587,2.4799999999999995,"[0.12199999999999997, 0.12599999999999997]",4802316,"[1.2199999999999998, 1.2599999999999998]",0.0069661903381347656,1.3932380676269531,4.710000000000001,"[0.45200000000000007, 0.019000000000000013]",4803316,"[4.5200000000000005, 0.19000000000000014]",0.006982007026672363,1.3964014053344727,2.52,"[0.34199999999999997, -0.08999999999999998]",4804316,"[3.42, -0.8999999999999998]",0.0070049047470092775,1.4009809494018555,WelfareSolutionConcept,2.8800000000000003,1.2254794979925208,0.006992237865924835,1.937198958123102e-05,1.398447573184967,0.003874397916246199,COMPLETE
481,4.62,2025-06-12 22:48:40.608119,2025-06-12 22:48:42.194033,0 days 00:00:01.585914,10,0.6163627525500872,0.06402847302363773,0.9421012432485616,0.04262152311707467,192,4811320,4.62,1.5103476421009832,0.36700000000000005,0.046362700525314486,190.0,4,2.44,"[0.3340000000000001, -0.08999999999999998]",4811320,"[3.3400000000000007, -0.8999999999999998]",0.007356196955630654,1.3976774215698242,6.71,"[0.342, 0.32900000000000007]",4812320,"[3.4200000000000004, 3.290000000000001]",0.007137785459819593,1.3561792373657227,4.66,"[0.44699999999999995, 0.019000000000000024]",4813320,"[4.47, 0.19000000000000022]",0.0073306836579975325,1.3928298950195312,4.67,"[0.34500000000000003, 0.122]",4814320,"[3.45, 1.22]",0.007038131513093647,1.337244987487793,WelfareSolutionConcept,3.67,0.46362700525314493,0.007215699396635356,0.00013281743038872504,1.3709828853607178,0.025235311773857735,COMPLETE
482,4.7749999999999995,2025-06-12 22:48:42.209661,2025-06-12 22:48:43.709709,0 days 00:00:01.500048,11,0.5257645997109522,0.08990645417704936,0.9779330457563629,0.06673593210766836,166,4821322,4.7749999999999995,2.0980645843252774,0.46825000000000006,0.16037670497924567,160.0,4,6.71,"[0.44400000000000006, 0.227]",4821322,"[4.44, 2.27]",0.007870092988014221,1.2592148780822754,5.589999999999999,"[0.549, 0.01000000000000002]",4822322,"[5.49, 0.1000000000000002]",0.008163955807685853,1.3062329292297363,5.569999999999999,"[0.657, -0.09999999999999999]",4823322,"[6.57, -0.9999999999999999]",0.008177453279495239,1.3083925247192383,1.2300000000000002,"[0.223, -0.09999999999999999]",4824322,"[2.23, -0.9999999999999999]",0.008194893598556519,1.311182975769043,WelfareSolutionConcept,4.6825,1.6037670497924568,0.008101598918437957,0.00013410924547534666,1.2962558269500732,0.02145747927605546,COMPLETE
483,6.87,2025-06-12 22:48:43.724902,2025-06-12 22:48:46.915010,0 days 00:00:03.190108,12,0.6615776181737768,0.03424566737669088,0.9713770726277499,0.03424981080873274,419,4831323,6.87,0.5103430218980172,0.68775,0.04783500287446423,410.0,4,7.75,"[0.664, 0.11100000000000003]",4831323,"[6.640000000000001, 1.1100000000000003]",0.007164377700991747,2.937394857406616,6.6,"[0.77, -0.10999999999999999]",4832323,"[7.7, -1.0999999999999999]",0.007345212378152987,3.0115370750427246,6.63,"[0.666, -0.0029999999999999914]",4833323,"[6.66, -0.029999999999999916]",0.006973228221986352,2.8590235710144043,6.5,"[0.6509999999999999, -0.0009999999999999898]",4834323,"[6.509999999999999, -0.009999999999999898]",0.007260193475862829,2.9766793251037598,WelfareSolutionConcept,6.8774999999999995,0.4783500287446424,0.007185752944248479,0.00013837662592093713,2.946158707141876,0.0567344166275842,COMPLETE
484,6.657499999999999,2025-06-12 22:48:46.930318,2025-06-12 22:48:48.742828,0 days 00:00:01.812510,13,0.6261470672381735,0.07347589911736625,0.9660360591740308,0.05853081906063728,179,4841326,6.657499999999999,0.4123332996496887,0.48549999999999993,0.23599417365689343,170.0,4,6.46,"[0.5459999999999999, 0.10000000000000002]",4841326,"[5.459999999999999, 1.0000000000000002]",0.008828215038075167,1.5007965564727783,6.419999999999998,"[0.10400000000000006, 0.5379999999999999]",4842326,"[1.0400000000000007, 5.379999999999999]",0.008608186946195714,1.4633917808532715,6.38,"[0.5409999999999999, 0.09700000000000003]",4843326,"[5.409999999999999, 0.9700000000000003]",0.00908371139975155,1.5442309379577637,7.369999999999999,"[0.751, -0.013999999999999985]",4844326,"[7.51, -0.13999999999999985]",0.009036500313702752,1.5362050533294678,WelfareSolutionConcept,4.855,2.3599417365689344,0.008889153424431296,0.00018856004372777807,1.5111560821533203,0.03205520743372223,COMPLETE
485,8.0025,2025-06-12 22:48:48.758041,2025-06-12 22:48:50.939255,0 days 00:00:02.181214,11,0.9598902137959918,0.14120617724708256,0.9460720495541528,0.04818191502459425,278,4851328,8.0025,1.1458703024339192,0.6335000000000001,0.08801562361308356,270.0,4,7.8,"[0.556, 0.22399999999999998]",4851328,"[5.5600000000000005, 2.2399999999999998]",0.007277193775883427,1.9648423194885254,7.8,"[0.77, 0.010000000000000007]",4852328,"[7.7, 0.10000000000000007]",0.0073413018827085145,1.9821515083312988,9.8,"[0.6519999999999999, 0.32799999999999996]",4853328,"[6.52, 3.2799999999999994]",0.007128043527956362,1.9245717525482178,6.609999999999999,"[0.5560000000000002, 0.10499999999999994]",4854328,"[5.560000000000001, 1.0499999999999994]",0.0072964703595196755,1.9700469970703125,WelfareSolutionConcept,6.335000000000001,0.8801562361308357,0.007260752386516994,8.007177304907839e-05,1.9604031443595886,0.021619378723251183,COMPLETE
486,2.7475000000000005,2025-06-12 22:48:53.779024,2025-06-12 22:48:56.815775,0 days 00:00:03.036751,12,0.9356418406472042,0.14785420117027998,0.945399496697967,0.04982800035728151,267,4861333,2.7475000000000005,2.3773343790893193,0.19175000000000003,0.2927860780501696,260.0,4,6.56,"[0.655, 0.001000000000000012]",4861333,"[6.550000000000001, 0.01000000000000012]",0.010332025931431697,2.686326742172241,0.010000000000000231,"[0.001000000000000012, 1.1102230246251566e-17]",4862333,"[0.01000000000000012, 1.1102230246251565e-16]",0.008655004317943867,2.2503011226654053,2.21,"[-0.10999999999999999, 0.33100000000000007]",4863333,"[-1.0999999999999999, 3.3100000000000005]",0.009388195551358737,2.4409308433532715,2.21,"[0.22100000000000003, 1.1102230246251566e-17]",4864333,"[2.2100000000000004, 1.1102230246251565e-16]",0.010750927374913143,2.795241117477417,WelfareSolutionConcept,1.9175000000000004,2.927860780501696,0.009781538293911861,0.0008164785884449377,2.5431999564170837,0.21228443299568375,COMPLETE
487,3.2174999999999976,2025-06-12 22:48:56.832751,2025-06-12 22:49:04.777912,0 days 00:00:07.945161,48,0.9460387295830196,0.08028332695480525,0.9494289588059663,0.04884118203297714,260,4871336,3.2174999999999976,1.5814451460610321,0.578,0.12258466462000879,260.0,4,0.7199999999999979,"[0.40299999999999975, -0.33100000000000024]",4871336,"[4.029999999999998, -3.3100000000000023]",0.029883319597977857,7.769663095474243,5.089999999999997,"[0.6910000000000001, -0.1820000000000002]",4872336,"[6.91, -1.8200000000000018]",0.022352216793940616,5.8115763664245605,3.3499999999999974,"[0.5229999999999999, -0.18800000000000017]",4873336,"[5.229999999999999, -1.8800000000000017]",0.029624651028559757,7.702409267425537,3.7099999999999973,"[0.6950000000000001, -0.3240000000000002]",4874336,"[6.950000000000001, -3.240000000000002]",0.02472458527638362,6.428392171859741,WelfareSolutionConcept,5.779999999999999,1.2258466462000879,0.02664619317421546,0.003220287593557985,6.9280102252960205,0.8372747743250761,COMPLETE
488,7.9325,2025-06-12 22:49:04.793049,2025-06-12 22:49:06.979386,0 days 00:00:02.186337,14,0.9538153063291842,0.12194207895660623,0.9429777936007339,0.05948342810649382,276,4881344,7.9325,2.5120148785387393,0.5650000000000001,0.16287878928823113,270.0,4,7.290000000000001,"[0.638, 0.09100000000000003]",4881344,"[6.38, 0.9100000000000003]",0.0074551688300238715,2.0128955841064453,4.130000000000001,"[0.31800000000000006, 0.095]",4882344,"[3.1800000000000006, 0.95]",0.007082730752450449,1.912337303161621,10.649999999999999,"[0.541, 0.524]",4883344,"[5.41, 5.24]",0.00710175390596743,1.917473554611206,9.66,"[0.763, 0.203]",4884344,"[7.63, 2.0300000000000002]",0.006766128540039063,1.8268547058105469,WelfareSolutionConcept,5.65,1.628787892882311,0.007101445507120203,0.00024387906569174074,1.9173902869224548,0.06584734773677002,COMPLETE
489,4.2325,2025-06-12 22:49:06.994254,2025-06-12 22:49:09.425669,0 days 00:00:02.431415,15,0.9524001842270214,0.08276239901400907,0.9452065932503335,0.06120250232524231,272,4891347,4.2325,0.5187665660005472,0.45150000000000007,0.1682862145275127,270.0,4,5.13,"[0.6530000000000001, -0.13999999999999996]",4891347,"[6.530000000000001, -1.3999999999999995]",0.007786287201775445,2.10229754447937,3.9000000000000004,"[0.196, 0.19399999999999998]",4892347,"[1.96, 1.9399999999999997]",0.00812170770433214,2.1928610801696777,3.9699999999999998,"[0.42399999999999993, -0.026999999999999996]",4893347,"[4.239999999999999, -0.26999999999999996]",0.0077720624429208265,2.098456859588623,3.9299999999999993,"[0.5330000000000001, -0.13999999999999996]",4894347,"[5.330000000000002, -1.3999999999999995]",0.007936274563824688,2.142794132232666,WelfareSolutionConcept,4.515000000000001,1.682862145275127,0.007904082978213276,0.00014115778962563838,2.1341024041175842,0.03811260319892235,COMPLETE
490,5.467499999999999,2025-06-12 22:49:09.440699,2025-06-12 22:49:12.019976,0 days 00:00:02.579277,14,0.5430951178233023,0.15684821086699968,0.9471712219275039,0.07155993196143677,285,4901349,5.467499999999999,3.7598828106737576,0.56625,0.43448036491883035,280.0,4,5.2,"[0.538, -0.01799999999999998]",4901349,"[5.380000000000001, -0.17999999999999983]",0.008272835186549596,2.3163938522338867,7.39,"[0.869, -0.12999999999999995]",4902349,"[8.69, -1.2999999999999994]",0.008022375617708478,2.246265172958374,9.709999999999999,"[0.9879999999999999, -0.016999999999999994]",4903349,"[9.879999999999999, -0.16999999999999993]",0.007323549474988665,2.050593852996826,-0.4299999999999997,"[-0.12999999999999995, 0.08700000000000005]",4904349,"[-1.2999999999999994, 0.8700000000000006]",0.008436285597937448,2.3621599674224854,WelfareSolutionConcept,5.6625,4.344803649188303,0.008013761469296048,0.00042488605263481873,2.243853211402893,0.11896809473774922,COMPLETE
491,5.655,2025-06-12 22:49:14.370470,2025-06-12 22:49:16.995395,0 days 00:00:02.624925,15,0.6690391063800306,0.04045238824523399,0.9410094579194659,0.056986399816499216,276,4911354,5.655,2.022381022458429,0.56525,0.2158661332863495,270.0,4,6.18,"[0.758, -0.13999999999999996]",4911354,"[7.58, -1.3999999999999995]",0.008736569793136032,2.3588738441467285,2.8200000000000003,"[0.199, 0.08299999999999999]",4912354,"[1.9900000000000002, 0.8299999999999998]",0.008766365934301306,2.3669188022613525,5.17,"[0.657, -0.13999999999999996]",4913354,"[6.57, -1.3999999999999995]",0.009054161884166577,2.4446237087249756,8.450000000000001,"[0.6470000000000001, 0.19799999999999998]",4914354,"[6.4700000000000015, 1.9799999999999998]",0.008176151911417644,2.2075610160827637,WelfareSolutionConcept,5.652500000000001,2.1586613328634945,0.00868331238075539,0.00031799187905090146,2.344494342803955,0.08585780734374344,COMPLETE
492,5.205,2025-06-12 22:49:17.010259,2025-06-12 22:49:19.720211,0 days 00:00:02.709952,16,0.6993085435530539,0.14062267903228484,0.9431752944882951,0.06874650936600762,279,4921357,5.205,3.727267766072086,0.38949999999999996,0.1662866500955503,270.0,4,9.34,"[0.4109999999999999, 0.523]",4921357,"[4.109999999999999, 5.23]",0.009086701605055068,2.453409433364868,8.309999999999999,"[0.6449999999999999, 0.186]",4922357,"[6.449999999999999, 1.8599999999999999]",0.008079290390014648,2.181408405303955,0.44,"[0.19400000000000003, -0.14999999999999997]",4923357,"[1.9400000000000004, -1.4999999999999996]",0.009259484432361744,2.500060796737671,2.7299999999999995,"[0.30800000000000005, -0.034999999999999996]",4924357,"[3.0800000000000005, -0.35]",0.0086709667135168,2.341161012649536,WelfareSolutionConcept,3.895,1.6628665009555033,0.008774110785237065,0.0004546192580351369,2.3690099120140076,0.12274719966948695,COMPLETE
493,5.2275,2025-06-12 22:49:19.735455,2025-06-12 22:49:21.870506,0 days 00:00:02.135051,14,0.961338062304379,0.13613271700492396,0.9398785302629649,0.05624325846694896,265,4931359,5.2275,2.370077794081874,0.45775,0.12166013110300351,260.0,4,6.31,"[0.42700000000000005, 0.20400000000000001]",4931359,"[4.2700000000000005, 2.04]",0.007519417542677659,1.9550485610961914,8.600000000000001,"[0.654, 0.20600000000000004]",4932359,"[6.54, 2.0600000000000005]",0.007137174789722149,1.8556654453277588,3.000000000000001,"[0.32, -0.019999999999999983]",4933359,"[3.2, -0.19999999999999984]",0.007277310811556303,1.8921008110046387,3.000000000000001,"[0.43000000000000005, -0.12999999999999995]",4934359,"[4.300000000000001, -1.2999999999999994]",0.007338305620046762,1.9079594612121582,WelfareSolutionConcept,4.577500000000001,1.2166013110300349,0.007318052191000719,0.00013723583764493116,1.9026935696601868,0.035681317787682104,COMPLETE
494,5.3549999999999995,2025-06-12 22:49:21.888122,2025-06-12 22:49:24.009397,0 days 00:00:02.121275,13,0.6390187306457793,0.08597295159465257,0.943892446442987,0.0453960626812473,243,4941361,5.3549999999999995,1.3814213694597313,0.40725,0.14441844584401256,240.0,4,5.38,"[0.546, -0.007999999999999993]",4941361,"[5.460000000000001, -0.07999999999999993]",0.00737328827381134,1.7695891857147217,7.6,"[0.5479999999999999, 0.21200000000000002]",4942361,"[5.4799999999999995, 2.12]",0.007677848140398662,1.8426835536956787,4.3100000000000005,"[0.21600000000000003, 0.21500000000000002]",4943361,"[2.16, 2.1500000000000004]",0.007353857159614563,1.7649257183074951,4.13,"[0.31900000000000006, 0.094]",4944361,"[3.1900000000000004, 0.94]",0.008072669307390848,1.9374406337738037,WelfareSolutionConcept,4.072500000000001,1.444184458440126,0.007619415720303854,0.0002915275420083223,1.8286597728729248,0.06996661008199741,COMPLETE
495,5.067499999999999,2025-06-12 22:49:24.024948,2025-06-12 22:49:26.641535,0 days 00:00:02.616587,17,0.9388195626946817,0.12478532886276317,0.9466996662725111,0.052445826250283246,270,4951364,5.067499999999999,2.1799240239054205,0.44175,0.09475857480988199,270.0,4,5.96,"[0.4149999999999999, 0.181]",4951364,"[4.1499999999999995, 1.81]",0.007957303082501447,2.1484718322753906,7.06,"[0.528, 0.178]",4952364,"[5.28, 1.7799999999999998]",0.00835542325620298,2.2559642791748047,1.38,"[0.29799999999999993, -0.15999999999999998]",4953364,"[2.9799999999999995, -1.5999999999999996]",0.009017524012812861,2.4347314834594727,5.869999999999998,"[0.5259999999999999, 0.061]",4954364,"[5.259999999999999, 0.61]",0.008905658015498408,2.4045276641845703,WelfareSolutionConcept,4.4174999999999995,0.9475857480988199,0.008558977091753923,0.00042833944456424107,2.3109238147735596,0.11565165003234519,COMPLETE
496,5.1850000000000005,2025-06-12 22:49:28.965203,2025-06-12 22:49:31.374280,0 days 00:00:02.409077,14,0.6530772211448675,0.1440121087588049,0.9193001790801313,0.0645008147855699,254,4961369,5.1850000000000005,2.5000649991550223,0.48250000000000004,0.16637683131974837,250.0,4,6.280000000000001,"[0.429, 0.19900000000000007]",4961369,"[4.29, 1.9900000000000007]",0.007863590240478516,1.965897560119629,4.11,"[0.43200000000000005, -0.020999999999999974]",4962369,"[4.32, -0.20999999999999974]",0.00888309669494629,2.2207741737365723,1.81,"[0.31100000000000005, -0.12999999999999995]",4963369,"[3.1100000000000003, -1.2999999999999994]",0.008548725128173828,2.137181282043457,8.540000000000001,"[0.758, 0.096]",4964369,"[7.58, 0.96]",0.007936387062072755,1.9840967655181885,WelfareSolutionConcept,4.824999999999999,1.6637683131974834,0.008307949781417846,0.0004255234998733001,2.0769874453544617,0.10638087496832503,COMPLETE
497,4.5200000000000005,2025-06-12 22:49:31.389431,2025-06-12 22:49:34.286820,0 days 00:00:02.897389,13,0.9573363937570535,0.07715536777227888,0.9418029678165067,0.04766116665258825,363,4971371,4.5200000000000005,1.6616558007000124,0.46099999999999997,0.12162442188968466,360.0,4,5.390000000000001,"[0.438, 0.101]",4971371,"[4.38, 1.01]",0.007071181800630357,2.5456254482269287,4.23,"[0.43199999999999994, -0.008999999999999984]",4972371,"[4.319999999999999, -0.08999999999999983]",0.0072024312284257675,2.5928752422332764,1.9900000000000002,"[0.319, -0.11999999999999997]",4973371,"[3.19, -1.1999999999999997]",0.007536689440409343,2.7132081985473633,6.47,"[0.655, -0.007999999999999993]",4974371,"[6.550000000000001, -0.07999999999999993]",0.007232849465476142,2.603825807571411,WelfareSolutionConcept,4.609999999999999,1.2162442188968468,0.0072607879837354025,0.0001704832764226873,2.613883674144745,0.06137397951216737,COMPLETE
498,7.5425,2025-06-12 22:49:34.302213,2025-06-12 22:49:36.529043,0 days 00:00:02.226830,13,0.9470904539530242,0.1332667900966312,0.9381543917783918,0.07464490483033615,277,4981374,7.5425,1.8521524640266525,0.62975,0.050096781333734436,270.0,4,6.49,"[0.657, -0.007999999999999993]",4981374,"[6.57, -0.07999999999999993]",0.00699621836344401,1.8889789581298828,6.42,"[0.5429999999999999, 0.099]",4982374,"[5.43, 0.99]",0.007252735561794705,1.9582386016845703,10.75,"[0.659, 0.41600000000000004]",4983374,"[6.59, 4.16]",0.007125803276344582,1.923966884613037,6.51,"[0.6599999999999999, -0.008999999999999994]",4984374,"[6.6, -0.08999999999999994]",0.007547648747762045,2.037865161895752,WelfareSolutionConcept,6.297499999999999,0.5009678133373441,0.007230601487336335,0.00020428350177398888,1.9522624015808105,0.05515654547897694,COMPLETE
499,5.0475,2025-06-12 22:49:36.544538,2025-06-12 22:49:39.125238,0 days 00:00:02.580700,15,0.9371785589166093,0.14000907923447625,0.9974239432689478,0.06081529317631529,282,4991376,5.0475,1.312561903302088,0.50775,0.09649190380544886,280.0,4,5.16,"[0.656, -0.13999999999999996]",4991376,"[6.5600000000000005, -1.3999999999999995]",0.007963330405099051,2.2297325134277344,3.9900000000000007,"[0.4250000000000001, -0.025999999999999995]",4992376,"[4.250000000000001, -0.25999999999999995]",0.007975529772894722,2.2331483364105225,7.15,"[0.531, 0.184]",4993376,"[5.3100000000000005, 1.8399999999999999]",0.008589105946677071,2.40494966506958,3.89,"[0.41900000000000004, -0.03]",4994376,"[4.19, -0.3]",0.008441082920346942,2.3635032176971436,WelfareSolutionConcept,5.0775000000000015,0.9649190380544888,0.008242262261254445,0.0002778396108028819,2.307833433151245,0.07779509102480688,COMPLETE
500,5.445000000000001,2025-06-12 22:49:39.140017,2025-06-12 22:49:41.540267,0 days 00:00:02.400250,14,0.943085249745283,0.13601321557189455,0.9372075996154193,0.07123930365292482,277,5001379,5.445000000000001,0.5140282093426393,0.45300000000000007,0.15013826960505441,270.0,4,5.090000000000001,"[0.19300000000000006, 0.316]",5001379,"[1.9300000000000006, 3.16]",0.00807548099093967,2.180379867553711,5.240000000000001,"[0.542, -0.017999999999999995]",5002379,"[5.42, -0.17999999999999994]",0.007674972216288249,2.072242498397827,5.12,"[0.5350000000000001, -0.022999999999999975]",5003379,"[5.350000000000001, -0.22999999999999976]",0.008205819129943847,2.215571165084839,6.330000000000001,"[0.542, 0.091]",5004379,"[5.42, 0.9099999999999999]",0.008079691286440248,2.181516647338867,WelfareSolutionConcept,4.530000000000001,1.5013826960505439,0.008008990905903004,0.0001998307471382498,2.162427544593811,0.05395430172732755,COMPLETE
501,2.87,2025-06-12 22:49:43.928378,2025-06-12 22:49:46.228832,0 days 00:00:02.300454,13,0.9502932143026805,0.13167589954175288,0.9697058157318696,0.0035607008982326597,285,5011383,2.87,2.1065137075272022,0.24174999999999996,0.1441949635042777,280.0,4,0.9300000000000002,"[0.10200000000000005, -0.008999999999999994]",5011383,"[1.0200000000000005, -0.08999999999999994]",0.007522820574896676,2.1063897609710693,6.43,"[0.43599999999999994, 0.207]",5012383,"[4.359999999999999, 2.07]",0.00745778168950762,2.088178873062134,2.0700000000000003,"[0.10400000000000002, 0.10300000000000001]",5013383,"[1.0400000000000003, 1.03]",0.007413676806858608,2.07582950592041,2.050000000000001,"[0.3249999999999999, -0.11999999999999997]",5014383,"[3.249999999999999, -1.1999999999999997]",0.007504216262272426,2.1011805534362793,WelfareSolutionConcept,2.4174999999999995,1.4419496350427772,0.007474623833383833,4.241708262185111e-05,2.092894673347473,0.011876783134118343,COMPLETE
502,6.1425,2025-06-12 22:49:46.243852,2025-06-12 22:49:48.412968,0 days 00:00:02.169116,13,0.9483506834579737,0.14040321857533658,0.9227677403894066,0.05043933193790825,264,5021386,6.1425,2.604394123399912,0.5687500000000001,0.2594969893852335,260.0,4,3.1800000000000006,"[0.438, -0.11999999999999997]",5021386,"[4.38, -1.1999999999999997]",0.0075876758648799015,1.9727957248687744,7.49,"[0.757, -0.007999999999999993]",5022386,"[7.57, -0.07999999999999993]",0.007463592749375563,1.9405341148376465,9.709999999999999,"[0.868, 0.10300000000000005]",5023386,"[8.68, 1.0300000000000005]",0.007061206377469576,1.8359136581420898,4.1899999999999995,"[0.21199999999999997, 0.20700000000000002]",5024386,"[2.1199999999999997, 2.0700000000000003]",0.00763008136015672,1.983821153640747,WelfareSolutionConcept,5.6875,2.5949698938523356,0.007435639087970441,0.00022466877877497623,1.9332661628723145,0.05841388248149377,COMPLETE
503,4.9575,2025-06-12 22:49:48.429745,2025-06-12 22:49:50.784176,0 days 00:00:02.354431,14,0.9638204171717679,0.14324343912753226,0.9750046575890053,0.04089180162234871,277,5031388,4.9575,1.2131441587874048,0.43,0.1361671766616316,270.0,4,3.0,"[0.20700000000000002, 0.093]",5031388,"[2.0700000000000003, 0.9299999999999999]",0.007868061242280183,2.1243765354156494,5.26,"[0.43200000000000005, 0.09400000000000003]",5032388,"[4.32, 0.9400000000000003]",0.007763452000088162,2.0961320400238037,5.24,"[0.5429999999999999, -0.018999999999999996]",5033388,"[5.43, -0.18999999999999995]",0.007723418871561686,2.0853230953216553,6.33,"[0.538, 0.095]",5034388,"[5.380000000000001, 0.95]",0.008030067549811469,2.1681182384490967,WelfareSolutionConcept,4.300000000000001,1.3616717666163163,0.007846249915935376,0.00011854072803397454,2.1184874773025513,0.03200599656917311,COMPLETE
504,5.327500000000001,2025-06-12 22:49:50.800091,2025-06-12 22:49:53.312078,0 days 00:00:02.511987,15,0.96644131543481,0.15234718796547014,0.9383765368618358,0.06210173156530241,289,5041390,5.327500000000001,2.786219436799622,0.5327500000000001,0.2095690518659662,280.0,4,6.04,"[0.526, 0.078]",5041390,"[5.26, 0.78]",0.008332869836262293,2.3332035541534424,9.59,"[0.8710000000000001, 0.088]",5042390,"[8.71, 0.8799999999999999]",0.008161469868251255,2.2852115631103516,2.83,"[0.42300000000000004, -0.13999999999999996]",5043390,"[4.23, -1.3999999999999995]",0.008166147129876273,2.2865211963653564,2.85,"[0.31099999999999994, -0.025999999999999995]",5044390,"[3.1099999999999994, -0.25999999999999995]",0.00805376512663705,2.255054235458374,WelfareSolutionConcept,5.327500000000001,2.0956905186596617,0.008178562990256719,9.978907492443974e-05,2.289997637271881,0.02794094097884326,COMPLETE
505,5.7250000000000005,2025-06-12 22:49:53.329285,2025-06-12 22:49:55.316958,0 days 00:00:01.987673,12,0.9283976571544861,0.14796697507147835,0.9670602704884963,0.055912489125945895,256,5051393,5.7250000000000005,1.3827960804109907,0.5482499999999999,0.13125238093078537,250.0,4,6.52,"[0.6559999999999999, -0.003999999999999992]",5051393,"[6.559999999999999, -0.039999999999999925]",0.0070710210800170896,1.7677552700042725,6.510000000000001,"[0.5479999999999998, 0.10300000000000006]",5052393,"[5.479999999999999, 1.0300000000000007]",0.006964741706848144,1.7411854267120361,6.54,"[0.655, -0.0009999999999999898]",5053393,"[6.550000000000001, -0.009999999999999898]",0.0072342405319213866,1.8085601329803467,3.330000000000001,"[0.3340000000000001, -0.0009999999999999898]",5054393,"[3.3400000000000007, -0.009999999999999898]",0.007038885116577148,1.759721279144287,WelfareSolutionConcept,5.482499999999999,1.3125238093078535,0.007077222108840942,9.850736489400084e-05,1.7693055272102356,0.024626841223500194,COMPLETE
506,7.26,2025-06-12 22:49:57.731594,2025-06-12 22:50:00.081561,0 days 00:00:02.349967,13,0.9550688434331661,0.12524879523603397,0.970916283599344,0.0756701403536119,296,5061397,7.26,3.26918185483769,0.6262500000000001,0.21614737449249763,290.0,4,10.81,"[0.8790000000000001, 0.202]",5061397,"[8.790000000000001, 2.02]",0.00741918580285434,2.151563882827759,7.56,"[0.541, 0.21500000000000002]",5062397,"[5.41, 2.1500000000000004]",0.007379054201060328,2.139925718307495,8.700000000000001,"[0.768, 0.10200000000000002]",5063397,"[7.68, 1.0200000000000002]",0.007134538683398016,2.069016218185425,1.9700000000000002,"[0.317, -0.11999999999999997]",5064397,"[3.17, -1.1999999999999997]",0.007456984191105283,2.1625254154205322,WelfareSolutionConcept,6.262500000000001,2.1614737449249763,0.0073474407196044925,0.00012597005432799725,2.1307578086853027,0.0365313157551192,COMPLETE
507,5.1975,2025-06-12 22:50:00.097112,2025-06-12 22:50:02.234423,0 days 00:00:02.137311,12,0.8219475766272171,0.13412795044001527,0.9794434359140143,0.04472514978512326,274,5071400,5.1975,1.2189416515978113,0.46525,0.08864359818960414,270.0,4,3.2399999999999998,"[0.43400000000000005, -0.10999999999999999]",5071400,"[4.340000000000001, -1.0999999999999999]",0.007182076242234972,1.9391605854034424,6.59,"[0.5499999999999999, 0.10900000000000003]",5072400,"[5.499999999999999, 1.0900000000000003]",0.0067255028971919305,1.8158857822418213,5.5600000000000005,"[0.334, 0.22199999999999998]",5073400,"[3.3400000000000003, 2.2199999999999998]",0.006983978660018356,1.885674238204956,5.3999999999999995,"[0.5429999999999999, -0.0029999999999999914]",5074400,"[5.43, -0.029999999999999916]",0.006915798893681279,1.8672657012939453,WelfareSolutionConcept,4.6525,0.8864359818960416,0.006951839173281634,0.00016322458925951543,1.8769965767860413,0.04407063910006917,COMPLETE
508,7.035,2025-06-12 22:50:02.252883,2025-06-12 22:50:05.072297,0 days 00:00:02.819414,17,0.6630579284393661,0.04815654786612286,0.9931867571463269,0.055047161973681404,269,5081402,7.035,1.871743839311352,0.66825,0.19063233592441767,260.0,4,5.75,"[0.517, 0.05800000000000002]",5081402,"[5.17, 0.5800000000000002]",0.010083462641789363,2.6217002868652344,9.44,"[0.9880000000000001, -0.044000000000000004]",5082402,"[9.88, -0.44000000000000006]",0.009178637541257417,2.3864457607269287,8.2,"[0.639, 0.181]",5083402,"[6.390000000000001, 1.81]",0.010107037654289832,2.6278297901153564,4.749999999999999,"[0.5289999999999999, -0.054000000000000006]",5084402,"[5.289999999999999, -0.54]",0.010059067836174598,2.6153576374053955,WelfareSolutionConcept,6.6825,1.9063233592441764,0.009857051418377803,0.00039204948092082286,2.5628333687782288,0.1019328650394139,COMPLETE
509,6.355,2025-06-12 22:50:05.091653,2025-06-12 22:50:07.835251,0 days 00:00:02.743598,14,0.5151841126984436,0.14800495952885456,0.9760161542846253,0.0022174084717351537,290,5091405,6.355,2.082072285008376,0.6252500000000001,0.21341669920603684,290.0,4,3.0300000000000002,"[0.32, -0.01699999999999997]",5091405,"[3.2, -0.1699999999999997]",0.008820588835354509,2.5579707622528076,8.6,"[0.877, -0.01699999999999998]",5092405,"[8.77, -0.16999999999999982]",0.00878076799984636,2.5464227199554443,6.32,"[0.762, -0.12999999999999995]",5093405,"[7.62, -1.2999999999999994]",0.00868620543644346,2.5189995765686035,7.470000000000001,"[0.542, 0.20500000000000007]",5094405,"[5.42, 2.0500000000000007]",0.007636464053186877,2.2145745754241943,WelfareSolutionConcept,6.2524999999999995,2.134166992060368,0.008481006581207802,0.0004900335874359939,2.4594919085502625,0.1421097403564382,COMPLETE
510,5.289999999999999,2025-06-12 22:50:07.850499,2025-06-12 22:50:09.831168,0 days 00:00:01.980669,11,0.9315143361938083,0.12844010809405376,0.9486507111057626,0.04260025340542944,262,5101407,5.289999999999999,1.896008966223525,0.469,0.20570488569793383,260.0,4,3.4199999999999995,"[0.3349999999999999, 0.0070000000000000106]",5101407,"[3.349999999999999, 0.0700000000000001]",0.00672148007612962,1.7475848197937012,3.44,"[0.227, 0.11699999999999999]",5102407,"[2.27, 1.17]",0.006804995353405292,1.769298791885376,6.629999999999999,"[0.552, 0.11099999999999995]",5103407,"[5.5200000000000005, 1.1099999999999994]",0.006656804451575646,1.730769157409668,7.67,"[0.7620000000000001, 0.0050000000000000044]",5104407,"[7.620000000000001, 0.050000000000000044]",0.006911711509411151,1.7970449924468994,WelfareSolutionConcept,4.69,2.057048856979338,0.006773747847630428,9.541757753105843e-05,1.7611744403839111,0.024808570158075246,COMPLETE
511,4.8925,2025-06-12 22:50:12.344013,2025-06-12 22:50:14.326089,0 days 00:00:01.982076,12,0.6793242157113584,0.1201325919216768,0.973460017865686,0.048186740002940535,247,5111412,4.8925,2.9514011503013275,0.49200000000000005,0.16433350236637687,240.0,4,4.28,"[0.437, -0.008999999999999985]",5111412,"[4.37, -0.08999999999999986]",0.007381574312845866,1.7715778350830078,3.27,"[0.4370000000000001, -0.10999999999999999]",5112412,"[4.370000000000001, -1.0999999999999999]",0.0073668211698532104,1.7680370807647705,2.18,"[0.32800000000000007, -0.10999999999999999]",5113412,"[3.2800000000000007, -1.0999999999999999]",0.007497628529866536,1.7994308471679688,9.84,"[0.766, 0.21800000000000005]",5114412,"[7.66, 2.1800000000000006]",0.006944965322812398,1.6667916774749756,WelfareSolutionConcept,4.920000000000001,1.6433350236637687,0.007297747333844503,0.0002098843711788155,1.7514593601226807,0.050372249082915745,COMPLETE
512,5.615,2025-06-12 22:50:14.341485,2025-06-12 22:50:16.210883,0 days 00:00:01.869398,11,0.9578448496575981,0.11703372761489438,0.9359626769377672,0.06986653014715545,278,5121414,5.615,0.7819366982051683,0.5535,0.13676348196795812,270.0,4,5.650000000000001,"[0.665, -0.09999999999999999]",5121414,"[6.65, -0.9999999999999999]",0.0062464228382817025,1.6865341663360596,5.639999999999999,"[0.554, 0.01000000000000002]",5122414,"[5.540000000000001, 0.1000000000000002]",0.005938332169144242,1.6033496856689453,4.4799999999999995,"[0.32999999999999996, 0.11799999999999997]",5123414,"[3.3, 1.1799999999999997]",0.006126968948929398,1.6542816162109375,6.69,"[0.665, 0.004000000000000002]",5124414,"[6.65, 0.04000000000000002]",0.006255322032504612,1.6889369487762451,WelfareSolutionConcept,5.535,1.3676348196795813,0.006141761497214988,0.00012791823804020837,1.6582756042480469,0.03453792427085626,COMPLETE
513,4.9,2025-06-12 22:50:16.226366,2025-06-12 22:50:19.279120,0 days 00:00:03.052754,16,0.968449780169639,0.1342169953883949,0.9989984181596416,0.039371579705032245,344,5131416,4.9,2.8810154459842803,0.3872499999999999,0.36838456468750147,340.0,4,8.31,"[0.7539999999999999, 0.07699999999999999]",5131416,"[7.539999999999999, 0.7699999999999998]",0.00806207306244794,2.7411048412323,2.62,"[0.077, 0.18500000000000005]",5132416,"[0.77, 1.8500000000000005]",0.008431533504934871,2.8667213916778564,1.5299999999999998,"[-0.03499999999999999, 0.18800000000000003]",5133416,"[-0.34999999999999987, 1.8800000000000003]",0.008342268887688131,2.836371421813965,7.140000000000001,"[0.7529999999999999, -0.03900000000000001]",5134416,"[7.529999999999999, -0.39000000000000007]",0.008307099342346191,2.824413776397705,WelfareSolutionConcept,3.8724999999999996,3.6838456468750147,0.008285743699354284,0.00013687072516529018,2.8171528577804565,0.046536046556198696,COMPLETE
514,2.4399999999999995,2025-06-12 22:50:19.299142,2025-06-12 22:50:22.032533,0 days 00:00:02.733391,26,0.9464869207452391,0.1507816381503667,0.9266905947939461,0.061522660871617646,203,5141419,2.4399999999999995,2.795147581076892,0.308,0.2065550774006778,200.0,4,6.199999999999999,"[0.49700000000000005, 0.12299999999999996]",5141419,"[4.970000000000001, 1.2299999999999995]",0.01172546148300171,2.345092296600342,3.6899999999999995,"[0.495, -0.12600000000000006]",5142419,"[4.95, -1.2600000000000007]",0.012273235321044922,2.4546470642089844,-1.2900000000000005,"[-0.001000000000000023, -0.12800000000000006]",5143419,"[-0.010000000000000231, -1.2800000000000007]",0.012430508136749268,2.4861016273498535,1.1599999999999993,"[0.24099999999999996, -0.12500000000000003]",5144419,"[2.4099999999999997, -1.2500000000000002]",0.012774896621704102,2.5549793243408203,WelfareSolutionConcept,3.0800000000000005,2.0655507740067782,0.012301025390625001,0.000378604617283705,2.460205078125,0.07572092345674099,COMPLETE
515,2.914999999999999,2025-06-12 22:50:22.048317,2025-06-12 22:50:25.035082,0 days 00:00:02.986765,29,0.9727481101370827,0.0533585260331518,0.9646691430281892,0.07705973329995786,199,5151422,2.914999999999999,2.483993760056575,0.47950000000000004,0.17962808800407584,190.0,4,2.0299999999999994,"[0.48299999999999993, -0.28000000000000014]",5151422,"[4.829999999999999, -2.8000000000000016]",0.01400077970404374,2.6601481437683105,0.5799999999999988,"[0.22599999999999998, -0.16800000000000007]",5152422,"[2.26, -1.6800000000000006]",0.012697374193291915,2.412501096725464,7.1,"[0.7340000000000001, -0.02400000000000006]",5153422,"[7.340000000000001, -0.2400000000000006]",0.013017983185617548,2.473416805267334,1.949999999999999,"[0.475, -0.28000000000000014]",5154422,"[4.75, -2.8000000000000016]",0.014764357867993806,2.8052279949188232,WelfareSolutionConcept,4.795,1.7962808800407584,0.013620123737736752,0.0008167329238817605,2.587823510169983,0.15517925553753453,COMPLETE
516,6.887500000000001,2025-06-12 22:50:27.480501,2025-06-12 22:50:29.817185,0 days 00:00:02.336684,13,0.6893220119574102,0.13154976283714165,0.9959455341261912,0.05102955996237741,270,5161427,6.887500000000001,2.800646130806247,0.5665,0.15830113707740703,270.0,4,4.200000000000001,"[0.5399999999999999, -0.11999999999999997]",5161427,"[5.3999999999999995, -1.1999999999999997]",0.007696830784832989,2.0781443119049072,10.670000000000002,"[0.7550000000000001, 0.312]",5162427,"[7.550000000000001, 3.12]",0.007126844370806659,1.9242479801177979,4.1899999999999995,"[0.32599999999999996, 0.09300000000000003]",5163427,"[3.26, 0.9300000000000003]",0.007721723450554742,2.0848653316497803,8.49,"[0.6449999999999999, 0.20400000000000001]",5164427,"[6.449999999999999, 2.04]",0.0073591179317898225,1.986961841583252,WelfareSolutionConcept,5.665,1.5830113707740703,0.007476129134496053,0.00024734452401766285,2.0185548663139343,0.06678302148476904,COMPLETE
517,5.1775,2025-06-12 22:50:29.833029,2025-06-12 22:50:33.220429,0 days 00:00:03.387400,12,0.6723025567718384,0.1433297016290761,0.9774930323511368,0.055971558606381124,449,5171429,5.1775,2.0751069249559166,0.38475000000000004,0.16444052876344076,440.0,4,6.57,"[0.438, 0.219]",5171429,"[4.38, 2.19]",0.006911046396602284,3.040860414505005,2.2200000000000006,"[0.1120000000000001, 0.11000000000000001]",5172429,"[1.120000000000001, 1.1]",0.006961914084174416,3.063242197036743,4.330000000000001,"[0.43599999999999994, -0.0029999999999999914]",5173429,"[4.359999999999999, -0.029999999999999916]",0.007082995501431552,3.116518020629883,7.590000000000001,"[0.553, 0.20600000000000002]",5174429,"[5.53, 2.06]",0.007050276344472712,3.102121591567993,WelfareSolutionConcept,3.8475,1.6444052876344075,0.007001558081670241,6.85009746995628e-05,3.080685555934906,0.030140428867807628,COMPLETE
518,6.619999999999999,2025-06-12 22:50:33.235448,2025-06-12 22:50:35.272230,0 days 00:00:02.036782,11,0.9634896424213504,0.16391662836989734,0.9806612560628345,0.0027369583421096998,303,5181433,6.619999999999999,1.8304780796283795,0.52225,0.23217059999061038,300.0,4,7.720000000000001,"[0.557, 0.21500000000000002]",5181433,"[5.57, 2.1500000000000004]",0.006089784304300944,1.8269352912902832,7.679999999999999,"[0.868, -0.09999999999999999]",5182433,"[8.68, -0.9999999999999999]",0.005857779979705811,1.7573339939117432,7.63,"[0.438, 0.32499999999999996]",5183433,"[4.38, 3.2499999999999996]",0.005909732977549235,1.7729198932647705,3.4499999999999997,"[0.22599999999999992, 0.119]",5184433,"[2.2599999999999993, 1.19]",0.006138606866200765,1.8415820598602295,WelfareSolutionConcept,5.222499999999999,2.321705999906104,0.005998976031939189,0.00011794443620731916,1.7996928095817566,0.03538333086219577,COMPLETE
519,4.9125000000000005,2025-06-12 22:50:35.291965,2025-06-12 22:50:38.922044,0 days 00:00:03.630079,14,0.6603126617042777,0.11409995596440123,0.9916455713264819,0.04501676512710755,425,5191435,4.9125000000000005,0.4864861251875537,0.45425000000000004,0.16341109968420134,420.0,4,5.200000000000001,"[0.42600000000000005, 0.09400000000000003]",5191435,"[4.260000000000001, 0.9400000000000003]",0.007656135445549375,3.2155768871307373,4.07,"[0.20600000000000004, 0.201]",5192435,"[2.0600000000000005, 2.0100000000000002]",0.008123393853505452,3.41182541847229,5.200000000000001,"[0.5370000000000001, -0.016999999999999994]",5193435,"[5.370000000000001, -0.16999999999999993]",0.007611267339615595,3.19673228263855,5.18,"[0.6479999999999999, -0.12999999999999995]",5194435,"[6.479999999999999, -1.2999999999999994]",0.007601167474474225,3.192490339279175,WelfareSolutionConcept,4.5425,1.6341109968420133,0.007747991028286162,0.00021772416738857455,3.254156231880188,0.09144415030320145,COMPLETE
520,5.720000000000001,2025-06-12 22:50:38.937319,2025-06-12 22:50:42.288402,0 days 00:00:03.351083,12,0.6485830661005915,0.12988400029008268,0.9299715551564407,0.0043075930026003385,432,5201439,5.720000000000001,1.3937897976380802,0.5182500000000001,0.15758390622141588,430.0,4,7.580000000000001,"[0.759, -0.0009999999999999898]",5201439,"[7.59, -0.009999999999999898]",0.007122303718744323,3.0625905990600586,6.550000000000001,"[0.43800000000000006, 0.217]",5202439,"[4.380000000000001, 2.17]",0.0072004190711087955,3.0961802005767822,4.420000000000001,"[0.3330000000000001, 0.10900000000000007]",5203439,"[3.330000000000001, 1.0900000000000007]",0.007008868040040482,3.0138132572174072,4.33,"[0.5429999999999999, -0.10999999999999999]",5204439,"[5.43, -1.0999999999999999]",0.007352378756500954,3.16152286529541,WelfareSolutionConcept,5.1825,1.5758390622141585,0.007170992396598639,0.00012492181061761847,3.0835267305374146,0.053716378565576005,COMPLETE
521,5.2975,2025-06-12 22:50:44.758697,2025-06-12 22:50:47.483267,0 days 00:00:02.724570,20,0.948166636158811,0.13940627750004714,0.9681966607970977,0.06318497306262842,258,5211444,5.2975,1.3330674214007336,0.45525000000000004,0.13458338493291064,250.0,4,6.87,"[0.639, 0.047999999999999966]",5211444,"[6.390000000000001, 0.47999999999999965]",0.009033328056335449,2.2583320140838623,5.61,"[0.4, 0.16099999999999998]",5212444,"[4.0, 1.6099999999999999]",0.009416990280151367,2.354247570037842,3.1799999999999993,"[0.5079999999999999, -0.19]",5213444,"[5.079999999999999, -1.9]",0.010182794570922851,2.545698642730713,5.53,"[0.274, 0.279]",5214444,"[2.74, 2.79]",0.009599139213562011,2.399784803390503,WelfareSolutionConcept,4.5525,1.3458338493291064,0.009558063030242921,0.0004144951943076216,2.38951575756073,0.10362379857690543,COMPLETE
522,6.685,2025-06-12 22:50:47.498753,2025-06-12 22:50:49.065925,0 days 00:00:01.567172,11,0.9265182465359808,0.12270196175015861,0.9343139403942767,0.07441202565053315,210,5221447,6.685,2.0231843712326367,0.4705,0.1931844973076256,210.0,4,7.779999999999999,"[0.44699999999999995, 0.33099999999999996]",5221447,"[4.47, 3.3099999999999996]",0.005425572395324707,1.1393702030181885,3.4399999999999995,"[0.227, 0.11699999999999995]",5222447,"[2.27, 1.1699999999999995]",0.00662010737827846,1.3902225494384766,6.68,"[0.768, -0.09999999999999999]",5223447,"[7.68, -0.9999999999999999]",0.006173257600693476,1.2963840961456299,8.84,"[0.43999999999999995, 0.44399999999999995]",5224447,"[4.3999999999999995, 4.4399999999999995]",0.006314293543497721,1.3260016441345215,WelfareSolutionConcept,4.705,1.931844973076256,0.006133307729448591,0.00043937883949043293,1.287994623184204,0.09226955629299091,COMPLETE
523,5.7975,2025-06-12 22:50:49.080995,2025-06-12 22:50:51.428659,0 days 00:00:02.347664,13,0.974309805704917,0.05849639198469139,0.9749822350205942,0.0016864695291085657,285,5231449,5.7975,2.2384969845858627,0.48324999999999996,0.1654741293979213,280.0,4,3.1300000000000003,"[0.32199999999999995, -0.008999999999999994]",5231449,"[3.2199999999999998, -0.08999999999999994]",0.007219518933977399,2.021465301513672,4.16,"[0.31399999999999995, 0.10200000000000006]",5232449,"[3.1399999999999997, 1.0200000000000007]",0.007239032643181937,2.0269291400909424,8.65,"[0.6599999999999999, 0.20500000000000002]",5233449,"[6.6, 2.0500000000000003]",0.006920064347130912,1.9376180171966553,7.25,"[0.637, 0.088]",5234449,"[6.37, 0.8799999999999999]",0.007733597074236188,2.165407180786133,WelfareSolutionConcept,4.8325,1.654741293979213,0.007278053249631609,0.00029181548291935626,2.0378549098968506,0.08170833521741977,COMPLETE
524,5.327500000000001,2025-06-12 22:50:51.443879,2025-06-12 22:50:54.863155,0 days 00:00:03.419276,15,0.9421970260165541,0.08093838244962688,0.9816667161523964,0.03803200069518441,415,5241451,5.327500000000001,1.6319217965331547,0.5337500000000001,0.2090650317484969,410.0,4,7.24,"[0.7500000000000001, -0.026000000000000002]",5241451,"[7.500000000000001, -0.26]",0.0075196359215713125,3.0830507278442383,6.140000000000001,"[0.6519999999999999, -0.038]",5242451,"[6.52, -0.38]",0.007583047122490115,3.1090493202209473,2.8200000000000007,"[0.19599999999999998, 0.08600000000000005]",5243451,"[1.9599999999999997, 0.8600000000000005]",0.007645615717259849,3.134702444076538,5.1099999999999985,"[0.5370000000000001, -0.02599999999999999]",5244451,"[5.370000000000001, -0.2599999999999999]",0.00763209854684225,3.1291604042053223,WelfareSolutionConcept,5.3375,2.0906503174849687,0.0075950993270408815,4.9398454293285015e-05,3.1139907240867615,0.020253366260246736,COMPLETE
525,5.5825000000000005,2025-06-12 22:50:54.878847,2025-06-12 22:50:56.446371,0 days 00:00:01.567524,11,0.7128045232536293,0.14507721690455647,0.972827856239352,0.012449844280327168,193,5251454,5.5825000000000005,2.3146422509752997,0.41525,0.23524920297420782,190.0,4,3.3999999999999995,"[0.33699999999999997, 0.0030000000000000014]",5251454,"[3.3699999999999997, 0.030000000000000013]",0.0066272421887046415,1.2591760158538818,6.65,"[0.11500000000000002, 0.55]",5252454,"[1.1500000000000001, 5.5]",0.006758319704156173,1.2840807437896729,3.41,"[0.441, -0.09999999999999999]",5253454,"[4.41, -0.9999999999999999]",0.007234697592885871,1.3745925426483154,8.870000000000001,"[0.7680000000000001, 0.119]",5254454,"[7.6800000000000015, 1.19]",0.0071628369783100325,1.3609390258789062,WelfareSolutionConcept,4.1525,2.352492029742078,0.006945774116014179,0.0002584544480736668,1.319697082042694,0.04910634513399674,COMPLETE
526,2.7924999999999986,2025-06-12 22:50:58.939377,2025-06-12 22:51:04.812004,0 days 00:00:05.872627,37,0.9559577842047746,0.061940479721335345,0.9378956259734046,0.048653579539250556,339,5261459,2.7924999999999986,3.5597779073981575,0.3817499999999999,0.20209326436078964,330.0,4,1.9699999999999982,"[0.1809999999999999, 0.015999999999999893]",5261459,"[1.8099999999999992, 0.15999999999999892]",0.015449271057591293,5.098259449005127,8.77,"[0.719, 0.15799999999999992]",5262459,"[7.1899999999999995, 1.5799999999999992]",0.01587622237927986,5.2391533851623535,0.919999999999998,"[0.3159999999999999, -0.22400000000000014]",5263459,"[3.159999999999999, -2.2400000000000015]",0.01721712386969364,5.681650876998901,-0.4900000000000021,"[0.31099999999999983, -0.3600000000000002]",5264459,"[3.1099999999999985, -3.6000000000000023]",0.017068821011167586,5.632710933685303,WelfareSolutionConcept,3.817499999999999,2.0209326436078965,0.016402859579433098,0.0007571672160964568,5.412943661212921,0.24986518131183058,COMPLETE
527,7.3725000000000005,2025-06-12 22:51:04.827434,2025-06-12 22:51:07.123192,0 days 00:00:02.295758,12,0.6798070600166237,0.12567267187455666,0.9782512909128825,0.06543403593199038,278,5271464,7.3725000000000005,2.0677448464450348,0.6829999999999999,0.15956973397232946,270.0,4,4.420000000000001,"[0.441, 0.001000000000000012]",5271464,"[4.41, 0.01000000000000012]",0.0073235344003748015,1.9773542881011963,6.55,"[0.6539999999999999, 0.001000000000000012]",5272464,"[6.539999999999999, 0.01000000000000012]",0.007543206214904785,2.036665678024292,8.72,"[0.765, 0.10700000000000003]",5273464,"[7.65, 1.0700000000000003]",0.007298698248686614,1.9706485271453857,9.8,"[0.8719999999999999, 0.10800000000000005]",5274464,"[8.719999999999999, 1.0800000000000005]",0.007823725982948585,2.112406015396118,WelfareSolutionConcept,6.83,1.5956973397232943,0.007497291211728697,0.00021112700078373947,2.024268627166748,0.05700429021160972,COMPLETE
528,4.8125,2025-06-12 22:51:07.138224,2025-06-12 22:51:09.396518,0 days 00:00:02.258294,11,0.5307911261115191,0.04451893693363342,0.9706300570298836,0.05482796667652942,266,5281467,4.8125,2.8071816382272097,0.41675,0.15935867563455716,260.0,4,8.88,"[0.659, 0.22899999999999995]",5281467,"[6.59, 2.2899999999999996]",0.00741818226300753,1.928727388381958,5.64,"[0.44499999999999995, 0.119]",5282467,"[4.449999999999999, 1.19]",0.007474913963904747,1.9434776306152344,3.4400000000000004,"[0.33399999999999996, 0.010000000000000007]",5283467,"[3.34, 0.10000000000000007]",0.007637301775125357,1.9856984615325928,1.2900000000000005,"[0.22899999999999995, -0.09999999999999999]",5284467,"[2.2899999999999996, -0.9999999999999999]",0.007597639927497277,1.975386381149292,WelfareSolutionConcept,4.1674999999999995,1.5935867563455715,0.007532009482383728,8.889650771809329e-05,1.9583224654197693,0.0231130920067042,COMPLETE
529,7.045,2025-06-12 22:51:09.412008,2025-06-12 22:51:11.714456,0 days 00:00:02.302448,10,0.9175930683751607,0.07310121276596171,0.9457445804999475,0.08196984137955257,355,5291469,7.045,2.254911306459747,0.52675,0.0884770450455936,350.0,4,6.840000000000001,"[0.449, 0.23500000000000001]",5291469,"[4.49, 2.35]",0.005875364031110491,2.056377410888672,9.81,"[0.5429999999999999, 0.43800000000000006]",5292469,"[5.43, 4.380000000000001]",0.00606226852961949,2.1217939853668213,7.930000000000001,"[0.665, 0.12799999999999995]",5293469,"[6.65, 1.2799999999999994]",0.005993287222726004,2.0976505279541016,3.599999999999999,"[0.45000000000000007, -0.08999999999999998]",5294469,"[4.500000000000001, -0.8999999999999998]",0.006037663732256208,2.113182306289673,WelfareSolutionConcept,5.2675,0.8847704504559359,0.005992145878928048,7.181288839224133e-05,2.097251057624817,0.025134510937284422,COMPLETE
530,4.705,2025-06-12 22:51:11.730108,2025-06-12 22:51:13.995205,0 days 00:00:02.265097,13,0.5473391682315099,0.022004077042580384,0.9759455285112733,0.002455337752409566,246,5301471,4.705,2.371133695091865,0.42874999999999996,0.20527588143763992,240.0,4,5.25,"[0.42699999999999994, 0.098]",5301471,"[4.27, 0.98]",0.008656221628189086,2.077493190765381,0.9099999999999999,"[0.101, -0.009999999999999985]",5302471,"[1.01, -0.09999999999999984]",0.008398765325546264,2.0157036781311035,5.210000000000001,"[0.5349999999999999, -0.01399999999999999]",5303471,"[5.35, -0.1399999999999999]",0.008395870526631674,2.0150089263916016,7.45,"[0.652, 0.09300000000000003]",5304471,"[6.5200000000000005, 0.9300000000000003]",0.007567305366198222,1.8161532878875732,WelfareSolutionConcept,4.2875,2.0527588143763995,0.008254540711641311,0.0004106138193626056,1.9810897707939148,0.09854731664702537,COMPLETE
531,5.7675,2025-06-12 22:51:16.571588,2025-06-12 22:51:18.897071,0 days 00:00:02.325483,12,0.9793644889150558,0.07922303622479128,0.9599265388038151,0.043185105823706875,292,5311476,5.7675,2.488828790817078,0.4674999999999999,0.08973711606687611,290.0,4,4.42,"[0.331, 0.11100000000000003]",5311476,"[3.31, 1.1100000000000003]",0.006819300815976899,1.9775972366333008,5.440000000000001,"[0.5449999999999999, -0.0009999999999999898]",5312476,"[5.449999999999999, -0.009999999999999898]",0.007096714809023101,2.058047294616699,9.879999999999999,"[0.5509999999999999, 0.437]",5313476,"[5.51, 4.37]",0.007325636107346108,2.124434471130371,3.33,"[0.44299999999999995, -0.10999999999999999]",5314476,"[4.43, -1.0999999999999999]",0.00708126528509732,2.0535669326782227,WelfareSolutionConcept,4.675,0.8973711606687612,0.007080729254360857,0.00017929028161184867,2.0534114837646484,0.051994181667436065,COMPLETE
532,5.03,2025-06-12 22:51:18.913112,2025-06-12 22:51:21.524594,0 days 00:00:02.611482,11,0.6660831606477376,0.13669284352553127,0.9830637668123565,0.038353417511097464,349,5321478,5.03,1.259067114970445,0.4155,0.14097606179773928,340.0,4,4.49,"[0.33199999999999996, 0.11700000000000002]",5321478,"[3.3199999999999994, 1.1700000000000002]",0.006924610278185676,2.35436749458313,5.61,"[0.5519999999999999, 0.009000000000000018]",5322478,"[5.52, 0.09000000000000019]",0.006715531208935906,2.283280611038208,3.3200000000000003,"[0.22699999999999995, 0.10500000000000001]",5323478,"[2.2699999999999996, 1.05]",0.007117167641134823,2.41983699798584,6.7,"[0.551, 0.11899999999999997]",5324478,"[5.510000000000001, 1.1899999999999997]",0.006708444567287669,2.2808711528778076,WelfareSolutionConcept,4.155,1.409760617977393,0.006866438423886019,0.0001688076947755033,2.3345890641212463,0.05739461622367114,COMPLETE
533,2.8625,2025-06-12 22:51:21.539954,2025-06-12 22:51:23.153349,0 days 00:00:01.613395,13,0.967567820086622,0.07620130896341536,0.9794779509465468,0.052703903353234646,195,5331481,2.8625,2.759378326725061,0.24075000000000005,0.2538073826743422,190.0,4,-1.2799999999999996,"[-0.007999999999999983, -0.11999999999999997]",5331481,"[-0.07999999999999982, -1.1999999999999997]",0.007433646603634483,1.4123928546905518,3.17,"[0.21300000000000008, 0.10400000000000002]",5332481,"[2.130000000000001, 1.0400000000000003]",0.007399931706880268,1.405987024307251,3.0700000000000007,"[0.09900000000000003, 0.20799999999999996]",5333481,"[0.9900000000000003, 2.0799999999999996]",0.007388057206806384,1.403730869293213,6.489999999999999,"[0.659, -0.009999999999999985]",5334481,"[6.59, -0.09999999999999984]",0.007531886351735968,1.431058406829834,WelfareSolutionConcept,2.4075,2.538073826743422,0.0074383804672642755,5.651658520708472e-05,1.4132922887802124,0.010738151189346096,COMPLETE
534,4.6425,2025-06-12 22:51:23.169160,2025-06-12 22:51:24.846609,0 days 00:00:01.677449,10,0.6926021281137278,0.05008521189733331,0.9941077392631841,0.06777252805183541,215,5341483,4.6425,1.506608359859987,0.36750000000000005,0.24461449262053145,210.0,4,6.8100000000000005,"[0.7710000000000001, -0.08999999999999998]",5341483,"[7.710000000000001, -0.8999999999999998]",0.007138722283499582,1.499131679534912,2.55,"[0.12799999999999997, 0.12699999999999997]",5342483,"[1.2799999999999998, 1.2699999999999998]",0.007052399998619443,1.481003999710083,4.6,"[0.23199999999999993, 0.22799999999999992]",5343483,"[2.3199999999999994, 2.2799999999999994]",0.007036900520324707,1.4777491092681885,4.610000000000001,"[0.3390000000000001, 0.12199999999999996]",5344483,"[3.3900000000000006, 1.2199999999999995]",0.006949795995439802,1.4594571590423584,WelfareSolutionConcept,3.675,2.4461449262053145,0.0070444546994708835,6.702022278496286e-05,1.4793354868888855,0.01407424678484218,COMPLETE
535,4.729999999999999,2025-06-12 22:51:24.862397,2025-06-12 22:51:28.576424,0 days 00:00:03.714027,24,0.6533061124826883,0.06759821632842283,0.9396994511950552,0.08796381252594215,257,5351484,4.729999999999999,1.0474492827817488,0.4935,0.23027646427718138,250.0,4,3.839999999999999,"[0.5, -0.11600000000000002]",5351484,"[5.0, -1.1600000000000001]",0.01282121467590332,3.20530366897583,3.709999999999999,"[0.12199999999999996, 0.24899999999999994]",5352484,"[1.2199999999999995, 2.4899999999999993]",0.012897290229797364,3.224322557449341,5.079999999999999,"[0.615, -0.10700000000000005]",5353484,"[6.15, -1.0700000000000005]",0.014121471405029297,3.530367851257324,6.289999999999999,"[0.7369999999999999, -0.10800000000000005]",5354484,"[7.369999999999999, -1.0800000000000005]",0.012803339004516601,3.2008347511291504,WelfareSolutionConcept,4.9350000000000005,2.302764642771814,0.013160828828811645,0.00055574803187745,3.2902072072029114,0.13893700796936254,COMPLETE
536,5.7775,2025-06-12 22:51:31.103061,2025-06-12 22:51:32.864833,0 days 00:00:01.761772,14,0.9598605211925022,0.0853241578932037,0.9312745086231315,0.05855252868651723,187,5361491,5.7775,1.2384541775939872,0.42800000000000005,0.20888633272667698,180.0,4,6.3500000000000005,"[0.54, 0.095]",5361491,"[5.4, 0.95]",0.008537756072150337,1.5367960929870605,5.15,"[0.42300000000000004, 0.09200000000000007]",5362491,"[4.23, 0.9200000000000007]",0.008728114763895671,1.5710606575012207,4.160000000000001,"[0.095, 0.32100000000000006]",5363491,"[0.95, 3.210000000000001]",0.008579990598890516,1.544398307800293,7.45,"[0.654, 0.091]",5364491,"[6.54, 0.9099999999999999]",0.008493881755405002,1.5288987159729004,WelfareSolutionConcept,4.28,2.0888633272667696,0.008584935797585382,8.809290049902887e-05,1.5452884435653687,0.01585672208982518,COMPLETE
537,5.842499999999999,2025-06-12 22:51:32.880483,2025-06-12 22:51:35.372057,0 days 00:00:02.491574,11,0.6461390232698225,0.05499597373557523,0.9679018750393521,0.04176116919269075,322,5371492,5.842499999999999,1.5821247580390112,0.5497500000000001,0.23058878441936423,320.0,4,7.800000000000001,"[0.8800000000000001, -0.09999999999999999]",5371492,"[8.8, -0.9999999999999999]",0.007186895608901978,2.299806594848633,6.509999999999999,"[0.54, 0.11099999999999999]",5372492,"[5.4, 1.1099999999999999]",0.006995896995067597,2.238687038421631,5.599999999999999,"[0.5510000000000002, 0.009000000000000018]",5373492,"[5.510000000000002, 0.09000000000000019]",0.007064799964427948,2.2607359886169434,3.4600000000000004,"[0.22799999999999992, 0.118]",5374492,"[2.2799999999999994, 1.18]",0.007055950909852981,2.257904291152954,WelfareSolutionConcept,5.4975000000000005,2.305887844193642,0.0070758858695626255,6.935719534131381e-05,2.2642834782600403,0.022194302509220387,COMPLETE
538,4.08,2025-06-12 22:51:35.387659,2025-06-12 22:51:36.583316,0 days 00:00:01.195657,12,0.9822328493518628,0.07590268547992236,0.9418854242953937,0.046580628549632956,102,5381495,4.08,2.7640007235889064,0.32825000000000004,0.17204559715377776,100.0,4,3.3100000000000005,"[0.441, -0.10999999999999999]",5381495,"[4.41, -1.0999999999999999]",0.008966503143310546,0.8966503143310547,8.61,"[0.5429999999999999, 0.31799999999999995]",5382495,"[5.43, 3.1799999999999997]",0.008693764209747315,0.8693764209747314,3.29,"[0.21900000000000008, 0.11000000000000001]",5383495,"[2.190000000000001, 1.1]",0.0089414381980896,0.89414381980896,1.1100000000000003,"[0.11000000000000006, 0.001000000000000012]",5384495,"[1.1000000000000005, 0.01000000000000012]",0.00911945104598999,0.911945104598999,WelfareSolutionConcept,3.2825000000000006,1.7204559715377779,0.008930289149284364,0.0001526122741139001,0.8930289149284363,0.015261227411390023,COMPLETE
539,3.5825000000000005,2025-06-12 22:51:36.598352,2025-06-12 22:51:38.493320,0 days 00:00:01.894968,10,0.9381941064456404,0.060198564743919825,0.9812618640584518,0.07315666541449779,273,5391496,3.5825000000000005,1.9911601517708217,0.261,0.15839349734127345,270.0,4,6.780000000000001,"[0.019000000000000013, 0.659]",5391496,"[0.19000000000000014, 6.59]",0.006306531694200304,1.702763557434082,3.56,"[0.446, -0.08999999999999998]",5392496,"[4.46, -0.8999999999999998]",0.006320309638977051,1.7064836025238037,1.4500000000000002,"[0.23499999999999996, -0.08999999999999998]",5393496,"[2.3499999999999996, -0.8999999999999998]",0.006352835231357151,1.7152655124664307,2.5399999999999996,"[0.34400000000000003, -0.08999999999999998]",5394496,"[3.4400000000000004, -0.8999999999999998]",0.0063354933703387226,1.710583209991455,WelfareSolutionConcept,2.6100000000000003,1.5839349734127346,0.0063287924837183065,1.725149993764232e-05,1.7087739706039429,0.0046579049831634075,COMPLETE
540,4.5925,2025-06-12 22:51:38.508799,2025-06-12 22:51:41.074618,0 days 00:00:02.565819,12,0.8376603325186692,0.06441286813321476,0.9773314446629952,0.0005609213191363808,310,5401498,4.5925,1.7429339488345506,0.38325000000000004,0.12153471726218804,310.0,4,3.3100000000000005,"[0.33000000000000007, 0.001000000000000012]",5401498,"[3.3000000000000007, 0.01000000000000012]",0.007394298430412046,2.2922325134277344,4.3100000000000005,"[0.43600000000000005, -0.004999999999999993]",5402498,"[4.36, -0.04999999999999993]",0.007352904350526871,2.27940034866333,7.5200000000000005,"[0.5469999999999999, 0.20500000000000002]",5403498,"[5.469999999999999, 2.0500000000000003]",0.007295137836087135,2.2614927291870117,3.2300000000000004,"[0.22000000000000006, 0.10300000000000002]",5404498,"[2.2000000000000006, 1.0300000000000002]",0.007388577153605799,2.290458917617798,WelfareSolutionConcept,3.8325,1.2153471726218803,0.007357729442657963,3.946474015900281e-05,2.2808961272239685,0.012234069449290902,COMPLETE
541,5.29,2025-06-12 22:51:43.672516,2025-06-12 22:51:45.592030,0 days 00:00:01.919514,13,0.6726598408055765,0.08261136107138353,0.9355523099141053,0.036793689122010836,205,5411503,5.29,3.9013907776586545,0.43325,0.23279215515132803,200.0,4,-0.17999999999999966,"[0.10200000000000005, -0.11999999999999997]",5411503,"[1.0200000000000005, -1.1999999999999997]",0.008296053409576416,1.6592106819152832,4.27,"[0.32699999999999996, 0.10000000000000002]",5412503,"[3.2699999999999996, 1.0000000000000002]",0.007928926944732666,1.5857853889465332,10.64,"[0.647, 0.417]",5413503,"[6.470000000000001, 4.17]",0.00797352910041809,1.5947058200836182,6.43,"[0.6569999999999999, -0.013999999999999985]",5414503,"[6.569999999999999, -0.13999999999999985]",0.007976937294006347,1.5953874588012695,WelfareSolutionConcept,4.3325000000000005,2.3279215515132803,0.008043861687183379,0.00014683000972977976,1.608772337436676,0.02936600194595598,COMPLETE
542,5.035,2025-06-12 22:51:45.607176,2025-06-12 22:51:48.116806,0 days 00:00:02.509630,15,0.97049767474527,0.11880463419323214,0.9724147023258158,0.05191478693670418,284,5421505,5.035,2.8431716444843773,0.41974999999999996,0.3936650702056254,280.0,4,8.34,"[0.748, 0.086]",5421505,"[7.48, 0.8599999999999999]",0.007694395099367414,2.154430627822876,7.3,"[0.8699999999999999, -0.13999999999999996]",5422505,"[8.7, -1.3999999999999995]",0.00725524936403547,2.0314698219299316,1.6300000000000001,"[-0.02599999999999999, 0.18900000000000003]",5423505,"[-0.2599999999999999, 1.8900000000000003]",0.00831547805241176,2.328333854675293,2.8700000000000006,"[0.087, 0.2]",5424505,"[0.8699999999999999, 2.0]",0.007813153948102678,2.18768310546875,WelfareSolutionConcept,4.1975,3.9366507020562542,0.007769569115979331,0.0003775222326172226,2.1754793524742126,0.1057062251328224,COMPLETE
543,5.2225,2025-06-12 22:51:48.132768,2025-06-12 22:51:50.779701,0 days 00:00:02.646933,14,0.6331675046018964,0.08867233014475674,0.9650823049984472,0.006721867247321946,296,5431508,5.2225,0.7567818377841796,0.516,0.047349762407006876,290.0,4,4.140000000000001,"[0.434, -0.019999999999999983]",5431508,"[4.34, -0.19999999999999984]",0.008182097303456273,2.3728082180023193,5.250000000000001,"[0.542, -0.016999999999999984]",5432508,"[5.42, -0.16999999999999985]",0.00844429114769245,2.4488444328308105,6.280000000000001,"[0.544, 0.084]",5433508,"[5.44, 0.8400000000000001]",0.007654348735151619,2.2197611331939697,5.220000000000001,"[0.544, -0.021999999999999985]",5434508,"[5.44, -0.21999999999999986]",0.008393566361789047,2.4341342449188232,WelfareSolutionConcept,5.16,0.47349762407006873,0.008168575887022347,0.0003127507038863333,2.3688870072364807,0.09069770412703658,COMPLETE
544,7.154999999999999,2025-06-12 22:51:50.800593,2025-06-12 22:51:52.871747,0 days 00:00:02.071154,11,0.5582222720736737,0.07029593300260631,0.9550111005570857,0.06395411820008112,263,5441510,7.154999999999999,0.9787875152452651,0.5997500000000001,0.09541848615441349,260.0,4,6.609999999999999,"[0.5440000000000002, 0.11699999999999997]",5441510,"[5.440000000000001, 1.1699999999999997]",0.006898607657505915,1.793637990951538,6.599999999999999,"[0.5429999999999999, 0.11699999999999997]",5442510,"[5.43, 1.1699999999999997]",0.006948013489062969,1.806483507156372,8.85,"[0.765, 0.11999999999999995]",5443510,"[7.65, 1.1999999999999995]",0.007131427067976731,1.8541710376739502,6.5600000000000005,"[0.547, 0.10900000000000001]",5444510,"[5.470000000000001, 1.09]",0.0072764442517207215,1.8918755054473877,WelfareSolutionConcept,5.9975000000000005,0.9541848615441348,0.007063623116566584,0.00015040437086040172,1.836542010307312,0.03910513642370445,COMPLETE
545,3.0075,2025-06-12 22:51:52.887188,2025-06-12 22:51:54.413299,0 days 00:00:01.526111,10,0.7818259606692326,0.07341635386283758,0.962485734729445,0.0033906442066570673,190,5451512,3.0075,1.8896742444135708,0.23175,0.1687237016545097,190.0,4,0.3700000000000003,"[0.019000000000000024, 0.018000000000000023]",5451512,"[0.19000000000000022, 0.18000000000000022]",0.006569754449944747,1.248253345489502,5.6,"[0.44299999999999995, 0.11699999999999997]",5452512,"[4.43, 1.1699999999999997]",0.006311913540488795,1.199263572692871,3.5799999999999996,"[0.3420000000000001, 0.01600000000000001]",5453512,"[3.420000000000001, 0.16000000000000011]",0.006494207131235223,1.2338993549346924,2.4800000000000004,"[0.123, 0.125]",5454512,"[1.23, 1.25]",0.00664087596692537,1.2617664337158203,WelfareSolutionConcept,2.3175000000000003,1.687237016545097,0.006504187772148534,0.00012252718594455483,1.2357956767082214,0.023280165329465415,COMPLETE
546,6.2524999999999995,2025-06-12 22:51:57.002399,2025-06-12 22:51:59.665176,0 days 00:00:02.662777,12,0.9514552731561291,0.07818271099880936,0.9744167197070489,0.08015292125209743,338,5461517,6.2524999999999995,1.4460009508987186,0.572,0.14396701010995538,330.0,4,7.61,"[0.6519999999999999, 0.10900000000000003]",5461517,"[6.52, 1.0900000000000003]",0.007055768822178696,2.3284037113189697,5.410000000000001,"[0.43500000000000005, 0.1060000000000001]",5462517,"[4.3500000000000005, 1.060000000000001]",0.007153999444210168,2.3608198165893555,7.679999999999999,"[0.768, 1.1102230246251566e-17]",5463517,"[7.68, 1.1102230246251565e-16]",0.007017749006097967,2.315857172012329,4.3100000000000005,"[0.433, -0.0019999999999999905]",5464517,"[4.33, -0.019999999999999907]",0.007518399845470081,2.481071949005127,WelfareSolutionConcept,5.720000000000001,1.4396701010995538,0.007186479279489228,0.00019797811156149493,2.3715381622314453,0.06533277681529337,COMPLETE
547,6.242500000000001,2025-06-12 22:51:59.680305,2025-06-12 22:52:01.297562,0 days 00:00:01.617257,10,0.6602361312472261,0.08218073812214259,0.996590696671185,0.058288116081320555,201,5471519,6.242500000000001,1.6178284056104344,0.6085,0.17747746335802747,200.0,4,7.890000000000001,"[0.772, 0.017000000000000022]",5471519,"[7.720000000000001, 0.1700000000000002]",0.007042591571807861,1.4085183143615723,7.83,"[0.7689999999999999, 0.014000000000000007]",5472519,"[7.6899999999999995, 0.14000000000000007]",0.007157971858978271,1.4315943717956543,4.66,"[0.34400000000000003, 0.12200000000000003]",5473519,"[3.4400000000000004, 1.2200000000000002]",0.006997984647750854,1.399596929550171,4.59,"[0.5490000000000002, -0.08999999999999998]",5474519,"[5.490000000000002, -0.8999999999999998]",0.00703325629234314,1.406651258468628,WelfareSolutionConcept,6.085000000000001,1.7747746335802748,0.007057951092720032,6.009549952665486e-05,1.4115902185440063,0.01201909990533099,COMPLETE
548,4.762499999999999,2025-06-12 22:52:01.314215,2025-06-12 22:52:03.316776,0 days 00:00:02.002561,11,0.6036154695435019,0.06680175331082158,0.9795226687515979,0.04731868129845245,239,5481521,4.762499999999999,1.5975508599102561,0.415,0.22248483094359497,230.0,4,5.549999999999999,"[0.43800000000000006, 0.11699999999999995]",5481521,"[4.380000000000001, 1.1699999999999995]",0.00760534431623376,1.7492291927337646,2.37,"[0.22699999999999995, 0.010000000000000007]",5482521,"[2.2699999999999996, 0.10000000000000007]",0.007919112495754076,1.8213958740234375,6.699999999999999,"[0.7700000000000001, -0.09999999999999999]",5483521,"[7.700000000000001, -0.9999999999999999]",0.0075392266978388245,1.7340221405029297,4.43,"[0.22499999999999995, 0.21800000000000003]",5484521,"[2.2499999999999996, 2.18]",0.007666602342025094,1.7633185386657715,WelfareSolutionConcept,4.15,2.2248483094359495,0.007682571462962939,0.00014380405670376867,1.7669914364814758,0.03307493304186684,COMPLETE
549,2.8575000000000004,2025-06-12 22:52:03.332369,2025-06-12 22:52:06.438633,0 days 00:00:03.106264,13,0.5100888871786861,0.19008742245388646,0.9284752826836415,0.0020344629181030054,358,5491523,2.8575000000000004,2.3959379687295743,0.26849999999999996,0.2543358999433623,350.0,4,3.0800000000000005,"[-0.009999999999999985, 0.31800000000000006]",5491523,"[-0.09999999999999984, 3.1800000000000006]",0.007833998543875557,2.7418994903564453,6.47,"[0.656, -0.008999999999999994]",5492523,"[6.5600000000000005, -0.08999999999999994]",0.008246185438973564,2.886164903640747,-0.17999999999999983,"[0.10200000000000001, -0.11999999999999997]",5493523,"[1.02, -1.1999999999999997]",0.008325090408325195,2.9137816429138184,2.06,"[0.32599999999999996, -0.11999999999999997]",5494523,"[3.26, -1.1999999999999997]",0.007915045193263463,2.770265817642212,WelfareSolutionConcept,2.685,2.543358999433623,0.008080079896109444,0.0002094120862839153,2.8280279636383057,0.07329423019937031,COMPLETE
550,6.485,2025-06-12 22:52:06.455248,2025-06-12 22:52:08.612311,0 days 00:00:02.157063,12,0.9786847393376195,0.029064863797561943,0.9834646599427559,0.041648754305685334,273,5501526,6.485,1.3309676930714736,0.40675,0.2090781851365656,270.0,4,5.42,"[0.329, 0.213]",5501526,"[3.29, 2.13]",0.007100284541094745,1.917076826095581,8.66,"[0.538, 0.328]",5502526,"[5.380000000000001, 3.2800000000000002]",0.007187872462802463,1.940725564956665,5.38,"[0.10600000000000001, 0.43200000000000005]",5503526,"[1.06, 4.32]",0.007280500729878744,1.9657351970672607,6.4799999999999995,"[0.654, -0.005999999999999994]",5504526,"[6.54, -0.05999999999999994]",0.007233058964764631,1.9529259204864502,WelfareSolutionConcept,4.067500000000001,2.090781851365656,0.007200429174635145,6.645068811158597e-05,1.9441158771514893,0.017941685790128163,COMPLETE
551,3.4524999999999997,2025-06-12 22:52:11.239728,2025-06-12 22:52:12.735053,0 days 00:00:01.495325,11,0.9634342872716898,0.05590701766221011,0.951711189503978,0.06947146677767574,186,5511531,3.4524999999999997,0.7639821660222181,0.39049999999999996,0.05301179114121687,180.0,4,3.4400000000000004,"[0.44399999999999995, -0.09999999999999999]",5511531,"[4.4399999999999995, -0.9999999999999999]",0.007198784086439345,1.295781135559082,2.3600000000000003,"[0.33599999999999997, -0.09999999999999999]",5512531,"[3.3599999999999994, -0.9999999999999999]",0.007246377733018663,1.3043479919433594,3.4899999999999993,"[0.33899999999999997, 0.01000000000000002]",5513531,"[3.3899999999999997, 0.1000000000000002]",0.007290269268883599,1.3122484683990479,4.5200000000000005,"[0.44299999999999995, 0.009000000000000008]",5514531,"[4.43, 0.09000000000000008]",0.007241559028625488,1.303480625152588,WelfareSolutionConcept,3.9049999999999994,0.5301179114121688,0.007244247529241774,3.239093605780977e-05,1.3039645552635193,0.005830368490405806,COMPLETE
552,6.4025,2025-06-12 22:52:12.750421,2025-06-12 22:52:15.578488,0 days 00:00:02.828067,15,0.6385083749424154,0.07291469750188372,0.9699351908683719,0.03487047052104958,281,5521532,6.4025,2.1183882434530266,0.47575,0.3301805377365541,280.0,4,7.249999999999999,"[0.41600000000000004, 0.30899999999999994]",5521532,"[4.16, 3.0899999999999994]",0.008784305197851998,2.4596054553985596,3.860000000000001,"[-0.026000000000000002, 0.4119999999999999]",5522532,"[-0.26, 4.119999999999999]",0.009374117851257325,2.624752998352051,9.41,"[0.8640000000000001, 0.07700000000000003]",5523532,"[8.64, 0.7700000000000002]",0.008953059571129934,2.506856679916382,5.09,"[0.6490000000000001, -0.13999999999999996]",5524532,"[6.490000000000001, -1.3999999999999995]",0.009046591179711478,2.533045530319214,WelfareSolutionConcept,4.7575,3.301805377365541,0.009039518449987682,0.00021483466004974623,2.5310651659965515,0.060153704813928836,COMPLETE
553,3.8525000000000005,2025-06-12 22:52:15.593700,2025-06-12 22:52:18.171896,0 days 00:00:02.578196,10,0.9856285190236739,0.08596362693729717,0.937472494339882,0.05390301777146792,408,5531535,3.8525000000000005,2.0722858755490283,0.39575000000000005,0.2694534978433199,400.0,4,6.820000000000001,"[0.772, -0.08999999999999998]",5531535,"[7.720000000000001, -0.8999999999999998]",0.0058757966756820676,2.350318670272827,1.4200000000000002,"[0.018000000000000013, 0.124]",5532535,"[0.18000000000000013, 1.24]",0.0059650659561157225,2.386026382446289,4.660000000000001,"[0.45200000000000007, 0.014000000000000007]",5533535,"[4.5200000000000005, 0.14000000000000007]",0.00569329559803009,2.277318239212036,2.51,"[0.3410000000000001, -0.08999999999999998]",5534535,"[3.410000000000001, -0.8999999999999998]",0.0057859659194946286,2.3143863677978516,WelfareSolutionConcept,3.9575000000000005,2.694534978433199,0.005830031037330628,0.00010120182547220115,2.332012414932251,0.04048073018888044,COMPLETE
554,6.8325,2025-06-12 22:52:18.191550,2025-06-12 22:52:20.271530,0 days 00:00:02.079980,14,0.9520164915914355,0.06160123325728216,0.9443122792699492,0.002916880470672396,227,5541538,6.8325,1.263415509640435,0.5075000000000001,0.09167469661798726,220.0,4,6.21,"[0.526, 0.095]",5541538,"[5.26, 0.95]",0.007906642827120695,1.7394614219665527,8.49,"[0.6500000000000001, 0.199]",5542538,"[6.500000000000002, 1.9900000000000002]",0.008215487003326416,1.8074071407318115,7.48,"[0.429, 0.31900000000000006]",5543538,"[4.29, 3.1900000000000004]",0.00797475901517001,1.7544469833374023,5.15,"[0.4250000000000001, 0.09000000000000002]",5544538,"[4.250000000000001, 0.9000000000000002]",0.00840757435018366,1.8496663570404053,WelfareSolutionConcept,5.075,0.9167469661798727,0.008126115798950196,0.00019892422526809783,1.787745475769043,0.04376332955898153,COMPLETE
555,6.0625,2025-06-12 22:52:20.286825,2025-06-12 22:52:22.889690,0 days 00:00:02.602865,16,0.7562832066900779,0.0788869264309841,0.9767030561700265,0.08917344372808379,250,5551540,6.0625,1.3250353768862173,0.56275,0.09657477672767356,250.0,4,4.98,"[0.648, -0.14999999999999997]",5551540,"[6.48, -1.4999999999999996]",0.009652496337890625,2.4131240844726562,5.01,"[0.651, -0.14999999999999997]",5552540,"[6.51, -1.4999999999999996]",0.009440170288085938,2.3600425720214844,8.24,"[0.536, 0.288]",5553540,"[5.36, 2.88]",0.00840745449066162,2.1018636226654053,6.0200000000000005,"[0.41600000000000004, 0.186]",5554540,"[4.16, 1.8599999999999999]",0.009264460563659668,2.316115140914917,WelfareSolutionConcept,5.6275,0.9657477672767356,0.009191145420074463,0.0004728648425768276,2.2977863550186157,0.11821621064420682,COMPLETE
556,5.2875,2025-06-12 22:52:25.560347,2025-06-12 22:52:27.118772,0 days 00:00:01.558425,11,0.6754566381495303,0.09232363924463613,0.9927298069716685,0.046072448645818734,195,5561545,5.2875,2.350908069236226,0.52175,0.20710429136065728,190.0,4,8.84,"[0.7660000000000001, 0.118]",5561545,"[7.660000000000001, 1.18]",0.007164840949209113,1.3613197803497314,4.43,"[0.442, 0.0010000000000000148]",5562545,"[4.42, 0.010000000000000148]",0.0070991252598009615,1.3488337993621826,5.54,"[0.6540000000000001, -0.09999999999999999]",5563545,"[6.540000000000001, -0.9999999999999999]",0.007076239585876465,1.3444855213165283,2.34,"[0.22499999999999995, 0.009000000000000018]",5564545,"[2.2499999999999996, 0.09000000000000019]",0.007257038668582314,1.3788373470306396,WelfareSolutionConcept,5.217500000000001,2.071042913606573,0.007149311115867214,7.01863056121052e-05,1.3583691120147705,0.013335398066300012,COMPLETE
557,4.8125,2025-06-12 22:52:27.134331,2025-06-12 22:52:28.705313,0 days 00:00:01.570982,13,0.6470427302911655,0.06928744170593762,0.9339785076461667,0.062318202736057045,174,5571547,4.8125,1.2936648522704788,0.492,0.1254491929029438,170.0,4,5.390000000000001,"[0.659, -0.11999999999999997]",5571547,"[6.59, -1.1999999999999997]",0.008152211413663976,1.385875940322876,6.54,"[0.55, 0.10400000000000005]",5572547,"[5.5, 1.0400000000000005]",0.007531937430886661,1.2804293632507324,4.26,"[0.43599999999999994, -0.009999999999999995]",5573547,"[4.359999999999999, -0.09999999999999995]",0.008015744826372932,1.3626766204833984,3.0600000000000005,"[0.323, -0.01699999999999998]",5574547,"[3.23, -0.16999999999999982]",0.008164328687331256,1.3879358768463135,WelfareSolutionConcept,4.92,1.2544919290294378,0.007966055589563707,0.0002573391770080016,1.35422945022583,0.04374766009136027,COMPLETE
558,3.8375000000000004,2025-06-12 22:52:28.722283,2025-06-12 22:52:31.472458,0 days 00:00:02.750175,12,0.6585571803887932,0.050846472695911894,0.9804045151077772,0.03842351070152443,347,5581548,3.8375000000000004,1.2355641424062127,0.30325,0.04752039036034955,340.0,4,3.2700000000000005,"[0.221, 0.10600000000000005]",5581548,"[2.21, 1.0600000000000005]",0.007160106827231015,2.434436321258545,5.48,"[0.33100000000000007, 0.21700000000000003]",5582548,"[3.3100000000000005, 2.1700000000000004]",0.007145418139065014,2.4294421672821045,4.420000000000001,"[0.3330000000000001, 0.10900000000000003]",5583548,"[3.330000000000001, 1.0900000000000003]",0.007014853112837847,2.385050058364868,2.1800000000000006,"[0.328, -0.10999999999999999]",5584548,"[3.2800000000000002, -1.0999999999999999]",0.007384017635794247,2.510565996170044,WelfareSolutionConcept,3.0325000000000006,0.4752039036034955,0.007176098928732031,0.0001326908625855743,2.4398736357688904,0.045114893279095264,COMPLETE
559,8.102500000000001,2025-06-12 22:52:31.487929,2025-06-12 22:52:33.121049,0 days 00:00:01.633120,10,0.9723139602056408,0.13802688997711016,0.9905248100404977,0.07771236254979051,255,5591551,8.102500000000001,1.924037096835713,0.5557500000000001,0.19833856785809464,250.0,4,10.020000000000001,"[0.666, 0.336]",5591551,"[6.66, 3.3600000000000003]",0.005505253791809082,1.3763134479522705,9.969999999999999,"[0.7630000000000001, 0.23399999999999999]",5592551,"[7.630000000000001, 2.34]",0.00552784538269043,1.3819613456726074,6.700000000000001,"[0.558, 0.11199999999999996]",5593551,"[5.58, 1.1199999999999997]",0.0057947044372558595,1.4486761093139648,5.720000000000001,"[0.23600000000000004, 0.336]",5594551,"[2.3600000000000003, 3.3600000000000003]",0.005585706710815429,1.3964266777038574,WelfareSolutionConcept,5.5575,1.9833856785809463,0.0056033775806427,0.00011429306252403324,1.400844395160675,0.02857326563100828,COMPLETE
560,6.032500000000001,2025-06-12 22:52:33.137826,2025-06-12 22:52:34.842276,0 days 00:00:01.704450,10,0.9688257095897481,0.1359032789623512,0.991810793977327,0.08029440641790343,263,5601553,6.032500000000001,1.9376580580690703,0.6122500000000001,0.1627534561845001,260.0,4,5.7700000000000005,"[0.5589999999999999, 0.018000000000000013]",5601553,"[5.59, 0.18000000000000013]",0.005588992742391733,1.4531381130218506,3.5799999999999996,"[0.44800000000000006, -0.08999999999999998]",5602553,"[4.48, -0.8999999999999998]",0.005794408688178429,1.5065462589263916,5.7700000000000005,"[0.559, 0.018000000000000013]",5603553,"[5.590000000000001, 0.18000000000000013]",0.005827077535482553,1.5150401592254639,9.01,"[0.883, 0.018000000000000013]",5604553,"[8.83, 0.18000000000000013]",0.00560380587211022,1.4569895267486572,WelfareSolutionConcept,6.1225000000000005,1.627534561845001,0.005703571209540734,0.0001079196550213857,1.4829285144805908,0.028059110305560298,COMPLETE
561,0.9299999999999986,2025-06-12 22:52:37.532217,2025-06-12 22:52:41.702616,0 days 00:00:04.170399,34,0.9761949188742902,0.13028595968798504,0.9912421582264687,0.09155151442322046,256,5611557,0.9299999999999986,2.3546974327925874,0.32599999999999996,0.24745201555049012,250.0,4,-2.6300000000000017,"[-0.06600000000000009, -0.19700000000000012]",5611557,"[-0.6600000000000008, -1.970000000000001]",0.015061359405517578,3.7653398513793945,3.9899999999999993,"[0.598, -0.1990000000000001]",5612557,"[5.9799999999999995, -1.9900000000000009]",0.01337964916229248,3.34491229057312,1.0899999999999983,"[0.31499999999999995, -0.2060000000000001]",5613557,"[3.1499999999999995, -2.060000000000001]",0.01594174766540527,3.9854369163513184,1.2699999999999987,"[0.457, -0.3300000000000001]",5614557,"[4.57, -3.300000000000001]",0.014340960502624511,3.585240125656128,WelfareSolutionConcept,3.26,2.4745201555049015,0.01468092918395996,0.0009411826065791272,3.6702322959899902,0.23529565164478192,COMPLETE
562,3.8525,2025-06-12 22:52:41.718165,2025-06-12 22:52:43.380299,0 days 00:00:01.662134,10,0.990210794643406,0.13979565667855312,0.9897833105750229,0.07405296963768865,251,5621561,3.8525,1.5821879629171751,0.36824999999999997,0.14142025137864803,250.0,4,4.59,"[0.229, 0.23000000000000007]",5621561,"[2.29, 2.3000000000000007]",0.005667084693908691,1.4167711734771729,1.4500000000000004,"[0.23500000000000001, -0.08999999999999998]",5622561,"[2.35, -0.8999999999999998]",0.005898987770080567,1.4747469425201416,5.760000000000001,"[0.558, 0.018000000000000013]",5623561,"[5.58, 0.18000000000000013]",0.005635174751281738,1.4087936878204346,3.61,"[0.45099999999999996, -0.08999999999999998]",5624561,"[4.51, -0.8999999999999998]",0.005690520286560059,1.4226300716400146,WelfareSolutionConcept,3.6825,1.4142025137864802,0.005722941875457763,0.00010352102353740858,1.430735468864441,0.025880255884352093,COMPLETE
563,7.077500000000001,2025-06-12 22:52:43.398555,2025-06-12 22:52:44.995098,0 days 00:00:01.596543,10,0.9615134327412106,0.057536359363595,0.9881057811056798,0.06977773944967311,238,5631563,7.077500000000001,0.8731945659473614,0.5565,0.07427819330059128,230.0,4,7.9300000000000015,"[0.5589999999999999, 0.23399999999999999]",5631563,"[5.59, 2.34]",0.005569436239159626,1.2809703350067139,6.800000000000001,"[0.662, 0.018000000000000016]",5632563,"[6.62, 0.18000000000000016]",0.005814548160718835,1.337346076965332,5.77,"[0.45199999999999996, 0.125]",5633563,"[4.52, 1.25]",0.006101994929106339,1.403458833694458,7.8100000000000005,"[0.553, 0.22799999999999992]",5634563,"[5.53, 2.2799999999999994]",0.005884454561316449,1.3534245491027832,WelfareSolutionConcept,5.565,0.7427819330059128,0.005842608472575312,0.0001900282078965189,1.3437999486923218,0.04370648781619937,COMPLETE
564,4.257499999999999,2025-06-12 22:52:45.014179,2025-06-12 22:52:46.746326,0 days 00:00:01.732147,11,0.8660208291100768,0.14401633190062235,0.99381646957796,0.09265507676114121,245,5641565,4.257499999999999,2.0554120633099338,0.3345,0.27505499450109977,240.0,4,5.589999999999999,"[0.6590000000000001, -0.09999999999999999]",5641565,"[6.590000000000002, -0.9999999999999999]",0.006263233224550883,1.503175973892212,3.479999999999999,"[0.01000000000000002, 0.33799999999999997]",5642565,"[0.1000000000000002, 3.38]",0.006297639012336731,1.5114333629608154,6.659999999999999,"[0.549, 0.11699999999999999]",5643565,"[5.49, 1.17]",0.006435328722000122,1.5444788932800293,1.3000000000000003,"[0.11999999999999997, 0.010000000000000007]",5644565,"[1.1999999999999997, 0.10000000000000007]",0.006300785144170125,1.51218843460083,WelfareSolutionConcept,3.3450000000000006,2.750549945010998,0.006324246525764465,6.580325493970355e-05,1.5178191661834717,0.0157927811855289,COMPLETE
565,5.4475,2025-06-12 22:52:46.761994,2025-06-12 22:52:48.750185,0 days 00:00:01.988191,12,0.9792033570980216,0.13544518452154114,0.991880737992948,0.0737831222744103,268,5651566,5.4475,2.9515451461903814,0.572,0.23069243594014946,260.0,4,1.11,"[0.22100000000000009, -0.10999999999999999]",5651566,"[2.210000000000001, -1.0999999999999999]",0.0066354641547569865,1.7252206802368164,8.57,"[0.8569999999999999, 1.1102230246251566e-17]",5652566,"[8.569999999999999, 1.1102230246251565e-16]",0.006598524863903339,1.7156164646148682,7.72,"[0.6609999999999999, 0.11100000000000002]",5653566,"[6.609999999999999, 1.11]",0.0063002641384418195,1.638068675994873,4.39,"[0.5489999999999999, -0.10999999999999999]",5654566,"[5.489999999999999, -1.0999999999999999]",0.006470594039330116,1.68235445022583,WelfareSolutionConcept,5.72,2.3069243594014943,0.006501211799108065,0.0001311591944148317,1.690315067768097,0.03410139054785623,COMPLETE
566,3.5825000000000005,2025-06-12 22:52:51.450977,2025-06-12 22:52:53.164582,0 days 00:00:01.713605,10,0.9426823846918579,0.14540289482985383,0.9952273779449003,0.08193856471783309,262,5661571,3.5825000000000005,1.5064092239494555,0.3147500000000001,0.04739396058571177,260.0,4,3.58,"[0.34600000000000003, 0.012000000000000005]",5661571,"[3.4600000000000004, 0.12000000000000005]",0.005676077879392184,1.4757802486419678,1.4300000000000004,"[0.233, -0.08999999999999998]",5662571,"[2.33, -0.8999999999999998]",0.005881938567528358,1.529304027557373,3.6300000000000003,"[0.34500000000000003, 0.018000000000000013]",5663571,"[3.45, 0.18000000000000013]",0.005700038029597356,1.4820098876953125,5.690000000000001,"[0.3350000000000001, 0.23400000000000004]",5664571,"[3.3500000000000005, 2.3400000000000003]",0.005831269117502065,1.516129970550537,WelfareSolutionConcept,3.147500000000001,0.47393960585711775,0.005772330898504992,8.657144065814955e-05,1.5008060336112976,0.02250857457111889,COMPLETE
567,5.3175,2025-06-12 22:52:53.180057,2025-06-12 22:52:55.147677,0 days 00:00:01.967620,13,0.9899466333831205,0.13957023078553943,0.9967986716110282,0.05940039895966996,252,5671573,5.3175,2.1000163689838223,0.54275,0.20888079734623766,250.0,4,8.68,"[0.876, -0.007999999999999983]",5671573,"[8.76, -0.07999999999999982]",0.006741268157958984,1.685317039489746,4.110000000000001,"[0.317, 0.09400000000000003]",5672573,"[3.17, 0.9400000000000003]",0.00713347053527832,1.78336763381958,5.37,"[0.5469999999999999, -0.009999999999999985]",5673573,"[5.469999999999999, -0.09999999999999984]",0.006617776870727539,1.6544442176818848,3.1100000000000008,"[0.43099999999999994, -0.11999999999999997]",5674573,"[4.31, -1.1999999999999997]",0.007025321006774902,1.7563302516937256,WelfareSolutionConcept,5.427499999999999,2.0888079734623766,0.006879459142684936,0.00020818971557172512,1.7198647856712341,0.05204742889293132,COMPLETE
568,3.425,2025-06-12 22:52:55.166030,2025-06-12 22:52:57.006033,0 days 00:00:01.840003,11,0.9695224297251689,0.12888416799827668,0.9857573182844148,0.06559717713269457,269,5681575,3.425,1.8680136509137182,0.25150000000000006,0.23308635738712813,260.0,4,4.45,"[0.5450000000000002, -0.09999999999999999]",5681575,"[5.450000000000001, -0.9999999999999999]",0.006260798527644231,1.6278076171875,0.19000000000000036,"[-0.09999999999999999, 0.11899999999999995]",5682575,"[-0.9999999999999999, 1.1899999999999995]",0.0063656926155090336,1.6550800800323486,4.529999999999999,"[0.33499999999999996, 0.11800000000000002]",5683575,"[3.3499999999999996, 1.1800000000000002]",0.0062639759137080265,1.628633737564087,4.529999999999999,"[0.22599999999999998, 0.22700000000000004]",5684575,"[2.26, 2.2700000000000005]",0.006108349103194017,1.5881707668304443,WelfareSolutionConcept,2.515,2.330863573871281,0.006249704040013827,9.187129835163999e-05,1.624923050403595,0.02388653757142636,COMPLETE
569,3.5275000000000003,2025-06-12 22:52:57.021357,2025-06-12 22:52:59.322752,0 days 00:00:02.301395,14,0.9567705750388387,0.13401558144272532,0.9935949375322223,0.05667318596162783,273,5691577,3.5275000000000003,1.6509750906661194,0.4,0.09079096871385392,270.0,4,6.2700000000000005,"[0.535, 0.09200000000000003]",5691577,"[5.3500000000000005, 0.9200000000000003]",0.007741138670179579,2.0901074409484863,1.85,"[0.31499999999999995, -0.12999999999999995]",5692577,"[3.1499999999999995, -1.2999999999999994]",0.007812381673742224,2.1093430519104004,3.01,"[0.43100000000000005, -0.12999999999999995]",5693577,"[4.3100000000000005, -1.2999999999999994]",0.007407000329759386,1.9998900890350342,2.980000000000001,"[0.31900000000000006, -0.020999999999999998]",5694577,"[3.1900000000000004, -0.20999999999999996]",0.007368027722394025,1.9893674850463867,WelfareSolutionConcept,4.0,0.9079096871385394,0.007582137099018804,0.00019672936799474143,2.047177016735077,0.05311692935858019,COMPLETE
570,5.455,2025-06-12 22:52:59.338907,2025-06-12 22:53:01.148525,0 days 00:00:01.809618,10,0.9705162447327298,0.1541836407691958,0.9894350258051186,0.08138308824934798,289,5701579,5.455,3.9820880201221067,0.50075,0.24604001198992004,280.0,4,4.700000000000001,"[0.56, -0.08999999999999998]",5701579,"[5.6000000000000005, -0.8999999999999998]",0.005592388766152518,1.565868854522705,12.17,"[0.875, 0.342]",5702579,"[8.75, 3.4200000000000004]",0.0056101884160723,1.5708527565002441,2.5300000000000002,"[0.23600000000000004, 0.01700000000000001]",5703579,"[2.3600000000000003, 0.17000000000000012]",0.00577072160584586,1.6158020496368408,2.42,"[0.332, -0.08999999999999998]",5704579,"[3.3200000000000003, -0.8999999999999998]",0.00578843355178833,1.6207613945007324,WelfareSolutionConcept,5.0075,2.4604001198992007,0.005690433084964752,8.958548071524969e-05,1.5933212637901306,0.02508393460026991,COMPLETE
571,6.6674999999999995,2025-06-12 22:53:03.873644,2025-06-12 22:53:05.803823,0 days 00:00:01.930179,11,0.7374085174334966,0.12750090246091253,0.9822585103735215,0.0655440172050085,257,5711583,6.6674999999999995,1.7178675007112747,0.5272500000000001,0.08875352105691355,250.0,4,8.84,"[0.558, 0.32599999999999996]",5711583,"[5.58, 3.26]",0.006196767807006836,1.549191951751709,4.549999999999999,"[0.4470000000000002, 0.00800000000000001]",5712583,"[4.4700000000000015, 0.0800000000000001]",0.0064732818603515626,1.6183204650878906,7.779999999999999,"[0.659, 0.119]",5713583,"[6.59, 1.19]",0.006312366485595703,1.5780916213989258,5.499999999999999,"[0.445, 0.10499999999999998]",5714583,"[4.45, 1.0499999999999998]",0.006704775810241699,1.6761939525604248,WelfareSolutionConcept,5.2725,0.8875352105691352,0.006421797990798951,0.00019061799040833227,1.6054494976997375,0.04765449760208311,COMPLETE
572,6.5425,2025-06-12 22:53:05.819279,2025-06-12 22:53:08.388724,0 days 00:00:02.569445,12,0.9541471820505848,0.14214973009491363,0.9788656317404505,0.052816384826697024,367,5721585,6.5425,1.9549344618170703,0.5459999999999999,0.07117232608254419,360.0,4,9.629999999999999,"[0.643, 0.3200000000000001]",5721585,"[6.43, 3.200000000000001]",0.006330004003312853,2.278801441192627,6.64,"[0.5519999999999999, 0.11200000000000002]",5722585,"[5.52, 1.12]",0.006345019075605605,2.2842068672180176,5.53,"[0.442, 0.11100000000000003]",5723585,"[4.42, 1.1100000000000003]",0.006622382667329577,2.3840577602386475,4.37,"[0.5469999999999999, -0.10999999999999999]",5724585,"[5.469999999999999, -1.0999999999999999]",0.006283644172880385,2.2621119022369385,WelfareSolutionConcept,5.459999999999999,0.7117232608254419,0.006395262479782104,0.00013306511041735953,2.3022944927215576,0.047903439750249424,COMPLETE
573,6.9624999999999995,2025-06-12 22:53:08.404178,2025-06-12 22:53:10.547337,0 days 00:00:02.143159,11,0.9817833667275156,0.13779175863410503,0.932450905367089,0.014928722928336536,327,5731588,6.9624999999999995,4.2806797065419415,0.52425,0.13960009849566726,320.0,4,5.62,"[0.442, 0.11999999999999993]",5731588,"[4.42, 1.1999999999999993]",0.005745077133178711,1.8384246826171875,14.26,"[0.766, 0.6599999999999999]",5732588,"[7.66, 6.6]",0.00579025074839592,1.8528802394866943,4.489999999999999,"[0.441, 0.008000000000000018]",5733588,"[4.41, 0.08000000000000018]",0.006137444078922272,1.963982105255127,3.48,"[0.44800000000000006, -0.09999999999999999]",5734588,"[4.48, -0.9999999999999999]",0.006096982210874557,1.9510343074798584,WelfareSolutionConcept,5.242500000000001,1.3960009849566726,0.005942438542842865,0.00017608489091454905,1.9015803337097168,0.05634716509265567,COMPLETE
574,5.2125,2025-06-12 22:53:10.563653,2025-06-12 22:53:12.943002,0 days 00:00:02.379349,14,0.9989096248097071,0.01730693104898471,0.9213031428235936,0.09809721061498605,277,5741590,5.2125,2.48560229119624,0.51075,0.23923354175365963,270.0,4,8.53,"[0.8700000000000001, -0.016999999999999987]",5741590,"[8.700000000000001, -0.16999999999999987]",0.007483681042989095,2.0205938816070557,6.37,"[0.43100000000000005, 0.20600000000000004]",5742590,"[4.3100000000000005, 2.0600000000000005]",0.007470549477471246,2.0170483589172363,1.8900000000000003,"[0.20600000000000004, -0.01699999999999998]",5743590,"[2.0600000000000005, -0.16999999999999982]",0.007704959092316804,2.080338954925537,4.0600000000000005,"[0.536, -0.12999999999999995]",5744590,"[5.36, -1.2999999999999994]",0.007728090109648528,2.0865843296051025,WelfareSolutionConcept,5.107500000000001,2.3923354175365965,0.007596819930606418,0.00012007349148273712,2.051141381263733,0.03241984270033898,COMPLETE
575,5.0275,2025-06-12 22:53:12.958132,2025-06-12 22:53:15.351939,0 days 00:00:02.393807,13,0.9622337056506194,0.08918276543687574,0.9944598689002034,0.07080916771687025,316,5751593,5.0275,1.6444660987688375,0.45924999999999994,0.2522165488226338,310.0,4,4.2,"[0.42899999999999994, -0.008999999999999984]",5751593,"[4.289999999999999, -0.08999999999999983]",0.007048240784675844,2.1849546432495117,3.1,"[0.20999999999999996, 0.10000000000000002]",5752593,"[2.0999999999999996, 1.0000000000000002]",0.007099825336087134,2.2009458541870117,5.26,"[0.32299999999999995, 0.20299999999999999]",5753593,"[3.2299999999999995, 2.03]",0.0070179885433566186,2.1755764484405518,7.55,"[0.875, -0.11999999999999997]",5754593,"[8.75, -1.1999999999999997]",0.0067036021140313914,2.0781166553497314,WelfareSolutionConcept,4.592499999999999,2.522165488226338,0.006967414194537747,0.00015509692667756877,2.1598984003067017,0.04808004727004629,COMPLETE
576,4.145,2025-06-12 22:53:18.058246,2025-06-12 22:53:20.091108,0 days 00:00:02.032862,10,0.9480283794441611,0.13826222329798268,0.9720960720180631,0.051379525383036875,302,5761598,4.145,0.9441530596253975,0.39675,0.1624228663089037,300.0,4,3.5900000000000003,"[0.449, -0.08999999999999998]",5761598,"[4.49, -0.8999999999999998]",0.005986220041910808,1.7958660125732422,3.58,"[0.12599999999999997, 0.23200000000000004]",5762598,"[1.2599999999999998, 2.3200000000000003]",0.006161687374114991,1.848506212234497,5.779999999999999,"[0.5589999999999999, 0.019000000000000013]",5763598,"[5.59, 0.19000000000000014]",0.006061906814575195,1.8185720443725586,3.63,"[0.453, -0.08999999999999998]",5764598,"[4.53, -0.8999999999999998]",0.0061067692438761395,1.8320307731628418,WelfareSolutionConcept,3.9675000000000002,1.624228663089037,0.0060791458686192835,6.42427918989119e-05,1.823743760585785,0.01927283756967357,COMPLETE
577,1.9075000000000006,2025-06-12 22:53:20.106025,2025-06-12 22:53:22.817125,0 days 00:00:02.711100,12,0.9755390611928196,0.052837789576632425,0.9844019702585054,0.002429701269910249,353,5771600,1.9075000000000006,2.4935754951474802,0.24575000000000005,0.21015871978102643,350.0,4,4.370000000000001,"[0.32700000000000007, 0.11000000000000001]",5771600,"[3.2700000000000005, 1.1]",0.006914867673601423,2.420203685760498,2.19,"[0.32900000000000007, -0.10999999999999999]",5772600,"[3.290000000000001, -1.0999999999999999]",0.007212576866149903,2.524401903152466,3.2700000000000005,"[0.437, -0.10999999999999999]",5773600,"[4.37, -1.0999999999999999]",0.006886856215340751,2.4103996753692627,-2.1999999999999997,"[-0.10999999999999999, -0.10999999999999999]",5774600,"[-1.0999999999999999, -1.0999999999999999]",0.0069399820055280415,2.4289937019348145,WelfareSolutionConcept,2.4575000000000005,2.1015871978102645,0.00698857069015503,0.00013068817486049837,2.4459997415542603,0.04574086120117438,COMPLETE
578,5.19,2025-06-12 22:53:22.832682,2025-06-12 22:53:24.784238,0 days 00:00:01.951556,10,0.5400068073608534,0.06080756961374409,0.9683632589516274,0.060195357947705114,244,5781602,5.19,2.1843877860856113,0.47575,0.11363840679981393,240.0,4,7.79,"[0.657, 0.12199999999999997]",5781602,"[6.57, 1.2199999999999998]",0.007033885518709818,1.6881325244903564,6.84,"[0.45299999999999996, 0.23100000000000004]",5782602,"[4.529999999999999, 2.3100000000000005]",0.0070102930068969725,1.6824703216552734,3.6,"[0.45, -0.08999999999999998]",5783602,"[4.5, -0.8999999999999998]",0.0071136474609375,1.707275390625,2.5300000000000002,"[0.3430000000000001, -0.08999999999999998]",5784602,"[3.4300000000000006, -0.8999999999999998]",0.007308247685432434,1.7539794445037842,WelfareSolutionConcept,4.7575,1.1363840679981394,0.007116518417994181,0.00011713281819556499,1.7079644203186035,0.028111876366935563,COMPLETE
579,5.67,2025-06-12 22:53:24.802324,2025-06-12 22:53:27.907461,0 days 00:00:03.105137,12,0.9862458158845478,0.13273014014863124,0.9745908479070876,0.08747196069583325,440,5791604,5.67,2.8280823891817577,0.43375,0.2434269654331664,440.0,4,9.76,"[0.757, 0.21900000000000008]",5791604,"[7.57, 2.190000000000001]",0.0064473666928031225,2.836841344833374,6.470000000000001,"[0.5449999999999999, 0.10200000000000009]",5792604,"[5.449999999999999, 1.020000000000001]",0.006366826729340987,2.801403760910034,2.0700000000000003,"[0.10300000000000002, 0.10400000000000001]",5793604,"[1.0300000000000002, 1.04]",0.006607465310530229,2.907284736633301,4.380000000000001,"[0.33, 0.10800000000000005]",5794604,"[3.3000000000000003, 1.0800000000000005]",0.006552312048998746,2.8830173015594482,WelfareSolutionConcept,4.3375,2.434269654331664,0.006493492695418272,9.303406423271515e-05,2.8571367859840393,0.040934988262394646,COMPLETE
580,6.415000000000001,2025-06-12 22:53:27.928373,2025-06-12 22:53:31.626250,0 days 00:00:03.697877,13,0.501138857545765,0.04607538813131737,0.9770221765594266,0.07854580431017484,420,5801607,6.415000000000001,1.7534893783539154,0.48824999999999996,0.16625338342421792,420.0,4,4.2,"[0.32199999999999995, 0.098]",5801607,"[3.2199999999999998, 0.98]",0.008155861355009533,3.425461769104004,8.63,"[0.656, 0.20700000000000002]",5802607,"[6.5600000000000005, 2.0700000000000003]",0.00755439939953032,3.1728477478027344,7.53,"[0.653, 0.10000000000000005]",5803607,"[6.53, 1.0000000000000004]",0.00811818554287865,3.409637928009033,5.3,"[0.32199999999999995, 0.20800000000000002]",5804607,"[3.2199999999999998, 2.08]",0.008328349817366828,3.4979069232940674,WelfareSolutionConcept,4.8825,1.662533834242179,0.008039199028696332,0.00029089853335473927,3.3764635920524597,0.12217738400899052,COMPLETE
581,3.66,2025-06-12 22:53:34.450435,2025-06-12 22:53:36.911039,0 days 00:00:02.460604,15,0.927015602275995,0.0928213997528522,0.9658063612311691,0.046190029625423804,284,5811614,3.66,3.786786236375114,0.25625,0.2333820633639183,280.0,4,-0.5599999999999998,"[-0.02799999999999999, -0.02799999999999999]",5811614,"[-0.2799999999999999, -0.2799999999999999]",0.00811344129698617,2.271763563156128,0.5,"[0.08800000000000005, -0.03799999999999999]",5812614,"[0.8800000000000006, -0.3799999999999999]",0.00802971465247018,2.2483201026916504,6.2700000000000005,"[0.42600000000000005, 0.201]",5813614,"[4.260000000000001, 2.0100000000000002]",0.007863270384924752,2.2017157077789307,8.43,"[0.5389999999999999, 0.304]",5814614,"[5.389999999999999, 3.04]",0.00788149152483259,2.206817626953125,WelfareSolutionConcept,2.5625,2.333820633639183,0.007971979464803424,0.00010410395428086291,2.2321542501449585,0.02914910719864164,COMPLETE
582,5.8525,2025-06-12 22:53:36.928036,2025-06-12 22:53:38.872103,0 days 00:00:01.944067,11,0.62223216885006,0.0646049870399639,0.9815973466806094,0.06161815226533516,259,5821616,5.8525,0.4664426545675258,0.4422500000000001,0.07921292508170626,250.0,4,5.59,"[0.4450000000000001, 0.11399999999999996]",5821616,"[4.450000000000001, 1.1399999999999997]",0.006946953773498535,1.7367384433746338,5.6,"[0.442, 0.11799999999999997]",5822616,"[4.42, 1.1799999999999997]",0.006740041732788086,1.6850104331970215,5.56,"[0.329, 0.22699999999999995]",5823616,"[3.29, 2.2699999999999996]",0.007028364181518555,1.7570910453796387,6.66,"[0.5530000000000002, 0.11300000000000002]",5824616,"[5.530000000000001, 1.1300000000000001]",0.0069191732406616215,1.7297933101654053,WelfareSolutionConcept,4.4225,0.7921292508170625,0.0069086332321167,0.0001052831296581551,1.7271583080291748,0.02632078241453875,COMPLETE
583,5.1675,2025-06-12 22:53:38.887735,2025-06-12 22:53:41.222443,0 days 00:00:02.334708,10,0.6106457596571357,0.10297761155936101,0.978968177185131,0.05117325936115272,344,5831618,5.1675,3.4941907146004496,0.39325,0.35803238331190096,340.0,4,2.48,"[0.019000000000000013, 0.229]",5831618,"[0.19000000000000014, 2.29]",0.00626534714418299,2.130218029022217,4.670000000000001,"[0.3410000000000001, 0.126]",5832618,"[3.410000000000001, 1.26]",0.006224410674151253,2.116299629211426,11.02,"[0.9799999999999999, 0.122]",5833618,"[9.799999999999999, 1.22]",0.006139295241411995,2.087360382080078,2.5,"[0.233, 0.01700000000000001]",5834618,"[2.33, 0.17000000000000012]",0.006311311441309312,2.145845890045166,WelfareSolutionConcept,3.9325,3.5803238331190097,0.006235091125263888,6.327694417762322e-05,2.1199309825897217,0.021514161020391945,COMPLETE
584,7.765,2025-06-12 22:53:41.238575,2025-06-12 22:53:42.830788,0 days 00:00:01.592213,11,0.9354002099388871,0.05681533580308958,0.9707691367232842,0.07349898367145573,217,5841621,7.765,1.7458737067726289,0.6615000000000001,0.23040019531241723,210.0,4,6.61,"[0.4440000000000001, 0.21699999999999994]",5841621,"[4.440000000000001, 2.1699999999999995]",0.006695340928577241,1.4060215950012207,5.59,"[0.445, 0.11399999999999996]",5842621,"[4.45, 1.1399999999999997]",0.006298051561628069,1.3225908279418945,8.89,"[0.769, 0.12000000000000002]",5843621,"[7.69, 1.2000000000000002]",0.005993669373648507,1.2586705684661865,9.969999999999999,"[0.9880000000000001, 0.009000000000000006]",5844621,"[9.88, 0.09000000000000007]",0.006447374253045945,1.3539485931396484,WelfareSolutionConcept,6.615,2.304001953124172,0.0063586090292249405,0.00025402548892551754,1.3353078961372375,0.053345352674358686,COMPLETE
585,5.2325,2025-06-12 22:53:42.846723,2025-06-12 22:53:44.542396,0 days 00:00:01.695673,12,0.9294301318883762,0.05779911497465012,0.9704016171872009,0.09901388497514504,224,5851622,5.2325,1.5978012235569226,0.4675,0.20902212801519365,220.0,4,3.33,"[0.221, 0.11200000000000002]",5851622,"[2.21, 1.12]",0.006792025132612748,1.4942455291748047,7.659999999999999,"[0.766, 1.1102230246251566e-17]",5852622,"[7.66, 1.1102230246251565e-16]",0.0067973635413429954,1.495419979095459,5.500000000000001,"[0.55, 1.1102230246251566e-17]",5853622,"[5.5, 1.1102230246251565e-16]",0.006875933300365102,1.5127053260803223,4.44,"[0.3330000000000001, 0.11100000000000003]",5854622,"[3.330000000000001, 1.1100000000000003]",0.0067334142598238856,1.4813511371612549,WelfareSolutionConcept,4.675000000000001,2.0902212801519364,0.006799684058536182,5.066970753615485e-05,1.4959304928779602,0.011147335657954012,COMPLETE
586,7.262500000000001,2025-06-12 22:53:47.321542,2025-06-12 22:53:49.099398,0 days 00:00:01.777856,13,0.9185798030145229,0.055259232074224146,0.968800863262865,0.0761016588953136,219,5861627,7.262500000000001,1.6522314456516072,0.65275,0.17269101742707987,210.0,4,9.79,"[0.875, 0.10400000000000002]",5861627,"[8.75, 1.0400000000000003]",0.006899237632751465,1.4488399028778076,6.37,"[0.757, -0.11999999999999997]",5862627,"[7.57, -1.1999999999999997]",0.007381813866751534,1.5501809120178223,7.540000000000001,"[0.43599999999999994, 0.318]",5863627,"[4.359999999999999, 3.18]",0.0072276580901373,1.517808198928833,5.35,"[0.543, -0.007999999999999983]",5864627,"[5.430000000000001, -0.07999999999999982]",0.007344658034188407,1.5423781871795654,WelfareSolutionConcept,6.5275,1.7269101742707986,0.007213341905957176,0.00019006128924843173,1.514801800251007,0.039912870742170675,COMPLETE
587,6.6475,2025-06-12 22:53:49.118775,2025-06-12 22:53:50.559929,0 days 00:00:01.441154,11,0.935311177361,0.05227456606235905,0.9699331782411637,0.07016717417044151,199,5871629,6.6475,1.5210255586281254,0.57725,0.08893080175057458,190.0,4,4.449999999999999,"[0.5450000000000002, -0.09999999999999999]",5871629,"[5.450000000000001, -0.9999999999999999]",0.006579090419568514,1.2500271797180176,6.699999999999999,"[0.446, 0.22399999999999998]",5872629,"[4.46, 2.2399999999999998]",0.006551969678778398,1.2448742389678955,6.69,"[0.66, 0.009000000000000006]",5873629,"[6.6000000000000005, 0.09000000000000007]",0.006187428926166735,1.1756114959716797,8.75,"[0.658, 0.217]",5874629,"[6.58, 2.17]",0.006215621295728182,1.1809680461883545,WelfareSolutionConcept,5.772500000000001,0.889308017505746,0.006383527580060457,0.00018252723577192454,1.2128702402114868,0.03468017479666566,COMPLETE
588,6.275000000000001,2025-06-12 22:53:50.577054,2025-06-12 22:53:52.073390,0 days 00:00:01.496336,10,0.934527240725118,0.0404230916882515,0.9668092030268053,0.07784913431716114,211,5881630,6.275000000000001,2.7799775178947046,0.5845,0.2434024445234681,210.0,4,3.5799999999999996,"[0.34400000000000003, 0.014000000000000018]",5881630,"[3.4400000000000004, 0.14000000000000018]",0.006005818503243583,1.2612218856811523,7.880000000000001,"[0.8779999999999999, -0.08999999999999998]",5882630,"[8.78, -0.8999999999999998]",0.006024158568609329,1.265073299407959,10.020000000000001,"[0.772, 0.23000000000000007]",5883630,"[7.720000000000001, 2.3000000000000007]",0.005968391327630906,1.2533621788024902,3.6199999999999997,"[0.34400000000000003, 0.018000000000000013]",5884630,"[3.4400000000000004, 0.18000000000000013]",0.006235051155090332,1.3093607425689697,WelfareSolutionConcept,5.845,2.4340244452346815,0.006058354888643537,0.00010397652737647662,1.2722545266151428,0.021835070749060083,COMPLETE
589,4.625000000000001,2025-06-12 22:53:52.089003,2025-06-12 22:53:53.731186,0 days 00:00:01.642183,12,0.9473228789620577,0.060003695031665805,0.9710256710054935,0.06358898784762627,208,5891632,4.625000000000001,1.6206248794832194,0.4932499999999999,0.1814585007653264,200.0,4,4.32,"[0.43999999999999995, -0.007999999999999985]",5891632,"[4.3999999999999995, -0.07999999999999985]",0.007247695922851563,1.4495391845703125,6.510000000000001,"[0.6529999999999998, -0.0019999999999999905]",5892632,"[6.529999999999998, -0.019999999999999907]",0.00708488941192627,1.416977882385254,5.51,"[0.6609999999999999, -0.10999999999999999]",5893632,"[6.609999999999999, -1.0999999999999999]",0.007274799346923828,1.4549598693847656,2.160000000000001,"[0.21900000000000008, -0.0029999999999999914]",5894632,"[2.190000000000001, -0.029999999999999916]",0.0072215557098388675,1.4443111419677734,WelfareSolutionConcept,4.932499999999999,1.8145850076532641,0.007207235097885132,7.310190302687267e-05,1.4414470195770264,0.014620380605374518,COMPLETE
590,5.2375,2025-06-12 22:53:53.746846,2025-06-12 22:53:56.663394,0 days 00:00:02.916548,14,0.9414112722161623,0.05033235318837307,0.9717494417341843,0.09027551128873845,361,5901633,5.2375,2.832899354018776,0.51575,0.1652700441701399,360.0,4,1.9000000000000001,"[0.32, -0.12999999999999995]",5901633,"[3.2, -1.2999999999999994]",0.007432036929660373,2.6755332946777344,7.46,"[0.544, 0.20200000000000004]",5902633,"[5.44, 2.0200000000000005]",0.006966552469465467,2.5079588890075684,8.57,"[0.767, 0.09000000000000002]",5903633,"[7.67, 0.9000000000000002]",0.007366789049572415,2.6520440578460693,3.020000000000001,"[0.43200000000000005, -0.12999999999999995]",5904633,"[4.32, -1.2999999999999994]",0.00757145881652832,2.7257251739501953,WelfareSolutionConcept,5.157500000000001,1.652700441701399,0.007334209316306644,0.00022477242009351768,2.640315353870392,0.08091807123366632,COMPLETE
591,5.88,2025-06-12 22:53:59.482016,2025-06-12 22:54:01.283630,0 days 00:00:01.801614,11,0.9567673977619696,0.05837165984095787,0.9734317713725948,0.055664697765311646,230,5911639,5.88,2.4676405735033624,0.497,0.1625192296314501,230.0,4,8.840000000000002,"[0.657, 0.22699999999999995]",5911639,"[6.57, 2.2699999999999996]",0.006596921837848165,1.5172920227050781,3.4099999999999993,"[0.33199999999999996, 0.009000000000000018]",5912639,"[3.3199999999999994, 0.09000000000000019]",0.006811758746271548,1.566704511642456,3.4699999999999993,"[0.33699999999999997, 0.010000000000000007]",5913639,"[3.3699999999999997, 0.10000000000000007]",0.0069830718247786815,1.6061065196990967,7.8,"[0.662, 0.11799999999999997]",5914639,"[6.62, 1.1799999999999997]",0.00673797545225724,1.549734354019165,WelfareSolutionConcept,4.97,1.6251922963145011,0.006782431965288908,0.00013920021752218572,1.559959352016449,0.03201605003010267,COMPLETE
592,6.150000000000001,2025-06-12 22:54:01.300326,2025-06-12 22:54:03.217279,0 days 00:00:01.916953,13,0.9235943892862947,0.05406176266292956,0.9671691022251385,0.07028790019621693,219,5921641,6.150000000000001,4.134845825420823,0.517,0.33461694517761653,210.0,4,2.0300000000000002,"[0.3229999999999999, -0.11999999999999997]",5921641,"[3.229999999999999, -1.1999999999999997]",0.007903195562816802,1.6596710681915283,10.900000000000002,"[0.9870000000000001, 0.10300000000000002]",5922641,"[9.870000000000001, 1.0300000000000002]",0.007502834002176921,1.5755951404571533,9.62,"[0.654, 0.308]",5923641,"[6.54, 3.08]",0.008102779161362421,1.7015836238861084,2.0500000000000003,"[0.10400000000000002, 0.10100000000000002]",5924641,"[1.0400000000000003, 1.0100000000000002]",0.008200898624601818,1.7221887111663818,WelfareSolutionConcept,5.17,3.3461694517761655,0.00792742683773949,0.0002675824575271506,1.664759635925293,0.05619231608070167,COMPLETE
593,4.109999999999999,2025-06-12 22:54:03.237651,2025-06-12 22:54:07.924704,0 days 00:00:04.687053,32,0.9641085847922116,0.04664342264383235,0.9953509514523842,0.05755826891036154,296,5931643,4.109999999999999,1.5657745687039368,0.4969999999999999,0.1039062077067583,290.0,4,5.209999999999999,"[0.583, -0.0620000000000001]",5931643,"[5.83, -0.620000000000001]",0.015036351927395525,4.360542058944702,1.529999999999999,"[0.46299999999999997, -0.3100000000000001]",5932643,"[4.63, -3.100000000000001]",0.015412120161385372,4.469514846801758,4.2,"[0.5999999999999999, -0.18000000000000008]",5933643,"[5.999999999999998, -1.8000000000000007]",0.014080230943087874,4.083266973495483,5.499999999999998,"[0.3419999999999999, 0.20799999999999996]",5934643,"[3.419999999999999, 2.0799999999999996]",0.014894176351613012,4.319311141967773,WelfareSolutionConcept,4.97,1.0390620770675831,0.014855719845870446,0.0004860738629966737,4.308158755302429,0.14096142026903544,COMPLETE
594,4.0825000000000005,2025-06-12 22:54:07.940203,2025-06-12 22:54:09.715436,0 days 00:00:01.775233,12,0.9380799391800926,0.06280938707748693,0.9869880357201526,0.0010227448275513266,216,5941648,4.0825000000000005,2.060647653045032,0.38275000000000003,0.16495662308619197,210.0,4,5.4799999999999995,"[0.658, -0.10999999999999999]",5941648,"[6.58, -1.0999999999999999]",0.007487067722138904,1.57228422164917,6.430000000000001,"[0.32200000000000006, 0.32100000000000006]",5942648,"[3.2200000000000006, 3.210000000000001]",0.007575215612139021,1.5907952785491943,3.33,"[0.33199999999999996, 0.001000000000000012]",5943648,"[3.3199999999999994, 0.01000000000000012]",0.007338931446983701,1.5411756038665771,1.0900000000000005,"[0.21900000000000003, -0.10999999999999999]",5944648,"[2.1900000000000004, -1.0999999999999999]",0.007501824696858724,1.575383186340332,WelfareSolutionConcept,3.8275000000000006,1.6495662308619197,0.007475759869530087,8.576232376271246e-05,1.5699095726013184,0.018010087990169628,COMPLETE
595,5.48,2025-06-12 22:54:09.731424,2025-06-12 22:54:11.247396,0 days 00:00:01.515972,10,0.9715677657779331,0.141956517690897,0.9905357526996142,0.08389822096578667,206,5951649,5.48,2.529565180026006,0.45075000000000004,0.1506243257246319,200.0,4,3.6300000000000003,"[0.453, -0.08999999999999998]",5951649,"[4.53, -0.8999999999999998]",0.0065383601188659666,1.3076720237731934,2.55,"[0.23600000000000004, 0.019000000000000013]",5952649,"[2.3600000000000003, 0.19000000000000014]",0.006623663902282715,1.324732780456543,6.830000000000001,"[0.45200000000000007, 0.23099999999999996]",5953649,"[4.5200000000000005, 2.3099999999999996]",0.006104780435562134,1.2209560871124268,8.91,"[0.6620000000000001, 0.229]",5954649,"[6.620000000000001, 2.29]",0.006426427364349365,1.285285472869873,WelfareSolutionConcept,4.5075,1.506243257246319,0.006423307955265045,0.00019675429942934175,1.284661591053009,0.03935085988586837,COMPLETE
596,4.930000000000001,2025-06-12 22:54:14.069658,2025-06-12 22:54:16.886031,0 days 00:00:02.816373,14,0.9117288740458092,0.0650308554698889,0.9573180250535465,0.007880737734733365,336,5961654,4.930000000000001,1.8297130922633746,0.51175,0.21814258525102334,330.0,4,5.1,"[0.41500000000000004, 0.095]",5961654,"[4.15, 0.95]",0.007743301536097671,2.5552895069122314,6.4,"[0.77, -0.12999999999999995]",5962654,"[7.7, -1.2999999999999994]",0.00712719541607481,2.3519744873046875,1.8900000000000003,"[0.20600000000000004, -0.01699999999999998]",5963654,"[2.0600000000000005, -0.16999999999999982]",0.00795822793787176,2.6262152194976807,6.330000000000001,"[0.656, -0.02299999999999999]",5964654,"[6.5600000000000005, -0.2299999999999999]",0.007718188834912849,2.5470023155212402,WelfareSolutionConcept,5.117500000000001,2.1814258525102335,0.007636728431239272,0.0003086176640899471,2.52012038230896,0.10184382914968254,COMPLETE
597,4.795,2025-06-12 22:54:16.903950,2025-06-12 22:54:19.054102,0 days 00:00:02.150152,11,0.9526170443106751,0.05617234754342359,0.9240556544095717,0.046967102694326586,290,5971656,4.795,1.4292218162342754,0.41750000000000004,0.27030492041396514,290.0,4,3.379999999999999,"[0.01000000000000002, 0.32799999999999996]",5971656,"[0.1000000000000002, 3.2799999999999994]",0.006703973638600317,1.9441523551940918,6.72,"[0.6620000000000001, 0.010000000000000007]",5972656,"[6.620000000000001, 0.10000000000000007]",0.006723625906582536,1.9498515129089355,3.46,"[0.33599999999999997, 0.01000000000000002]",5973656,"[3.3599999999999994, 0.1000000000000002]",0.006787587856424266,1.968400478363037,5.62,"[0.6620000000000001, -0.09999999999999999]",5974656,"[6.620000000000001, -0.9999999999999999]",0.006770418430196828,1.96342134475708,WelfareSolutionConcept,4.175000000000001,2.703049204139651,0.006746401457950987,3.3882074796443844e-05,1.9564564228057861,0.009825801690968715,COMPLETE
598,3.525,2025-06-12 22:54:19.070308,2025-06-12 22:54:22.418873,0 days 00:00:03.348565,18,0.5844388139329061,0.1477792569557411,0.9736244209087159,0.0012965746466075438,280,5981659,3.525,1.1161205132063472,0.4075000000000001,0.13955375308460896,280.0,4,2.42,"[0.17900000000000005, 0.06299999999999997]",5981659,"[1.7900000000000005, 0.6299999999999997]",0.010759341716766357,3.01261568069458,4.57,"[0.512, -0.055000000000000014]",5982659,"[5.12, -0.5500000000000002]",0.011027916840144565,3.0878167152404785,4.71,"[0.5290000000000001, -0.05800000000000003]",5983659,"[5.290000000000001, -0.5800000000000003]",0.01082159195627485,3.030045747756958,2.400000000000001,"[0.41000000000000003, -0.16999999999999998]",5984659,"[4.1000000000000005, -1.6999999999999997]",0.01048642567225865,2.936199188232422,WelfareSolutionConcept,4.075,1.3955375308460896,0.010773819046361106,0.00019342471680051462,3.0166693329811096,0.05415892070414425,COMPLETE
599,5.4175,2025-06-12 22:54:22.434142,2025-06-12 22:54:25.029564,0 days 00:00:02.595422,10,0.5963610661649017,0.11415899159464406,0.9976920887613833,0.06732053583377078,358,5991662,5.4175,3.3127207473616003,0.47275,0.3143734840917726,350.0,4,4.7,"[0.34199999999999997, 0.12799999999999997]",5991662,"[3.42, 1.2799999999999998]",0.006444691930498396,2.2556421756744385,0.32,"[0.018000000000000023, 0.014000000000000007]",5992662,"[0.18000000000000022, 0.14000000000000007]",0.006673688207353865,2.3357908725738525,8.82,"[0.762, 0.11999999999999995]",5993662,"[7.62, 1.1999999999999995]",0.006497658320835658,2.2741804122924805,7.830000000000001,"[0.769, 0.014000000000000007]",5994662,"[7.69, 0.14000000000000007]",0.006325300761631557,2.213855266571045,WelfareSolutionConcept,4.7275,3.143734840917726,0.006485334805079868,0.00012539099998149221,2.269867181777954,0.043886849993522284,COMPLETE
