number,value,datetime_start,datetime_complete,duration,params_episode_length,params_epsilon_max,params_epsilon_min,params_gamma,params_learning_rate,params_num_episodes,user_attrs_base_seed,user_attrs_collective_reward_mean,user_attrs_collective_reward_std,user_attrs_individual_reward_agent0_mean,user_attrs_individual_reward_agent0_std,user_attrs_num_episodes_mean,user_attrs_num_parallel_runs,user_attrs_run_0_collective_reward,user_attrs_run_0_individual_rewards,user_attrs_run_0_seed,user_attrs_run_0_total_individual_rewards,user_attrs_run_0_training_time_per_episode,user_attrs_run_0_training_time_total,user_attrs_run_1_collective_reward,user_attrs_run_1_individual_rewards,user_attrs_run_1_seed,user_attrs_run_1_total_individual_rewards,user_attrs_run_1_training_time_per_episode,user_attrs_run_1_training_time_total,user_attrs_run_2_collective_reward,user_attrs_run_2_individual_rewards,user_attrs_run_2_seed,user_attrs_run_2_total_individual_rewards,user_attrs_run_2_training_time_per_episode,user_attrs_run_2_training_time_total,user_attrs_run_3_collective_reward,user_attrs_run_3_individual_rewards,user_attrs_run_3_seed,user_attrs_run_3_total_individual_rewards,user_attrs_run_3_training_time_per_episode,user_attrs_run_3_training_time_total,user_attrs_run_4_collective_reward,user_attrs_run_4_individual_rewards,user_attrs_run_4_seed,user_attrs_run_4_total_individual_rewards,user_attrs_run_4_training_time_per_episode,user_attrs_run_4_training_time_total,user_attrs_run_5_collective_reward,user_attrs_run_5_individual_rewards,user_attrs_run_5_seed,user_attrs_run_5_total_individual_rewards,user_attrs_run_5_training_time_per_episode,user_attrs_run_5_training_time_total,user_attrs_total_individual_reward_agent0_mean,user_attrs_total_individual_reward_agent0_std,user_attrs_training_time_per_episode_mean,user_attrs_training_time_per_episode_std,user_attrs_training_time_total_mean,user_attrs_training_time_total_std,state
0,12.843333333333334,2025-06-13 16:25:03.195972,2025-06-13 16:25:06.152720,0 days 00:00:02.956748,31,0.5699406507212351,0.06465946142034329,0.9391313342876575,0.00035644561496062793,428,4703.0,12.843333333333334,1.201078219305008,0.7281666666666666,0.14728590865690064,420.0,6.0,13.2,"[0.72, 0.5999999999999999]",4703.0,"[7.199999999999999, 5.999999999999998]",0.0052159201531183155,2.1906864643096924,10.77,"[0.477, 0.6]",5703.0,"[4.77, 6.0]",0.005128595942542667,2.15401029586792,11.93,"[0.599, 0.594]",6703.0,"[5.99, 5.9399999999999995]",0.00499668802533831,2.09860897064209,13.239999999999998,"[0.8579999999999999, 0.466]",7703.0,"[8.579999999999998, 4.66]",0.004720346132914225,1.9825453758239746,13.35,"[0.86, 0.475]",8703.0,"[8.6, 4.75]",0.005076953910645984,2.1323206424713135,14.57,"[0.8549999999999999, 0.6020000000000001]",9703.0,"[8.549999999999999, 6.020000000000001]",0.004400825500488282,1.8483467102050781,7.281666666666666,1.4728590865690065,0.004923221610841297,0.00028016011567532197,2.0677530765533447,0.11766724858363521,COMPLETE
1,13.671666666666667,2025-06-13 16:25:06.629031,2025-06-13 16:25:08.556930,0 days 00:00:01.927899,22,0.8235562754485268,0.1978093875641955,0.9463523835099201,0.01618515949696136,110,14706.0,13.671666666666667,2.919083284564217,0.6636666666666667,0.17802871179172816,110.0,6.0,10.120000000000001,"[0.51, 0.502]",14706.0,"[5.1, 5.02]",0.010229173573580655,1.125209093093872,10.159999999999998,"[0.386, 0.6300000000000001]",15706.0,"[3.8600000000000003, 6.300000000000001]",0.010739001360806551,1.1812901496887207,13.549999999999999,"[0.6140000000000001, 0.7410000000000001]",16706.0,"[6.140000000000001, 7.410000000000001]",0.010372415455904874,1.1409657001495361,14.809999999999999,"[0.861, 0.62]",17706.0,"[8.61, 6.2]",0.010607515681873668,1.1668267250061035,14.879999999999999,"[0.743, 0.7449999999999999]",18706.0,"[7.43, 7.449999999999999]",0.010050363974137739,1.1055400371551514,18.509999999999998,"[0.868, 0.9829999999999999]",19706.0,"[8.68, 9.829999999999998]",0.010057020187377929,1.1062722206115723,6.636666666666667,1.7802871179172817,0.01034258170561357,0.0002607765950495662,1.1376839876174927,0.02868542545545227,COMPLETE
2,11.233333333333334,2025-06-13 16:25:08.619742,2025-06-13 16:25:10.656204,0 days 00:00:02.036462,21,0.729597085407613,0.02888586730357056,0.9506569699671565,0.001330193662725435,130,24708.0,11.233333333333334,3.16821015015664,0.5705000000000001,0.20120449796165096,130.0,6.0,15.03,"[0.63, 0.8730000000000002]",24708.0,"[6.3, 8.730000000000002]",0.008051228523254395,1.0466597080230713,7.859999999999999,"[0.631, 0.15499999999999997]",25708.0,"[6.3100000000000005, 1.5499999999999998]",0.00875231669499324,1.137801170349121,10.32,"[0.516, 0.516]",26708.0,"[5.16, 5.16]",0.008313406430757963,1.0807428359985352,13.71,"[0.7419999999999999, 0.6289999999999999]",27708.0,"[7.419999999999999, 6.289999999999999]",0.008139269168560321,1.0581049919128418,13.810000000000002,"[0.748, 0.6329999999999999]",28708.0,"[7.48, 6.329999999999999]",0.008559980759253868,1.112797498703003,6.669999999999998,"[0.15599999999999994, 0.5109999999999999]",29708.0,"[1.5599999999999994, 5.109999999999999]",0.008437241040743315,1.0968413352966309,5.705000000000001,2.0120449796165096,0.008375573769593851,0.00023966939149431608,1.0888245900472004,0.031157020894261093,COMPLETE
3,14.34666666666667,2025-06-13 16:25:10.719577,2025-06-13 16:25:13.449877,0 days 00:00:02.730300,41,0.6382795573069907,0.1789928039309081,0.9653380267386993,0.0037615813429560416,367,34710.0,14.34666666666667,2.796567340310062,0.7511666666666666,0.12848400246290928,360.0,6.0,16.88,"[0.8440000000000001, 0.844]",34710.0,"[8.440000000000001, 8.44]",0.004981662167443169,1.793398380279541,16.87,"[0.8399999999999999, 0.8470000000000001]",35710.0,"[8.399999999999999, 8.47]",0.004949199491076999,1.7817118167877197,9.959999999999999,"[0.569, 0.42699999999999994]",36710.0,"[5.6899999999999995, 4.27]",0.0052333235740661625,1.8839964866638184,16.810000000000002,"[0.8379999999999999, 0.843]",37710.0,"[8.379999999999999, 8.43]",0.0047134088145362,1.6968271732330322,11.379999999999999,"[0.57, 0.568]",38710.0,"[5.699999999999999, 5.68]",0.005153187778260973,1.8551476001739502,14.18,"[0.8459999999999999, 0.572]",39710.0,"[8.459999999999999, 5.72]",0.005016973283555773,1.8061103820800781,7.511666666666667,1.2848400246290932,0.0050079591848232125,0.00016475530423184644,1.8028653065363567,0.05931190952346463,COMPLETE
4,12.645000000000001,2025-06-13 16:25:13.571511,2025-06-13 16:25:15.683573,0 days 00:00:02.112062,13,0.9868970960759875,0.14810450023562038,0.9621647962761202,0.0032869494793883467,238,44713.0,12.645000000000001,1.5209399506007242,0.6325000000000001,0.11849156088093364,230.0,6.0,12.96,"[0.76, 0.5359999999999999]",44713.0,"[7.6, 5.359999999999999]",0.005543396783911664,1.2749812602996826,11.940000000000003,"[0.5440000000000002, 0.6500000000000001]",45713.0,"[5.440000000000001, 6.500000000000002]",0.005317776099495266,1.2230885028839111,13.02,"[0.647, 0.655]",46713.0,"[6.470000000000001, 6.550000000000001]",0.005635327878205673,1.2961254119873047,14.139999999999999,"[0.653, 0.761]",47713.0,"[6.53, 7.61]",0.005496443872866423,1.2641820907592773,14.120000000000001,"[0.764, 0.648]",48713.0,"[7.640000000000001, 6.48]",0.00566746359286101,1.3035166263580322,9.69,"[0.4269999999999999, 0.5419999999999999]",49713.0,"[4.269999999999999, 5.419999999999999]",0.005801338734834091,1.3343079090118408,6.325,1.1849156088093367,0.005576957827029021,0.00015095758600129516,1.2827003002166748,0.034720244780297886,COMPLETE
5,12.118333333333334,2025-06-13 16:25:15.743430,2025-06-13 16:25:17.684323,0 days 00:00:01.940893,16,0.7970059909643036,0.19539277964397406,0.9007394935493426,0.04492879246731091,196,54715.0,12.118333333333334,2.6490905147909833,0.5688333333333333,0.1705866511646077,190.0,6.0,15.120000000000001,"[0.6449999999999999, 0.8670000000000002]",54715.0,"[6.449999999999999, 8.670000000000002]",0.006409365252444618,1.2177793979644775,14.01,"[0.647, 0.7540000000000001]",55715.0,"[6.470000000000001, 7.540000000000001]",0.006544736811989232,1.243499994277954,10.629999999999999,"[0.42000000000000004, 0.643]",56715.0,"[4.2, 6.43]",0.006692764633580258,1.271625280380249,14.049999999999999,"[0.873, 0.532]",57715.0,"[8.73, 5.32]",0.0065085348330046,1.236621618270874,7.29,"[0.41999999999999993, 0.30900000000000005]",58715.0,"[4.199999999999999, 3.0900000000000007]",0.006691236245004754,1.2713348865509033,11.61,"[0.40800000000000003, 0.753]",59715.0,"[4.08, 7.53]",0.00652374970285516,1.2395124435424805,5.6883333333333335,1.7058665116460772,0.006561731246479769,0.00010142152646478698,1.2467289368311565,0.019270090028309518,COMPLETE
6,14.545,2025-06-13 16:25:18.073170,2025-06-13 16:25:20.655235,0 days 00:00:02.582065,16,0.8880760062065243,0.019947230958274234,0.9155285158835356,0.0437672681405616,398,64718.0,14.545,2.419474805269385,0.7916666666666665,0.10604977866811198,390.0,6.0,18.419999999999998,"[0.9759999999999998, 0.866]",64718.0,"[9.759999999999998, 8.66]",0.004068989020127516,1.5869057178497314,14.09,"[0.759, 0.6499999999999999]",65718.0,"[7.59, 6.499999999999999]",0.004196954996157915,1.636812448501587,11.719999999999999,"[0.7529999999999999, 0.41899999999999993]",66718.0,"[7.529999999999999, 4.1899999999999995]",0.004368334550123948,1.7036504745483398,11.620000000000001,"[0.638, 0.5239999999999999]",67718.0,"[6.38, 5.239999999999999]",0.0043798177670209834,1.7081289291381836,15.14,"[0.7550000000000001, 0.7589999999999999]",68718.0,"[7.550000000000001, 7.589999999999999]",0.004469730915167393,1.7431950569152832,16.279999999999998,"[0.869, 0.759]",69718.0,"[8.69, 7.59]",0.004072657609597231,1.58833646774292,7.916666666666665,1.06049778668112,0.004259414143032498,0.00015579618503791282,1.661171515782674,0.06076051216478598,COMPLETE
7,15.721666666666666,2025-06-13 16:25:20.721027,2025-06-13 16:25:23.680487,0 days 00:00:02.959460,34,0.7600599840096778,0.1251641378396001,0.9435164291257532,0.0014475175168271474,445,74720.0,15.721666666666666,1.7927949935474745,0.6998333333333332,0.08880205828445396,440.0,6.0,18.25,"[0.849, 0.976]",74720.0,"[8.49, 9.76]",0.004667516188188033,2.0537071228027344,13.15,"[0.5959999999999999, 0.7190000000000001]",75720.0,"[5.959999999999999, 7.190000000000001]",0.004582277211275967,2.016201972961426,14.5,"[0.727, 0.7230000000000001]",76720.0,"[7.27, 7.23]",0.004076480323618108,1.7936513423919678,14.46,"[0.587, 0.859]",77720.0,"[5.869999999999999, 8.59]",0.004714982617985118,2.074592351913452,17.020000000000003,"[0.72, 0.982]",78720.0,"[7.199999999999999, 9.82]",0.0044346543875607575,1.9512479305267334,16.95,"[0.72, 0.975]",79720.0,"[7.199999999999999, 9.75]",0.004601838913830844,2.0248091220855713,6.998333333333332,0.8880205828445397,0.004512958273743138,0.00021371763591385766,1.9857016404469807,0.09403575980209733,COMPLETE
8,7.898333333333333,2025-06-13 16:25:23.742203,2025-06-13 16:25:25.652860,0 days 00:00:01.910657,15,0.5991284320270807,0.10444580001973866,0.917211478199725,0.0005909810469842129,106,84723.0,7.898333333333333,3.7013754950768707,0.36633333333333334,0.19982130906276127,100.0,6.0,3.9200000000000004,"[0.199, 0.19299999999999995]",84723.0,"[1.9900000000000002, 1.9299999999999995]",0.009987952709197999,0.9987952709197998,7.44,"[0.201, 0.5429999999999999]",85723.0,"[2.0100000000000002, 5.43]",0.00967271089553833,0.967271089553833,5.13,"[0.20099999999999998, 0.31199999999999994]",86723.0,"[2.01, 3.119999999999999]",0.009820709228515625,0.9820709228515625,5.0600000000000005,"[0.31, 0.196]",87723.0,"[3.1, 1.96]",0.009761927127838134,0.9761927127838135,12.989999999999997,"[0.6500000000000001, 0.649]",88723.0,"[6.500000000000002, 6.49]",0.009371495246887207,0.9371495246887207,12.850000000000001,"[0.6369999999999999, 0.648]",89723.0,"[6.369999999999999, 6.48]",0.009274842739105225,0.9274842739105225,3.6633333333333336,1.9982130906276128,0.00964827299118042,0.00024989568277870947,0.964827299118042,0.024989568277870952,COMPLETE
9,14.27833333333333,2025-06-13 16:25:25.786604,2025-06-13 16:25:29.111557,0 days 00:00:03.324953,49,0.9199572559928607,0.09086105856388661,0.926955555765594,0.024495147815286708,317,94725.0,14.27833333333333,2.6280754470820584,0.6881666666666666,0.1684036981647243,310.0,6.0,13.779999999999998,"[0.836, 0.5419999999999999]",94725.0,"[8.36, 5.419999999999999]",0.006629350877577259,2.05509877204895,16.71,"[0.683, 0.9880000000000001]",95725.0,"[6.83, 9.88]",0.006430214451205346,1.9933664798736572,16.7,"[0.8310000000000001, 0.8390000000000001]",96725.0,"[8.31, 8.39]",0.005399986236326156,1.6739957332611084,10.819999999999997,"[0.5339999999999999, 0.5479999999999999]",97725.0,"[5.339999999999999, 5.4799999999999995]",0.006937434596400107,2.150604724884033,16.75,"[0.841, 0.834]",98725.0,"[8.41, 8.34]",0.0062565311308830016,1.9395246505737305,10.909999999999998,"[0.4039999999999999, 0.6869999999999999]",99725.0,"[4.039999999999999, 6.869999999999999]",0.00790718832323628,2.451228380203247,6.881666666666667,1.6840369816472431,0.006593450935938025,0.0007538831232874326,2.0439697901407876,0.23370376821910413,COMPLETE
10,10.0,2025-06-13 16:25:29.197271,2025-06-13 16:25:32.584392,0 days 00:00:03.387121,35,0.699643114742149,0.1396169245232778,0.9970026788445207,0.00012498131282440055,472,104729.0,10.0,2.3614614119227104,0.5218333333333334,0.16515993931809123,470.0,6.0,11.79,"[0.4579999999999999, 0.721]",104729.0,"[4.579999999999999, 7.21]",0.004897075511039572,2.3016254901885986,11.72,"[0.7180000000000001, 0.4539999999999999]",105729.0,"[7.180000000000001, 4.539999999999999]",0.00519808403989102,2.4430994987487793,9.18,"[0.593, 0.3249999999999999]",106729.0,"[5.93, 3.249999999999999]",0.004486178844533068,2.108504056930542,5.1499999999999995,"[0.1929999999999999, 0.32199999999999995]",107729.0,"[1.9299999999999988, 3.2199999999999998]",0.005644340210772575,2.6528398990631104,11.700000000000001,"[0.5790000000000001, 0.591]",108729.0,"[5.790000000000001, 5.91]",0.005330960801307192,2.50555157661438,10.46,"[0.5900000000000001, 0.45600000000000007]",109729.0,"[5.9, 4.5600000000000005]",0.0050850650097461455,2.3899805545806885,5.218333333333333,1.6515993931809123,0.005106950736214929,0.0003598975716169465,2.4002668460210166,0.16915185865996485,COMPLETE
11,15.773333333333333,2025-06-13 16:25:33.011854,2025-06-13 16:25:36.208748,0 days 00:00:03.196894,25,0.8731260537170126,0.017601978422643383,0.908554642265577,0.011407574921952414,398,114733.0,15.773333333333333,2.1651995032534277,0.737,0.18532044319682237,390.0,6.0,12.33,"[0.37399999999999994, 0.8590000000000002]",114733.0,"[3.7399999999999993, 8.590000000000002]",0.005384320479172927,2.0998849868774414,17.279999999999998,"[0.7429999999999999, 0.985]",115733.0,"[7.429999999999999, 9.85]",0.004369489963238056,1.7041010856628418,16.05,"[0.8619999999999999, 0.743]",116733.0,"[8.62, 7.43]",0.00448760864062187,1.7501673698425293,18.310000000000002,"[0.9789999999999999, 0.852]",117733.0,"[9.79, 8.52]",0.00468140076368283,1.8257462978363037,13.45,"[0.7289999999999999, 0.6159999999999999]",118733.0,"[7.289999999999999, 6.159999999999998]",0.006293727801396296,2.4545538425445557,17.22,"[0.7350000000000001, 0.9870000000000001]",119733.0,"[7.350000000000001, 9.870000000000001]",0.004623768268487392,1.803269624710083,7.37,1.8532044319682235,0.004973385986099896,0.0006733408771694477,1.9396205345789592,0.26260294209608465,COMPLETE
12,16.338333333333335,2025-06-13 16:25:36.277017,2025-06-13 16:25:39.379955,0 days 00:00:03.102938,26,0.860017766100447,0.0695309315990251,0.9799323808534218,0.007350774492842462,490,124736.0,16.338333333333335,3.136566151418175,0.8176666666666667,0.16874306570114886,490.0,6.0,9.79,"[0.48999999999999994, 0.489]",124736.0,"[4.8999999999999995, 4.89]",0.004709171762271804,2.3074941635131836,17.150000000000002,"[0.858, 0.857]",125736.0,"[8.58, 8.57]",0.004092022837424765,2.0050911903381348,19.56,"[0.9810000000000001, 0.975]",126736.0,"[9.81, 9.75]",0.004115568375100895,2.0166285037994385,15.950000000000001,"[0.7390000000000001, 0.8560000000000001]",127736.0,"[7.390000000000001, 8.56]",0.004189001297464176,2.0526106357574463,17.18,"[0.9840000000000002, 0.734]",128736.0,"[9.840000000000002, 7.34]",0.004222734606995874,2.0691399574279785,18.4,"[0.8539999999999999, 0.986]",129736.0,"[8.54, 9.86]",0.004240096345239756,2.0776472091674805,8.176666666666668,1.6874306570114883,0.004261432537416212,0.00020722188639629133,2.088101943333944,0.10153872433418265,COMPLETE
13,16.743333333333336,2025-06-13 16:25:39.444186,2025-06-13 16:25:42.649879,0 days 00:00:03.205693,26,0.8657646830760695,0.060717939987961336,0.988288739105227,0.008192114747354056,500,134739.0,16.743333333333336,1.798737211366785,0.8158333333333333,0.08888647566168632,500.0,6.0,15.96,"[0.741, 0.8550000000000001]",134739.0,"[7.41, 8.55]",0.004919022083282471,2.4595110416412354,14.7,"[0.728, 0.7419999999999999]",135739.0,"[7.279999999999999, 7.419999999999999]",0.0045870766639709475,2.2935383319854736,19.51,"[0.976, 0.975]",136739.0,"[9.76, 9.75]",0.003887211799621582,1.943605899810791,14.690000000000001,"[0.8600000000000001, 0.609]",137739.0,"[8.600000000000001, 6.09]",0.004945760726928711,2.4728803634643555,17.290000000000003,"[0.7420000000000001, 0.9870000000000001]",138739.0,"[7.420000000000001, 9.870000000000001]",0.00408490800857544,2.0424540042877197,18.310000000000002,"[0.8480000000000001, 0.983]",139739.0,"[8.48, 9.83]",0.004437613010406494,2.218806505203247,8.158333333333333,0.8888647566168633,0.004476932048797608,0.0003937796700908213,2.2384660243988037,0.19688983504541058,COMPLETE
14,16.76,2025-06-13 16:25:42.723093,2025-06-13 16:25:46.120273,0 days 00:00:03.397180,28,0.9642361363280606,0.06848931816878745,0.9948961711113271,0.007839640060078902,495,144742.0,16.76,1.8847104110004103,0.8583333333333334,0.10291042491193766,490.0,6.0,18.48,"[0.9870000000000001, 0.8610000000000001]",144742.0,"[9.870000000000001, 8.610000000000001]",0.004311890504798111,2.112826347351074,17.230000000000004,"[0.86, 0.8629999999999999]",145742.0,"[8.6, 8.629999999999999]",0.00432703786966752,2.120248556137085,19.67,"[0.983, 0.984]",146742.0,"[9.83, 9.84]",0.004082114842473244,2.0002362728118896,14.73,"[0.7350000000000001, 0.738]",147742.0,"[7.350000000000001, 7.38]",0.0045729875564575195,2.2407639026641846,15.870000000000001,"[0.8540000000000001, 0.733]",148742.0,"[8.540000000000001, 7.33]",0.004736908601254833,2.321085214614868,14.58,"[0.7309999999999999, 0.727]",149742.0,"[7.309999999999999, 7.27]",0.004962329961815659,2.431541681289673,8.583333333333334,1.0291042491193765,0.004498878222744481,0.0002930083609810433,2.204450329144796,0.14357409688071127,COMPLETE
15,16.87666666666667,2025-06-13 16:25:46.199001,2025-06-13 16:25:49.853100,0 days 00:00:03.654099,39,0.9994384635335768,0.05153644714990227,0.9963151784346347,0.07994982357625177,498,154746.0,16.87666666666667,2.7577386065800757,0.8903333333333333,0.15339563951502086,490.0,6.0,19.479999999999997,"[0.9770000000000001, 0.9710000000000001]",154746.0,"[9.770000000000001, 9.71]",0.004929842267717634,2.4156227111816406,15.529999999999998,"[0.8460000000000001, 0.7070000000000001]",155746.0,"[8.46, 7.07]",0.005533226168885523,2.7112808227539062,18.310000000000002,"[0.983, 0.8480000000000001]",156746.0,"[9.83, 8.48]",0.005065195414484764,2.481945753097534,18.31,"[0.986, 0.8450000000000001]",157746.0,"[9.86, 8.450000000000001]",0.004894906647351324,2.3985042572021484,11.320000000000002,"[0.5660000000000001, 0.566]",158746.0,"[5.66, 5.659999999999999]",0.005982991627284459,2.9316658973693848,18.31,"[0.9840000000000002, 0.8470000000000001]",159746.0,"[9.840000000000002, 8.47]",0.005535029391853177,2.7121644020080566,8.903333333333334,1.5339563951502084,0.005323531919596148,0.00039349690403204764,2.608530640602112,0.19281348297570336,COMPLETE
16,16.558333333333334,2025-06-13 16:25:50.344490,2025-06-13 16:25:53.396417,0 days 00:00:03.051927,41,0.9768889369453654,0.044598469829407475,0.9759045923015125,0.06416641674967988,329,164750.0,16.558333333333334,1.4702087909167496,0.819,0.12258874336577566,320.0,6.0,16.81,"[0.844, 0.837]",164750.0,"[8.44, 8.37]",0.005789656192064285,1.8526899814605713,18.19,"[0.842, 0.9770000000000001]",165750.0,"[8.42, 9.770000000000001]",0.005693168938159942,1.8218140602111816,14.1,"[0.5689999999999998, 0.841]",166750.0,"[5.689999999999999, 8.41]",0.00618334487080574,1.978670358657837,15.319999999999997,"[0.836, 0.696]",167750.0,"[8.36, 6.959999999999999]",0.006483852863311768,2.0748329162597656,18.18,"[0.9789999999999999, 0.8390000000000001]",168750.0,"[9.79, 8.39]",0.005950559675693512,1.9041790962219238,16.75,"[0.8440000000000001, 0.8309999999999998]",169750.0,"[8.440000000000001, 8.309999999999999]",0.0065933138132095335,2.109860420227051,8.19,1.2258874336577565,0.006115649392207464,0.0003367332495555885,1.9570078055063884,0.10775463985778831,COMPLETE
17,14.723333333333334,2025-06-13 16:25:53.464884,2025-06-13 16:25:56.179236,0 days 00:00:02.714352,41,0.5090310598805563,0.08929467957453179,0.997897555382009,0.09792674532504068,260,174753.0,14.723333333333334,1.3160631528244466,0.7256666666666667,0.09471125710401183,260.0,6.0,16.79,"[0.8400000000000001, 0.8389999999999999]",174753.0,"[8.4, 8.389999999999999]",0.005605801252218393,1.4575083255767822,14.039999999999997,"[0.5639999999999998, 0.8399999999999999]",175753.0,"[5.639999999999999, 8.399999999999999]",0.006122093934279222,1.5917444229125977,12.66,"[0.6979999999999998, 0.568]",176753.0,"[6.979999999999999, 5.68]",0.0073984045248765215,1.9235851764678955,15.23,"[0.8399999999999999, 0.6829999999999998]",177753.0,"[8.399999999999999, 6.829999999999998]",0.006069684945620023,1.578118085861206,14.059999999999997,"[0.705, 0.7009999999999998]",178753.0,"[7.05, 7.009999999999998]",0.006356581357809214,1.6527111530303955,15.559999999999999,"[0.707, 0.849]",179753.0,"[7.069999999999999, 8.49]",0.005995761431180514,1.5588979721069336,7.256666666666665,0.947112571040118,0.006258054574330647,0.000556522841487875,1.6270941893259685,0.14469593878684744,COMPLETE
18,16.478333333333335,2025-06-13 16:25:56.243455,2025-06-13 16:25:59.506315,0 days 00:00:03.262860,50,0.9445814678932012,0.04383052737423673,0.9785398045174687,0.025184157053618324,444,184756.0,16.478333333333335,2.8314449589486212,0.8108333333333334,0.15433018355317135,440.0,6.0,18.17,"[0.977, 0.8400000000000001]",184756.0,"[9.77, 8.4]",0.00529993555762551,2.3319716453552246,15.309999999999999,"[0.688, 0.843]",185756.0,"[6.879999999999999, 8.43]",0.00578666708686135,2.546133518218994,19.69,"[0.982, 0.9870000000000001]",186756.0,"[9.82, 9.870000000000001]",0.005416307666084983,2.3831753730773926,16.79,"[0.842, 0.8370000000000001]",187756.0,"[8.42, 8.370000000000001]",0.005590325052087957,2.459743022918701,10.899999999999999,"[0.5469999999999999, 0.5429999999999999]",188756.0,"[5.469999999999999, 5.43]",0.005279901352795688,2.3231565952301025,18.01,"[0.829, 0.9720000000000001]",189756.0,"[8.29, 9.72]",0.0055259845473549585,2.4314332008361816,8.108333333333333,1.5433018355317136,0.005483186877135075,0.00017549422886171465,2.4126022259394326,0.07721746069915444,COMPLETE
19,14.943333333333333,2025-06-13 16:25:59.575128,2025-06-13 16:26:03.037640,0 days 00:00:03.462512,37,0.9937202274990142,0.08697307542178405,0.964534388015847,0.005634969938896849,418,194759.0,14.943333333333333,1.990382431147899,0.7576666666666666,0.18213975098503044,410.0,6.0,16.99,"[0.9800000000000001, 0.7189999999999999]",194759.0,"[9.8, 7.189999999999999]",0.0054334436974874355,2.2277119159698486,11.66,"[0.44899999999999995, 0.7169999999999999]",195759.0,"[4.489999999999999, 7.169999999999998]",0.005395130413334544,2.212003469467163,12.94,"[0.581, 0.713]",196759.0,"[5.81, 7.13]",0.006060577020412538,2.4848365783691406,15.559999999999999,"[0.8439999999999998, 0.712]",197759.0,"[8.439999999999998, 7.119999999999999]",0.005751519668393019,2.3581230640411377,16.95,"[0.852, 0.843]",198759.0,"[8.52, 8.43]",0.005537746592265804,2.2704761028289795,15.559999999999999,"[0.8400000000000001, 0.716]",199759.0,"[8.4, 7.16]",0.006261478400811917,2.5672061443328857,7.576666666666665,1.8213975098503044,0.0057399826321175434,0.0003236923150248891,2.3533928791681924,0.1327138491602045,COMPLETE
20,14.718333333333334,2025-06-13 16:26:03.099668,2025-06-13 16:26:06.066610,0 days 00:00:02.966942,45,0.9275179850489741,0.04976636517732056,0.9841524323422657,0.001323307624353312,363,204763.0,14.718333333333334,2.1122296013665007,0.7484999999999999,0.1347290490824703,360.0,6.0,14.04,"[0.702, 0.702]",204763.0,"[7.02, 7.02]",0.006348333093855116,2.285399913787842,11.18,"[0.5599999999999998, 0.5579999999999999]",205763.0,"[5.599999999999998, 5.579999999999999]",0.00576473077138265,2.075303077697754,18.189999999999998,"[0.9860000000000001, 0.8329999999999999]",206763.0,"[9.860000000000001, 8.329999999999998]",0.005048446522818671,1.8174407482147217,15.5,"[0.8469999999999999, 0.703]",207763.0,"[8.469999999999999, 7.029999999999999]",0.00490507615937127,1.7658274173736572,13.949999999999998,"[0.6959999999999998, 0.699]",208763.0,"[6.959999999999998, 6.989999999999999]",0.006027046177122328,2.169736623764038,15.45,"[0.6999999999999998, 0.8450000000000001]",209763.0,"[6.999999999999998, 8.450000000000001]",0.00536923540963067,1.932924747467041,7.484999999999999,1.3472904908247032,0.005577144689030117,0.0005174868067545348,2.0077720880508423,0.1862952504316325,COMPLETE
21,16.53,2025-06-13 16:26:06.560040,2025-06-13 16:26:09.555220,0 days 00:00:02.995180,28,0.9310197350930967,0.06500138719464955,0.9896245912881925,0.009707208839949077,493,214766.0,16.53,0.5907057925340945,0.7745000000000001,0.09082905188686421,490.0,6.0,17.13,"[0.735, 0.978]",214766.0,"[7.35, 9.78]",0.004308594489584164,2.1112112998962402,15.94,"[0.6129999999999999, 0.9810000000000001]",215766.0,"[6.129999999999999, 9.81]",0.004364317290636958,2.1385154724121094,15.96,"[0.7310000000000001, 0.865]",216766.0,"[7.3100000000000005, 8.65]",0.004218161835962412,2.066899299621582,15.920000000000002,"[0.8610000000000001, 0.7310000000000001]",217766.0,"[8.610000000000001, 7.3100000000000005]",0.004241021312012964,2.0781004428863525,17.16,"[0.853, 0.8629999999999999]",218766.0,"[8.53, 8.629999999999999]",0.004387312032738511,2.14978289604187,17.07,"[0.8539999999999999, 0.853]",219766.0,"[8.54, 8.53]",0.004583336869064643,2.245835065841675,7.745,0.9082905188686421,0.004350457304999942,0.00012042569252513405,2.1317240794499717,0.05900858933731561,COMPLETE
22,15.991666666666665,2025-06-13 16:26:09.644026,2025-06-13 16:26:12.628634,0 days 00:00:02.984608,32,0.8416864248737063,0.0716941427237658,0.9899168014690779,0.02220188406136457,465,224769.0,15.991666666666665,1.704547023568301,0.8340000000000001,0.08833270440027675,460.0,6.0,15.83,"[0.7289999999999999, 0.8539999999999999]",224769.0,"[7.289999999999999, 8.54]",0.0046890854835510256,2.1569793224334717,13.23,"[0.858, 0.46499999999999986]",225769.0,"[8.58, 4.649999999999999]",0.004767317875571873,2.1929662227630615,14.51,"[0.724, 0.727]",226769.0,"[7.24, 7.27]",0.004276721373848293,1.9672918319702148,18.32,"[0.983, 0.849]",227769.0,"[9.83, 8.49]",0.00427460359490436,1.9663176536560059,17.089999999999996,"[0.859, 0.85]",228769.0,"[8.59, 8.5]",0.004070878028869629,1.8726038932800293,16.97,"[0.851, 0.8459999999999999]",229769.0,"[8.51, 8.459999999999999]",0.004430517943009086,2.0380382537841797,8.34,0.8833270440027674,0.004418187383292378,0.00024381777616744495,2.0323661963144937,0.11215617703702464,COMPLETE
23,17.66,2025-06-13 16:26:12.694268,2025-06-13 16:26:15.618557,0 days 00:00:02.924289,21,0.8996427664874167,0.039700815950985804,0.9714942265524751,0.0021971663467312344,493,234772.0,17.66,1.5573267693925588,0.8828333333333335,0.07693810643772188,490.0,6.0,18.28,"[0.8569999999999999, 0.9710000000000001]",234772.0,"[8.569999999999999, 9.71]",0.004411837032863072,2.1618001461029053,16.21,"[0.8760000000000001, 0.7449999999999999]",235772.0,"[8.760000000000002, 7.449999999999999]",0.003995676429904237,1.9578814506530762,18.41,"[0.9729999999999999, 0.868]",236772.0,"[9.729999999999999, 8.68]",0.00432829710902,2.1208655834198,18.45,"[0.859, 0.9860000000000001]",237772.0,"[8.59, 9.860000000000001]",0.003987761906215123,1.9540033340454102,19.61,"[0.9790000000000001, 0.982]",238772.0,"[9.790000000000001, 9.82]",0.003943911863833058,1.9325168132781982,15.000000000000002,"[0.753, 0.7470000000000001]",239772.0,"[7.53, 7.470000000000001]",0.00401255549216757,1.9661521911621094,8.828333333333331,0.7693810643772188,0.004113339972333843,0.00018429370628457993,2.015536586443583,0.0903039160794442,COMPLETE
24,14.186666666666666,2025-06-13 16:26:15.686194,2025-06-13 16:26:18.453138,0 days 00:00:02.766944,20,0.9634130509062834,0.029355918906217377,0.9730821029952249,0.0006386587128677532,451,244775.0,14.186666666666666,2.663648291764929,0.7093333333333334,0.14646121974396123,450.0,6.0,10.309999999999999,"[0.515, 0.5159999999999998]",244775.0,"[5.15, 5.159999999999998]",0.0044761361016167536,2.014261245727539,11.419999999999996,"[0.6339999999999999, 0.5079999999999999]",245775.0,"[6.339999999999999, 5.079999999999999]",0.0045746840371025934,2.058607816696167,14.920000000000002,"[0.742, 0.75]",246775.0,"[7.42, 7.5]",0.0042323387993706595,1.9045524597167969,17.29,"[0.7449999999999999, 0.984]",247775.0,"[7.449999999999999, 9.84]",0.004282649358113607,1.927192211151123,17.29,"[0.9870000000000001, 0.7419999999999999]",248775.0,"[9.870000000000001, 7.419999999999999]",0.004165137079026964,1.8743116855621338,13.89,"[0.633, 0.756]",249775.0,"[6.33, 7.5600000000000005]",0.003923424614800347,1.7655410766601562,7.093333333333333,1.4646121974396122,0.0042757283316718206,0.0002112726020521227,1.9240777492523193,0.09507267092345516,COMPLETE
25,12.985,2025-06-13 16:26:18.517838,2025-06-13 16:26:21.862758,0 days 00:00:03.344920,37,0.9052297388272045,0.035449180299614476,0.9556250977839197,0.0022312276726733256,367,254778.0,12.985,3.7442567130651363,0.6725,0.2542182461324653,360.0,6.0,17.02,"[0.9880000000000001, 0.714]",254778.0,"[9.88, 7.14]",0.005938900841606988,2.1380043029785156,15.68,"[0.9870000000000001, 0.581]",255778.0,"[9.870000000000001, 5.81]",0.005579076872931586,2.008467674255371,10.209999999999997,"[0.5769999999999998, 0.44399999999999984]",256778.0,"[5.769999999999999, 4.439999999999999]",0.006624423795276218,2.3847925662994385,6.239999999999998,"[0.3139999999999999, 0.3099999999999999]",257778.0,"[3.139999999999999, 3.0999999999999988]",0.007133097781075372,2.567915201187134,13.06,"[0.4499999999999999, 0.8560000000000001]",258778.0,"[4.499999999999999, 8.56]",0.005968100494808621,2.1485161781311035,15.7,"[0.7190000000000001, 0.8510000000000002]",259778.0,"[7.190000000000001, 8.510000000000002]",0.005017068650987413,1.8061447143554688,6.724999999999999,2.542182461324653,0.0060434447394476995,0.0006844184863360966,2.175640106201172,0.24639065508099472,COMPLETE
26,9.953333333333333,2025-06-13 16:26:22.331765,2025-06-13 16:26:24.661604,0 days 00:00:02.329839,11,0.794350586342884,0.012306846874764556,0.9704219601965197,0.00025903120826116423,406,264782.0,9.953333333333333,3.364925292220055,0.47950000000000004,0.2319258142883913,400.0,6.0,14.280000000000001,"[0.7690000000000001, 0.659]",264782.0,"[7.690000000000001, 6.59]",0.003665080666542053,1.4660322666168213,13.180000000000001,"[0.44400000000000006, 0.874]",265782.0,"[4.44, 8.74]",0.003681921362876892,1.4727685451507568,6.73,"[0.11799999999999997, 0.5549999999999999]",266782.0,"[1.1799999999999997, 5.549999999999999]",0.003972238302230835,1.588895320892334,5.58,"[0.33099999999999996, 0.22699999999999995]",267782.0,"[3.3099999999999996, 2.2699999999999996]",0.004002100229263306,1.6008400917053223,7.819999999999999,"[0.44600000000000006, 0.33599999999999997]",268782.0,"[4.460000000000001, 3.3599999999999994]",0.0039781445264816286,1.5912578105926514,12.13,"[0.7690000000000001, 0.44399999999999995]",269782.0,"[7.690000000000001, 4.4399999999999995]",0.004027461409568786,1.6109845638275146,4.795000000000001,2.3192581428839127,0.0038878244161605832,0.00015267161012225296,1.5551297664642334,0.06106864404890115,COMPLETE
27,14.835,2025-06-13 16:26:24.730404,2025-06-13 16:26:28.056237,0 days 00:00:03.325833,29,0.9390860199360241,0.053090281766443585,0.996463397162537,0.004672563400193332,470,274784.0,14.835,2.3694496548073487,0.7531666666666667,0.17145593862240205,470.0,6.0,14.609999999999998,"[0.857, 0.6039999999999999]",274784.0,"[8.57, 6.039999999999999]",0.004883687039639087,2.295332908630371,18.48,"[0.858, 0.99]",275784.0,"[8.58, 9.9]",0.004224834036319814,1.9856719970703125,17.15,"[0.985, 0.7299999999999999]",276784.0,"[9.85, 7.299999999999999]",0.004433545660465322,2.083766460418701,14.56,"[0.608, 0.8479999999999999]",277784.0,"[6.08, 8.479999999999999]",0.005028871272472625,2.363569498062134,12.040000000000003,"[0.4709999999999999, 0.733]",278784.0,"[4.709999999999999, 7.33]",0.005197585897242769,2.4428653717041016,12.17,"[0.74, 0.477]",279784.0,"[7.4, 4.77]",0.004952385577749699,2.3276212215423584,7.531666666666666,1.7145593862240203,0.0047868182473148856,0.0003427203930991184,2.2498045762379966,0.16107858475658568,COMPLETE
28,15.961666666666664,2025-06-13 16:26:28.186585,2025-06-13 16:26:31.355648,0 days 00:00:03.169063,19,0.9963781173599864,0.07943394061245533,0.98279972310061,0.002096083434023364,495,284788.0,15.961666666666664,1.8325521062775325,0.7516666666666666,0.13310229983821548,490.0,6.0,16.11,"[0.637, 0.974]",284788.0,"[6.37, 9.74]",0.004056363689656161,1.9876182079315186,16.2,"[0.752, 0.8680000000000001]",285788.0,"[7.52, 8.680000000000001]",0.004041920389447893,1.9805409908294678,14.919999999999998,"[0.8639999999999999, 0.6279999999999999]",286788.0,"[8.639999999999999, 6.279999999999999]",0.004115218532328703,2.0164570808410645,19.65,"[0.984, 0.9810000000000001]",287788.0,"[9.84, 9.81]",0.0038395132337297713,1.881361484527588,13.82,"[0.633, 0.749]",288788.0,"[6.33, 7.49]",0.0044945780111818896,2.202343225479126,15.07,"[0.64, 0.8670000000000002]",289788.0,"[6.4, 8.670000000000002]",0.004052254618430624,1.9856047630310059,7.516666666666667,1.3310229983821547,0.00409997474579584,0.0001963558641910483,2.008987625439962,0.09621437345361372,COMPLETE
29,16.09166666666667,2025-06-13 16:26:31.419441,2025-06-13 16:26:34.069831,0 days 00:00:02.650390,23,0.961604476041364,0.10528495550699571,0.9353076881976388,0.0005082645845765172,429,294791.0,16.09166666666667,1.4050079082418794,0.8233333333333333,0.05823420148179435,420.0,6.0,16.090000000000003,"[0.8629999999999999, 0.7460000000000001]",294791.0,"[8.629999999999999, 7.460000000000001]",0.004275146552494594,1.7955615520477295,17.23,"[0.742, 0.9810000000000001]",295791.0,"[7.42, 9.81]",0.004651636736733573,1.9536874294281006,17.34,"[0.866, 0.868]",296791.0,"[8.66, 8.68]",0.004273177328563872,1.7947344779968262,17.36,"[0.866, 0.8700000000000001]",297791.0,"[8.66, 8.700000000000001]",0.0041740741048540385,1.7531111240386963,14.860000000000001,"[0.74, 0.746]",298791.0,"[7.4, 7.46]",0.004455245108831497,1.8712029457092285,13.67,"[0.8629999999999999, 0.5039999999999999]",299791.0,"[8.629999999999999, 5.039999999999999]",0.004495135375431606,1.8879568576812744,8.233333333333333,0.5823420148179435,0.004387402534484864,0.00016185719817146077,1.8427090644836426,0.06798002323201342,COMPLETE
30,10.736666666666666,2025-06-13 16:26:34.136793,2025-06-13 16:26:36.398674,0 days 00:00:02.261881,33,0.8254327670854731,0.10495852365766584,0.9907092927652318,0.0009475432702851623,183,304794.0,10.736666666666666,3.4114985302975325,0.43999999999999995,0.23219962675824152,180.0,6.0,15.79,"[0.5900000000000001, 0.9890000000000001]",304794.0,"[5.9, 9.89]",0.007217403252919515,1.2991325855255127,6.329999999999998,"[0.07299999999999993, 0.5599999999999998]",305794.0,"[0.7299999999999993, 5.599999999999998]",0.007565192381540934,1.3617346286773682,13.19,"[0.591, 0.728]",306794.0,"[5.91, 7.279999999999999]",0.007606816291809082,1.3692269325256348,6.56,"[0.19399999999999995, 0.4619999999999999]",307794.0,"[1.9399999999999995, 4.619999999999999]",0.00866811407936944,1.560260534286499,11.92,"[0.727, 0.46499999999999997]",308794.0,"[7.27, 4.6499999999999995]",0.007564244005415175,1.3615639209747314,10.629999999999999,"[0.46499999999999986, 0.5980000000000001]",309794.0,"[4.649999999999999, 5.98]",0.0077158821953667535,1.3888587951660156,4.3999999999999995,2.3219962675824153,0.007722942034403483,0.0004495413775862345,1.390129566192627,0.08091744796552221,COMPLETE
31,15.320000000000002,2025-06-13 16:26:36.911954,2025-06-13 16:26:39.942160,0 days 00:00:03.030206,27,0.8787135789851639,0.063824277819836,0.9900637100207954,0.014242501807781914,496,314797.0,15.320000000000002,1.1580587204455568,0.8405,0.08503479679911437,490.0,6.0,17.12,"[0.86, 0.852]",314797.0,"[8.6, 8.52]",0.004138293558237504,2.027763843536377,15.930000000000003,"[0.8600000000000001, 0.733]",315797.0,"[8.600000000000001, 7.33]",0.004741055138257085,2.3231170177459717,14.76,"[0.9870000000000001, 0.489]",316797.0,"[9.870000000000001, 4.89]",0.004448982160918566,2.1800012588500977,14.750000000000002,"[0.741, 0.734]",317797.0,"[7.41, 7.34]",0.004562254827849719,2.2355048656463623,15.9,"[0.8590000000000002, 0.7310000000000001]",318797.0,"[8.590000000000002, 7.3100000000000005]",0.004313633879836725,2.113680601119995,13.46,"[0.7360000000000001, 0.6100000000000001]",319797.0,"[7.360000000000001, 6.100000000000001]",0.004807527211247658,2.3556883335113525,8.405000000000001,0.8503479679911435,0.004501957796057876,0.00023262986760009044,2.2059593200683594,0.11398863512404442,COMPLETE
32,14.998333333333335,2025-06-13 16:26:40.003848,2025-06-13 16:26:43.020405,0 days 00:00:03.016557,24,0.9078251059468067,0.05777308119318045,0.9842639747889275,0.006623654545913555,467,324800.0,14.998333333333335,2.9818418059239087,0.6988333333333333,0.22591990960416827,460.0,6.0,16.09,"[0.7459999999999999, 0.8630000000000001]",324800.0,"[7.459999999999999, 8.63]",0.004142292167829431,1.905454397201538,15.98,"[0.737, 0.8610000000000001]",325800.0,"[7.37, 8.610000000000001]",0.004200611943783968,1.932281494140625,8.78,"[0.259, 0.619]",326800.0,"[2.59, 6.1899999999999995]",0.004875432926675548,2.242699146270752,14.73,"[0.8540000000000001, 0.619]",327800.0,"[8.540000000000001, 6.1899999999999995]",0.0044502465621284815,2.0471134185791016,16.04,"[0.618, 0.9860000000000001]",328800.0,"[6.18, 9.860000000000001]",0.004250824969747792,1.9553794860839844,18.37,"[0.9790000000000001, 0.858]",329800.0,"[9.790000000000001, 8.58]",0.0041510032570880396,1.909461498260498,6.988333333333333,2.2591990960416832,0.004345068637875543,0.000258482091210427,1.9987315734227498,0.11890176195679644,COMPLETE
33,14.988333333333335,2025-06-13 16:26:43.086989,2025-06-13 16:26:46.349986,0 days 00:00:03.262997,31,0.9520597205875447,0.03669567331512206,0.9984160875803713,0.002333797056120343,500,334803.0,14.988333333333335,3.4544435956540904,0.7498333333333332,0.1858147972818336,500.0,6.0,13.319999999999999,"[0.6060000000000001, 0.726]",334803.0,"[6.0600000000000005, 7.26]",0.004659365653991699,2.3296828269958496,18.310000000000002,"[0.9780000000000001, 0.8530000000000001]",335803.0,"[9.780000000000001, 8.530000000000001]",0.004085910320281982,2.042955160140991,19.75,"[0.9850000000000001, 0.99]",336803.0,"[9.850000000000001, 9.9]",0.003909276008605957,1.9546380043029785,13.32,"[0.7330000000000001, 0.599]",337803.0,"[7.330000000000001, 5.99]",0.004331510543823242,2.165755271911621,9.37,"[0.4699999999999999, 0.46699999999999997]",338803.0,"[4.699999999999999, 4.67]",0.004881867408752441,2.4409337043762207,15.86,"[0.727, 0.859]",339803.0,"[7.27, 8.59]",0.004180174827575683,2.090087413787842,7.498333333333332,1.8581479728183359,0.0043413507938385,0.0003344908171290423,2.1706753969192505,0.16724540856452114,COMPLETE
34,16.551666666666666,2025-06-13 16:26:46.417566,2025-06-13 16:26:49.128218,0 days 00:00:02.710652,19,0.8477413031790523,0.075369641635005,0.9858605898595948,0.017701320082194636,434,344806.0,16.551666666666666,1.4443039461584564,0.8079999999999999,0.11029808097454219,430.0,6.0,17.42,"[0.984, 0.758]",344806.0,"[9.84, 7.58]",0.0040030928545219955,1.721329927444458,13.84,"[0.749, 0.635]",345806.0,"[7.49, 6.35]",0.0040568179862443795,1.744431734085083,16.16,"[0.638, 0.978]",346806.0,"[6.38, 9.78]",0.004189227902612021,1.801367998123169,16.21,"[0.75, 0.8709999999999999]",347806.0,"[7.5, 8.709999999999999]",0.004542066330133482,1.9530885219573975,18.48,"[0.8710000000000001, 0.977]",348806.0,"[8.71, 9.77]",0.004461927192155705,1.9186286926269531,17.2,"[0.8559999999999999, 0.8640000000000001]",349806.0,"[8.559999999999999, 8.64]",0.004118404277535372,1.77091383934021,8.08,1.102980809745422,0.00422858942386716,0.00020279649498503613,1.8182934522628784,0.08720249284356564,COMPLETE
35,13.706666666666665,2025-06-13 16:26:49.191568,2025-06-13 16:26:52.093392,0 days 00:00:02.901824,22,0.7018597393557755,0.05512787843371796,0.9700416319965922,0.008352719291212087,467,354809.0,13.706666666666665,3.315648084797635,0.6476666666666667,0.23363195177220283,460.0,6.0,18.53,"[0.9880000000000001, 0.865]",354809.0,"[9.88, 8.65]",0.003542897493942924,1.6297328472137451,16.13,"[0.8710000000000001, 0.742]",355809.0,"[8.71, 7.42]",0.0038434806077376656,1.7680010795593262,10.1,"[0.39, 0.62]",356809.0,"[3.9000000000000004, 6.2]",0.004634196343629256,2.131730318069458,8.959999999999999,"[0.38899999999999996, 0.5069999999999999]",357809.0,"[3.8899999999999997, 5.0699999999999985]",0.00461525295091712,2.123016357421875,14.84,"[0.741, 0.743]",358809.0,"[7.41, 7.43]",0.004235544930333676,1.9483506679534912,13.679999999999998,"[0.507, 0.861]",359809.0,"[5.07, 8.61]",0.00428485455720321,1.9710330963134766,6.4766666666666675,2.336319517722028,0.004192704480627308,0.0003932759101286398,1.928644061088562,0.1809069186591743,COMPLETE
36,14.208333333333334,2025-06-13 16:26:52.622534,2025-06-13 16:26:55.513746,0 days 00:00:02.891212,29,0.894059370372521,0.029281850847666428,0.9590041239831245,0.002953720153845841,389,364812.0,14.208333333333334,3.479374544687914,0.6898333333333334,0.17460471229481628,380.0,6.0,8.299999999999999,"[0.35, 0.48]",364812.0,"[3.5, 4.8]",0.005711224204615542,2.1702651977539062,14.57,"[0.73, 0.727]",365812.0,"[7.3, 7.27]",0.005151618781842684,1.9576151371002197,10.86,"[0.606, 0.47999999999999987]",366812.0,"[6.06, 4.799999999999999]",0.005218157642766049,1.9828999042510986,17.150000000000002,"[0.86, 0.8550000000000001]",367812.0,"[8.6, 8.55]",0.00474796357907747,1.8042261600494385,17.11,"[0.8560000000000001, 0.8550000000000001]",368812.0,"[8.56, 8.55]",0.004541616690786262,1.7258143424987793,17.26,"[0.7369999999999999, 0.9889999999999999]",369812.0,"[7.369999999999999, 9.889999999999999]",0.004560030134100663,1.732811450958252,6.898333333333333,1.7460471229481622,0.004988435172198112,0.0004168991701478592,1.8956053654352825,0.15842168465618658,COMPLETE
37,17.026666666666667,2025-06-13 16:26:55.582561,2025-06-13 16:26:58.691432,0 days 00:00:03.108871,37,0.8038169832275404,0.044702298450463335,0.9918376613569019,0.03544266407468404,421,374815.0,17.026666666666667,2.963869467810994,0.8300000000000001,0.1796106901050158,420.0,6.0,10.399999999999999,"[0.4509999999999999, 0.589]",374815.0,"[4.509999999999999, 5.89]",0.005605379740397136,2.354259490966797,18.369999999999997,"[0.8530000000000001, 0.9840000000000002]",375815.0,"[8.530000000000001, 9.840000000000002]",0.004450897375742595,1.8693768978118896,18.38,"[0.851, 0.9870000000000001]",376815.0,"[8.51, 9.870000000000001]",0.003853150208791097,1.6183230876922607,18.400000000000002,"[0.8540000000000001, 0.9860000000000001]",377815.0,"[8.540000000000001, 9.860000000000001]",0.004211107889811198,1.7686653137207031,18.259999999999998,"[0.9880000000000001, 0.8379999999999999]",378815.0,"[9.88, 8.379999999999999]",0.004822830926804316,2.0255889892578125,18.349999999999998,"[0.983, 0.852]",379815.0,"[9.83, 8.52]",0.004445496059599377,1.8671083450317383,8.299999999999999,1.796106901050158,0.0045648103668576205,0.0005489591555560632,1.9172203540802002,0.2305628453335465,COMPLETE
38,16.506666666666664,2025-06-13 16:26:58.759783,2025-06-13 16:27:01.760109,0 days 00:00:03.000326,37,0.7942336098263136,0.0375724261469579,0.9522275028611167,0.03576663198740418,424,384818.0,16.506666666666664,1.6550797228196854,0.8473333333333333,0.11050892372212397,420.0,6.0,15.479999999999997,"[0.844, 0.704]",384818.0,"[8.44, 7.039999999999999]",0.0046233273687816805,1.9417974948883057,16.939999999999998,"[0.709, 0.985]",385818.0,"[7.09, 9.85]",0.004933803422110421,2.072197437286377,15.72,"[0.851, 0.721]",386818.0,"[8.51, 7.21]",0.004868444942292713,2.0447468757629395,19.619999999999997,"[0.977, 0.9850000000000001]",387818.0,"[9.77, 9.850000000000001]",0.004445260479336693,1.8670094013214111,16.939999999999998,"[0.7150000000000001, 0.9790000000000001]",388818.0,"[7.15, 9.790000000000001]",0.005091918082464309,2.1386055946350098,14.34,"[0.9879999999999999, 0.4459999999999999]",389818.0,"[9.879999999999999, 4.459999999999999]",0.005468461059388661,2.2967536449432373,8.473333333333334,1.1050892372212398,0.004905202559062413,0.00032794620906100746,2.0601850748062134,0.1377374078056231,COMPLETE
39,14.566666666666668,2025-06-13 16:27:01.823438,2025-06-13 16:27:04.506773,0 days 00:00:02.683335,39,0.768588791499823,0.02179441321423594,0.9935545704657991,0.09934134827063229,281,394821.0,14.566666666666668,2.557770296349712,0.7285,0.12076250797881495,280.0,6.0,13.98,"[0.706, 0.692]",394821.0,"[7.06, 6.92]",0.005769491195678711,1.615457534790039,10.18,"[0.576, 0.4419999999999999]",395821.0,"[5.76, 4.419999999999999]",0.007123457533972604,1.994568109512329,13.929999999999998,"[0.6929999999999998, 0.7000000000000001]",396821.0,"[6.929999999999998, 7.000000000000001]",0.0059290954044887,1.660146713256836,14.139999999999999,"[0.708, 0.7060000000000001]",397821.0,"[7.08, 7.0600000000000005]",0.007033016000475202,1.9692444801330566,18.240000000000002,"[0.9770000000000001, 0.8469999999999999]",398821.0,"[9.770000000000001, 8.469999999999999]",0.005389109679630824,1.5089507102966309,16.93,"[0.711, 0.982]",399821.0,"[7.109999999999999, 9.82]",0.0059457898139953615,1.6648211479187012,7.285,1.2076250797881498,0.0061983266047069005,0.0006490461890846505,1.7355314493179321,0.18173293294370216,COMPLETE
40,17.256666666666664,2025-06-13 16:27:04.569330,2025-06-13 16:27:07.690804,0 days 00:00:03.121474,45,0.6510882070926608,0.17323373223424587,0.9673956460925989,0.07290286952346267,451,404824.0,17.256666666666664,1.2973520039766469,0.8156666666666667,0.12574400803042496,450.0,6.0,16.75,"[0.696, 0.9790000000000001]",404824.0,"[6.959999999999999, 9.790000000000001]",0.004823739793565538,2.170682907104492,16.83,"[0.9870000000000001, 0.6960000000000001]",405824.0,"[9.870000000000001, 6.960000000000001]",0.005059874852498372,2.2769436836242676,19.529999999999998,"[0.9720000000000001, 0.9810000000000001]",406824.0,"[9.72, 9.81]",0.004110886255900065,1.8498988151550293,18.220000000000002,"[0.8370000000000001, 0.9850000000000001]",407824.0,"[8.370000000000001, 9.850000000000001]",0.00453126589457194,2.039069652557373,15.43,"[0.7, 0.843]",408824.0,"[7.0, 8.43]",0.004836751619974772,2.1765382289886475,16.78,"[0.7019999999999998, 0.9760000000000002]",409824.0,"[7.019999999999999, 9.760000000000002]",0.0053131283654106985,2.3909077644348145,8.156666666666666,1.2574400803042494,0.004779274463653564,0.0003823759934728242,2.150673508644104,0.17206919706277096,COMPLETE
41,16.34333333333333,2025-06-13 16:27:08.251233,2025-06-13 16:27:11.034371,0 days 00:00:02.783138,45,0.6754555553629721,0.17058121481148342,0.9685918225922261,0.055540592143240926,452,414828.0,16.34333333333333,1.5617369247802992,0.7941666666666666,0.1583471046642646,450.0,6.0,16.89,"[0.7, 0.9890000000000001]",414828.0,"[7.0, 9.89]",0.004669628673129611,2.101332902908325,18.22,"[0.9850000000000001, 0.8370000000000001]",415828.0,"[9.850000000000001, 8.370000000000001]",0.0043572590086195205,1.9607665538787842,18.19,"[0.984, 0.8350000000000002]",416828.0,"[9.84, 8.350000000000001]",0.004414635234408908,1.9865858554840088,15.399999999999999,"[0.699, 0.841]",417828.0,"[6.989999999999999, 8.41]",0.0044144598642985025,1.9865069389343262,13.979999999999997,"[0.5539999999999999, 0.8440000000000001]",418828.0,"[5.539999999999999, 8.440000000000001]",0.004527641402350532,2.0374386310577393,15.379999999999999,"[0.843, 0.695]",419828.0,"[8.43, 6.949999999999999]",0.004225168228149414,1.9013257026672363,7.941666666666666,1.583471046642646,0.0044347987351594145,0.00013816804726480184,1.9956594308217366,0.06217562126916082,COMPLETE
42,13.716666666666663,2025-06-13 16:27:11.098800,2025-06-13 16:27:14.753489,0 days 00:00:03.654689,44,0.6423535094029378,0.16936621661855447,0.9758576925629764,0.07077286684564627,480,424831.0,13.716666666666663,3.386323801541857,0.7946666666666666,0.13326998495118433,480.0,6.0,15.41,"[0.849, 0.692]",424831.0,"[8.49, 6.92]",0.005188409984111786,2.4904367923736572,19.48,"[0.975, 0.9730000000000001]",425831.0,"[9.75, 9.73]",0.003975239396095276,1.9081149101257324,13.97,"[0.699, 0.698]",426831.0,"[6.989999999999999, 6.9799999999999995]",0.005730161070823669,2.7504773139953613,9.579999999999998,"[0.5559999999999998, 0.40199999999999997]",427831.0,"[5.559999999999999, 4.02]",0.006015324592590332,2.8873558044433594,14.069999999999999,"[0.8470000000000001, 0.5599999999999999]",428831.0,"[8.47, 5.6]",0.005002867678801219,2.401376485824585,9.79,"[0.842, 0.13699999999999987]",429831.0,"[8.42, 1.3699999999999988]",0.005271515746911367,2.530327558517456,7.946666666666666,1.3326998495118434,0.005197253078222274,0.0006441956481130606,2.494681477546692,0.30921391109426904,COMPLETE
43,15.758333333333331,2025-06-13 16:27:14.850868,2025-06-13 16:27:17.937543,0 days 00:00:03.086675,47,0.7274662939695126,0.11665268641787364,0.9595712666614845,0.03449629171541775,376,434835.0,15.758333333333331,2.3256355164891076,0.8131666666666666,0.13042931248594217,370.0,6.0,15.219999999999999,"[0.6950000000000001, 0.827]",434835.0,"[6.950000000000001, 8.27]",0.005055995889612147,1.8707184791564941,16.729999999999997,"[0.842, 0.8310000000000001]",435835.0,"[8.42, 8.31]",0.005378531120918893,1.9900565147399902,19.669999999999998,"[0.984, 0.983]",436835.0,"[9.84, 9.83]",0.004553043520128404,1.6846261024475098,13.779999999999998,"[0.688, 0.69]",437835.0,"[6.879999999999999, 6.8999999999999995]",0.0056350914207664695,2.0849838256835938,16.72,"[0.9789999999999999, 0.693]",438835.0,"[9.79, 6.93]",0.005669498443603515,2.097714424133301,12.429999999999996,"[0.691, 0.5519999999999999]",439835.0,"[6.909999999999999, 5.52]",0.0062161761361199455,2.29998517036438,8.131666666666666,1.3042931248594218,0.005418056088524896,0.0005209318186235615,2.0046807527542114,0.19274477289071776,COMPLETE
44,15.216666666666667,2025-06-13 16:27:18.004230,2025-06-13 16:27:21.290814,0 days 00:00:03.286584,35,0.5570841065275787,0.14999179847265648,0.9404144700483925,0.044537860344313306,448,444838.0,15.216666666666667,2.4906870984172667,0.6948333333333333,0.17587629806833613,440.0,6.0,12.98,"[0.5889999999999999, 0.709]",444838.0,"[5.889999999999999, 7.09]",0.005442182584242387,2.3945603370666504,15.71,"[0.716, 0.8550000000000001]",445838.0,"[7.16, 8.55]",0.005133000287142667,2.2585201263427734,18.15,"[0.836, 0.9790000000000001]",446838.0,"[8.36, 9.790000000000001]",0.004928895018317483,2.1687138080596924,14.41,"[0.5950000000000001, 0.8459999999999999]",447838.0,"[5.950000000000001, 8.459999999999999]",0.004485871575095437,1.9737834930419922,11.659999999999998,"[0.449, 0.717]",448838.0,"[4.49, 7.17]",0.004656395045193759,2.048813819885254,18.39,"[0.984, 0.8550000000000001]",449838.0,"[9.84, 8.55]",0.005066262050108476,2.2291553020477295,6.948333333333333,1.7587629806833613,0.004952101093350034,0.0003139234680100205,2.178924481074015,0.13812632592440907,COMPLETE
45,15.91666666666667,2025-06-13 16:27:21.354418,2025-06-13 16:27:24.322663,0 days 00:00:02.968245,42,0.5942531153387988,0.1336201539375315,0.9482267877820603,0.07665852899659034,412,454841.0,15.91666666666667,2.503189077068602,0.7941666666666666,0.1562555776782242,410.0,6.0,12.71,"[0.5619999999999999, 0.7089999999999999]",454841.0,"[5.619999999999999, 7.089999999999998]",0.005279160127407167,2.1644556522369385,18.28,"[0.984, 0.8440000000000001]",455841.0,"[9.84, 8.440000000000001]",0.004285419859537264,1.7570221424102783,16.78,"[0.698, 0.9799999999999999]",456841.0,"[6.9799999999999995, 9.799999999999999]",0.00495152589751453,2.030125617980957,14.02,"[0.699, 0.7030000000000001]",457841.0,"[6.989999999999999, 7.030000000000001]",0.004792585605528296,1.9649600982666016,19.650000000000002,"[0.985, 0.9800000000000001]",458841.0,"[9.85, 9.8]",0.003877692106293469,1.5898537635803223,14.059999999999999,"[0.8370000000000001, 0.569]",459841.0,"[8.370000000000001, 5.6899999999999995]",0.004874364341177591,1.9984893798828125,7.9416666666666655,1.5625557767822422,0.004676791322909719,0.0004623313849193383,1.917484442392985,0.1895558678169287,COMPLETE
46,15.336666666666666,2025-06-13 16:27:24.906276,2025-06-13 16:27:29.348642,0 days 00:00:04.442366,47,0.9755240725269955,0.04679730635590128,0.9793424029451367,0.030292575677800193,483,464845.0,15.336666666666666,3.435737022661787,0.7211666666666666,0.252580955119124,480.0,6.0,19.659999999999997,"[0.9810000000000001, 0.9850000000000001]",464845.0,"[9.81, 9.850000000000001]",0.005062827467918396,2.43015718460083,9.56,"[0.2669999999999999, 0.6890000000000001]",465845.0,"[2.669999999999999, 6.890000000000001]",0.007415542503197988,3.559460401535034,16.79,"[0.9800000000000001, 0.6990000000000001]",466845.0,"[9.8, 6.99]",0.005451414485772451,2.6166789531707764,15.4,"[0.7020000000000001, 0.8379999999999999]",467845.0,"[7.0200000000000005, 8.379999999999999]",0.004891304175059,2.3478260040283203,12.42,"[0.5559999999999999, 0.6859999999999999]",468845.0,"[5.56, 6.859999999999999]",0.006150540709495544,2.9522595405578613,18.189999999999998,"[0.841, 0.9780000000000001]",469845.0,"[8.41, 9.780000000000001]",0.005289791524410248,2.539099931716919,7.211666666666666,2.5258095511912395,0.005710236810975606,0.0008597953033177525,2.74091366926829,0.41270174559252115,COMPLETE
47,15.741666666666665,2025-06-13 16:27:29.413489,2025-06-13 16:27:32.396151,0 days 00:00:02.982662,39,0.641156228020946,0.09587192788397901,0.9939837684596201,0.013106583599978764,345,474849.0,15.741666666666665,1.8531452242666309,0.7761666666666668,0.15473355234797082,340.0,6.0,15.51,"[0.708, 0.843]",474849.0,"[7.08, 8.43]",0.005060028328615076,1.720409631729126,15.53,"[0.5740000000000001, 0.9790000000000001]",475849.0,"[5.74, 9.790000000000001]",0.006441057429594152,2.1899595260620117,14.09,"[0.6970000000000001, 0.712]",476849.0,"[6.970000000000001, 7.119999999999999]",0.0063040312598733345,2.1433706283569336,15.569999999999999,"[0.9850000000000001, 0.572]",477849.0,"[9.850000000000001, 5.72]",0.005440048610462862,1.849616527557373,14.12,"[0.708, 0.704]",478849.0,"[7.08, 7.039999999999999]",0.006586387578178855,2.2393717765808105,19.63,"[0.985, 0.9780000000000001]",479849.0,"[9.85, 9.780000000000001]",0.004417087050045238,1.5018095970153809,7.761666666666667,1.5473355234797084,0.005708106709461587,0.0007981554365577336,1.9407562812169392,0.27137284842962944,COMPLETE
48,15.43,2025-06-13 16:27:32.490053,2025-06-13 16:27:35.700595,0 days 00:00:03.210542,43,0.7336174818326516,0.02553900495645229,0.9650040093707911,0.051295775832089247,455,484852.0,15.43,3.36448113879887,0.7705000000000001,0.19656190712682187,450.0,6.0,15.430000000000001,"[0.7000000000000001, 0.843]",484852.0,"[7.000000000000001, 8.43]",0.005204219818115235,2.3418989181518555,9.759999999999998,"[0.4159999999999999, 0.5599999999999999]",485852.0,"[4.159999999999999, 5.6]",0.0053492445415920685,2.4071600437164307,19.73,"[0.9870000000000001, 0.986]",486852.0,"[9.870000000000001, 9.86]",0.003986253208584255,1.793813943862915,12.659999999999998,"[0.702, 0.5640000000000001]",487852.0,"[7.02, 5.640000000000001]",0.005265272458394368,2.369372606277466,18.22,"[0.984, 0.8380000000000001]",488852.0,"[9.84, 8.38]",0.004016842842102051,1.8075792789459229,16.78,"[0.834, 0.844]",489852.0,"[8.34, 8.44]",0.004324196179707845,1.9458882808685303,7.705000000000001,1.9656190712682187,0.004691004841415971,0.0005933197944206831,2.1109521786371865,0.26699390748930735,COMPLETE
49,14.656666666666666,2025-06-13 16:27:35.770088,2025-06-13 16:27:38.211133,0 days 00:00:02.441045,39,0.8119488423890816,0.19114680390854616,0.9931352353438139,0.0041542373303460655,221,494855.0,14.656666666666666,2.5712945291342173,0.7799999999999999,0.1718342224354625,220.0,6.0,12.92,"[0.852, 0.43999999999999984]",494855.0,"[8.52, 4.399999999999999]",0.006892369010231712,1.5163211822509766,18.27,"[0.9780000000000001, 0.8489999999999999]",495855.0,"[9.780000000000001, 8.489999999999998]",0.006113560633225874,1.3449833393096924,15.580000000000002,"[0.852, 0.706]",496855.0,"[8.52, 7.06]",0.006559796766801314,1.443155288696289,10.059999999999999,"[0.43699999999999994, 0.5690000000000001]",497855.0,"[4.369999999999999, 5.69]",0.007613324035297741,1.674931287765503,15.529999999999998,"[0.8509999999999998, 0.7020000000000001]",498855.0,"[8.509999999999998, 7.0200000000000005]",0.006950092315673828,1.5290203094482422,15.579999999999998,"[0.7100000000000001, 0.8480000000000001]",499855.0,"[7.1000000000000005, 8.48]",0.006932016936215487,1.5250437259674072,7.8,1.7183422243546251,0.006843526616240992,0.0004523113593319437,1.5055758555730183,0.09950849905302758,COMPLETE
50,16.10833333333333,2025-06-13 16:27:38.278076,2025-06-13 16:27:40.932533,0 days 00:00:02.654457,14,0.7728283535196132,0.01140471073963558,0.9814410796434513,0.0769663105053151,437,504858.0,16.10833333333333,1.9618054326450305,0.8486666666666666,0.0973441774781054,430.0,6.0,17.25,"[0.9690000000000001, 0.756]",504858.0,"[9.690000000000001, 7.5600000000000005]",0.004080245661181073,1.7545056343078613,11.86,"[0.6470000000000001, 0.539]",505858.0,"[6.4700000000000015, 5.390000000000001]",0.004178988656332327,1.7969651222229004,17.49,"[0.874, 0.875]",506858.0,"[8.74, 8.75]",0.0036689580873001454,1.5776519775390625,17.43,"[0.868, 0.875]",507858.0,"[8.68, 8.75]",0.0036169268364130065,1.5552785396575928,16.349999999999998,"[0.8699999999999999, 0.765]",508858.0,"[8.7, 7.65]",0.003833036644514217,1.6482057571411133,16.27,"[0.8640000000000001, 0.763]",509858.0,"[8.64, 7.63]",0.0039865499319032185,1.7142164707183838,8.486666666666666,0.9734417747810541,0.003894117636273998,0.00020639820678170173,1.674470583597819,0.08875122891613169,COMPLETE
51,16.41,2025-06-13 16:27:41.542274,2025-06-13 16:27:44.471055,0 days 00:00:02.928781,17,0.8579783012027943,0.05939880398067347,0.9882103669761488,0.019132502213282627,479,514861.0,16.41,1.8980340706460812,0.8693333333333334,0.09314087299473968,470.0,6.0,15.160000000000002,"[0.8719999999999999, 0.6439999999999999]",514861.0,"[8.719999999999999, 6.4399999999999995]",0.004513860256113905,2.121514320373535,17.35,"[0.9780000000000001, 0.7569999999999999]",515861.0,"[9.780000000000001, 7.5699999999999985]",0.003947625768945572,1.855384111404419,17.36,"[0.868, 0.868]",516861.0,"[8.68, 8.68]",0.00421025905203312,1.9788217544555664,13.96,"[0.757, 0.639]",517861.0,"[7.57, 6.390000000000001]",0.00431906669697863,2.029961347579956,15.01,"[0.753, 0.748]",518861.0,"[7.53, 7.48]",0.004606181509951328,2.164905309677124,19.62,"[0.9880000000000001, 0.9740000000000002]",519861.0,"[9.88, 9.740000000000002]",0.004018478190645258,1.8886847496032715,8.693333333333333,0.9314087299473968,0.004269245245777969,0.00024001642348905734,2.0065452655156455,0.11280771903985684,COMPLETE
52,16.006666666666668,2025-06-13 16:27:44.545434,2025-06-13 16:27:47.633494,0 days 00:00:03.088060,25,0.830398917445313,0.08266636004581966,0.9854382539036189,0.005568811472246802,477,524864.0,16.006666666666668,1.560231464309775,0.7208333333333333,0.082992804239618,470.0,6.0,15.95,"[0.614, 0.9810000000000001]",524864.0,"[6.14, 9.81]",0.004659437118692601,2.1899354457855225,16.0,"[0.7409999999999999, 0.859]",525864.0,"[7.409999999999998, 8.59]",0.004532292548646318,2.1301774978637695,17.28,"[0.744, 0.9840000000000002]",526864.0,"[7.4399999999999995, 9.840000000000002]",0.004089560407273313,1.922093391418457,13.559999999999999,"[0.739, 0.617]",527864.0,"[7.39, 6.17]",0.0048310142882326814,2.2705767154693604,18.39,"[0.861, 0.9780000000000001]",528864.0,"[8.61, 9.780000000000001]",0.004377749118399113,2.057542085647583,14.86,"[0.626, 0.86]",529864.0,"[6.26, 8.6]",0.004480708913600191,2.10593318939209,7.208333333333332,0.8299280423961798,0.00449512706580737,0.00023082066377302365,2.112709720929464,0.1084857119733212,COMPLETE
53,16.205,2025-06-13 16:27:47.709365,2025-06-13 16:27:51.166039,0 days 00:00:03.456674,30,0.8807300193149762,0.041230192547203566,0.9748221779520764,0.011085534129299284,499,534867.0,16.205,1.8854155156534245,0.8951666666666668,0.1203777618813191,490.0,6.0,19.6,"[0.9800000000000001, 0.9800000000000001]",534867.0,"[9.8, 9.8]",0.0040534038932955995,1.9861679077148438,17.06,"[0.9860000000000001, 0.72]",535867.0,"[9.860000000000001, 7.199999999999999]",0.005231324020697146,2.5633487701416016,14.58,"[0.7260000000000001, 0.732]",536867.0,"[7.260000000000001, 7.32]",0.0049052856406387015,2.403589963912964,16.990000000000002,"[0.974, 0.725]",537867.0,"[9.74, 7.25]",0.004810895238603864,2.3573386669158936,14.52,"[0.9810000000000002, 0.4709999999999999]",538867.0,"[9.810000000000002, 4.709999999999999]",0.0050061328070504325,2.453005075454712,14.48,"[0.724, 0.724]",539867.0,"[7.24, 7.24]",0.005416413229338977,2.6540424823760986,8.951666666666668,1.203777618813191,0.004903909138270787,0.00043056615424248685,2.4029154777526855,0.21097741557881852,COMPLETE
54,11.625,2025-06-13 16:27:51.236388,2025-06-13 16:27:53.205595,0 days 00:00:01.969207,27,0.976281502075935,0.0678784912296406,0.9988006115157988,0.001587996466052584,132,544871.0,11.625,1.1709647020014458,0.611,0.07139794581545514,130.0,6.0,11.06,"[0.617, 0.48900000000000005]",544871.0,"[6.17, 4.890000000000001]",0.009734067550072303,1.2654287815093994,12.209999999999999,"[0.607, 0.6140000000000001]",545871.0,"[6.07, 6.140000000000001]",0.008547152005709135,1.1111297607421875,10.98,"[0.732, 0.36599999999999994]",546871.0,"[7.32, 3.6599999999999993]",0.009853396048912635,1.2809414863586426,9.79,"[0.615, 0.364]",547871.0,"[6.15, 3.6399999999999997]",0.00894446189586933,1.1627800464630127,13.470000000000002,"[0.6100000000000001, 0.737]",548871.0,"[6.100000000000001, 7.37]",0.009053833668048565,1.1769983768463135,12.24,"[0.485, 0.7390000000000001]",549871.0,"[4.85, 7.390000000000001]",0.008968067169189454,1.165848731994629,6.11,0.7139794581545514,0.00918349638963357,0.0004613725881830478,1.193854530652364,0.05997843646379627,COMPLETE
55,14.43,2025-06-13 16:27:53.271894,2025-06-13 16:27:56.513058,0 days 00:00:03.241164,33,0.9210517685096594,0.047023774417285995,0.9871974053133787,0.026848558782948676,463,554873.0,14.43,2.119378839817618,0.7229999999999999,0.12885392246002195,460.0,6.0,14.33,"[0.72, 0.713]",554873.0,"[7.199999999999999, 7.13]",0.005127669417339823,2.3587279319763184,13.14,"[0.726, 0.5879999999999999]",555873.0,"[7.26, 5.879999999999999]",0.0052059163217959194,2.394721508026123,13.190000000000001,"[0.5919999999999999, 0.727]",556873.0,"[5.919999999999998, 7.27]",0.0055189355559971025,2.538710355758667,11.829999999999998,"[0.5970000000000001, 0.5859999999999999]",557873.0,"[5.970000000000001, 5.8599999999999985]",0.00513097566107045,2.3602488040924072,18.330000000000002,"[0.9810000000000001, 0.852]",558873.0,"[9.81, 8.52]",0.004288656815238621,1.9727821350097656,15.760000000000002,"[0.722, 0.8539999999999999]",559873.0,"[7.22, 8.54]",0.004572076382844344,2.1031551361083984,7.2299999999999995,1.2885392246002194,0.00497403835904771,0.0004143737151005,2.2880576451619468,0.19061190894622995,COMPLETE
56,15.655,2025-06-13 16:27:57.172251,2025-06-13 16:28:00.249407,0 days 00:00:03.077156,22,0.8988855445055293,0.15589121832354008,0.9942176794909929,0.04312876767410635,484,564877.0,15.655,1.2848054327406935,0.8023333333333333,0.14797597402581572,480.0,6.0,17.21,"[0.976, 0.745]",564877.0,"[9.76, 7.45]",0.0042047272125879925,2.0182690620422363,16.04,"[0.8610000000000001, 0.743]",565877.0,"[8.610000000000001, 7.43]",0.004102690517902375,1.9692914485931396,13.76,"[0.748, 0.6279999999999999]",566877.0,"[7.48, 6.279999999999999]",0.004032795131206512,1.935741662979126,14.819999999999999,"[0.8640000000000001, 0.618]",567877.0,"[8.64, 6.18]",0.004406867921352387,2.1152966022491455,17.22,"[0.8589999999999998, 0.8629999999999999]",568877.0,"[8.589999999999998, 8.629999999999999]",0.00398569405078888,1.913133144378662,14.879999999999999,"[0.506, 0.982]",569877.0,"[5.0600000000000005, 9.82]",0.004527182380358378,2.1730475425720215,8.023333333333333,1.479759740258157,0.004209992869032754,0.00019690077542300493,2.0207965771357217,0.09451237220304241,COMPLETE
57,14.081666666666669,2025-06-13 16:28:00.318096,2025-06-13 16:28:03.535061,0 days 00:00:03.216965,47,0.5013431534083655,0.06202898008171372,0.9783747230810007,0.003141573677677484,440,574880.0,14.081666666666669,1.938301805418571,0.7153333333333333,0.15493188467481092,440.0,6.0,10.95,"[0.4009999999999999, 0.6940000000000001]",574880.0,"[4.009999999999999, 6.94]",0.005598990483717485,2.4635558128356934,15.159999999999998,"[0.8310000000000001, 0.6849999999999999]",575880.0,"[8.31, 6.85]",0.004383199323307384,1.928607702255249,15.340000000000002,"[0.8440000000000001, 0.69]",576880.0,"[8.440000000000001, 6.8999999999999995]",0.004585235227238048,2.017503499984741,16.740000000000002,"[0.8340000000000002, 0.8400000000000001]",577880.0,"[8.340000000000002, 8.4]",0.004804109985178167,2.1138083934783936,12.38,"[0.688, 0.55]",578880.0,"[6.879999999999999, 5.5]",0.005202184482054277,2.288961172103882,13.92,"[0.694, 0.698]",579880.0,"[6.9399999999999995, 6.9799999999999995]",0.003872944550080733,1.7040956020355225,7.153333333333333,1.5493188467481094,0.004741110675262682,0.0005565707271890308,2.08608869711558,0.24489111996317353,COMPLETE
58,12.769999999999998,2025-06-13 16:28:03.608511,2025-06-13 16:28:07.001170,0 days 00:00:03.392659,36,0.8099260915165523,0.0519620945822207,0.9320966589237912,0.0009078538354447853,457,584883.0,12.769999999999998,3.4122231267410785,0.6073333333333333,0.2611019383731616,450.0,6.0,14.36,"[0.8550000000000001, 0.5809999999999998]",584883.0,"[8.55, 5.809999999999999]",0.0045606279373168945,2.0522825717926025,7.68,"[0.1859999999999999, 0.5820000000000001]",585883.0,"[1.859999999999999, 5.82]",0.005669360690646701,2.5512123107910156,8.93,"[0.31699999999999995, 0.5759999999999998]",586883.0,"[3.1699999999999995, 5.759999999999998]",0.0053689405653211805,2.4160232543945312,12.959999999999997,"[0.716, 0.58]",587883.0,"[7.16, 5.8]",0.0058001380496554905,2.6100621223449707,15.61,"[0.711, 0.85]",588883.0,"[7.109999999999999, 8.5]",0.004700129826863607,2.115058422088623,17.08,"[0.859, 0.849]",589883.0,"[8.59, 8.49]",0.003984640969170465,1.793088436126709,6.073333333333333,2.6110193837316156,0.005013973006495723,0.0006502735572634293,2.256287852923075,0.2926231007685432,COMPLETE
59,14.533333333333333,2025-06-13 16:28:07.072473,2025-06-13 16:28:09.985556,0 days 00:00:02.913083,25,0.8644969336255598,0.032074767681657464,0.9727230000846262,0.056902102675282146,392,594887.0,14.533333333333333,1.6291579283653128,0.7978333333333333,0.1193669645346744,390.0,6.0,17.14,"[0.861, 0.853]",594887.0,"[8.61, 8.53]",0.004654985819107447,1.8154444694519043,15.950000000000001,"[0.7370000000000001, 0.858]",595887.0,"[7.370000000000001, 8.58]",0.004395327201256385,1.7141776084899902,13.55,"[0.7349999999999999, 0.62]",596887.0,"[7.349999999999999, 6.2]",0.005024633652124649,1.9596071243286133,12.29,"[0.8540000000000001, 0.37499999999999994]",597887.0,"[8.540000000000001, 3.7499999999999996]",0.005474410912929437,2.1350202560424805,14.77,"[0.9879999999999999, 0.4889999999999999]",598887.0,"[9.879999999999999, 4.889999999999999]",0.005170777516487317,2.0166032314300537,13.499999999999998,"[0.612, 0.7379999999999999]",599887.0,"[6.12, 7.379999999999999]",0.005106717500931178,1.9916198253631592,7.978333333333333,1.1936696453467441,0.004971142100472736,0.00035258413289897993,1.938745419184367,0.13750781183060218,COMPLETE
60,15.306666666666665,2025-06-13 16:28:10.055805,2025-06-13 16:28:13.358771,0 days 00:00:03.302966,40,0.9511352819753118,0.07245736566851241,0.9909526617400112,0.021396326806296634,416,604890.0,15.306666666666665,1.4329766998183269,0.7543333333333333,0.10188173972252777,410.0,6.0,16.95,"[0.842, 0.8530000000000001]",604890.0,"[8.42, 8.530000000000001]",0.0049427724466091245,2.026536703109741,15.559999999999999,"[0.7149999999999999, 0.841]",605890.0,"[7.149999999999999, 8.41]",0.005269163992346787,2.1603572368621826,14.249999999999998,"[0.571, 0.8539999999999999]",606890.0,"[5.709999999999999, 8.54]",0.005336014817400677,2.1877660751342773,16.82,"[0.844, 0.8379999999999999]",607890.0,"[8.44, 8.379999999999999]",0.0056242326410805305,2.3059353828430176,12.829999999999998,"[0.849, 0.434]",608890.0,"[8.49, 4.34]",0.005905314189631764,2.4211788177490234,15.429999999999998,"[0.7049999999999998, 0.8379999999999999]",609890.0,"[7.049999999999999, 8.379999999999999]",0.005454527459493498,2.236356258392334,7.543333333333333,1.0188173972252779,0.005422004257760397,0.0002988756785357311,2.2230217456817627,0.12253902819964975,COMPLETE
61,17.08,2025-06-13 16:28:14.093808,2025-06-13 16:28:16.821472,0 days 00:00:02.727664,41,0.9811068037169778,0.04205323936875287,0.967397041500503,0.06458496724745126,308,614894.0,17.08,3.010586875234351,0.8664999999999999,0.1657857553189257,300.0,6.0,19.5,"[0.9730000000000001, 0.977]",614894.0,"[9.73, 9.77]",0.005521105130513509,1.6563315391540527,16.830000000000002,"[0.978, 0.705]",615894.0,"[9.78, 7.05]",0.005969351927439372,1.7908055782318115,11.379999999999999,"[0.5719999999999998, 0.5660000000000001]",616894.0,"[5.719999999999999, 5.66]",0.0064619835217793785,1.9385950565338135,19.619999999999997,"[0.9860000000000001, 0.9760000000000002]",617894.0,"[9.860000000000001, 9.760000000000002]",0.0062860600153605145,1.8858180046081543,19.7,"[0.9850000000000001, 0.9849999999999998]",618894.0,"[9.850000000000001, 9.849999999999998]",0.005317448774973551,1.5952346324920654,15.45,"[0.7049999999999998, 0.8400000000000001]",619894.0,"[7.049999999999999, 8.4]",0.005628613630930582,1.6885840892791748,8.665,1.6578575531892568,0.005864093833499485,0.00041201128635721794,1.7592281500498455,0.12360338590716534,COMPLETE
62,13.113333333333332,2025-06-13 16:28:16.889066,2025-06-13 16:28:19.763896,0 days 00:00:02.874830,42,0.9944255902908524,0.04079445183831004,0.9671655871299228,0.09117532907340953,298,624897.0,13.113333333333332,3.1309458989612433,0.5895,0.28361167700455026,290.0,6.0,16.73,"[0.8409999999999999, 0.8319999999999999]",624897.0,"[8.409999999999998, 8.319999999999999]",0.006786460712038238,1.9680736064910889,12.620000000000001,"[0.563, 0.699]",625897.0,"[5.629999999999999, 6.989999999999999]",0.006631632508902714,1.923173427581787,8.589999999999998,"[0.2879999999999999, 0.571]",626897.0,"[2.879999999999999, 5.709999999999999]",0.007371400964671168,2.1377062797546387,13.969999999999999,"[0.842, 0.5549999999999999]",627897.0,"[8.42, 5.549999999999999]",0.007227928885098161,2.096099376678467,9.909999999999998,"[0.14899999999999994, 0.842]",628897.0,"[1.4899999999999993, 8.42]",0.006374124822945431,1.8484961986541748,16.86,"[0.8539999999999999, 0.8320000000000001]",629897.0,"[8.54, 8.32]",0.006642439447600266,1.9263074398040771,5.894999999999999,2.8361167700455026,0.006838997890209329,0.0003500531147708157,1.9833093881607056,0.10151540328353657,COMPLETE
63,13.708333333333334,2025-06-13 16:28:19.832355,2025-06-13 16:28:23.450021,0 days 00:00:03.617666,45,0.964551323192307,0.019787204490127934,0.9602454486999455,0.03914723849788696,470,634900.0,13.708333333333334,3.4459464914914477,0.7215000000000001,0.1928857606633177,470.0,6.0,18.169999999999998,"[0.976, 0.8409999999999999]",634900.0,"[9.76, 8.409999999999998]",0.004762016458714262,2.238147735595703,14.08,"[0.8450000000000001, 0.563]",635900.0,"[8.450000000000001, 5.629999999999999]",0.005032837137262872,2.36543345451355,11.1,"[0.696, 0.41399999999999987]",636900.0,"[6.959999999999999, 4.139999999999999]",0.005646780703930145,2.653986930847168,10.919999999999998,"[0.4069999999999999, 0.6849999999999998]",637900.0,"[4.069999999999999, 6.849999999999998]",0.005885746631216496,2.766300916671753,18.259999999999998,"[0.849, 0.9770000000000001]",638900.0,"[8.49, 9.770000000000001]",0.004874828521241533,2.2911694049835205,9.719999999999999,"[0.5559999999999999, 0.4159999999999999]",639900.0,"[5.56, 4.159999999999999]",0.005821020045179002,2.735879421234131,7.215000000000001,1.928857606633177,0.005337204916257385,0.0004597255880025383,2.5084863106409707,0.216071026361193,COMPLETE
64,16.19333333333333,2025-06-13 16:28:23.557126,2025-06-13 16:28:26.629330,0 days 00:00:03.072204,31,0.9359508183986275,0.05168909476340771,0.9559812634471222,0.06957772732186417,345,644903.0,16.19333333333333,1.6252555354637481,0.8068333333333332,0.12175852696583053,340.0,6.0,16.999999999999996,"[0.8489999999999999, 0.8510000000000002]",644903.0,"[8.489999999999998, 8.510000000000002]",0.005879268225501565,1.9989511966705322,15.86,"[0.8540000000000001, 0.7319999999999999]",645903.0,"[8.540000000000001, 7.3199999999999985]",0.005536960153018727,1.8825664520263672,15.769999999999998,"[0.722, 0.8550000000000001]",646903.0,"[7.22, 8.55]",0.005000516947577981,1.7001757621765137,13.1,"[0.5900000000000001, 0.72]",647903.0,"[5.9, 7.199999999999999]",0.0055491798064287974,1.886721134185791,18.31,"[0.977, 0.8540000000000001]",648903.0,"[9.77, 8.540000000000001]",0.005401933193206787,1.8366572856903076,17.12,"[0.849, 0.8629999999999999]",649903.0,"[8.49, 8.629999999999999]",0.005341229018043069,1.8160178661346436,8.068333333333333,1.2175852696583054,0.005451514557296155,0.00026389161512021153,1.8535149494806926,0.08972314914087191,COMPLETE
65,14.435000000000002,2025-06-13 16:28:26.760280,2025-06-13 16:28:30.832353,0 days 00:00:04.072073,38,0.9166234843515929,0.07835017913528605,0.9817141994148068,0.054461163664242786,485,654906.0,14.435000000000002,2.536577418491302,0.7541666666666668,0.1477829677451213,480.0,6.0,18.24,"[0.8460000000000001, 0.978]",654906.0,"[8.46, 9.78]",0.004717005292574564,2.264162540435791,11.51,"[0.44299999999999995, 0.708]",655906.0,"[4.43, 7.08]",0.005632078647613526,2.703397750854492,14.07,"[0.833, 0.574]",656906.0,"[8.33, 5.739999999999999]",0.006354830165704092,3.050318479537964,11.52,"[0.708, 0.44399999999999995]",657906.0,"[7.08, 4.4399999999999995]",0.005425156652927398,2.6040751934051514,14.21,"[0.8450000000000001, 0.576]",658906.0,"[8.450000000000001, 5.76]",0.0053435588876406355,2.564908266067505,17.06,"[0.85, 0.8560000000000001]",659906.0,"[8.5, 8.56]",0.005067166686058044,2.4322400093078613,7.541666666666667,1.4778296774512132,0.005423299388753043,0.0005071788337642267,2.603183706601461,0.24344584020682875,COMPLETE
66,13.79,2025-06-13 16:28:31.594997,2025-06-13 16:28:34.255259,0 days 00:00:02.660262,49,0.9848721685963493,0.09460010127086427,0.9774148550157509,0.009355392982086451,165,664911.0,13.79,2.8129047856856677,0.6911666666666666,0.14820865546774104,160.0,6.0,13.690000000000001,"[0.69, 0.6789999999999999]",664911.0,"[6.8999999999999995, 6.789999999999999]",0.008898022770881652,1.4236836433410645,15.11,"[0.6849999999999998, 0.826]",665911.0,"[6.849999999999998, 8.26]",0.008270268142223359,1.3232429027557373,13.899999999999999,"[0.689, 0.701]",666911.0,"[6.89, 7.01]",0.009413394331932067,1.5061430931091309,16.799999999999997,"[0.843, 0.837]",667911.0,"[8.43, 8.37]",0.008730341494083405,1.3968546390533447,15.309999999999999,"[0.842, 0.689]",668911.0,"[8.42, 6.89]",0.009009118378162383,1.4414589405059814,7.929999999999998,"[0.39799999999999985, 0.39499999999999985]",669911.0,"[3.9799999999999986, 3.9499999999999984]",0.011124594509601593,1.7799351215362549,6.911666666666665,1.4820865546774105,0.009240956604480743,0.0009084916975030413,1.478553056716919,0.1453586716004866,COMPLETE
67,14.379999999999997,2025-06-13 16:28:34.330597,2025-06-13 16:28:36.866425,0 days 00:00:02.535828,35,0.5279234757903304,0.058420998966178445,0.9630776828229742,0.03075718982998909,269,674914.0,14.379999999999997,1.7066536457836619,0.7178333333333334,0.10746381820046336,260.0,6.0,11.8,"[0.5889999999999999, 0.591]",674914.0,"[5.889999999999999, 5.91]",0.006116336125593919,1.590247392654419,13.09,"[0.721, 0.5880000000000001]",675914.0,"[7.21, 5.880000000000001]",0.006168864323542668,1.6039047241210938,14.420000000000002,"[0.586, 0.8560000000000001]",676914.0,"[5.859999999999999, 8.56]",0.006290002969595102,1.6354007720947266,15.629999999999999,"[0.8460000000000001, 0.7170000000000001]",677914.0,"[8.46, 7.170000000000001]",0.005646717548370361,1.468146562576294,17.13,"[0.8550000000000001, 0.8580000000000002]",678914.0,"[8.55, 8.580000000000002]",0.005182227721581092,1.347379207611084,14.209999999999999,"[0.71, 0.7110000000000001]",679914.0,"[7.1, 7.110000000000001]",0.005791362432333139,1.5057542324066162,7.178333333333334,1.0746381820046333,0.00586591852016938,0.0003775741740546122,1.5251388152440388,0.09816928525419916,COMPLETE
68,15.869999999999997,2025-06-13 16:28:36.932964,2025-06-13 16:28:39.614042,0 days 00:00:02.681078,41,0.9996151656422639,0.03457515462577678,0.994570006939408,0.08654505665861593,248,684917.0,15.869999999999997,1.5327208921826998,0.8154999999999998,0.12263190177654977,240.0,6.0,16.73,"[0.834, 0.8390000000000001]",684917.0,"[8.34, 8.39]",0.007048111160596212,1.6915466785430908,16.959999999999997,"[0.8479999999999999, 0.8480000000000001]",685917.0,"[8.479999999999999, 8.48]",0.00625714361667633,1.5017144680023193,15.37,"[0.833, 0.704]",686917.0,"[8.33, 7.039999999999999]",0.007754900058110555,1.8611760139465332,16.93,"[0.9800000000000001, 0.713]",687917.0,"[9.8, 7.13]",0.006852797667185466,1.6446714401245117,16.569999999999997,"[0.8300000000000001, 0.827]",688917.0,"[8.3, 8.27]",0.007692450284957885,1.8461880683898926,12.66,"[0.5679999999999998, 0.6979999999999997]",689917.0,"[5.679999999999998, 6.979999999999997]",0.0074892789125442505,1.7974269390106201,8.155,1.226319017765498,0.007182446950011783,0.0005267594056314397,1.7237872680028279,0.12642225735154555,COMPLETE
69,14.405000000000001,2025-06-13 16:28:39.694632,2025-06-13 16:28:42.485923,0 days 00:00:02.791291,28,0.9534081809159025,0.11263051978229835,0.9715318463684739,0.014697972008108759,314,694919.0,14.405000000000001,3.954342549653482,0.75,0.22035426022657248,310.0,6.0,13.47,"[0.9850000000000001, 0.362]",694919.0,"[9.850000000000001, 3.62]",0.005702244081804829,1.767695665359497,10.84,"[0.601, 0.48299999999999993]",695919.0,"[6.01, 4.829999999999999]",0.006362841975304389,1.9724810123443604,15.75,"[0.728, 0.8469999999999999]",696919.0,"[7.279999999999999, 8.469999999999999]",0.006055149724406581,1.87709641456604,19.54,"[0.9730000000000002, 0.9809999999999999]",697919.0,"[9.730000000000002, 9.809999999999999]",0.005154829640542307,1.5979971885681152,8.409999999999998,"[0.359, 0.48199999999999993]",698919.0,"[3.59, 4.819999999999999]",0.006133836315524194,1.9014892578125,18.419999999999998,"[0.8539999999999999, 0.9880000000000001]",699919.0,"[8.54, 9.88]",0.005078777190177671,1.5744209289550781,7.500000000000001,2.203542602265725,0.005747946487959995,0.0004870053219371838,1.7818634112675984,0.1509716498005269,COMPLETE
70,14.74833333333333,2025-06-13 16:28:42.553232,2025-06-13 16:28:46.524581,0 days 00:00:03.971349,43,0.9728785479718767,0.06715933278169486,0.9445051457530791,0.005227329799036814,490,704922.0,14.74833333333333,2.902110821836792,0.6543333333333332,0.15335651998601896,490.0,6.0,15.499999999999998,"[0.708, 0.842]",704922.0,"[7.08, 8.42]",0.004889393339351732,2.3958027362823486,18.249999999999996,"[0.8389999999999999, 0.986]",705922.0,"[8.389999999999999, 9.86]",0.004336249585054359,2.1247622966766357,18.259999999999998,"[0.8380000000000001, 0.9880000000000001]",706922.0,"[8.38, 9.88]",0.004329403565854442,2.1214077472686768,14.03,"[0.5599999999999998, 0.8430000000000002]",707922.0,"[5.599999999999998, 8.430000000000001]",0.00526466077687789,2.579683780670166,11.349999999999998,"[0.42799999999999994, 0.7070000000000001]",708922.0,"[4.279999999999999, 7.07]",0.005799673528087383,2.8418400287628174,11.099999999999998,"[0.5529999999999999, 0.5569999999999999]",709922.0,"[5.529999999999999, 5.569999999999999]",0.006481511738835549,3.175940752029419,6.543333333333333,1.5335651998601898,0.005183482089010226,0.0007751240839302799,2.5399062236150107,0.3798108011258371,COMPLETE
71,16.373333333333335,2025-06-13 16:28:47.325838,2025-06-13 16:28:50.293308,0 days 00:00:02.967470,41,0.9371441577064819,0.04104701636194187,0.9832160314984603,0.06451159576974812,331,714927.0,16.373333333333335,1.738262222898363,0.8636666666666666,0.12543878542495893,330.0,6.0,16.849999999999998,"[0.982, 0.703]",714927.0,"[9.82, 7.029999999999999]",0.006368113286567457,2.1014773845672607,19.6,"[0.982, 0.9780000000000001]",715927.0,"[9.82, 9.780000000000001]",0.0052455302440758906,1.731024980545044,15.45,"[0.9789999999999999, 0.5659999999999998]",716927.0,"[9.79, 5.659999999999998]",0.0064563021515354965,2.130579710006714,16.86,"[0.835, 0.851]",717927.0,"[8.35, 8.51]",0.0056254321878606624,1.8563926219940186,15.469999999999999,"[0.704, 0.843]",718927.0,"[7.039999999999999, 8.43]",0.00592068253141461,1.9538252353668213,14.009999999999998,"[0.7, 0.7009999999999998]",719927.0,"[7.0, 7.009999999999998]",0.0057175202803178265,1.8867816925048828,8.636666666666667,1.2543878542495897,0.005888930113628658,0.00042136912532080256,1.9433469374974568,0.1390518113558648,COMPLETE
72,15.076666666666666,2025-06-13 16:28:50.359789,2025-06-13 16:28:52.917641,0 days 00:00:02.557852,23,0.9794848518914028,0.04571901964451906,0.9745094027785808,0.0018380501447675822,301,724930.0,15.076666666666666,2.569154638311123,0.7028333333333333,0.25878782600595585,300.0,6.0,16.18,"[0.751, 0.8670000000000002]",724930.0,"[7.51, 8.670000000000002]",0.005375313758850098,1.6125941276550293,10.03,"[0.13599999999999995, 0.867]",725930.0,"[1.3599999999999994, 8.67]",0.005958851178487142,1.7876553535461426,13.620000000000001,"[0.742, 0.6200000000000001]",726930.0,"[7.42, 6.200000000000001]",0.005630819797515869,1.6892459392547607,17.3,"[0.8619999999999999, 0.868]",727930.0,"[8.62, 8.68]",0.00531584103902181,1.594752311706543,17.299999999999997,"[0.867, 0.8629999999999999]",728930.0,"[8.67, 8.629999999999999]",0.005107592741648356,1.5322778224945068,16.03,"[0.859, 0.744]",729930.0,"[8.59, 7.4399999999999995]",0.0051892828941345216,1.5567848682403564,7.028333333333333,2.5878782600595587,0.005429616901609632,0.0002880755971708625,1.6288850704828899,0.08642267915125874,COMPLETE
73,16.591666666666665,2025-06-13 16:28:52.986280,2025-06-13 16:28:56.708087,0 days 00:00:03.721807,46,0.9116502198039205,0.02498765420034902,0.9882188138395773,0.007198956159209548,462,734933.0,16.591666666666665,2.2561576235321454,0.8176666666666667,0.15301924352475701,460.0,6.0,15.389999999999999,"[0.697, 0.842]",734933.0,"[6.97, 8.42]",0.006378386849942415,2.9340579509735107,12.52,"[0.554, 0.698]",735933.0,"[5.540000000000001, 6.9799999999999995]",0.006095329056615415,2.803851366043091,18.339999999999996,"[0.8460000000000001, 0.9880000000000001]",736933.0,"[8.46, 9.88]",0.0042691401813341225,1.9638044834136963,19.65,"[0.9860000000000001, 0.9790000000000001]",737933.0,"[9.860000000000001, 9.790000000000001]",0.004449855762979259,2.046933650970459,16.83,"[0.9810000000000001, 0.7020000000000001]",738933.0,"[9.81, 7.0200000000000005]",0.004833465555439825,2.2233941555023193,16.819999999999997,"[0.842, 0.8399999999999999]",739933.0,"[8.42, 8.399999999999999]",0.00583497026692266,2.684086322784424,8.176666666666668,1.5301924352475702,0.005310191278872283,0.0008250361706582903,2.44268798828125,0.37951663850281353,COMPLETE
74,15.588333333333333,2025-06-13 16:28:56.799769,2025-06-13 16:29:00.744781,0 days 00:00:03.945012,46,0.9138247978508756,0.028240869539761116,0.99637331894202,0.007495955479479452,500,744936.0,15.588333333333333,1.4825363027220924,0.8141666666666666,0.15367001080959888,500.0,6.0,15.42,"[0.841, 0.701]",744936.0,"[8.41, 7.01]",0.005366251945495605,2.6831259727478027,18.04,"[0.976, 0.828]",745936.0,"[9.76, 8.28]",0.005461713790893555,2.7308568954467773,13.969999999999997,"[0.5559999999999998, 0.841]",746936.0,"[5.559999999999999, 8.41]",0.005992955207824707,2.9964776039123535,16.77,"[0.8390000000000001, 0.8379999999999999]",747936.0,"[8.39, 8.379999999999999]",0.004610535144805908,2.305267572402954,15.510000000000002,"[0.9890000000000001, 0.5619999999999999]",748936.0,"[9.89, 5.619999999999999]",0.005315372467041016,2.657686233520508,13.819999999999997,"[0.6839999999999999, 0.6980000000000001]",749936.0,"[6.84, 6.98]",0.006080214023590088,3.040107011795044,8.141666666666667,1.5367001080959888,0.005471173763275146,0.00048635667107470553,2.7355868816375732,0.24317833553735277,COMPLETE
75,14.246666666666664,2025-06-13 16:29:00.816902,2025-06-13 16:29:04.194673,0 days 00:00:03.377771,50,0.9036604979149802,0.01662267783477828,0.9883525009573176,0.004097525132229115,430,754940.0,14.246666666666664,1.8245608299594234,0.6888333333333333,0.17048207791110745,430.0,6.0,12.29,"[0.5399999999999998, 0.6889999999999998]",754940.0,"[5.399999999999999, 6.889999999999999]",0.005469515157300373,2.35189151763916,13.85,"[0.5429999999999999, 0.842]",755940.0,"[5.43, 8.42]",0.00503616776577262,2.1655521392822266,16.599999999999998,"[0.8320000000000001, 0.8280000000000001]",756940.0,"[8.32, 8.280000000000001]",0.005131557375885719,2.2065696716308594,13.75,"[0.692, 0.6829999999999999]",757940.0,"[6.92, 6.829999999999999]",0.0059147213780602744,2.543330192565918,16.74,"[0.986, 0.688]",758940.0,"[9.86, 6.879999999999999]",0.005762002079985862,2.477660894393921,12.25,"[0.5399999999999998, 0.6849999999999998]",759940.0,"[5.399999999999999, 6.849999999999998]",0.005679338477378668,2.442115545272827,6.888333333333333,1.7048207791110743,0.005498883705730587,0.0003226487663428184,2.364519993464152,0.13873896952741194,COMPLETE
76,15.01333333333333,2025-06-13 16:29:04.955379,2025-06-13 16:29:07.973166,0 days 00:00:03.017787,20,0.8511439484192792,0.024289872135797294,0.9195222509337834,0.0026827333600291793,463,764945.0,15.01333333333333,2.0065448468006433,0.8096666666666666,0.14810319225308952,460.0,6.0,13.850000000000003,"[0.6289999999999998, 0.756]",764945.0,"[6.289999999999997, 7.5600000000000005]",0.004344079805457074,1.998276710510254,17.349999999999998,"[0.9870000000000001, 0.748]",765945.0,"[9.870000000000001, 7.48]",0.004133858888045601,1.9015750885009766,12.670000000000002,"[0.869, 0.39799999999999996]",766945.0,"[8.69, 3.9799999999999995]",0.004722272831460704,2.172245502471924,12.739999999999998,"[0.7539999999999999, 0.5199999999999999]",767945.0,"[7.539999999999999, 5.199999999999999]",0.00418132906374724,1.9234113693237305,16.119999999999997,"[0.635, 0.977]",768945.0,"[6.35, 9.77]",0.004278489817743716,1.9681053161621094,17.349999999999998,"[0.9840000000000002, 0.751]",769945.0,"[9.840000000000002, 7.51]",0.004251362448153289,1.9556267261505127,8.096666666666666,1.481031922530895,0.004318565475767938,0.00019265827764850248,1.9865401188532512,0.0886228077183112,COMPLETE
77,10.516666666666666,2025-06-13 16:29:08.039888,2025-06-13 16:29:11.850429,0 days 00:00:03.810541,43,0.8875899708624234,0.03349744396451912,0.99174596404169,0.00013297563552777206,475,774948.0,10.516666666666666,2.055266946706004,0.6071666666666665,0.10506096113950016,470.0,6.0,11.239999999999998,"[0.702, 0.4219999999999999]",774948.0,"[7.02, 4.219999999999999]",0.006055393117539426,2.8460347652435303,13.869999999999997,"[0.689, 0.6979999999999998]",775948.0,"[6.89, 6.979999999999999]",0.006136601021949281,2.884202480316162,7.009999999999999,"[0.5589999999999999, 0.14199999999999985]",776948.0,"[5.59, 1.4199999999999986]",0.006227447631511282,2.9269003868103027,9.91,"[0.714, 0.2769999999999999]",777948.0,"[7.14, 2.769999999999999]",0.006291566503808853,2.957036256790161,11.209999999999997,"[0.5569999999999999, 0.5639999999999998]",778948.0,"[5.569999999999999, 5.639999999999999]",0.0048897022896624625,2.2981600761413574,9.86,"[0.4219999999999999, 0.564]",779948.0,"[4.219999999999999, 5.64]",0.005316978312553244,2.4989798069000244,6.071666666666666,1.0506096113950014,0.005819614812837426,0.0005263899733893532,2.73521896203359,0.24740328749299603,COMPLETE
78,13.839999999999998,2025-06-13 16:29:11.936728,2025-06-13 16:29:15.480322,0 days 00:00:03.543594,48,0.8688995278616476,0.05020101512162897,0.9859608792820092,0.001264137952012177,449,784952.0,13.839999999999998,2.980531272553044,0.7404999999999999,0.1319036896122824,440.0,6.0,18.09,"[0.975, 0.834]",784952.0,"[9.75, 8.34]",0.004407015171918002,1.939086675643921,13.889999999999999,"[0.697, 0.692]",785952.0,"[6.97, 6.92]",0.004821810939095237,2.1215968132019043,13.75,"[0.8299999999999998, 0.5449999999999999]",786952.0,"[8.299999999999999, 5.449999999999999]",0.006011755899949507,2.645172595977783,15.309999999999999,"[0.691, 0.8400000000000001]",787952.0,"[6.909999999999999, 8.4]",0.0042884810404344035,1.8869316577911377,13.91,"[0.6969999999999998, 0.694]",788952.0,"[6.969999999999999, 6.9399999999999995]",0.005720735679973256,2.5171236991882324,8.089999999999998,"[0.5529999999999999, 0.2559999999999999]",789952.0,"[5.529999999999999, 2.5599999999999987]",0.006159253012050282,2.710071325302124,7.4049999999999985,1.319036896122824,0.005234841957236781,0.0007578164438840993,2.3033304611841836,0.33343923530900366,COMPLETE
79,14.71,2025-06-13 16:29:15.560446,2025-06-13 16:29:19.397479,0 days 00:00:03.837033,44,0.6766488134173192,0.038418474131295184,0.9669585016913723,0.006864241338662939,486,794955.0,14.71,2.8420649769724373,0.7246666666666667,0.12099265358782003,480.0,6.0,12.66,"[0.708, 0.5579999999999998]",794955.0,"[7.08, 5.579999999999998]",0.004783114294211069,2.2958948612213135,15.389999999999999,"[0.6979999999999998, 0.8409999999999999]",795955.0,"[6.979999999999999, 8.409999999999998]",0.0040288517872492475,1.9338488578796387,19.480000000000004,"[0.9719999999999999, 0.976]",796955.0,"[9.719999999999999, 9.76]",0.004178075989087423,2.005476474761963,11.219999999999999,"[0.6990000000000001, 0.42299999999999993]",797955.0,"[6.99, 4.2299999999999995]",0.006104158361752828,2.9299960136413574,16.860000000000003,"[0.703, 0.9830000000000002]",798955.0,"[7.029999999999999, 9.830000000000002]",0.004470121363798777,2.145658254623413,12.650000000000002,"[0.5679999999999998, 0.6969999999999998]",799955.0,"[5.679999999999998, 6.969999999999999]",0.005641934275627136,2.7081284523010254,7.246666666666666,1.2099265358782008,0.004867709345287747,0.000760782394143257,2.3365004857381186,0.3651755491887633,COMPLETE
80,14.530000000000003,2025-06-13 16:29:19.483250,2025-06-13 16:29:22.498747,0 days 00:00:03.015497,26,0.6145656508101975,0.05430174629130898,0.9966536358322682,0.003699084209589126,403,804959.0,14.530000000000003,2.5053476139383672,0.7571666666666665,0.08559676136137134,400.0,6.0,18.410000000000004,"[0.8579999999999999, 0.983]",804959.0,"[8.579999999999998, 9.83]",0.003598509430885315,1.439403772354126,15.999999999999998,"[0.8640000000000001, 0.736]",805959.0,"[8.64, 7.359999999999999]",0.004152171611785889,1.6608686447143555,11.05,"[0.7380000000000001, 0.367]",806959.0,"[7.380000000000001, 3.67]",0.004965534806251526,1.9862139225006104,15.96,"[0.736, 0.86]",807959.0,"[7.359999999999999, 8.6]",0.004274337291717529,1.7097349166870117,13.530000000000003,"[0.735, 0.618]",808959.0,"[7.35, 6.18]",0.004344404339790344,1.7377617359161377,12.229999999999999,"[0.612, 0.611]",809959.0,"[6.12, 6.109999999999999]",0.004432651996612549,1.7730607986450195,7.571666666666666,0.8559676136137133,0.004294601579507192,0.00040351184282126575,1.7178406318028767,0.1614047371285063,COMPLETE
81,15.299999999999999,2025-06-13 16:29:23.321997,2025-06-13 16:29:26.108665,0 days 00:00:02.786668,40,0.9616512909439555,0.04644663958157637,0.9798653541763782,0.06232827082664143,284,814963.0,15.299999999999999,1.414178206592083,0.7549999999999999,0.18751977673479317,280.0,6.0,16.96,"[0.9869999999999999, 0.709]",814963.0,"[9.87, 7.09]",0.006799077136175973,1.9037415981292725,16.79,"[0.8459999999999999, 0.833]",815963.0,"[8.459999999999999, 8.33]",0.006383434363773891,1.7873616218566895,15.4,"[0.8379999999999999, 0.702]",816963.0,"[8.379999999999999, 7.02]",0.007266879933221,2.03472638130188,15.499999999999998,"[0.8470000000000001, 0.7029999999999998]",817963.0,"[8.47, 7.0299999999999985]",0.007088545390537807,1.984792709350586,14.290000000000001,"[0.575, 0.8539999999999999]",818963.0,"[5.75, 8.54]",0.006700699669974191,1.8761959075927734,12.86,"[0.43699999999999983, 0.8489999999999999]",819963.0,"[4.369999999999998, 8.489999999999998]",0.0066019458430153985,1.8485448360443115,7.55,1.8751977673479316,0.006806763722783043,0.0002954021587525393,1.9058938423792522,0.08271260445071096,COMPLETE
82,14.26,2025-06-13 16:29:26.176846,2025-06-13 16:29:29.536723,0 days 00:00:03.359877,38,0.9448982160961444,0.062317668263096246,0.9887961535782763,0.04998047898053823,459,824966.0,14.26,1.337709485152388,0.7353333333333333,0.09266726618511102,450.0,6.0,12.869999999999997,"[0.7070000000000001, 0.58]",824966.0,"[7.07, 5.8]",0.005232658386230469,2.354696273803711,14.23,"[0.715, 0.708]",825966.0,"[7.1499999999999995, 7.08]",0.00506705125172933,2.2801730632781982,13.01,"[0.719, 0.5820000000000001]",826966.0,"[7.1899999999999995, 5.82]",0.0051504023869832355,2.317681074142456,16.95,"[0.851, 0.8440000000000001]",827966.0,"[8.51, 8.440000000000001]",0.004934462971157498,2.220508337020874,14.299999999999999,"[0.577, 0.853]",828966.0,"[5.77, 8.53]",0.005180990960862901,2.3314459323883057,14.2,"[0.843, 0.577]",829966.0,"[8.43, 5.77]",0.0057511880662706166,2.5880346298217773,7.353333333333333,0.9266726618511103,0.005219459003872342,0.0002561280564285554,2.3487565517425537,0.11525762539284991,COMPLETE
83,16.10166666666667,2025-06-13 16:29:29.599933,2025-06-13 16:29:33.461157,0 days 00:00:03.861224,44,0.8330873940301852,0.017235527272824524,0.9766397216124996,0.08383404722582563,492,834969.0,16.10166666666667,1.3431482502770207,0.8896666666666667,0.10552198296510966,490.0,6.0,15.38,"[0.7, 0.8379999999999999]",834969.0,"[7.0, 8.379999999999999]",0.00460564846895179,2.256767749786377,16.83,"[0.843, 0.8400000000000001]",835969.0,"[8.43, 8.4]",0.0049814088003976,2.440890312194824,16.709999999999997,"[0.8440000000000001, 0.827]",836969.0,"[8.440000000000001, 8.27]",0.004834765317488689,2.369035005569458,15.32,"[0.9790000000000001, 0.5529999999999999]",837969.0,"[9.790000000000001, 5.529999999999999]",0.005637021940581652,2.7621407508850098,18.28,"[0.982, 0.8459999999999999]",838969.0,"[9.82, 8.459999999999999]",0.004734836305890764,2.3200697898864746,14.09,"[0.99, 0.41899999999999993]",839969.0,"[9.9, 4.1899999999999995]",0.00606045236392897,2.9696216583251953,8.896666666666667,1.0552198296510966,0.005142355532873244,0.0005263456770077051,2.5197542111078897,0.2579093817337755,COMPLETE
84,17.073333333333334,2025-06-13 16:29:33.544687,2025-06-13 16:29:37.411443,0 days 00:00:03.866756,42,0.9886819676052223,0.05590072432367724,0.969927172134521,0.04072562310642683,473,844973.0,17.073333333333334,1.283337662330361,0.819,0.09754315284358345,470.0,6.0,16.79,"[0.842, 0.837]",844973.0,"[8.42, 8.37]",0.0047879680674126806,2.25034499168396,19.71,"[0.9860000000000001, 0.9850000000000001]",845973.0,"[9.860000000000001, 9.850000000000001]",0.004604056540955888,2.1639065742492676,16.759999999999998,"[0.703, 0.9730000000000001]",846973.0,"[7.029999999999999, 9.73]",0.006081191529618933,2.8581600189208984,15.440000000000001,"[0.6999999999999998, 0.844]",847973.0,"[6.999999999999998, 8.44]",0.005406490792619421,2.541050672531128,16.89,"[0.8460000000000001, 0.843]",848973.0,"[8.46, 8.43]",0.005213854160714656,2.4505114555358887,16.85,"[0.8370000000000001, 0.8480000000000001]",849973.0,"[8.370000000000001, 8.48]",0.006181582998722158,2.905344009399414,8.19,0.9754315284358346,0.005379190681673956,0.0005937307467635872,2.5282196203867593,0.27905345097888595,COMPLETE
85,13.656666666666666,2025-06-13 16:29:37.503145,2025-06-13 16:29:41.395201,0 days 00:00:03.892056,46,0.9278040580352372,0.08513742855095884,0.963150864706009,0.03637143886139859,472,854977.0,13.656666666666666,2.552525982020338,0.6466666666666666,0.16092510335211502,470.0,6.0,18.18,"[0.841, 0.9770000000000001]",854977.0,"[8.41, 9.770000000000001]",0.004973973111903414,2.3377673625946045,13.89,"[0.8400000000000001, 0.549]",855977.0,"[8.4, 5.49]",0.005954861133656603,2.7987847328186035,13.91,"[0.693, 0.698]",856977.0,"[6.93, 6.9799999999999995]",0.006164024738555259,2.8970916271209717,13.889999999999997,"[0.5509999999999998, 0.8380000000000001]",857977.0,"[5.509999999999998, 8.38]",0.005788637729401284,2.7206597328186035,12.57,"[0.554, 0.7030000000000001]",858977.0,"[5.540000000000001, 7.030000000000001]",0.005431447130568484,2.5527801513671875,9.499999999999998,"[0.4009999999999999, 0.5489999999999998]",859977.0,"[4.009999999999999, 5.489999999999998]",0.006518885937142879,3.0638763904571533,6.466666666666666,1.6092510335211503,0.005805304963537987,0.000498565417708396,2.728493332862854,0.2343257463229462,COMPLETE
86,15.415000000000001,2025-06-13 16:29:42.265514,2025-06-13 16:29:45.174420,0 days 00:00:02.908906,17,0.9684596691634466,0.04320756569329064,0.954628546684483,0.016467766967870792,442,864982.0,15.415000000000001,3.7454984092018164,0.7706666666666667,0.2291809086483621,440.0,6.0,8.25,"[0.3, 0.525]",864982.0,"[3.0, 5.25]",0.004782108827070757,2.104127883911133,17.36,"[0.866, 0.8699999999999999]",865982.0,"[8.66, 8.7]",0.003845412622798573,1.691981554031372,18.380000000000003,"[0.9720000000000001, 0.866]",866982.0,"[9.72, 8.66]",0.0042595353993502534,1.8741955757141113,13.819999999999999,"[0.7529999999999999, 0.6289999999999999]",867982.0,"[7.529999999999999, 6.289999999999999]",0.004832838340239091,2.1264488697052,19.61,"[0.9790000000000001, 0.982]",868982.0,"[9.790000000000001, 9.82]",0.0038654029369354246,1.700777292251587,15.07,"[0.7540000000000001, 0.7529999999999999]",869982.0,"[7.540000000000001, 7.529999999999999]",0.004100365530360829,1.8041608333587646,7.706666666666667,2.2918090864836214,0.004280943942792489,0.0003981587652724304,1.8836153348286946,0.17518985671986936,COMPLETE
87,12.681666666666667,2025-06-13 16:29:45.247990,2025-06-13 16:29:47.538658,0 days 00:00:02.290668,10,0.785010714888352,0.057376121992653704,0.9692959654257857,0.024035033242577934,378,874985.0,12.681666666666667,2.1087311877577513,0.6613333333333334,0.08679029643661526,370.0,6.0,13.139999999999999,"[0.656, 0.658]",874985.0,"[6.5600000000000005, 6.58]",0.003994237410055624,1.477867841720581,8.960000000000003,"[0.557, 0.3390000000000001]",875985.0,"[5.57, 3.3900000000000006]",0.00401435864938272,1.4853127002716064,11.120000000000001,"[0.556, 0.556]",876985.0,"[5.5600000000000005, 5.5600000000000005]",0.003991432447691221,1.476830005645752,15.379999999999999,"[0.77, 0.768]",877985.0,"[7.7, 7.68]",0.0038107646478189004,1.4099829196929932,14.309999999999999,"[0.768, 0.663]",878985.0,"[7.68, 6.630000000000001]",0.0038716000479620855,1.4324920177459717,13.18,"[0.6610000000000001, 0.657]",879985.0,"[6.610000000000001, 6.57]",0.004015779495239258,1.4858384132385254,6.613333333333333,0.8679029643661527,0.003949695449691635,7.924124892337212e-05,1.461387316385905,0.029319262101647654,COMPLETE
88,15.508333333333333,2025-06-13 16:29:47.610057,2025-06-13 16:29:51.032383,0 days 00:00:03.422326,40,0.7490968350457385,0.18557637673399802,0.9914991243462487,0.04383920531655875,478,884987.0,15.508333333333333,1.7811364973584196,0.7518333333333334,0.17203819020464295,470.0,6.0,14.2,"[0.4299999999999998, 0.99]",884987.0,"[4.299999999999998, 9.9]",0.004703016484037359,2.2104177474975586,18.2,"[0.9800000000000001, 0.8399999999999999]",885987.0,"[9.8, 8.399999999999999]",0.00461749218879862,2.1702213287353516,15.529999999999998,"[0.844, 0.7089999999999999]",886987.0,"[8.44, 7.089999999999998]",0.004886903661362668,2.296844720840454,15.520000000000001,"[0.707, 0.845]",887987.0,"[7.069999999999999, 8.45]",0.004670651415561108,2.1952061653137207,16.929999999999996,"[0.8469999999999999, 0.8459999999999999]",888987.0,"[8.469999999999999, 8.459999999999999]",0.004449330492222563,2.0911853313446045,12.67,"[0.703, 0.5639999999999998]",889987.0,"[7.029999999999999, 5.639999999999999]",0.005300795271041546,2.4913737773895264,7.5183333333333335,1.7203819020464295,0.004771364918837311,0.00026951914159476057,2.242541511853536,0.1266739965495374,COMPLETE
89,16.616666666666667,2025-06-13 16:29:51.163232,2025-06-13 16:29:54.555262,0 days 00:00:03.392030,42,0.9874124894677923,0.07230988395845897,0.9963272155477121,0.02886828224835237,427,894991.0,16.616666666666667,1.8751592524962302,0.8430000000000001,0.16079282736905068,420.0,6.0,18.25,"[0.9819999999999999, 0.843]",894991.0,"[9.819999999999999, 8.43]",0.005187334900810605,2.178680658340454,14.06,"[0.5650000000000001, 0.841]",895991.0,"[5.65, 8.41]",0.005746694405873617,2.413611650466919,16.900000000000002,"[0.7030000000000001, 0.9870000000000001]",896991.0,"[7.030000000000001, 9.870000000000001]",0.005311709358578637,2.2309179306030273,18.229999999999997,"[0.982, 0.8409999999999999]",897991.0,"[9.82, 8.409999999999998]",0.00529997121720087,2.2259879112243652,18.220000000000002,"[0.9830000000000002, 0.8390000000000001]",898991.0,"[9.830000000000002, 8.39]",0.005191127459208171,2.1802735328674316,14.040000000000001,"[0.843, 0.5609999999999999]",899991.0,"[8.43, 5.609999999999999]",0.005860073793502081,2.461230993270874,8.430000000000001,1.6079282736905065,0.005432818522528997,0.0002683460922845965,2.2817837794621787,0.11270535875953053,COMPLETE
90,14.75333333333333,2025-06-13 16:29:54.628206,2025-06-13 16:29:58.247696,0 days 00:00:03.619490,42,0.9868465770031372,0.07196271592568204,0.9961294854445085,0.07331435268434859,424,904994.0,14.75333333333333,1.5559205920897399,0.7731666666666667,0.13171359923038406,420.0,6.0,16.83,"[0.843, 0.8399999999999999]",904994.0,"[8.43, 8.399999999999999]",0.004836492879050119,2.03132700920105,15.509999999999998,"[0.842, 0.709]",905994.0,"[8.42, 7.09]",0.004976876009078253,2.090287923812866,12.69,"[0.7060000000000001, 0.563]",906994.0,"[7.0600000000000005, 5.629999999999999]",0.005227071898324149,2.1953701972961426,15.34,"[0.9770000000000001, 0.5569999999999998]",907994.0,"[9.770000000000001, 5.5699999999999985]",0.006248788038889567,2.624490976333618,12.64,"[0.563, 0.701]",908994.0,"[5.629999999999999, 7.01]",0.005714030492873419,2.399892807006836,15.509999999999998,"[0.708, 0.843]",909994.0,"[7.08, 8.43]",0.005020867075238909,2.108764171600342,7.7316666666666665,1.317135992303841,0.005337354398909069,0.0004942552558213113,2.241688847541809,0.20758720744495074,COMPLETE
91,15.104999999999999,2025-06-13 16:29:59.119904,2025-06-13 16:30:02.665752,0 days 00:00:03.545848,46,0.998893375415591,0.06465975096077911,0.9986781648548073,0.012112806109012301,454,914999.0,15.104999999999999,1.579691425563867,0.7683333333333332,0.10943745042514268,450.0,6.0,13.75,"[0.694, 0.6809999999999998]",914999.0,"[6.9399999999999995, 6.809999999999999]",0.006014169587029351,2.706376314163208,16.98,"[0.85, 0.8480000000000001]",915999.0,"[8.5, 8.48]",0.004572869406806098,2.057791233062744,15.33,"[0.8390000000000001, 0.6940000000000001]",916999.0,"[8.39, 6.94]",0.005456819004482693,2.455568552017212,12.509999999999998,"[0.5549999999999999, 0.696]",917999.0,"[5.549999999999999, 6.959999999999999]",0.005817190276251899,2.6177356243133545,15.28,"[0.835, 0.693]",918999.0,"[8.35, 6.93]",0.00552582687801785,2.4866220951080322,16.78,"[0.837, 0.841]",919999.0,"[8.37, 8.41]",0.005210428767734103,2.3446929454803467,7.683333333333333,1.0943745042514268,0.0054328839867203325,0.0004625845763276578,2.4447977940241494,0.20816305934744592,COMPLETE
92,14.985,2025-06-13 16:30:02.760840,2025-06-13 16:30:06.365754,0 days 00:00:03.604914,42,0.9558198474569827,0.049461871947745754,0.9927697361313668,0.030606398865995362,489,925002.0,14.985,1.8772031500790392,0.7233333333333333,0.12310790208412922,480.0,6.0,15.459999999999999,"[0.5599999999999999, 0.9860000000000001]",925002.0,"[5.6, 9.860000000000001]",0.0054263085126876835,2.604628086090088,16.799999999999997,"[0.6990000000000001, 0.9810000000000001]",926002.0,"[6.99, 9.81]",0.0051776741941769915,2.485283613204956,15.309999999999999,"[0.6969999999999998, 0.834]",927002.0,"[6.969999999999999, 8.34]",0.0056808228294054665,2.726794958114624,11.329999999999998,"[0.7060000000000001, 0.42699999999999994]",928002.0,"[7.0600000000000005, 4.27]",0.005908020337422689,2.8358497619628906,14.16,"[0.7050000000000001, 0.711]",929002.0,"[7.050000000000001, 7.109999999999999]",0.005183278520901998,2.487973690032959,16.85,"[0.9729999999999999, 0.712]",930002.0,"[9.729999999999999, 7.119999999999999]",0.005069372554620107,2.4332988262176514,7.233333333333333,1.231079020841292,0.0054075794915358225,0.0003008335756732872,2.595638155937195,0.14440011632317787,COMPLETE
93,15.844999999999999,2025-06-13 16:30:06.433037,2025-06-13 16:30:10.101607,0 days 00:00:03.668570,44,0.9866310709210413,0.0758073984004917,0.9868185945719853,0.027051461909824628,500,935006.0,15.844999999999999,1.9135547200607221,0.7465,0.13123357040026007,500.0,6.0,19.52,"[0.9750000000000002, 0.9770000000000001]",935006.0,"[9.750000000000002, 9.770000000000001]",0.004635068416595459,2.3175342082977295,13.879999999999999,"[0.698, 0.6899999999999998]",936006.0,"[6.9799999999999995, 6.899999999999999]",0.005836179733276367,2.9180898666381836,15.45,"[0.704, 0.841]",937006.0,"[7.039999999999999, 8.41]",0.004984950065612793,2.4924750328063965,14.049999999999999,"[0.561, 0.844]",938006.0,"[5.61, 8.44]",0.004846078395843506,2.423039197921753,16.830000000000002,"[0.8460000000000001, 0.8369999999999997]",939006.0,"[8.46, 8.369999999999997]",0.0054469571113586425,2.7234785556793213,15.34,"[0.695, 0.8389999999999999]",940006.0,"[6.949999999999999, 8.389999999999999]",0.005312260627746582,2.656130313873291,7.465000000000001,1.312335704002601,0.005176915725072225,0.0004012007569009176,2.5884578625361123,0.20060037845045878,COMPLETE
94,15.36,2025-06-13 16:30:10.167172,2025-06-13 16:30:14.340402,0 days 00:00:04.173230,38,0.9455566676624176,0.05484345856840412,0.9833449106406453,0.009935993509969255,470,945010.0,15.36,3.2839965489222642,0.8018333333333333,0.12882082733609324,470.0,6.0,18.330000000000002,"[0.8480000000000001, 0.985]",945010.0,"[8.48, 9.85]",0.005255986274556911,2.470313549041748,16.92,"[0.985, 0.707]",946010.0,"[9.85, 7.069999999999999]",0.00528631717600721,2.4845690727233887,15.64,"[0.712, 0.852]",947010.0,"[7.119999999999999, 8.52]",0.004896370908047291,2.3012943267822266,8.729999999999997,"[0.5740000000000001, 0.29899999999999993]",948010.0,"[5.74, 2.9899999999999993]",0.007121192648055706,3.3469605445861816,14.299999999999999,"[0.8479999999999999, 0.5820000000000001]",949010.0,"[8.479999999999999, 5.82]",0.005202801176842223,2.4453165531158447,18.24,"[0.844, 0.9799999999999999]",950010.0,"[8.44, 9.799999999999999]",0.005033592974885981,2.365788698196411,8.018333333333333,1.2882082733609326,0.00546604352639922,0.0007524162335659417,2.5690404574076333,0.3536356297759926,COMPLETE
95,16.468333333333334,2025-06-13 16:30:14.409724,2025-06-13 16:30:18.093446,0 days 00:00:03.683722,48,0.9281173816891717,0.03181147007766698,0.9941418312837832,0.01953494097665793,443,955014.0,16.468333333333334,1.9618479100639343,0.7849999999999998,0.10642837967384454,440.0,6.0,15.249999999999998,"[0.8249999999999998, 0.7]",955014.0,"[8.249999999999998, 7.0]",0.005782053687355735,2.5441036224365234,16.68,"[0.6849999999999999, 0.983]",956014.0,"[6.85, 9.83]",0.00560526739467274,2.466317653656006,15.29,"[0.691, 0.8379999999999999]",957014.0,"[6.909999999999999, 8.379999999999999]",0.005194178494540127,2.2854385375976562,13.739999999999997,"[0.6910000000000001, 0.6829999999999998]",958014.0,"[6.91, 6.829999999999998]",0.006174545938318426,2.7168002128601074,19.5,"[0.9720000000000001, 0.9780000000000001]",959014.0,"[9.72, 9.780000000000001]",0.004727935249155218,2.080291509628296,18.35,"[0.8460000000000001, 0.9890000000000001]",960014.0,"[8.46, 9.89]",0.0051179316910830415,2.251889944076538,7.8500000000000005,1.0642837967384455,0.005433652075854216,0.0004751881053822671,2.3908069133758545,0.2090827663681976,COMPLETE
96,14.126666666666665,2025-06-13 16:30:19.016979,2025-06-13 16:30:21.514195,0 days 00:00:02.497216,36,0.8899911837562438,0.0261187771444703,0.9895918004042569,0.05109652407609113,221,965019.0,14.126666666666665,1.924670245926703,0.6508333333333333,0.12617503274772265,220.0,6.0,14.28,"[0.7089999999999999, 0.719]",965019.0,"[7.089999999999998, 7.1899999999999995]",0.006357019597833807,1.3985443115234375,18.31,"[0.853, 0.978]",966019.0,"[8.53, 9.78]",0.006508305939761075,1.4318273067474365,13.019999999999998,"[0.5860000000000001, 0.716]",967019.0,"[5.860000000000001, 7.16]",0.007261495156721635,1.5975289344787598,13.049999999999999,"[0.7169999999999999, 0.588]",968019.0,"[7.169999999999998, 5.88]",0.006940122084184127,1.5268268585205078,13.049999999999999,"[0.585, 0.72]",969019.0,"[5.85, 7.199999999999999]",0.006071370298212224,1.3357014656066895,13.049999999999997,"[0.45499999999999996, 0.85]",970019.0,"[4.55, 8.5]",0.007200899991122159,1.584197998046875,6.508333333333332,1.2617503274772262,0.006723202177972505,0.000441618925476802,1.479104479153951,0.0971561636048964,COMPLETE
97,17.525000000000002,2025-06-13 16:30:21.581131,2025-06-13 16:30:24.466521,0 days 00:00:02.885390,29,0.8163861428605251,0.1345854815345761,0.9661730452045368,0.04056193073786405,435,975021.0,17.525000000000002,1.1487348112887783,0.8576666666666665,0.10150643110441607,430.0,6.0,15.990000000000002,"[0.7369999999999999, 0.8620000000000001]",975021.0,"[7.369999999999999, 8.620000000000001]",0.004584584679714469,1.9713714122772217,17.099999999999998,"[0.73, 0.9800000000000001]",976021.0,"[7.3, 9.8]",0.0045018096302830895,1.9357781410217285,19.61,"[0.9860000000000001, 0.975]",977021.0,"[9.860000000000001, 9.75]",0.004436976410621821,1.9078998565673828,17.11,"[0.86, 0.851]",978021.0,"[8.6, 8.51]",0.0046589219292929,2.0033364295959473,17.03,"[0.8549999999999999, 0.8480000000000001]",979021.0,"[8.549999999999999, 8.48]",0.004278986398563829,1.8399641513824463,18.31,"[0.978, 0.853]",980021.0,"[9.78, 8.53]",0.004543100955874421,1.953533411026001,8.576666666666666,1.0150643110441604,0.004500730000725088,0.00012047648611739649,1.9353139003117878,0.05180488903048059,COMPLETE
98,15.843333333333334,2025-06-13 16:30:24.537924,2025-06-13 16:30:27.434400,0 days 00:00:02.896476,30,0.7861043713021559,0.15661471944824615,0.9612384442991981,0.03814386667480817,414,985024.0,15.843333333333334,1.5973589313474772,0.7911666666666665,0.12296804011160335,410.0,6.0,18.2,"[0.8459999999999999, 0.974]",985024.0,"[8.459999999999999, 9.74]",0.0048928045644992734,2.006049871444702,17.27,"[0.993, 0.734]",986024.0,"[9.93, 7.34]",0.004282856569057558,1.7559711933135986,15.769999999999998,"[0.849, 0.728]",987024.0,"[8.49, 7.279999999999999]",0.00485773726207454,1.9916722774505615,15.839999999999998,"[0.602, 0.982]",988024.0,"[6.02, 9.82]",0.004898505676083449,2.008387327194214,14.639999999999997,"[0.7289999999999999, 0.7350000000000001]",989024.0,"[7.289999999999999, 7.350000000000001]",0.0049378685834931164,2.0245261192321777,13.340000000000002,"[0.728, 0.606]",990024.0,"[7.279999999999999, 6.06]",0.005028282142266994,2.0615956783294678,7.911666666666668,1.2296804011160336,0.004816342466245822,0.0002444739251896384,1.9747004111607869,0.10023430932775179,COMPLETE
99,16.406666666666666,2025-06-13 16:30:27.503645,2025-06-13 16:30:30.519406,0 days 00:00:03.015761,32,0.9709078894901901,0.14426377430439719,0.9667458915591208,0.04444138881737203,433,995027.0,16.406666666666666,0.9781047433117225,0.7668333333333334,0.060965609613580954,430.0,6.0,15.789999999999997,"[0.725, 0.8539999999999999]",995027.0,"[7.25, 8.54]",0.004870217899943507,2.094193696975708,15.770000000000001,"[0.7230000000000001, 0.8540000000000001]",996027.0,"[7.23, 8.540000000000001]",0.005260069980177769,2.2618300914764404,18.35,"[0.853, 0.982]",997027.0,"[8.53, 9.82]",0.004801617112270621,2.064695358276367,15.799999999999999,"[0.72, 0.8600000000000001]",998027.0,"[7.199999999999999, 8.600000000000001]",0.004864028442737668,2.0915322303771973,17.0,"[0.727, 0.9730000000000001]",999027.0,"[7.27, 9.73]",0.005016493242840434,2.1570920944213867,15.729999999999999,"[0.853, 0.72]",1000027.0,"[8.53, 7.199999999999999]",0.00520527861839117,2.238269805908203,7.668333333333333,0.6096560961358095,0.005002950882726861,0.00017544368260104837,2.1512688795725503,0.07544078351845077,COMPLETE
100,15.613333333333332,2025-06-13 16:30:30.600358,2025-06-13 16:30:33.543175,0 days 00:00:02.942817,29,0.803201459900889,0.1348243392899865,0.957924853658623,0.05795000909781778,423,1005030.0,15.613333333333332,1.3091303304951045,0.8119999999999999,0.05666274496233546,420.0,6.0,15.76,"[0.852, 0.724]",1005030.0,"[8.52, 7.24]",0.004939767860230946,2.074702501296997,17.0,"[0.8460000000000001, 0.8539999999999999]",1006030.0,"[8.46, 8.54]",0.004737167131333124,1.989610195159912,17.14,"[0.857, 0.857]",1007030.0,"[8.57, 8.57]",0.00488818089167277,2.0530359745025635,15.759999999999998,"[0.8530000000000001, 0.7230000000000001]",1008030.0,"[8.530000000000001, 7.23]",0.004987641175587972,2.0948092937469482,14.66,"[0.7329999999999999, 0.7329999999999999]",1009030.0,"[7.329999999999998, 7.329999999999998]",0.004629098233722505,1.9442212581634521,13.360000000000001,"[0.731, 0.605]",1010030.0,"[7.31, 6.05]",0.004601806686038063,1.9327588081359863,8.12,0.5666274496233548,0.004797276996430897,0.00014995089168126874,2.0148563385009766,0.06297937450613283,COMPLETE
101,15.284999999999998,2025-06-13 16:30:34.482678,2025-06-13 16:30:37.667786,0 days 00:00:03.185108,27,0.87693101230626,0.12280509267894901,0.9721688632427592,0.03265184035632388,464,1015034.0,15.284999999999998,3.7587309471859425,0.794,0.18391664778734237,460.0,6.0,18.43,"[0.9810000000000001, 0.8620000000000001]",1015034.0,"[9.81, 8.620000000000001]",0.004066590122554613,1.870631456375122,18.41,"[0.859, 0.982]",1016034.0,"[8.59, 9.82]",0.004125407467717709,1.8976874351501465,15.91,"[0.851, 0.74]",1017034.0,"[8.51, 7.4]",0.0043752426686494246,2.0126116275787354,8.489999999999998,"[0.48999999999999994, 0.3589999999999999]",1018034.0,"[4.8999999999999995, 3.589999999999999]",0.005229616683462392,2.4056236743927,18.279999999999998,"[0.976, 0.8520000000000001]",1019034.0,"[9.76, 8.520000000000001]",0.004461456381756326,2.05226993560791,12.19,"[0.607, 0.6119999999999999]",1020034.0,"[6.07, 6.119999999999999]",0.004934436341990595,2.269840717315674,7.939999999999999,1.8391664778734234,0.004532124944355178,0.000420336582806328,2.0847774744033813,0.1933548280909108,COMPLETE
102,16.543333333333333,2025-06-13 16:30:37.739026,2025-06-13 16:30:41.015489,0 days 00:00:03.276463,26,0.9860885254626744,0.16510447884504628,0.9656534483602686,0.08120514386838651,480,1025037.0,16.543333333333333,1.7909742848206636,0.7951666666666667,0.15501765132468698,480.0,6.0,19.49,"[0.977, 0.9720000000000002]",1025037.0,"[9.77, 9.720000000000002]",0.004396711786588033,2.110421657562256,16.05,"[0.8620000000000001, 0.743]",1026037.0,"[8.620000000000001, 7.43]",0.004382657011349996,2.103675365447998,13.49,"[0.49000000000000005, 0.859]",1027037.0,"[4.9, 8.59]",0.00534743070602417,2.5667667388916016,17.16,"[0.8640000000000001, 0.852]",1028037.0,"[8.64, 8.52]",0.004711138705412547,2.2613465785980225,15.98,"[0.8549999999999999, 0.743]",1029037.0,"[8.549999999999999, 7.43]",0.004698428014914195,2.2552454471588135,17.09,"[0.7229999999999999, 0.9860000000000001]",1030037.0,"[7.229999999999999, 9.860000000000001]",0.004884630441665649,2.3446226119995117,7.951666666666665,1.5501765132468697,0.004736832777659098,0.0003260705068865263,2.273679733276367,0.15651384330553267,COMPLETE
103,16.568333333333335,2025-06-13 16:30:41.079877,2025-06-13 16:30:44.493087,0 days 00:00:03.413210,33,0.7482833829129601,0.10121696468541744,0.9052015994273832,0.0999228350057003,451,1035041.0,16.568333333333335,2.3551108725964958,0.8511666666666667,0.12919419061586665,450.0,6.0,18.39,"[0.9829999999999999, 0.8559999999999999]",1035041.0,"[9.829999999999998, 8.559999999999999]",0.004058666229248047,1.826399803161621,18.28,"[0.9770000000000001, 0.851]",1036041.0,"[9.770000000000001, 8.51]",0.005518733130560981,2.4834299087524414,17.03,"[0.724, 0.9790000000000001]",1037041.0,"[7.24, 9.790000000000001]",0.00429441769917806,1.932487964630127,11.829999999999998,"[0.724, 0.45899999999999996]",1038041.0,"[7.24, 4.59]",0.004826082653469509,2.1717371940612793,15.510000000000002,"[0.718, 0.833]",1039041.0,"[7.18, 8.33]",0.004957304530673557,2.2307870388031006,18.37,"[0.9809999999999999, 0.8560000000000001]",1040041.0,"[9.809999999999999, 8.56]",0.004956878026326497,2.230595111846924,8.511666666666668,1.2919419061586663,0.004768680378242776,0.0004771297445161268,2.145906170209249,0.21470838503225703,COMPLETE
104,15.893333333333336,2025-06-13 16:30:44.563397,2025-06-13 16:30:48.052704,0 days 00:00:03.489307,28,0.838107589141809,0.06021397547745018,0.9956644483685658,0.0658275196202046,492,1045044.0,15.893333333333336,2.87895621517398,0.7721666666666667,0.13986948281244996,490.0,6.0,15.910000000000002,"[0.7270000000000001, 0.8640000000000001]",1045044.0,"[7.270000000000001, 8.64]",0.004751684714336784,2.3283255100250244,17.080000000000002,"[0.8540000000000001, 0.8540000000000001]",1046044.0,"[8.540000000000001, 8.540000000000001]",0.004395196875747369,2.153646469116211,9.66,"[0.4779999999999999, 0.4880000000000001]",1047044.0,"[4.779999999999999, 4.880000000000001]",0.00542666668794593,2.659066677093506,17.139999999999997,"[0.8579999999999999, 0.8559999999999999]",1048044.0,"[8.579999999999998, 8.559999999999999]",0.004105523167824259,2.0117063522338867,17.169999999999998,"[0.8560000000000001, 0.861]",1049044.0,"[8.56, 8.61]",0.004296793743055694,2.10542893409729,18.400000000000002,"[0.8600000000000001, 0.9800000000000001]",1050044.0,"[8.600000000000001, 9.8]",0.004233627903218172,2.0744776725769043,7.721666666666668,1.3986948281244993,0.004534915515354701,0.0004460165037092883,2.2221086025238037,0.2185480868175513,COMPLETE
105,14.671666666666667,2025-06-13 16:30:48.119636,2025-06-13 16:30:51.416311,0 days 00:00:03.296675,39,0.8544832210435873,0.18152437029949542,0.9737032997268653,0.004822663609529589,406,1055048.0,14.671666666666667,3.162474857168389,0.7593333333333333,0.16914655052810137,400.0,6.0,19.55,"[0.9860000000000001, 0.969]",1055048.0,"[9.860000000000001, 9.69]",0.0047567814588546755,1.9027125835418701,14.23,"[0.7110000000000001, 0.7120000000000001]",1056048.0,"[7.110000000000001, 7.120000000000001]",0.005257353186607361,2.1029412746429443,15.679999999999998,"[0.858, 0.7100000000000002]",1057048.0,"[8.58, 7.100000000000001]",0.0057603508234024044,2.304140329360962,8.829999999999998,"[0.44499999999999995, 0.4379999999999999]",1058048.0,"[4.449999999999999, 4.379999999999999]",0.005619069933891297,2.2476279735565186,15.499999999999996,"[0.8439999999999998, 0.706]",1059048.0,"[8.439999999999998, 7.06]",0.005217549204826355,2.087019681930542,14.240000000000002,"[0.712, 0.712]",1060048.0,"[7.119999999999999, 7.119999999999999]",0.005111923217773437,2.044769287109375,7.593333333333333,1.6914655052810144,0.005287171304225922,0.00032960005928477185,2.1148685216903687,0.13184002371390874,COMPLETE
106,16.650000000000002,2025-06-13 16:30:52.567214,2025-06-13 16:30:55.987396,0 days 00:00:03.420182,41,0.8169157512204114,0.03984772382064711,0.9501938615630042,0.006091564922031396,438,1065052.0,16.650000000000002,1.6779551046834744,0.8454999999999999,0.08057036262381682,430.0,6.0,15.46,"[0.843, 0.703]",1065052.0,"[8.43, 7.029999999999999]",0.00469000450400419,2.0167019367218018,19.659999999999997,"[0.986, 0.9800000000000001]",1066052.0,"[9.86, 9.8]",0.004213020967882733,1.8115990161895752,16.96,"[0.8469999999999999, 0.849]",1067052.0,"[8.469999999999999, 8.49]",0.0044445869534514675,1.9111723899841309,16.8,"[0.842, 0.8380000000000001]",1068052.0,"[8.42, 8.38]",0.005494830774706463,2.3627772331237793,14.15,"[0.8480000000000001, 0.567]",1069052.0,"[8.48, 5.67]",0.005356006289637366,2.3030827045440674,16.869999999999997,"[0.7069999999999999, 0.9800000000000001]",1070052.0,"[7.0699999999999985, 9.8]",0.005824456104012422,2.504516124725342,8.455,0.8057036262381682,0.005003817598949107,0.0005880979586397049,2.151641567548116,0.2528821222150732,COMPLETE
107,14.926666666666668,2025-06-13 16:30:56.118550,2025-06-13 16:31:00.353992,0 days 00:00:04.235442,43,0.8176265934338584,0.0663755709751565,0.9499766118420864,0.005974554962476022,472,1075056.0,14.926666666666668,2.7708522555744883,0.7681666666666666,0.10754443526075885,470.0,6.0,16.69,"[0.8309999999999998, 0.8380000000000001]",1075056.0,"[8.309999999999999, 8.38]",0.005178209568591828,2.433758497238159,16.76,"[0.8390000000000001, 0.837]",1076056.0,"[8.39, 8.37]",0.005663992496246988,2.662076473236084,16.8,"[0.8399999999999999, 0.8400000000000001]",1077056.0,"[8.399999999999999, 8.4]",0.004966040367775775,2.3340389728546143,9.749999999999998,"[0.5549999999999999, 0.4199999999999998]",1078056.0,"[5.549999999999999, 4.199999999999998]",0.007174785593722729,3.3721492290496826,12.629999999999999,"[0.702, 0.561]",1079056.0,"[7.02, 5.61]",0.00622053805817949,2.9236528873443604,16.93,"[0.842, 0.851]",1080056.0,"[8.42, 8.51]",0.005314458684718355,2.497795581817627,7.6816666666666675,1.075444352607589,0.005753004128205861,0.0007516644235720783,2.7039119402567544,0.3532822790788767,COMPLETE
108,16.166666666666668,2025-06-13 16:31:00.482847,2025-06-13 16:31:03.719615,0 days 00:00:03.236768,40,0.7611184074230127,0.03874979309112073,0.9625973795150649,0.008320032961733151,437,1085060.0,16.166666666666668,1.6092717469574733,0.7731666666666666,0.1672856007617579,430.0,6.0,16.93,"[0.8480000000000001, 0.8450000000000001]",1085060.0,"[8.48, 8.450000000000001]",0.004755179272141567,2.044727087020874,14.189999999999998,"[0.5669999999999998, 0.852]",1086060.0,"[5.669999999999998, 8.52]",0.005334665054498717,2.2939059734344482,15.599999999999998,"[0.5749999999999998, 0.985]",1087060.0,"[5.749999999999998, 9.85]",0.005057788449664449,2.174849033355713,17.75,"[0.953, 0.8220000000000001]",1088060.0,"[9.53, 8.22]",0.004767721198325934,2.0501201152801514,14.239999999999998,"[0.712, 0.712]",1089060.0,"[7.119999999999999, 7.119999999999999]",0.004366951765016068,1.8777892589569092,18.29,"[0.9840000000000002, 0.845]",1090060.0,"[9.840000000000002, 8.45]",0.004301315130189408,1.8495655059814453,7.7316666666666665,1.6728560076175791,0.004763936811639357,0.0003614292175604337,2.0484928290049234,0.1554145635509865,COMPLETE
109,16.205000000000002,2025-06-13 16:31:03.829513,2025-06-13 16:31:07.405049,0 days 00:00:03.575536,41,0.8233738230722538,0.1953162310782201,0.9687419046539835,0.03883120094728805,486,1095064.0,16.205000000000002,2.860726888980026,0.7763333333333332,0.17196382048429715,480.0,6.0,9.979999999999999,"[0.43599999999999983, 0.562]",1095064.0,"[4.3599999999999985, 5.620000000000001]",0.005706022679805756,2.7388908863067627,18.37,"[0.9860000000000001, 0.851]",1096064.0,"[9.860000000000001, 8.51]",0.004024178783098856,1.9316058158874512,16.89,"[0.7089999999999999, 0.9800000000000001]",1097064.0,"[7.089999999999998, 9.8]",0.004505484799544017,2.162632703781128,16.94,"[0.8469999999999999, 0.8469999999999999]",1098064.0,"[8.469999999999999, 8.469999999999999]",0.005183259646097819,2.487964630126953,16.759999999999998,"[0.8379999999999999, 0.8379999999999999]",1099064.0,"[8.379999999999999, 8.379999999999999]",0.004356777667999268,2.0912532806396484,18.290000000000003,"[0.842, 0.9870000000000001]",1100064.0,"[8.42, 9.870000000000001]",0.004186899960041046,2.009711980819702,7.763333333333333,1.7196382048429715,0.004660437256097793,0.0005932781745257713,2.237009882926941,0.2847735237723702,COMPLETE
110,15.686666666666666,2025-06-13 16:31:07.478436,2025-06-13 16:31:10.184864,0 days 00:00:02.706428,29,0.7761264026128771,0.08090035940678444,0.9536027160845768,0.0022636070535927842,380,1105067.0,15.686666666666666,1.3594565907825906,0.8555000000000001,0.10703387314303824,380.0,6.0,13.379999999999997,"[0.728, 0.6099999999999999]",1105067.0,"[7.279999999999999, 6.099999999999999]",0.0046346369542573625,1.7611620426177979,15.92,"[0.858, 0.734]",1106067.0,"[8.58, 7.34]",0.004715537397485031,1.7919042110443115,14.64,"[0.9810000000000001, 0.483]",1107067.0,"[9.81, 4.83]",0.004648133328086452,1.7662906646728516,17.220000000000002,"[0.99, 0.732]",1108067.0,"[9.9, 7.32]",0.004409807606747276,1.6757268905639648,15.77,"[0.719, 0.8580000000000002]",1109067.0,"[7.1899999999999995, 8.580000000000002]",0.004774737358093262,1.8144001960754395,17.189999999999998,"[0.8570000000000002, 0.8619999999999999]",1110067.0,"[8.570000000000002, 8.62]",0.004317424171849301,1.6406211853027344,8.555,1.0703387314303827,0.00458337946941978,0.00016419671296424496,1.7416841983795166,0.062394750926413,COMPLETE
111,15.159999999999998,2025-06-13 16:31:11.191193,2025-06-13 16:31:14.671019,0 days 00:00:03.479826,45,0.8445432591874165,0.04318792015417224,0.9574998565231673,0.003504125872268103,458,1115071.0,15.159999999999998,1.2601322681898641,0.7708333333333334,0.1090526121751434,450.0,6.0,15.450000000000001,"[0.701, 0.844]",1115071.0,"[7.01, 8.44]",0.005005585352579753,2.2525134086608887,15.37,"[0.5559999999999998, 0.9810000000000001]",1116071.0,"[5.559999999999999, 9.81]",0.00575874858432346,2.5914368629455566,15.47,"[0.844, 0.7030000000000001]",1117071.0,"[8.44, 7.030000000000001]",0.005437307887607151,2.4467885494232178,16.779999999999998,"[0.845, 0.8329999999999999]",1118071.0,"[8.45, 8.329999999999998]",0.004890069431728787,2.200531244277954,15.309999999999997,"[0.835, 0.696]",1119071.0,"[8.35, 6.959999999999999]",0.005541079309251573,2.493485689163208,12.58,"[0.8440000000000001, 0.41399999999999987]",1120071.0,"[8.440000000000001, 4.139999999999999]",0.005630524423387315,2.533735990524292,7.708333333333333,1.0905261217514337,0.005377219164813006,0.00032031640772702853,2.419748624165853,0.14414238347716285,COMPLETE
112,16.886666666666667,2025-06-13 16:31:14.802064,2025-06-13 16:31:17.608872,0 days 00:00:02.806808,21,0.982656969013239,0.06986145561572907,0.9399649093824195,0.0026190816235901857,398,1125074.0,16.886666666666667,0.8688050542107956,0.8638333333333333,0.06871539533143614,390.0,6.0,16.14,"[0.8650000000000002, 0.7489999999999999]",1125074.0,"[8.650000000000002, 7.489999999999998]",0.004913168687086839,1.9161357879638672,17.259999999999998,"[0.8630000000000001, 0.8629999999999999]",1126074.0,"[8.63, 8.629999999999999]",0.00476220265412942,1.8572590351104736,17.23,"[0.8630000000000001, 0.8600000000000001]",1127074.0,"[8.63, 8.600000000000001]",0.004843376233027531,1.8889167308807373,16.13,"[0.744, 0.869]",1128074.0,"[7.4399999999999995, 8.69]",0.004574767748514811,1.7841594219207764,16.09,"[0.982, 0.627]",1129074.0,"[9.82, 6.27]",0.0049556316473545175,1.9326963424682617,18.470000000000002,"[0.866, 0.9810000000000001]",1130074.0,"[8.66, 9.81]",0.004750496913225223,1.852693796157837,8.638333333333334,0.6871539533143616,0.004799940647223058,0.00012484563796582578,1.8719768524169922,0.04868979880667208,COMPLETE
113,15.533333333333331,2025-06-13 16:31:17.689151,2025-06-13 16:31:20.645589,0 days 00:00:02.956438,21,0.9747985764176522,0.04807207332114104,0.9368079356653554,0.0027814861994287605,387,1135077.0,15.533333333333331,3.021691946943337,0.765,0.20857372797166962,380.0,6.0,18.569999999999997,"[0.9850000000000001, 0.8719999999999999]",1135077.0,"[9.850000000000001, 8.719999999999999]",0.004025688924287495,1.529761791229248,14.950000000000003,"[0.625, 0.8699999999999999]",1136077.0,"[6.25, 8.7]",0.0047167476854826276,1.7923641204833984,14.87,"[0.7430000000000001, 0.744]",1137077.0,"[7.4300000000000015, 7.4399999999999995]",0.004890163948661402,1.858262300491333,19.59,"[0.9800000000000001, 0.9789999999999999]",1138077.0,"[9.8, 9.79]",0.004325692277205618,1.6437630653381348,10.24,"[0.3949999999999999, 0.6289999999999999]",1139077.0,"[3.9499999999999993, 6.289999999999999]",0.004997569008877403,1.899076223373413,14.98,"[0.8619999999999999, 0.6359999999999999]",1140077.0,"[8.62, 6.359999999999999]",0.004874922727283679,1.8524706363677979,7.6499999999999995,2.0857372797166955,0.004638464095299704,0.0003482503363656021,1.7626163562138875,0.1323351278189288,COMPLETE
114,16.275000000000002,2025-06-13 16:31:20.779396,2025-06-13 16:31:23.750114,0 days 00:00:02.970718,24,0.9906367335491637,0.06986983327562238,0.9291715370401865,0.004480322393371462,400,1145081.0,16.275000000000002,2.903749013488139,0.7615,0.2138860678024635,400.0,6.0,13.6,"[0.6159999999999999, 0.744]",1145081.0,"[6.159999999999998, 7.4399999999999995]",0.005127277970314026,2.0509111881256104,17.31,"[0.742, 0.9890000000000001]",1146081.0,"[7.42, 9.89]",0.004693683981895447,1.8774735927581787,11.29,"[0.382, 0.747]",1147081.0,"[3.8200000000000003, 7.47]",0.0049685114622116085,1.9874045848846436,17.26,"[0.861, 0.865]",1148081.0,"[8.61, 8.65]",0.0047581464052200316,1.9032585620880127,18.53,"[0.984, 0.869]",1149081.0,"[9.84, 8.69]",0.004655466079711914,1.8621864318847656,19.660000000000004,"[0.984, 0.982]",1150081.0,"[9.84, 9.82]",0.004597156047821045,1.838862419128418,7.614999999999999,2.138860678024635,0.004800040324529012,0.00018734883468376646,1.9200161298116047,0.07493953387350658,COMPLETE
115,14.549999999999999,2025-06-13 16:31:23.819461,2025-06-13 16:31:26.479810,0 days 00:00:02.660349,21,0.9623563628938582,0.054740331023126414,0.9424201328543202,0.001640790410274519,359,1155083.0,14.549999999999999,2.217941989021956,0.6691666666666668,0.17717356524668748,350.0,6.0,10.239999999999998,"[0.392, 0.632]",1155083.0,"[3.92, 6.32]",0.005206766128540039,1.8223681449890137,16.05,"[0.6289999999999999, 0.9760000000000002]",1156083.0,"[6.289999999999999, 9.760000000000002]",0.005055804252624512,1.769531488418579,17.34,"[0.8690000000000001, 0.865]",1157083.0,"[8.690000000000001, 8.65]",0.005110588754926409,1.7887060642242432,14.96,"[0.866, 0.6300000000000001]",1158083.0,"[8.66, 6.300000000000001]",0.004881431715829032,1.7085011005401611,13.780000000000001,"[0.511, 0.867]",1159083.0,"[5.11, 8.67]",0.004906960896083287,1.7174363136291504,14.929999999999998,"[0.748, 0.7449999999999999]",1160083.0,"[7.48, 7.449999999999999]",0.005089199202401297,1.781219720840454,6.691666666666667,1.7717356524668748,0.005041791825067429,0.00011422790812062952,1.7646271387736003,0.03997976784222036,COMPLETE
116,15.368333333333334,2025-06-13 16:31:27.535956,2025-06-13 16:31:30.470370,0 days 00:00:02.934414,18,0.9802750961472905,0.07431542760534456,0.9473682907547621,0.002500745533575229,410,1165087.0,15.368333333333334,2.84197945492613,0.8093333333333335,0.14521095765203887,410.0,6.0,17.270000000000003,"[0.9840000000000002, 0.7430000000000001]",1165087.0,"[9.840000000000002, 7.4300000000000015]",0.0044015500603652585,1.8046355247497559,18.43,"[0.985, 0.858]",1166087.0,"[9.85, 8.58]",0.004513685877730207,1.8506112098693848,17.22,"[0.861, 0.8610000000000001]",1167087.0,"[8.61, 8.610000000000001]",0.004400218986883396,1.8040897846221924,10.42,"[0.641, 0.40099999999999997]",1168087.0,"[6.41, 4.01]",0.004682708949577518,1.9199106693267822,12.73,"[0.6340000000000001, 0.639]",1169087.0,"[6.340000000000002, 6.390000000000001]",0.004752347527480707,1.9484624862670898,16.14,"[0.751, 0.8629999999999999]",1170087.0,"[7.51, 8.629999999999999]",0.004297854842209235,1.7621204853057861,8.093333333333334,1.4521095765203884,0.00450806104070772,0.0001619519279898394,1.8483050266901653,0.06640029047583415,COMPLETE
117,15.279999999999996,2025-06-13 16:31:30.571836,2025-06-13 16:31:33.949767,0 days 00:00:03.377931,42,0.9995268197745271,0.0617394583228964,0.9647045001446547,0.0012089615142619956,418,1175090.0,15.279999999999996,2.057344566830424,0.7536666666666667,0.0685557356381571,410.0,6.0,14.1,"[0.7030000000000001, 0.7070000000000001]",1175090.0,"[7.030000000000001, 7.07]",0.0057958568014749665,2.3763012886047363,16.959999999999997,"[0.7040000000000001, 0.9920000000000002]",1176090.0,"[7.040000000000001, 9.920000000000002]",0.005557009650439751,2.278373956680298,16.97,"[0.8540000000000001, 0.843]",1177090.0,"[8.540000000000001, 8.43]",0.004993221236438286,2.0472207069396973,11.309999999999999,"[0.711, 0.41999999999999993]",1178090.0,"[7.109999999999999, 4.199999999999999]",0.0062075417216231185,2.5450921058654785,16.869999999999997,"[0.8469999999999999, 0.8400000000000001]",1179090.0,"[8.469999999999999, 8.4]",0.005458119438915718,2.2378289699554443,15.47,"[0.7030000000000001, 0.844]",1180090.0,"[7.030000000000001, 8.44]",0.005788642022667862,2.3733432292938232,7.536666666666666,0.685557356381571,0.0056333984785932835,0.00037115105288757167,2.309693376223246,0.15217193168390442,COMPLETE
118,16.063333333333333,2025-06-13 16:31:34.020793,2025-06-13 16:31:36.814461,0 days 00:00:02.793668,23,0.7041026715154335,0.08781977315307693,0.9217710694112975,0.050646331197989156,431,1185094.0,16.063333333333333,1.5422674505055503,0.824,0.11266765285564442,430.0,6.0,17.25,"[0.865, 0.8600000000000001]",1185094.0,"[8.65, 8.600000000000001]",0.004361813567405524,1.875579833984375,16.039999999999996,"[0.7430000000000001, 0.861]",1186094.0,"[7.4300000000000015, 8.61]",0.004375318593757097,1.8813869953155518,18.51,"[0.9880000000000001, 0.8630000000000001]",1187094.0,"[9.88, 8.63]",0.004375066868094511,1.8812787532806396,15.97,"[0.857, 0.7400000000000001]",1188094.0,"[8.57, 7.400000000000001]",0.004439172633858614,1.908844232559204,13.72,"[0.628, 0.744]",1189094.0,"[6.28, 7.4399999999999995]",0.00451507291128469,1.941481351852417,14.889999999999999,"[0.8629999999999999, 0.6260000000000001]",1190094.0,"[8.629999999999999, 6.260000000000002]",0.004605180718177973,1.9802277088165283,8.24,1.1266765285564442,0.004445270882096401,8.875783269408082e-05,1.9114664793014526,0.038165868058454726,COMPLETE
119,14.745,2025-06-13 16:31:36.883266,2025-06-13 16:31:40.038559,0 days 00:00:03.155293,37,0.8052505432375164,0.05754401661432866,0.9399369546753071,0.0018897050989524062,448,1195097.0,14.745,3.1670425215543503,0.7598333333333334,0.27455140178520715,440.0,6.0,15.729999999999999,"[0.8539999999999999, 0.719]",1195097.0,"[8.54, 7.1899999999999995]",0.0042394600131294945,1.8653624057769775,11.649999999999999,"[0.3159999999999999, 0.849]",1196097.0,"[3.159999999999999, 8.49]",0.005281416394493797,2.3238232135772705,16.990000000000002,"[0.9870000000000001, 0.712]",1197097.0,"[9.870000000000001, 7.119999999999999]",0.003782929615540938,1.6644890308380127,14.18,"[0.9730000000000001, 0.44499999999999984]",1198097.0,"[9.73, 4.449999999999998]",0.005241590738296509,2.306299924850464,19.66,"[0.984, 0.982]",1199097.0,"[9.84, 9.82]",0.004258703643625432,1.8738296031951904,10.259999999999998,"[0.445, 0.581]",1200097.0,"[4.45, 5.81]",0.005372771349820224,2.3640193939208984,7.598333333333334,2.7455140178520714,0.004696145292484399,0.0006233986594763568,2.0663039286931357,0.2742954101695969,COMPLETE
120,15.353333333333333,2025-06-13 16:31:40.114341,2025-06-13 16:31:43.200927,0 days 00:00:03.086586,31,0.9566573304287043,0.05255123882486324,0.9518083511523436,0.003132633179901754,394,1205100.0,15.353333333333333,1.1987447138106133,0.7483333333333332,0.11474706483779396,390.0,6.0,15.72,"[0.852, 0.7200000000000001]",1205100.0,"[8.52, 7.200000000000001]",0.0050410234011136566,1.9659991264343262,14.510000000000002,"[0.5979999999999999, 0.8530000000000001]",1206100.0,"[5.979999999999999, 8.530000000000001]",0.005011264483133952,1.9543931484222412,15.86,"[0.732, 0.8539999999999999]",1207100.0,"[7.32, 8.54]",0.005200884892390324,2.0283451080322266,17.02,"[0.851, 0.851]",1208100.0,"[8.51, 8.51]",0.005125218782669459,1.9988353252410889,15.79,"[0.859, 0.7200000000000001]",1209100.0,"[8.59, 7.200000000000001]",0.005417167223416842,2.1126952171325684,13.219999999999999,"[0.5980000000000001, 0.724]",1210100.0,"[5.98, 7.24]",0.0054018607506385215,2.1067256927490234,7.483333333333334,1.1474706483779396,0.005199569922227126,0.00016041400790544415,2.027832269668579,0.06256146308312321,COMPLETE
121,15.918333333333331,2025-06-13 16:31:44.237940,2025-06-13 16:31:47.338887,0 days 00:00:03.100947,20,0.908291386840351,0.0362558567732658,0.9705917313102475,0.007828647221880964,465,1215104.0,15.918333333333331,1.5327797913884726,0.8046666666666665,0.13020581997574288,460.0,6.0,18.35,"[0.8569999999999999, 0.9780000000000001]",1215104.0,"[8.569999999999999, 9.780000000000001]",0.004339151278786037,1.9960095882415771,17.229999999999997,"[0.9790000000000001, 0.744]",1216104.0,"[9.790000000000001, 7.4399999999999995]",0.004318715178448221,1.9866089820861816,16.23,"[0.8710000000000001, 0.752]",1217104.0,"[8.71, 7.52]",0.00430177294689676,1.9788155555725098,13.799999999999999,"[0.63, 0.7500000000000001]",1218104.0,"[6.3, 7.500000000000001]",0.004566198328266973,2.1004512310028076,14.99,"[0.63, 0.8690000000000001]",1219104.0,"[6.3, 8.690000000000001]",0.0045364286588585895,2.086757183074951,14.909999999999998,"[0.861, 0.6299999999999999]",1220104.0,"[8.61, 6.299999999999999]",0.004435459945512855,2.040311574935913,8.046666666666665,1.3020581997574288,0.004416287722794906,0.00010476853422253277,2.0314923524856567,0.04819352574236508,COMPLETE
122,16.20833333333333,2025-06-13 16:31:47.471062,2025-06-13 16:31:51.188988,0 days 00:00:03.717926,40,0.969938982897771,0.029967349728351154,0.9922639997674915,0.006345050579000877,444,1225107.0,16.20833333333333,2.1989271373912227,0.7526666666666665,0.1706122960268561,440.0,6.0,16.86,"[0.705, 0.9810000000000001]",1225107.0,"[7.05, 9.81]",0.005324398929422552,2.342735528945923,14.159999999999997,"[0.707, 0.7089999999999999]",1226107.0,"[7.069999999999999, 7.089999999999998]",0.005613390424034812,2.4698917865753174,12.799999999999999,"[0.4349999999999998, 0.8450000000000001]",1227107.0,"[4.349999999999998, 8.450000000000001]",0.006009052016518333,2.6439828872680664,16.88,"[0.845, 0.843]",1228107.0,"[8.45, 8.43]",0.005520102110776034,2.428844928741455,16.899999999999995,"[0.841, 0.849]",1229107.0,"[8.41, 8.49]",0.004937226663936268,2.172379732131958,19.65,"[0.983, 0.982]",1230107.0,"[9.83, 9.82]",0.0048505983569405295,2.134263277053833,7.526666666666666,1.706122960268561,0.005375794750271421,0.0003977239059241942,2.3653496901194253,0.17499851860664548,COMPLETE
123,16.37833333333333,2025-06-13 16:31:51.323988,2025-06-13 16:31:54.865753,0 days 00:00:03.541765,41,0.8638690127903531,0.04435886051637963,0.9849929564888391,0.02667896740839537,494,1235111.0,16.37833333333333,2.133068342917206,0.7941666666666665,0.12470153255763228,490.0,6.0,18.13,"[0.9679999999999997, 0.8450000000000001]",1235111.0,"[9.679999999999998, 8.450000000000001]",0.005195706717822017,2.545896291732788,18.129999999999995,"[0.841, 0.9720000000000001]",1236111.0,"[8.41, 9.72]",0.005092273439679827,2.4952139854431152,12.819999999999999,"[0.5719999999999998, 0.71]",1237111.0,"[5.719999999999999, 7.1]",0.004844931680328992,2.374016523361206,16.900000000000002,"[0.8400000000000001, 0.85]",1238111.0,"[8.4, 8.5]",0.005025746384445502,2.462615728378296,18.16,"[0.837, 0.9789999999999999]",1239111.0,"[8.37, 9.79]",0.004651179119032256,2.2790777683258057,14.129999999999999,"[0.7069999999999999, 0.706]",1240111.0,"[7.0699999999999985, 7.06]",0.0049536914241557215,2.4273087978363037,7.9416666666666655,1.2470153255763228,0.0049605881275773854,0.00017608013526863186,2.430688182512919,0.0862792662816296,COMPLETE
124,14.894999999999998,2025-06-13 16:31:54.974715,2025-06-13 16:31:58.187667,0 days 00:00:03.212952,22,0.9417797403617401,0.04948443863899912,0.9356642540768882,0.010732617766461661,423,1245115.0,14.894999999999998,1.3900929225535001,0.8445,0.12886006622172239,420.0,6.0,16.119999999999997,"[0.865, 0.7470000000000001]",1245115.0,"[8.65, 7.470000000000001]",0.004806511175064814,2.0187346935272217,16.09,"[0.75, 0.859]",1246115.0,"[7.5, 8.59]",0.004571191469828288,1.9199004173278809,16.11,"[0.9840000000000002, 0.627]",1247115.0,"[9.840000000000002, 6.27]",0.004617189793359666,1.9392197132110596,13.690000000000001,"[0.8710000000000001, 0.49800000000000005]",1248115.0,"[8.71, 4.98]",0.005418873400915237,2.2759268283843994,12.5,"[0.617, 0.633]",1249115.0,"[6.17, 6.33]",0.005249092692420596,2.2046189308166504,14.86,"[0.9800000000000001, 0.506]",1250115.0,"[9.8, 5.0600000000000005]",0.005078746023632231,2.133073329925537,8.445,1.288600662217224,0.004956934092536805,0.00031634193856400444,2.081912318865458,0.13286361419688192,COMPLETE
125,16.281666666666666,2025-06-13 16:31:58.257810,2025-06-13 16:33:49.499236,0 days 00:01:51.241426,45,0.9197454941182512,0.039889833744177795,0.9898640028330252,0.013750490479082245,482,1255118.0,16.281666666666666,1.7857343649664763,0.8406666666666668,0.11913251258810735,480.0,6.0,16.74,"[0.844, 0.8299999999999998]",1255118.0,"[8.44, 8.299999999999999]",0.005197157462437947,2.494635581970215,16.73,"[0.692, 0.9810000000000001]",1256118.0,"[6.92, 9.81]",0.006073748568693796,2.9153993129730225,13.999999999999998,"[0.8510000000000002, 0.5489999999999998]",1257118.0,"[8.510000000000002, 5.489999999999998]",0.005790361265341441,2.7793734073638916,18.14,"[0.9799999999999999, 0.834]",1258118.0,"[9.799999999999999, 8.34]",0.0054430330793062845,2.6126558780670166,18.27,"[0.9860000000000001, 0.8409999999999999]",1259118.0,"[9.860000000000001, 8.409999999999998]",0.005285112063090006,2.536853790283203,13.809999999999999,"[0.6910000000000001, 0.69]",1260118.0,"[6.91, 6.8999999999999995]",0.005617664754390716,2.696479082107544,8.406666666666666,1.1913251258810735,0.0055678461988766985,0.00030023854314593804,2.6725661754608154,0.14411450071005028,COMPLETE
126,14.459999999999999,2025-06-13 16:33:50.755753,2025-06-13 16:33:54.307913,0 days 00:00:03.552160,43,0.560783022526817,0.09202678123171952,0.9809192349997965,0.06268510301003269,476,1265230.0,14.459999999999999,2.6396211849430222,0.7253333333333334,0.09551556010526364,470.0,6.0,13.979999999999999,"[0.7000000000000001, 0.6979999999999998]",1265230.0,"[7.000000000000001, 6.979999999999999]",0.004865763542499948,2.2869088649749756,11.19,"[0.702, 0.4169999999999999]",1266230.0,"[7.02, 4.169999999999999]",0.005689126379946445,2.673889398574829,16.84,"[0.8460000000000001, 0.8379999999999999]",1267230.0,"[8.46, 8.379999999999999]",0.0043443892864470784,2.041862964630127,15.310000000000002,"[0.701, 0.8299999999999998]",1268230.0,"[7.01, 8.299999999999999]",0.005810164897999865,2.7307775020599365,11.229999999999999,"[0.565, 0.5579999999999999]",1269230.0,"[5.6499999999999995, 5.579999999999999]",0.004911172643620917,2.308251142501831,18.21,"[0.8380000000000001, 0.983]",1270230.0,"[8.38, 9.83]",0.004318295133874771,2.0295987129211426,7.253333333333334,0.9551556010526364,0.004989818647398171,0.000584678975711181,2.34521476427714,0.274799118584255,COMPLETE
127,14.93,2025-06-13 16:33:54.383122,2025-06-13 16:33:57.977196,0 days 00:00:03.594074,38,0.9812808966313767,0.02249341654485689,0.9876189203591837,0.008989197698111465,459,1275234.0,14.93,1.909546193907512,0.759,0.10244836097598961,450.0,6.0,16.949999999999996,"[0.8479999999999999, 0.8469999999999999]",1275234.0,"[8.479999999999999, 8.469999999999999]",0.004821709526909722,2.169769287109375,14.24,"[0.717, 0.7070000000000001]",1276234.0,"[7.17, 7.07]",0.005010699696011013,2.254814863204956,14.249999999999998,"[0.715, 0.71]",1277234.0,"[7.1499999999999995, 7.1]",0.0055596743689643015,2.5018534660339355,17.05,"[0.8530000000000001, 0.852]",1278234.0,"[8.530000000000001, 8.52]",0.005100136333041721,2.2950613498687744,15.61,"[0.8480000000000001, 0.7130000000000001]",1279234.0,"[8.48, 7.130000000000001]",0.004989092085096571,2.245091438293457,11.479999999999999,"[0.573, 0.575]",1280234.0,"[5.7299999999999995, 5.75]",0.006192769474453397,2.7867462635040283,7.59,1.0244836097598962,0.00527901358074612,0.00046742043763455167,2.3755561113357544,0.21033919693554812,COMPLETE
128,17.06833333333333,2025-06-13 16:33:58.044856,2025-06-13 16:34:01.331161,0 days 00:00:03.286305,34,0.9921734012280774,0.0657152432088228,0.9983468596655319,0.003972265170175074,500,1285238.0,17.06833333333333,1.5086021859839507,0.8294999999999999,0.08818682819257455,500.0,6.0,18.349999999999998,"[0.853, 0.9820000000000002]",1285238.0,"[8.53, 9.820000000000002]",0.004387905120849609,2.1939525604248047,17.09,"[0.852, 0.857]",1286238.0,"[8.52, 8.57]",0.004826174736022949,2.4130873680114746,15.73,"[0.72, 0.853]",1287238.0,"[7.199999999999999, 8.53]",0.0046063861846923826,2.3031930923461914,15.740000000000002,"[0.8480000000000001, 0.726]",1288238.0,"[8.48, 7.26]",0.004882009506225586,2.441004753112793,15.81,"[0.725, 0.8560000000000001]",1289238.0,"[7.25, 8.56]",0.0047821784019470214,2.3910892009735107,19.69,"[0.9789999999999999, 0.99]",1290238.0,"[9.79, 9.9]",0.004231491565704346,2.115745782852173,8.295,0.8818682819257456,0.004619357585906983,0.00023890323474282834,2.309678792953491,0.11945161737141413,COMPLETE
129,16.330000000000002,2025-06-13 16:34:01.413696,2025-06-13 16:34:04.898327,0 days 00:00:03.484631,34,0.9911839796493349,0.06995348437929674,0.9974851352581932,0.07370473100052696,497,1295241.0,16.330000000000002,1.2670701111882743,0.8043333333333332,0.16262499466222555,490.0,6.0,15.619999999999997,"[0.8479999999999999, 0.714]",1295241.0,"[8.479999999999999, 7.14]",0.004502640451703753,2.206293821334839,16.939999999999998,"[0.9719999999999999, 0.722]",1296241.0,"[9.719999999999999, 7.22]",0.0053932598658970425,2.642697334289551,18.39,"[0.984, 0.8550000000000001]",1297241.0,"[9.84, 8.55]",0.004675585396435796,2.29103684425354,14.440000000000003,"[0.5889999999999999, 0.8550000000000001]",1298241.0,"[5.889999999999999, 8.55]",0.0052794592721121655,2.586935043334961,15.61,"[0.585, 0.9760000000000002]",1299241.0,"[5.85, 9.760000000000002]",0.0055482222109424825,2.7186288833618164,16.98,"[0.8480000000000001, 0.85]",1300241.0,"[8.48, 8.5]",0.004568384618175273,2.238508462905884,8.043333333333331,1.6262499466222557,0.004994591969211085,0.00042269494748937503,2.4473500649134317,0.20712052426979377,COMPLETE
130,15.688333333333333,2025-06-13 16:34:04.964665,2025-06-13 16:34:07.936277,0 days 00:00:02.971612,28,0.795361854393027,0.06529119799731542,0.9988474508736854,0.0041729210251856925,484,1305245.0,15.688333333333333,1.481164144253507,0.7511666666666666,0.11197234281533792,480.0,6.0,18.3,"[0.852, 0.978]",1305245.0,"[8.52, 9.78]",0.004515138765176137,2.167266607284546,15.98,"[0.86, 0.738]",1306245.0,"[8.6, 7.38]",0.003925746679306031,1.8843584060668945,13.409999999999998,"[0.607, 0.734]",1307245.0,"[6.07, 7.34]",0.00451895942290624,2.169100522994995,14.690000000000001,"[0.6049999999999999, 0.8640000000000001]",1308245.0,"[6.049999999999999, 8.64]",0.0045543705423673,2.1860978603363037,15.870000000000001,"[0.7290000000000001, 0.858]",1309245.0,"[7.290000000000001, 8.58]",0.004683797061443329,2.248222589492798,15.879999999999999,"[0.8539999999999999, 0.734]",1310245.0,"[8.54, 7.34]",0.004019970695177714,1.9295859336853027,7.511666666666666,1.119723428153379,0.0043696638610627924,0.00028740103013570167,2.09743865331014,0.13795249446513688,COMPLETE
131,12.568333333333333,2025-06-13 16:34:09.052152,2025-06-13 16:34:12.554500,0 days 00:00:03.502348,36,0.9668857785661681,0.07751307420673342,0.9946177829557317,0.005342906416929684,499,1315249.0,12.568333333333333,2.2092488668222865,0.6503333333333332,0.1257426825792349,490.0,6.0,11.719999999999999,"[0.7210000000000001, 0.45099999999999996]",1315249.0,"[7.210000000000001, 4.51]",0.005210353403675313,2.5530731678009033,10.449999999999998,"[0.45699999999999996, 0.5879999999999999]",1316249.0,"[4.569999999999999, 5.879999999999999]",0.005680159160069057,2.783277988433838,10.35,"[0.717, 0.31799999999999995]",1317249.0,"[7.17, 3.1799999999999997]",0.005281220163617815,2.5877978801727295,15.639999999999999,"[0.8459999999999999, 0.718]",1318249.0,"[8.459999999999999, 7.18]",0.004865622033878248,2.384154796600342,15.56,"[0.5779999999999998, 0.978]",1319249.0,"[5.7799999999999985, 9.78]",0.005147110199441715,2.5220839977264404,11.69,"[0.5829999999999997, 0.586]",1320249.0,"[5.829999999999997, 5.859999999999999]",0.004674295989834532,2.290405035018921,6.503333333333334,1.2574268257923493,0.005143126825086114,0.0003185435711510923,2.520132144292196,0.15608634986403522,COMPLETE
132,15.52833333333333,2025-06-13 16:34:12.622431,2025-06-13 16:34:15.932100,0 days 00:00:03.309669,39,0.9506594562993054,0.05766052757127899,0.9450252972545564,0.006241603746434837,469,1325252.0,15.52833333333333,2.069649057744385,0.8224999999999999,0.1424181051224411,460.0,6.0,16.85,"[0.9760000000000002, 0.7089999999999999]",1325252.0,"[9.760000000000002, 7.089999999999998]",0.005497370595517366,2.5287904739379883,11.469999999999999,"[0.575, 0.572]",1326252.0,"[5.75, 5.72]",0.0050811658734860625,2.337336301803589,15.409999999999998,"[0.8380000000000001, 0.703]",1327252.0,"[8.38, 7.029999999999999]",0.005493463640627654,2.5269932746887207,18.259999999999998,"[0.9800000000000001, 0.8459999999999999]",1328252.0,"[9.8, 8.459999999999999]",0.004418565915978473,2.0325403213500977,15.599999999999998,"[0.849, 0.7110000000000001]",1329252.0,"[8.49, 7.110000000000001]",0.00455755150836447,2.0964736938476562,15.58,"[0.717, 0.841]",1330252.0,"[7.17, 8.41]",0.005455086542212445,2.5093398094177246,8.225,1.4241810512244109,0.0050838673460310785,0.0004465048348486199,2.338578979174296,0.20539222403036514,COMPLETE
133,13.208333333333334,2025-06-13 16:34:16.001169,2025-06-13 16:34:19.138750,0 days 00:00:03.137581,32,0.8973623801135934,0.0826155441656233,0.9920989821462238,0.0034679658763059223,440,1335256.0,13.208333333333334,1.4667812455244387,0.6403333333333333,0.16040850628594766,440.0,6.0,11.949999999999998,"[0.4709999999999999, 0.7239999999999999]",1335256.0,"[4.709999999999999, 7.239999999999998]",0.004869993166490035,2.1427969932556152,11.95,"[0.46799999999999986, 0.727]",1336256.0,"[4.679999999999999, 7.27]",0.005383081869645552,2.368556022644043,11.96,"[0.8560000000000001, 0.33999999999999997]",1337256.0,"[8.56, 3.3999999999999995]",0.005302469838749279,2.3330867290496826,13.15,"[0.5980000000000001, 0.717]",1338256.0,"[5.98, 7.17]",0.00484265305779197,2.130767345428467,14.459999999999999,"[0.595, 0.851]",1339256.0,"[5.949999999999999, 8.51]",0.004974245483225042,2.1886680126190186,15.780000000000001,"[0.8540000000000001, 0.724]",1340256.0,"[8.540000000000001, 7.24]",0.0046302524479952725,2.03731107711792,6.403333333333332,1.6040850628594767,0.005000449310649525,0.0002637154069741007,2.200197696685791,0.11603477906860427,COMPLETE
134,17.064999999999998,2025-06-13 16:34:19.234077,2025-06-13 16:34:22.577973,0 days 00:00:03.343896,24,0.979896061235976,0.06344215114823921,0.9949232091874565,0.004783606490718315,477,1345259.0,17.064999999999998,1.2962092166519006,0.9028333333333333,0.09118372783683622,470.0,6.0,18.45,"[0.9790000000000001, 0.866]",1345259.0,"[9.790000000000001, 8.66]",0.004398664007795618,2.0673720836639404,16.029999999999998,"[0.743, 0.8599999999999998]",1346259.0,"[7.43, 8.599999999999998]",0.004415760141737918,2.0754072666168213,18.53,"[0.9879999999999999, 0.865]",1347259.0,"[9.879999999999999, 8.65]",0.004157080548874876,1.9538278579711914,17.2,"[0.8560000000000001, 0.8640000000000001]",1348259.0,"[8.56, 8.64]",0.004599903999490941,2.161954879760742,14.860000000000001,"[0.8620000000000001, 0.624]",1349259.0,"[8.620000000000001, 6.24]",0.004931928756389212,2.3180065155029297,17.32,"[0.9890000000000001, 0.7429999999999999]",1350259.0,"[9.89, 7.429999999999999]",0.0042071966414755965,1.9773824214935303,9.028333333333334,0.9118372783683623,0.00445175568262736,0.00025925247299267125,2.0923251708348594,0.12184866230655554,COMPLETE
135,15.468333333333334,2025-06-13 16:34:22.645311,2025-06-13 16:34:25.694361,0 days 00:00:03.049050,24,0.9997250522397105,0.06057386600233074,0.9955403994247043,0.0019522605987531327,487,1355262.0,15.468333333333334,2.612919291180312,0.8043333333333335,0.16884378052573398,480.0,6.0,11.200000000000001,"[0.501, 0.619]",1355262.0,"[5.01, 6.1899999999999995]",0.004447148740291595,2.134631395339966,14.89,"[0.744, 0.745]",1356262.0,"[7.4399999999999995, 7.45]",0.00391631821791331,1.8798327445983887,18.44,"[0.982, 0.8620000000000001]",1357262.0,"[9.82, 8.620000000000001]",0.004068368673324585,1.9528169631958008,13.639999999999999,"[0.742, 0.622]",1358262.0,"[7.42, 6.22]",0.004557764033476511,2.1877267360687256,16.02,"[0.861, 0.7409999999999999]",1359262.0,"[8.61, 7.409999999999998]",0.004294572770595551,2.0613949298858643,18.62,"[0.9960000000000001, 0.866]",1360262.0,"[9.96, 8.66]",0.0036668171485265094,1.7600722312927246,8.043333333333333,1.68843780525734,0.004158498264021344,0.0003081594177898249,1.9960791667302449,0.147916520539116,COMPLETE
136,16.62666666666667,2025-06-13 16:34:26.916223,2025-06-13 16:34:29.937800,0 days 00:00:03.021577,24,0.9767764285051183,0.067235978280914,0.9932998057572259,0.005113328899326333,477,1365267.0,16.62666666666667,1.9868288524402125,0.9031666666666668,0.05863280272642232,470.0,6.0,17.25,"[0.866, 0.8589999999999998]",1365267.0,"[8.66, 8.589999999999998]",0.00419507178854435,1.9716837406158447,19.71,"[0.9880000000000001, 0.983]",1366267.0,"[9.88, 9.83]",0.0038689801033507,1.818420648574829,13.52,"[0.859, 0.493]",1367267.0,"[8.59, 4.93]",0.004710124908609593,2.213758707046509,17.25,"[0.8630000000000001, 0.8619999999999999]",1368267.0,"[8.63, 8.62]",0.00423538735572328,1.9906320571899414,14.79,"[0.859, 0.6199999999999999]",1369267.0,"[8.59, 6.199999999999999]",0.004484972547977529,2.1079370975494385,17.240000000000002,"[0.984, 0.74]",1370267.0,"[9.84, 7.4]",0.004485002984391882,2.1079514026641846,9.031666666666666,0.5863280272642233,0.004329923281432889,0.00026840077199287974,2.035063942273458,0.12614836283665343,COMPLETE
137,16.223333333333333,2025-06-13 16:34:30.007319,2025-06-13 16:34:33.058440,0 days 00:00:03.051121,24,0.9777750519041722,0.0674508463787949,0.9929340708587276,0.005050452941965681,475,1375270.0,16.223333333333333,1.0770742262671074,0.8623333333333333,0.09921301437927496,470.0,6.0,14.83,"[0.8639999999999999, 0.619]",1375270.0,"[8.639999999999999, 6.1899999999999995]",0.004683067443523001,2.2010416984558105,17.200000000000003,"[0.983, 0.7370000000000001]",1376270.0,"[9.83, 7.370000000000001]",0.004349245416357162,2.044145345687866,16.060000000000002,"[0.7390000000000001, 0.867]",1377270.0,"[7.390000000000001, 8.67]",0.004278476694796948,2.0108840465545654,14.8,"[0.7409999999999999, 0.739]",1378270.0,"[7.409999999999998, 7.39]",0.004224514453969103,1.9855217933654785,17.279999999999998,"[0.8640000000000001, 0.8640000000000001]",1379270.0,"[8.64, 8.64]",0.004052705460406364,1.9047715663909912,17.169999999999998,"[0.983, 0.7339999999999999]",1380270.0,"[9.83, 7.339999999999999]",0.004332467850218428,2.036259889602661,8.623333333333333,0.9921301437927499,0.004320079553211835,0.00018934831990866178,2.030437390009562,0.08899371035707104,COMPLETE
138,16.785,2025-06-13 16:34:33.126879,2025-06-13 16:34:36.316649,0 days 00:00:03.189770,25,0.9584186724465369,0.06291630935170416,0.9975252353869776,0.0039015188609293695,489,1385273.0,16.785,2.5478929203036245,0.8809999999999999,0.11091137603209754,480.0,6.0,17.23,"[0.86, 0.8629999999999999]",1385273.0,"[8.6, 8.629999999999999]",0.004233798384666443,2.0322232246398926,18.49,"[0.984, 0.865]",1386273.0,"[9.84, 8.65]",0.0040289585789044695,1.9339001178741455,14.579999999999997,"[0.732, 0.726]",1387273.0,"[7.32, 7.26]",0.0049422303835550945,2.3722705841064453,12.32,"[0.742, 0.48999999999999994]",1388273.0,"[7.42, 4.8999999999999995]",0.004712221523125966,2.261866331100464,19.689999999999998,"[0.9870000000000001, 0.9819999999999999]",1389273.0,"[9.870000000000001, 9.819999999999999]",0.003792951007684072,1.8206164836883545,18.4,"[0.9810000000000001, 0.859]",1390273.0,"[9.81, 8.59]",0.0042275180419286094,2.0292086601257324,8.81,1.1091137603209753,0.004322946319977442,0.00039145575926348094,2.0750142335891724,0.18789876444647086,COMPLETE
139,16.805000000000003,2025-06-13 16:34:36.428994,2025-06-13 16:34:39.452445,0 days 00:00:03.023451,26,0.9605576467614567,0.052628015686289525,0.9974349519293945,0.003982155782388209,493,1395276.0,16.805000000000003,1.952568820810165,0.8405,0.08263725955443263,490.0,6.0,17.23,"[0.8619999999999999, 0.8610000000000001]",1395276.0,"[8.62, 8.610000000000001]",0.004122004703599579,2.019782304763794,15.91,"[0.8570000000000002, 0.734]",1396276.0,"[8.570000000000002, 7.34]",0.004188851434357313,2.052537202835083,18.59,"[0.866, 0.993]",1397276.0,"[8.66, 9.93]",0.003665689546234754,1.7961878776550293,16.01,"[0.7380000000000001, 0.8630000000000001]",1398276.0,"[7.380000000000001, 8.63]",0.0044634502761218015,2.1870906352996826,13.55,"[0.741, 0.6140000000000001]",1399276.0,"[7.41, 6.140000000000001]",0.004480146875186842,2.1952719688415527,19.54,"[0.9790000000000001, 0.9750000000000002]",1400276.0,"[9.790000000000001, 9.750000000000002]",0.003869242084269621,1.8959286212921143,8.405,0.8263725955443264,0.004131564153294985,0.00029464202731954204,2.0244664351145425,0.14437459338657557,COMPLETE
140,16.733333333333334,2025-06-13 16:34:39.522147,2025-06-13 16:34:42.786347,0 days 00:00:03.264200,26,0.9609835331899625,0.05169460293996572,0.9974457917328591,0.0039011852994318484,493,1405279.0,16.733333333333334,1.6858792628444328,0.7961666666666666,0.1164737691022699,490.0,6.0,19.67,"[0.982, 0.985]",1405279.0,"[9.82, 9.85]",0.003990842371570821,1.9555127620697021,15.98,"[0.612, 0.986]",1406279.0,"[6.12, 9.86]",0.004342681047867756,2.1279137134552,18.219999999999995,"[0.85, 0.9720000000000001]",1407279.0,"[8.5, 9.72]",0.004473144667489188,2.191840887069702,15.96,"[0.744, 0.852]",1408279.0,"[7.4399999999999995, 8.52]",0.00454778038725561,2.228412389755249,15.940000000000001,"[0.734, 0.86]",1409279.0,"[7.34, 8.6]",0.004691355082453514,2.2987639904022217,14.629999999999999,"[0.8549999999999999, 0.608]",1410279.0,"[8.549999999999999, 6.08]",0.005085464399688098,2.491877555847168,7.961666666666666,1.1647376910226994,0.0045218779927208306,0.0003325428215704347,2.215720216433207,0.16294598256951295,COMPLETE
141,13.926666666666664,2025-06-13 16:34:44.003455,2025-06-13 16:34:47.264827,0 days 00:00:03.261372,26,0.9348861720672492,0.05195068418676173,0.9988520962988157,0.0029675010473730677,490,1415284.0,13.926666666666664,3.3538568179866513,0.697,0.2515339605964438,490.0,6.0,11.010000000000002,"[0.7370000000000001, 0.364]",1415284.0,"[7.370000000000001, 3.6399999999999997]",0.005062813661536392,2.480778694152832,11.15,"[0.371, 0.744]",1416284.0,"[3.71, 7.4399999999999995]",0.004713067716481735,2.30940318107605,17.23,"[0.982, 0.741]",1417284.0,"[9.82, 7.41]",0.004385947208015286,2.1491141319274902,9.87,"[0.372, 0.615]",1418284.0,"[3.7199999999999998, 6.15]",0.0047403393959512515,2.3227663040161133,15.9,"[0.7340000000000001, 0.8559999999999999]",1419284.0,"[7.340000000000001, 8.559999999999999]",0.004636948935839594,2.2721049785614014,18.399999999999995,"[0.986, 0.8539999999999999]",1420284.0,"[9.86, 8.54]",0.004118707715248575,2.0181667804718018,6.97,2.5153396059644377,0.004609637438845473,0.0002957884219853366,2.2587223450342813,0.1449363267728149,COMPLETE
142,15.556666666666667,2025-06-13 16:34:47.333914,2025-06-13 16:34:50.479770,0 days 00:00:03.145856,26,0.9565731845297686,0.06241051189516486,0.9969905471081637,0.0037975311261168447,499,1425287.0,15.556666666666667,2.3841886577105336,0.7575,0.1296196358581523,490.0,6.0,14.780000000000001,"[0.8630000000000001, 0.615]",1425287.0,"[8.63, 6.15]",0.0043958625014947385,2.153972625732422,13.509999999999998,"[0.615, 0.736]",1426287.0,"[6.15, 7.359999999999999]",0.004577147230810048,2.242802143096924,19.54,"[0.977, 0.9770000000000001]",1427287.0,"[9.77, 9.770000000000001]",0.004210654083563357,2.063220500946045,12.280000000000001,"[0.615, 0.613]",1428287.0,"[6.15, 6.13]",0.004391943678563955,2.152052402496338,16.13,"[0.744, 0.869]",1429287.0,"[7.4399999999999995, 8.69]",0.0037155097844649336,1.8205997943878174,17.1,"[0.731, 0.9790000000000001]",1430287.0,"[7.31, 9.790000000000001]",0.004220807309053382,2.0681955814361572,7.575,1.296196358581523,0.004251987431325069,0.00026972380731694396,2.0834738413492837,0.1321646655853026,COMPLETE
143,14.321666666666667,2025-06-13 16:34:50.545740,2025-06-13 16:34:53.854096,0 days 00:00:03.308356,27,0.9626887207057194,0.05687546533228635,0.9909354876982731,0.0024464705805949906,491,1435290.0,14.321666666666667,2.211073771320673,0.6753333333333335,0.11959607946008192,490.0,6.0,14.740000000000002,"[0.612, 0.8619999999999999]",1435290.0,"[6.12, 8.62]",0.0046785948227862926,2.292511463165283,11.029999999999998,"[0.613, 0.48999999999999994]",1436290.0,"[6.13, 4.8999999999999995]",0.004720121500443439,2.312859535217285,13.520000000000001,"[0.7400000000000001, 0.6120000000000001]",1437290.0,"[7.400000000000001, 6.120000000000001]",0.004682020751797423,2.2941901683807373,13.510000000000002,"[0.488, 0.8630000000000001]",1438290.0,"[4.88, 8.63]",0.004795869029298121,2.349975824356079,14.7,"[0.737, 0.7329999999999999]",1439290.0,"[7.37, 7.329999999999998]",0.00461465631212507,2.261181592941284,18.43,"[0.8620000000000001, 0.9810000000000002]",1440290.0,"[8.620000000000001, 9.810000000000002]",0.003967765885956433,1.9442052841186523,6.753333333333334,1.1959607946008193,0.004576504717067796,0.00027758512626050716,2.24248731136322,0.13601671186764844,COMPLETE
144,15.136666666666665,2025-06-13 16:34:53.943940,2025-06-13 16:34:57.271514,0 days 00:00:03.327574,25,0.9437150129649167,0.047258036865296706,0.9945907044836877,0.004467940054713329,483,1445294.0,15.136666666666665,2.4497868387995623,0.7571666666666667,0.16312614409986187,480.0,6.0,16.009999999999998,"[0.86, 0.7409999999999999]",1445294.0,"[8.6, 7.409999999999998]",0.00469860831896464,2.2553319931030273,19.47,"[0.9750000000000002, 0.9719999999999999]",1446294.0,"[9.750000000000002, 9.719999999999999]",0.004263626039028167,2.0465404987335205,15.959999999999997,"[0.7409999999999999, 0.8549999999999999]",1447294.0,"[7.409999999999998, 8.549999999999999]",0.004616120457649231,2.215737819671631,14.690000000000001,"[0.859, 0.6099999999999999]",1448294.0,"[8.59, 6.099999999999999]",0.00476309061050415,2.286283493041992,12.299999999999999,"[0.48900000000000005, 0.741]",1449294.0,"[4.890000000000001, 7.41]",0.005122161904970805,2.4586377143859863,12.39,"[0.619, 0.6200000000000001]",1450294.0,"[6.1899999999999995, 6.200000000000001]",0.004999981820583343,2.399991273880005,7.571666666666665,1.6312614409986188,0.0047439315252833895,0.0002763060701938574,2.277087132136027,0.1326269136930515,COMPLETE
145,16.588333333333335,2025-06-13 16:34:57.369640,2025-06-13 16:35:00.876460,0 days 00:00:03.506820,25,0.9913378542237309,0.05033270227802507,0.9968623270294209,0.003993270764882829,492,1455297.0,16.588333333333335,1.9269787809475813,0.8383333333333334,0.16204800386168153,490.0,6.0,18.410000000000004,"[0.9770000000000001, 0.8640000000000001]",1455297.0,"[9.770000000000001, 8.64]",0.004420297486441476,2.1659457683563232,17.25,"[0.8619999999999999, 0.8630000000000001]",1456297.0,"[8.62, 8.63]",0.004708176243061922,2.307006359100342,12.399999999999999,"[0.49499999999999994, 0.7449999999999999]",1457297.0,"[4.949999999999999, 7.449999999999999]",0.005186010380180514,2.541145086288452,17.07,"[0.9759999999999998, 0.731]",1458297.0,"[9.759999999999998, 7.31]",0.005021103060975367,2.4603404998779297,17.220000000000002,"[0.86, 0.8619999999999999]",1459297.0,"[8.6, 8.62]",0.004312680205520319,2.113213300704956,17.18,"[0.86, 0.8580000000000002]",1460297.0,"[8.6, 8.580000000000002]",0.004754282990280463,2.3295986652374268,8.383333333333333,1.6204800386168157,0.00473375839441001,0.0003065232735925183,2.319541613260905,0.15019640406033397,COMPLETE
146,14.866666666666665,2025-06-13 16:35:02.341137,2025-06-13 16:35:05.698456,0 days 00:00:03.357319,22,0.9703831173605719,0.05513965688579653,0.9946992646276198,0.0032653409179420985,499,1465302.0,14.866666666666665,3.115336614592751,0.7214999999999999,0.1420595532397123,490.0,6.0,17.15,"[0.86, 0.8550000000000001]",1465302.0,"[8.6, 8.55]",0.004278560074008241,2.096494436264038,15.0,"[0.632, 0.868]",1466302.0,"[6.32, 8.68]",0.004058827186117367,1.9888253211975098,17.169999999999998,"[0.8529999999999998, 0.8639999999999999]",1467302.0,"[8.529999999999998, 8.639999999999999]",0.004471503958410146,2.1910369396209717,10.08,"[0.616, 0.392]",1468302.0,"[6.16, 3.92]",0.004796478213096152,2.3502743244171143,18.42,"[0.8610000000000001, 0.9810000000000002]",1469302.0,"[8.610000000000001, 9.810000000000002]",0.004329088269447794,2.121253252029419,11.379999999999999,"[0.507, 0.631]",1470302.0,"[5.07, 6.3100000000000005]",0.004346372156727071,2.1297223567962646,7.215,1.420595532397123,0.004380138309634462,0.00022323075979976053,2.1462677717208862,0.1093830723018827,COMPLETE
147,14.075000000000001,2025-06-13 16:35:05.834494,2025-06-13 16:35:08.989700,0 days 00:00:03.155206,27,0.6272352655284287,0.1716083302894248,0.9680912650916093,0.002996703125582266,469,1475306.0,14.075000000000001,3.019419094240922,0.757,0.19578644828826466,460.0,6.0,14.689999999999998,"[0.7360000000000001, 0.733]",1475306.0,"[7.360000000000001, 7.33]",0.004049446790114693,1.8627455234527588,13.48,"[0.861, 0.487]",1476306.0,"[8.61, 4.87]",0.004623216649760371,2.1266796588897705,8.49,"[0.36299999999999993, 0.48600000000000004]",1477306.0,"[3.6299999999999994, 4.86]",0.005148622782334037,2.3683664798736572,13.459999999999999,"[0.737, 0.609]",1478306.0,"[7.37, 6.09]",0.004730115766110627,2.1758532524108887,15.88,"[0.858, 0.7299999999999999]",1479306.0,"[8.58, 7.299999999999999]",0.004266412880109704,1.9625499248504639,18.450000000000003,"[0.9869999999999999, 0.858]",1480306.0,"[9.87, 8.58]",0.0037327051162719727,1.7170443534851074,7.57,1.9578644828826466,0.004425086664116901,0.0004657391349791208,2.0355398654937744,0.21424000209039562,COMPLETE
148,14.811666666666667,2025-06-13 16:35:09.061471,2025-06-13 16:35:12.286240,0 days 00:00:03.224769,23,0.9829257849860794,0.06415067153504508,0.998677001329159,0.0022483448251727715,479,1485309.0,14.811666666666667,0.9732148900536932,0.7399999999999999,0.06612110101926612,470.0,6.0,15.93,"[0.8539999999999999, 0.739]",1485309.0,"[8.54, 7.39]",0.004695072579891124,2.206684112548828,14.750000000000002,"[0.7390000000000001, 0.7360000000000001]",1486309.0,"[7.390000000000001, 7.360000000000001]",0.0044424183825229075,2.0879366397857666,13.63,"[0.743, 0.6199999999999999]",1487309.0,"[7.43, 6.199999999999999]",0.004593605690814079,2.158994674682617,16.07,"[0.7399999999999999, 0.867]",1488309.0,"[7.399999999999999, 8.67]",0.00454457922184721,2.1359522342681885,13.61,"[0.739, 0.622]",1489309.0,"[7.39, 6.22]",0.004715236704400245,2.2161612510681152,14.88,"[0.625, 0.8630000000000002]",1490309.0,"[6.25, 8.630000000000003]",0.004478709748450746,2.1049935817718506,7.3999999999999995,0.6612110101926613,0.004578270387987719,0.00010176842862397764,2.1517870823542276,0.047831161453269495,COMPLETE
149,15.918333333333331,2025-06-13 16:35:12.395955,2025-06-13 16:35:15.877446,0 days 00:00:03.481491,29,0.952657556098271,0.0432298705522237,0.9896049793048692,0.003667197080412944,488,1495312.0,15.918333333333331,1.4699026800740544,0.8365,0.08558572700320231,480.0,6.0,14.54,"[0.8559999999999999, 0.598]",1495312.0,"[8.559999999999999, 5.9799999999999995]",0.005012260377407074,2.4058849811553955,17.22,"[0.9870000000000001, 0.7350000000000001]",1496312.0,"[9.870000000000001, 7.350000000000001]",0.004857309659322103,2.3315086364746094,14.61,"[0.8540000000000001, 0.607]",1497312.0,"[8.540000000000001, 6.07]",0.0054483224948247274,2.615194797515869,14.7,"[0.735, 0.735]",1498312.0,"[7.35, 7.35]",0.0052866294980049135,2.5375821590423584,16.04,"[0.736, 0.868]",1499312.0,"[7.359999999999999, 8.68]",0.004301311572392782,2.064629554748535,18.4,"[0.851, 0.9890000000000001]",1500312.0,"[8.51, 9.89]",0.004606312016646067,2.2110297679901123,8.365,0.855857270032023,0.004918690936432944,0.0003888335425495892,2.3609716494878135,0.18664010042380283,COMPLETE
150,17.978333333333335,2025-06-13 16:35:15.945108,2025-06-13 16:35:18.931811,0 days 00:00:02.986703,26,0.9621270706494086,0.11012035875168502,0.9960155281502657,0.002547056542310599,481,1505316.0,17.978333333333335,1.1926639183869951,0.8993333333333333,0.057592437775187945,480.0,6.0,18.41,"[0.8629999999999999, 0.9780000000000001]",1505316.0,"[8.629999999999999, 9.780000000000001]",0.004223519563674926,2.027289390563965,15.950000000000001,"[0.857, 0.738]",1506316.0,"[8.57, 7.38]",0.00467974841594696,2.246279239654541,17.0,"[0.85, 0.85]",1507316.0,"[8.5, 8.5]",0.004613277812798818,2.2143733501434326,18.419999999999998,"[0.9800000000000001, 0.8620000000000001]",1508316.0,"[9.8, 8.620000000000001]",0.004181174437204996,2.0069637298583984,18.41,"[0.865, 0.9759999999999998]",1509316.0,"[8.65, 9.759999999999998]",0.004217767218748728,2.0245282649993896,19.68,"[0.9810000000000001, 0.9869999999999999]",1510316.0,"[9.81, 9.87]",0.0039298713207244875,1.886338233947754,8.993333333333334,0.5759243777518791,0.0043075597948498195,0.0002600433250651982,2.0676287015279136,0.12482079603129519,COMPLETE
151,15.730000000000002,2025-06-13 16:35:20.165619,2025-06-13 16:35:23.642095,0 days 00:00:03.476476,27,0.9639599474155904,0.12220139691655833,0.9964896028871504,0.0027047789262159027,500,1515320.0,15.730000000000002,1.9544735011421028,0.8601666666666667,0.12486982110270768,500.0,6.0,14.71,"[0.8630000000000001, 0.608]",1515320.0,"[8.63, 6.08]",0.0045938525199890135,2.296926259994507,13.520000000000001,"[0.6120000000000001, 0.74]",1516320.0,"[6.120000000000001, 7.4]",0.004360208034515381,2.1801040172576904,15.99,"[0.9870000000000001, 0.612]",1517320.0,"[9.870000000000001, 6.12]",0.004538261890411377,2.2691309452056885,15.89,"[0.859, 0.7300000000000001]",1518320.0,"[8.59, 7.300000000000001]",0.004720066547393799,2.3600332736968994,19.680000000000003,"[0.986, 0.9819999999999999]",1519320.0,"[9.86, 9.819999999999999]",0.004128665447235108,2.0643327236175537,14.59,"[0.8540000000000001, 0.605]",1520320.0,"[8.540000000000001, 6.05]",0.004963919639587402,2.481959819793701,8.601666666666668,1.2486982110270768,0.0045508290131886795,0.00026326558112915114,2.27541450659434,0.13163279056457566,COMPLETE
152,16.37,2025-06-13 16:35:23.723715,2025-06-13 16:35:27.235403,0 days 00:00:03.511688,26,0.9295342522989203,0.09841523113180928,0.9930944948481746,0.002161108680948108,482,1525323.0,16.37,1.8440896579794241,0.8384999999999999,0.11208739150026348,480.0,6.0,18.400000000000002,"[0.982, 0.858]",1525323.0,"[9.82, 8.58]",0.004280933737754821,2.0548481941223145,13.46,"[0.732, 0.614]",1526323.0,"[7.32, 6.14]",0.005187574028968811,2.4900355339050293,16.04,"[0.8619999999999999, 0.742]",1527323.0,"[8.62, 7.42]",0.004379267990589142,2.102048635482788,14.71,"[0.733, 0.738]",1528323.0,"[7.33, 7.38]",0.005049112935860952,2.423574209213257,17.16,"[0.7369999999999999, 0.9789999999999999]",1529323.0,"[7.369999999999999, 9.79]",0.0047107035915056866,2.2611377239227295,18.450000000000003,"[0.985, 0.8600000000000001]",1530323.0,"[9.85, 8.600000000000001]",0.004149638613065084,1.9918265342712402,8.385,1.1208739150026346,0.004626205149624083,0.00038910837675623335,2.2205784718195596,0.18677202084299194,COMPLETE
153,16.195,2025-06-13 16:35:27.350889,2025-06-13 16:35:30.311062,0 days 00:00:02.960173,25,0.9730061352015044,0.11624432804020449,0.995661123063654,0.0016398854417361526,473,1535327.0,16.195,1.3191253415300104,0.8011666666666667,0.11795114336971146,470.0,6.0,16.04,"[0.984, 0.6199999999999999]",1535327.0,"[9.84, 6.199999999999999]",0.0045202189303459005,2.1245028972625732,14.75,"[0.7379999999999999, 0.7369999999999999]",1536327.0,"[7.379999999999999, 7.369999999999999]",0.004459016881090529,2.095737934112549,14.74,"[0.617, 0.857]",1537327.0,"[6.17, 8.57]",0.004557411214138599,2.1419832706451416,15.959999999999999,"[0.7379999999999999, 0.858]",1538327.0,"[7.379999999999999, 8.58]",0.00450127327695806,2.115598440170288,18.45,"[0.865, 0.9800000000000001]",1539327.0,"[8.65, 9.8]",0.004251318282269417,1.998119592666626,17.23,"[0.865, 0.8579999999999999]",1540327.0,"[8.65, 8.579999999999998]",0.004073503169607609,1.9145464897155762,8.011666666666667,1.1795114336971146,0.004393790292401686,0.0001738990229330578,2.0650814374287925,0.0817325407785372,COMPLETE
154,16.278333333333332,2025-06-13 16:35:30.376312,2025-06-13 16:35:33.649133,0 days 00:00:03.272821,30,0.9900831926034533,0.054457456569312265,0.9905550482820815,0.004596531064462412,455,1545330.0,16.278333333333332,2.2919090780880085,0.8561666666666667,0.07653630220722427,450.0,6.0,18.42,"[0.9890000000000001, 0.853]",1545330.0,"[9.89, 8.53]",0.00447746647728814,2.014859914779663,14.559999999999999,"[0.8550000000000001, 0.601]",1546330.0,"[8.55, 6.01]",0.005087582800123427,2.289412260055542,18.389999999999997,"[0.86, 0.9790000000000001]",1547330.0,"[8.6, 9.790000000000001]",0.004804362191094293,2.1619629859924316,17.099999999999998,"[0.724, 0.9860000000000001]",1548330.0,"[7.24, 9.860000000000001]",0.00467547787560357,2.1039650440216064,12.029999999999998,"[0.852, 0.351]",1549330.0,"[8.52, 3.51]",0.005148238605923123,2.3167073726654053,17.17,"[0.857, 0.86]",1550330.0,"[8.57, 8.6]",0.004434662395053439,1.9955980777740479,8.561666666666666,0.7653630220722424,0.004771298390847666,0.00027448604287858453,2.1470842758814492,0.12351871929536298,COMPLETE
155,14.661666666666667,2025-06-13 16:35:33.750598,2025-06-13 16:35:37.134544,0 days 00:00:03.383946,27,0.5855305436482081,0.06069703074515596,0.9975280516406235,0.0026637974364504577,492,1555333.0,14.661666666666667,1.9034041142705933,0.6926666666666668,0.059678769722201506,490.0,6.0,12.16,"[0.6100000000000001, 0.606]",1555333.0,"[6.100000000000001, 6.06]",0.004536165509905134,2.2227210998535156,15.89,"[0.73, 0.8590000000000002]",1556333.0,"[7.3, 8.590000000000002]",0.004276670728410994,2.0955686569213867,14.690000000000001,"[0.741, 0.728]",1557333.0,"[7.41, 7.279999999999999]",0.004061267813857721,1.9900212287902832,17.09,"[0.7290000000000001, 0.9800000000000001]",1558333.0,"[7.290000000000001, 9.8]",0.0037263009012961875,1.8258874416351318,15.99,"[0.7390000000000001, 0.8600000000000001]",1559333.0,"[7.390000000000001, 8.600000000000001]",0.004338378322367766,2.125805377960205,12.15,"[0.607, 0.608]",1560333.0,"[6.07, 6.08]",0.004824016532119439,2.3637681007385254,6.926666666666667,0.5967876972220149,0.004293799967992873,0.00034599559118491063,2.103961984316508,0.1695378396806063,COMPLETE
156,16.661666666666665,2025-06-13 16:35:38.584019,2025-06-13 16:35:41.801470,0 days 00:00:03.217451,28,0.9481440026926322,0.1066889049615821,0.971277969874649,0.05642603433375533,485,1565338.0,16.661666666666665,1.8312965959183722,0.8323333333333333,0.1314098761720578,480.0,6.0,19.519999999999996,"[0.9770000000000001, 0.975]",1565338.0,"[9.770000000000001, 9.75]",0.004382089773813883,2.103403091430664,14.670000000000002,"[0.609, 0.858]",1566338.0,"[6.09, 8.58]",0.00454570601383845,2.181938886642456,14.599999999999998,"[0.7269999999999999, 0.733]",1567338.0,"[7.269999999999999, 7.33]",0.00481138676404953,2.3094656467437744,15.749999999999998,"[0.8539999999999999, 0.7209999999999999]",1568338.0,"[8.54, 7.209999999999999]",0.005031681557496389,2.4152071475982666,17.130000000000003,"[0.85, 0.8629999999999999]",1569338.0,"[8.5, 8.629999999999999]",0.004457908868789673,2.139796257019043,18.299999999999997,"[0.977, 0.853]",1570338.0,"[9.77, 8.53]",0.004725495477517446,2.268237829208374,8.323333333333332,1.314098761720578,0.004659044742584229,0.00022229385558781209,2.2363414764404297,0.10670105068214975,COMPLETE
157,14.941666666666668,2025-06-13 16:35:41.926630,2025-06-13 16:35:45.214445,0 days 00:00:03.287815,25,0.9610276207672848,0.1281335975715977,0.9944208250087393,0.0873085271604995,464,1575342.0,14.941666666666668,2.226457699775339,0.7788333333333334,0.13473482186213862,460.0,6.0,18.35,"[0.983, 0.852]",1575342.0,"[9.83, 8.52]",0.005028265973796015,2.313002347946167,15.780000000000001,"[0.853, 0.725]",1576342.0,"[8.53, 7.25]",0.004999264426853346,2.299661636352539,16.020000000000003,"[0.8630000000000001, 0.739]",1577342.0,"[8.63, 7.39]",0.0041908647703087845,1.927797794342041,14.770000000000001,"[0.613, 0.8640000000000001]",1578342.0,"[6.13, 8.64]",0.004976750456768534,2.2893052101135254,13.58,"[0.618, 0.74]",1579342.0,"[6.18, 7.4]",0.005113721412161122,2.352311849594116,11.149999999999999,"[0.743, 0.37199999999999994]",1580342.0,"[7.43, 3.7199999999999993]",0.005331262298252272,2.452380657196045,7.788333333333334,1.347348218621386,0.004940021556356679,0.0003552282494271501,2.2724099159240723,0.16340499473648898,COMPLETE
158,15.64,2025-06-13 16:35:45.288193,2025-06-13 16:35:48.339928,0 days 00:00:03.051735,19,0.9998536023651271,0.14158651681185758,0.9913605836764626,0.003309706634377555,476,1585345.0,15.64,2.1867022354830725,0.7526666666666667,0.14839436946491233,470.0,6.0,15.110000000000001,"[0.6439999999999999, 0.867]",1585345.0,"[6.4399999999999995, 8.67]",0.004173261054018711,1.961432695388794,18.45,"[0.9790000000000001, 0.866]",1586345.0,"[9.790000000000001, 8.66]",0.004263030721786174,2.003624439239502,16.23,"[0.873, 0.7499999999999999]",1587345.0,"[8.73, 7.499999999999999]",0.004374026744923693,2.0557925701141357,15.040000000000001,"[0.7500000000000001, 0.754]",1588345.0,"[7.500000000000001, 7.54]",0.004190809168714158,1.9696803092956543,17.44,"[0.751, 0.993]",1589345.0,"[7.51, 9.93]",0.0042060162158722575,1.976827621459961,11.57,"[0.5189999999999999, 0.6379999999999999]",1590345.0,"[5.1899999999999995, 6.379999999999999]",0.004509789385694138,2.119601011276245,7.526666666666666,1.4839436946491233,0.004286155548501522,0.0001200878911229339,2.0144931077957153,0.056441308827779035,COMPLETE
159,14.618333333333332,2025-06-13 16:35:48.446380,2025-06-13 16:35:51.943537,0 days 00:00:03.497157,23,0.9791874315229665,0.0728201758132498,0.9752550726469398,0.0038379965849504993,494,1595348.0,14.618333333333332,2.3075486030754706,0.7025,0.16263737782768964,490.0,6.0,14.79,"[0.7390000000000001, 0.74]",1595348.0,"[7.390000000000001, 7.4]",0.004758340485241948,2.3315868377685547,16.0,"[0.744, 0.8560000000000001]",1596348.0,"[7.4399999999999995, 8.56]",0.005111620864089655,2.5046942234039307,13.610000000000001,"[0.62, 0.741]",1597348.0,"[6.2, 7.41]",0.004602683806905941,2.255315065383911,10.099999999999998,"[0.38899999999999996, 0.621]",1598348.0,"[3.8899999999999997, 6.21]",0.0049291975644170025,2.415306806564331,16.02,"[0.861, 0.7410000000000001]",1599348.0,"[8.61, 7.410000000000001]",0.0053538964719188455,2.6234092712402344,17.189999999999998,"[0.8620000000000001, 0.857]",1600348.0,"[8.620000000000001, 8.57]",0.004244605862364477,2.0798568725585938,7.025000000000001,1.6263737782768963,0.004833390842489645,0.00035661441089906385,2.368361512819926,0.17474106134054126,COMPLETE
160,15.475000000000001,2025-06-13 16:35:52.014786,2025-06-13 16:35:55.557840,0 days 00:00:03.543054,26,0.9430097565913621,0.15046719355097113,0.9646742587424089,0.04976850367970692,469,1605352.0,15.475000000000001,1.1328687773377226,0.8329999999999999,0.1287102689505905,460.0,6.0,14.54,"[0.8469999999999999, 0.607]",1605352.0,"[8.469999999999999, 6.07]",0.005413171519403872,2.4900588989257812,16.020000000000003,"[0.859, 0.743]",1606352.0,"[8.59, 7.43]",0.004810752557671588,2.2129461765289307,15.88,"[0.739, 0.8489999999999999]",1607352.0,"[7.39, 8.489999999999998]",0.004874362634575885,2.2422068119049072,17.02,"[0.9640000000000001, 0.738]",1608352.0,"[9.64, 7.38]",0.004944466507953146,2.2744545936584473,13.520000000000001,"[0.9810000000000002, 0.371]",1609352.0,"[9.810000000000002, 3.71]",0.004780777122663415,2.199157476425171,15.870000000000001,"[0.608, 0.9790000000000001]",1610352.0,"[6.08, 9.790000000000001]",0.00496613305547963,2.28442120552063,8.33,1.2871026895059052,0.004964943899624589,0.00021103952001211854,2.283874193827311,0.09707817920557457,COMPLETE
161,14.166666666666664,2025-06-13 16:35:56.955118,2025-06-13 16:36:00.381045,0 days 00:00:03.425927,29,0.9511318917045976,0.11089634656611351,0.9691668498079566,0.04195899648585695,483,1615357.0,14.166666666666664,3.4152484861605923,0.7284999999999999,0.14528219666107298,480.0,6.0,18.439999999999998,"[0.8579999999999999, 0.9860000000000001]",1615357.0,"[8.579999999999998, 9.860000000000001]",0.004345399638017018,2.085791826248169,8.219999999999999,"[0.4739999999999999, 0.34799999999999986]",1616357.0,"[4.739999999999999, 3.4799999999999986]",0.005523380637168884,2.6512227058410645,15.829999999999998,"[0.8560000000000001, 0.727]",1617357.0,"[8.56, 7.27]",0.004650345941384634,2.232166051864624,17.11,"[0.733, 0.978]",1618357.0,"[7.33, 9.78]",0.0050104036927223206,2.404993772506714,13.259999999999998,"[0.8450000000000001, 0.48099999999999987]",1619357.0,"[8.450000000000001, 4.809999999999999]",0.005459341903527578,2.6204841136932373,12.14,"[0.6049999999999999, 0.609]",1620357.0,"[6.049999999999999, 6.09]",0.004797238608201345,2.3026745319366455,7.284999999999999,1.4528219666107294,0.0049643517368369635,0.00042215271666803944,2.382888833681742,0.20263330400065893,COMPLETE
162,15.316666666666665,2025-06-13 16:36:00.462876,2025-06-13 16:36:03.729970,0 days 00:00:03.267094,27,0.9672641069950777,0.1008740194298698,0.9718811171512782,0.056067598197757244,485,1625360.0,15.316666666666665,2.7275976405784053,0.7773333333333333,0.18430831656644134,480.0,6.0,12.240000000000002,"[0.737, 0.487]",1625360.0,"[7.37, 4.87]",0.004945499698321024,2.373839855194092,17.040000000000003,"[0.8550000000000001, 0.849]",1626360.0,"[8.55, 8.49]",0.004851249357064565,2.328599691390991,18.45,"[0.985, 0.8600000000000001]",1627360.0,"[9.85, 8.600000000000001]",0.004438148438930511,2.1303112506866455,18.43,"[0.984, 0.859]",1628360.0,"[9.84, 8.59]",0.004369517664114634,2.0973684787750244,12.270000000000001,"[0.616, 0.611]",1629360.0,"[6.16, 6.109999999999999]",0.0048158605893452965,2.311613082885742,13.470000000000002,"[0.487, 0.86]",1630360.0,"[4.87, 8.6]",0.00502882053454717,2.4138338565826416,7.7733333333333325,1.8430831656644133,0.004741516047053866,0.0002490436412158812,2.275927702585856,0.1195409477836229,COMPLETE
163,13.781666666666666,2025-06-13 16:36:03.843245,2025-06-13 16:36:06.001089,0 days 00:00:02.157844,28,0.9818595758948792,0.10820945072281718,0.9703004058775369,0.07373825617799822,114,1635364.0,13.781666666666666,3.2581662361245805,0.6871666666666666,0.23346906766326794,110.0,6.0,8.44,"[0.23399999999999993, 0.61]",1635364.0,"[2.3399999999999994, 6.1]",0.010755016586997292,1.1830518245697021,12.14,"[0.728, 0.48600000000000004]",1636364.0,"[7.279999999999999, 4.86]",0.010743938792835582,1.181833267211914,13.309999999999997,"[0.7249999999999999, 0.606]",1637364.0,"[7.249999999999998, 6.06]",0.010471935705705123,1.1519129276275635,17.11,"[0.977, 0.7339999999999999]",1638364.0,"[9.77, 7.339999999999999]",0.009617796811190519,1.057957649230957,13.33,"[0.6049999999999998, 0.728]",1639364.0,"[6.049999999999997, 7.279999999999999]",0.010716360265558417,1.1787996292114258,18.359999999999996,"[0.8540000000000001, 0.9819999999999999]",1640364.0,"[8.540000000000001, 9.819999999999999]",0.009936579790982333,1.0930237770080566,6.871666666666666,2.334690676632679,0.01037360465887821,0.0004419670176517652,1.1410965124766033,0.048616371941694186,COMPLETE
164,15.241666666666665,2025-06-13 16:36:06.122887,2025-06-13 16:36:09.759130,0 days 00:00:03.636243,28,0.6535177925006754,0.04690440346727866,0.9733997624670351,0.0659248096705061,490,1645366.0,15.241666666666665,3.1492455004686786,0.7301666666666667,0.1620755139502023,490.0,6.0,15.799999999999997,"[0.6, 0.9799999999999999]",1645366.0,"[6.0, 9.799999999999999]",0.004650952864666374,2.2789669036865234,19.689999999999998,"[0.983, 0.9860000000000001]",1646366.0,"[9.83, 9.860000000000001]",0.0035826644118951293,1.7555055618286133,18.38,"[0.859, 0.9790000000000001]",1647366.0,"[8.59, 9.790000000000001]",0.00373842326962218,1.8318274021148682,14.620000000000001,"[0.7299999999999999, 0.732]",1648366.0,"[7.299999999999999, 7.32]",0.004802185661938726,2.3530709743499756,10.819999999999999,"[0.724, 0.35799999999999993]",1649366.0,"[7.24, 3.579999999999999]",0.005208463084941007,2.5521469116210938,12.14,"[0.485, 0.729]",1650366.0,"[4.85, 7.29]",0.004906073395086794,2.4039759635925293,7.301666666666667,1.6207551395020232,0.004481460448025034,0.0006055795975875592,2.195915619532267,0.2967340028179041,COMPLETE
165,15.898333333333332,2025-06-13 16:36:09.868928,2025-06-13 16:36:13.332730,0 days 00:00:03.463802,28,0.957328850825794,0.11590615889780931,0.9667666020209491,0.0014623681980051692,479,1655370.0,15.898333333333332,1.895181756161896,0.7516666666666666,0.1971231989278673,470.0,6.0,13.42,"[0.35199999999999987, 0.99]",1655370.0,"[3.5199999999999987, 9.9]",0.005555510520935059,2.6110899448394775,15.989999999999998,"[0.8599999999999998, 0.7389999999999999]",1656370.0,"[8.599999999999998, 7.389999999999999]",0.0043846698517495016,2.0607948303222656,19.63,"[0.9759999999999998, 0.9870000000000001]",1657370.0,"[9.759999999999998, 9.870000000000001]",0.004131291774993247,1.9417071342468262,15.779999999999998,"[0.7309999999999999, 0.8469999999999999]",1658370.0,"[7.309999999999999, 8.469999999999999]",0.004632953380016571,2.177488088607788,14.69,"[0.736, 0.733]",1659370.0,"[7.359999999999999, 7.33]",0.004769811224430165,2.2418112754821777,15.88,"[0.8550000000000001, 0.733]",1660370.0,"[8.55, 7.33]",0.004780304685552069,2.2467432022094727,7.516666666666666,1.9712319892786732,0.004709090239612769,0.00044160357469653347,2.2132724126180015,0.20755368010737074,COMPLETE
166,9.673333333333334,2025-06-13 16:36:14.771025,2025-06-13 16:36:16.932891,0 days 00:00:02.161866,21,0.9231468349571863,0.10469481304499503,0.9988754431276629,0.0003021481143710097,169,1665374.0,9.673333333333334,2.8342645528523893,0.4538333333333333,0.23544243221834268,160.0,6.0,4.279999999999999,"[0.03699999999999996, 0.3909999999999999]",1665374.0,"[0.36999999999999955, 3.9099999999999993]",0.008446891605854035,1.3515026569366455,11.479999999999999,"[0.5169999999999999, 0.631]",1666374.0,"[5.169999999999999, 6.3100000000000005]",0.00786554515361786,1.2584872245788574,7.8999999999999995,"[0.27699999999999997, 0.5129999999999999]",1667374.0,"[2.7699999999999996, 5.129999999999999]",0.007557186484336853,1.2091498374938965,12.709999999999999,"[0.754, 0.517]",1668374.0,"[7.54, 5.17]",0.007297351956367493,1.1675763130187988,11.46,"[0.6279999999999999, 0.518]",1669374.0,"[6.279999999999999, 5.18]",0.007118931412696839,1.1390290260314941,10.209999999999999,"[0.51, 0.5109999999999999]",1670374.0,"[5.1, 5.109999999999999]",0.007896254956722259,1.2634007930755615,4.538333333333333,2.354424322183427,0.00769702692826589,0.0004366304868600878,1.2315243085225422,0.06986087789761403,COMPLETE
167,14.315,2025-06-13 16:36:17.000947,2025-06-13 16:36:20.389868,0 days 00:00:03.388921,31,0.9374476611040692,0.13350562630129562,0.9950023582284736,0.03433378661945498,500,1675377.0,14.315,1.521389167833135,0.7051666666666666,0.13419813295604707,500.0,6.0,13.3,"[0.6000000000000001, 0.7300000000000001]",1675377.0,"[6.000000000000001, 7.300000000000001]",0.004617226600646973,2.3086133003234863,14.540000000000001,"[0.597, 0.8570000000000002]",1676377.0,"[5.97, 8.570000000000002]",0.0049449167251586915,2.4724583625793457,17.02,"[0.976, 0.726]",1677377.0,"[9.76, 7.26]",0.004849469661712647,2.4247348308563232,14.51,"[0.7270000000000001, 0.724]",1678377.0,"[7.270000000000001, 7.24]",0.004931090354919433,2.465545177459717,14.530000000000001,"[0.7300000000000001, 0.7230000000000001]",1679377.0,"[7.300000000000001, 7.23]",0.00493149995803833,2.465749979019165,11.99,"[0.601, 0.598]",1680377.0,"[6.01, 5.9799999999999995]",0.0047955079078674315,2.397753953933716,7.051666666666666,1.3419813295604706,0.004844951868057251,0.00011491105004120845,2.4224759340286255,0.05745552502060424,COMPLETE
168,16.985000000000003,2025-06-13 16:36:20.458917,2025-06-13 16:36:23.502358,0 days 00:00:03.043441,25,0.9891773262774994,0.06449800456923876,0.9966017230476895,0.05035647580669506,461,1685380.0,16.985000000000003,1.8997609498741332,0.8788333333333332,0.10879248850704518,460.0,6.0,19.69,"[0.983, 0.9860000000000001]",1685380.0,"[9.83, 9.860000000000001]",0.004099085538283639,1.8855793476104736,18.23,"[0.9709999999999999, 0.852]",1686380.0,"[9.709999999999999, 8.52]",0.004742323315661886,2.1814687252044678,16.06,"[0.865, 0.7409999999999999]",1687380.0,"[8.65, 7.409999999999998]",0.004233689930128014,1.9474973678588867,14.759999999999998,"[0.7319999999999999, 0.744]",1688380.0,"[7.3199999999999985, 7.4399999999999995]",0.00504459401835566,2.3205132484436035,14.760000000000002,"[0.74, 0.736]",1689380.0,"[7.4, 7.359999999999999]",0.004900396388509999,2.2541823387145996,18.41,"[0.982, 0.859]",1690380.0,"[9.82, 8.59]",0.004595899581909179,2.1141138076782227,8.788333333333332,1.087924885070452,0.00460266479547473,0.000339909382393228,2.1172258059183755,0.15635831590088486,COMPLETE
169,15.553333333333333,2025-06-13 16:36:23.575254,2025-06-13 16:36:26.706456,0 days 00:00:03.131202,24,0.9906233008259583,0.05958150058603965,0.9928426181989907,0.08764978440505845,453,1695383.0,15.553333333333333,3.3880558174596564,0.8183333333333332,0.16517936379046336,450.0,6.0,18.33,"[0.982, 0.851]",1695383.0,"[9.82, 8.51]",0.004768869082132975,2.145991086959839,19.68,"[0.9780000000000001, 0.99]",1696383.0,"[9.780000000000001, 9.9]",0.00429391966925727,1.9322638511657715,9.98,"[0.49899999999999983, 0.49899999999999994]",1697383.0,"[4.989999999999998, 4.989999999999999]",0.005251243379380968,2.3630595207214355,17.14,"[0.8629999999999999, 0.851]",1698383.0,"[8.629999999999999, 8.51]",0.0047110011842515735,2.119950532913208,12.319999999999999,"[0.738, 0.49399999999999994]",1699383.0,"[7.38, 4.9399999999999995]",0.005014693472120497,2.2566120624542236,15.870000000000001,"[0.85, 0.7369999999999999]",1700383.0,"[8.5, 7.369999999999999]",0.0050928868187798395,2.2917990684509277,8.183333333333334,1.6517936379046338,0.004855435600987186,0.0003114656621782886,2.1849460204442344,0.14015954798022984,COMPLETE
170,16.36,2025-06-13 16:36:26.774086,2025-06-13 16:36:29.877981,0 days 00:00:03.103895,25,0.9740405839222581,0.06425875434112659,0.9966571322270559,0.04339480770267585,462,1705386.0,16.36,2.6459528844381683,0.7575,0.24003662914924748,460.0,6.0,19.619999999999997,"[0.9820000000000002, 0.9799999999999999]",1705386.0,"[9.820000000000002, 9.799999999999999]",0.004179518119148586,1.9225783348083496,13.530000000000001,"[0.4929999999999999, 0.86]",1706386.0,"[4.929999999999999, 8.6]",0.004892511471458103,2.2505552768707275,17.169999999999998,"[0.859, 0.858]",1707386.0,"[8.59, 8.58]",0.004589690332827361,2.111257553100586,12.17,"[0.3659999999999999, 0.851]",1708386.0,"[3.659999999999999, 8.51]",0.00519831543383391,2.3912250995635986,17.2,"[0.983, 0.7369999999999999]",1709386.0,"[9.83, 7.369999999999999]",0.004553334609321926,2.094533920288086,18.470000000000002,"[0.8619999999999999, 0.9850000000000001]",1710386.0,"[8.62, 9.850000000000001]",0.004332567297894022,1.99298095703125,7.574999999999999,2.4003662914924746,0.0046243228774139845,0.000339264870788952,2.127188523610433,0.15606184056291794,COMPLETE
171,14.31,2025-06-13 16:36:31.335591,2025-06-13 16:36:34.954487,0 days 00:00:03.618896,25,0.9856404378988969,0.052024103539274086,0.9989517656664253,0.04904136472197454,490,1715391.0,14.31,3.1773364106853204,0.6588333333333333,0.19355827431436656,490.0,6.0,12.219999999999999,"[0.736, 0.48599999999999993]",1715391.0,"[7.359999999999999, 4.859999999999999]",0.004978397914341518,2.4394149780273438,18.3,"[0.859, 0.9710000000000001]",1716391.0,"[8.59, 9.71]",0.004615108334288305,2.2614030838012695,14.74,"[0.622, 0.852]",1717391.0,"[6.22, 8.52]",0.0046069665830962515,2.257413625717163,14.61,"[0.7380000000000001, 0.7229999999999999]",1718391.0,"[7.380000000000001, 7.229999999999999]",0.005276228457081074,2.5853519439697266,17.270000000000003,"[0.744, 0.983]",1719391.0,"[7.4399999999999995, 9.83]",0.0042609229379770705,2.0878522396087646,8.719999999999999,"[0.2539999999999999, 0.6179999999999999]",1720391.0,"[2.539999999999999, 6.179999999999999]",0.004495230986147511,2.2026631832122803,6.588333333333332,1.9355827431436652,0.004705475868821955,0.0003316487975807421,2.305683175722758,0.16250791081456364,COMPLETE
172,14.923333333333334,2025-06-13 16:36:35.087193,2025-06-13 16:36:38.177586,0 days 00:00:03.090393,26,0.7206446973399704,0.0682556113393511,0.9959177559120809,0.0627668624403351,473,1725395.0,14.923333333333334,1.5013512432324274,0.7163333333333334,0.08454518844315677,470.0,6.0,14.77,"[0.617, 0.8600000000000001]",1725395.0,"[6.17, 8.600000000000001]",0.004254590196812407,1.999657392501831,15.99,"[0.8629999999999999, 0.736]",1726395.0,"[8.629999999999999, 7.359999999999999]",0.004815817893819606,2.263434410095215,12.21,"[0.732, 0.489]",1727395.0,"[7.32, 4.89]",0.0044254363851344335,2.0799551010131836,17.14,"[0.733, 0.9810000000000001]",1728395.0,"[7.33, 9.81]",0.004087239630678867,1.9210026264190674,14.73,"[0.7390000000000001, 0.734]",1729395.0,"[7.390000000000001, 7.34]",0.004578698949610933,2.1519885063171387,14.7,"[0.6139999999999999, 0.8559999999999999]",1730395.0,"[6.139999999999999, 8.559999999999999]",0.004556235861270986,2.1414308547973633,7.163333333333333,0.8454518844315676,0.004453003152887872,0.0002352309303758873,2.0929114818573,0.11055853727666708,COMPLETE
173,16.098333333333333,2025-06-13 16:36:38.248685,2025-06-13 16:36:41.249648,0 days 00:00:03.000963,20,0.966867690320705,0.05867985021000032,0.9939409539663867,0.05652718264521729,486,1735398.0,16.098333333333333,2.4153841424410225,0.8051666666666666,0.14450307570736648,480.0,6.0,17.34,"[0.8699999999999999, 0.8640000000000001]",1735398.0,"[8.7, 8.64]",0.004678937792778015,2.2458901405334473,11.4,"[0.631, 0.5089999999999999]",1736398.0,"[6.3100000000000005, 5.089999999999999]",0.004631391664346059,2.2230679988861084,18.44,"[0.9790000000000001, 0.865]",1737398.0,"[9.790000000000001, 8.65]",0.004222696522871653,2.0268943309783936,18.259999999999998,"[0.9719999999999999, 0.8539999999999999]",1738398.0,"[9.719999999999999, 8.54]",0.004396267235279083,2.11020827293396,16.16,"[0.744, 0.8719999999999999]",1739398.0,"[7.4399999999999995, 8.719999999999999]",0.004189685980478922,2.011049270629883,14.99,"[0.6349999999999999, 0.8640000000000001]",1740398.0,"[6.349999999999999, 8.64]",0.004584024846553803,2.200331926345825,8.051666666666666,1.445030757073665,0.004450500673717922,0.00019390464743590378,2.136240323384603,0.09307423076923371,COMPLETE
174,17.576666666666664,2025-06-13 16:36:41.331254,2025-06-13 16:36:44.681374,0 days 00:00:03.350120,27,0.9818319822081163,0.07574700064479374,0.961430712894808,0.07566991605168333,500,1745401.0,17.576666666666664,1.3931459204101895,0.878,0.1330513685260947,500.0,6.0,18.35,"[0.975, 0.8600000000000001]",1745401.0,"[9.75, 8.600000000000001]",0.0044381628036499025,2.219081401824951,17.12,"[0.8479999999999999, 0.8640000000000001]",1746401.0,"[8.479999999999999, 8.64]",0.004834912300109863,2.4174561500549316,18.41,"[0.9830000000000002, 0.8580000000000002]",1747401.0,"[9.830000000000002, 8.580000000000002]",0.004828380584716797,2.4141902923583984,14.65,"[0.6100000000000001, 0.8550000000000001]",1748401.0,"[6.100000000000001, 8.55]",0.0049811253547668456,2.490562677383423,18.449999999999996,"[0.861, 0.9840000000000002]",1749401.0,"[8.61, 9.840000000000002]",0.0041483864784240725,2.074193239212036,18.48,"[0.991, 0.8569999999999999]",1750401.0,"[9.91, 8.569999999999999]",0.004163805961608887,2.0819029808044434,8.78,1.330513685260947,0.004565795580546061,0.00033316403680574015,2.2828977902730307,0.1665820184028701,COMPLETE
175,16.52,2025-06-13 16:36:44.809969,2025-06-13 16:36:48.680149,0 days 00:00:03.870180,37,0.9954417077483677,0.07708307581575576,0.96583170561711,0.00246660399571963,500,1755405.0,16.52,2.4144564605724415,0.8039999999999999,0.18617733481817816,500.0,6.0,15.579999999999998,"[0.7129999999999999, 0.845]",1755405.0,"[7.129999999999999, 8.45]",0.005063771724700928,2.531885862350464,15.68,"[0.579, 0.9890000000000001]",1756405.0,"[5.789999999999999, 9.89]",0.00476284122467041,2.381420612335205,12.969999999999999,"[0.578, 0.719]",1757405.0,"[5.779999999999999, 7.1899999999999995]",0.005447267055511474,2.7236335277557373,19.669999999999998,"[0.9869999999999999, 0.9800000000000001]",1758405.0,"[9.87, 9.8]",0.00445855188369751,2.229275941848755,15.549999999999999,"[0.9780000000000001, 0.577]",1759405.0,"[9.780000000000001, 5.77]",0.005616379261016846,2.808189630508423,19.67,"[0.9890000000000001, 0.978]",1760405.0,"[9.89, 9.78]",0.004298638820648193,2.1493194103240967,8.04,1.8617733481817818,0.00494124166170756,0.0004838458161061707,2.4706208308537803,0.2419229080530854,COMPLETE
176,16.62666666666667,2025-06-13 16:36:50.171197,2025-06-13 16:36:52.881521,0 days 00:00:02.710324,26,0.9801027757476498,0.0715563214022204,0.9601414567994042,0.003000905461482624,330,1765410.0,16.62666666666667,1.5284923581388585,0.8613333333333334,0.12122797623577747,330.0,6.0,16.07,"[0.8630000000000001, 0.744]",1765410.0,"[8.63, 7.4399999999999995]",0.00500652501077363,1.6521532535552979,19.68,"[0.983, 0.9850000000000001]",1766410.0,"[9.83, 9.850000000000001]",0.004756714358474269,1.5697157382965088,16.01,"[0.9860000000000001, 0.615]",1767410.0,"[9.860000000000001, 6.15]",0.004973880449930827,1.6413805484771729,17.240000000000002,"[0.8620000000000001, 0.8619999999999999]",1768410.0,"[8.620000000000001, 8.62]",0.004692495952952992,1.5485236644744873,14.87,"[0.621, 0.866]",1769410.0,"[6.21, 8.66]",0.004981213627439557,1.6438004970550537,15.890000000000002,"[0.853, 0.736]",1770410.0,"[8.53, 7.359999999999999]",0.005273645574396307,1.7403030395507812,8.613333333333333,1.2122797623577748,0.004947412495661264,0.00018846467550953758,1.632646123568217,0.0621933429181474,COMPLETE
177,15.461666666666666,2025-06-13 16:36:53.013659,2025-06-13 16:36:56.235646,0 days 00:00:03.221987,22,0.9893803044021258,0.06302998938752458,0.9970944596030711,0.07609761366606112,492,1775413.0,15.461666666666666,2.6266481598332803,0.725,0.18630619957478603,490.0,6.0,14.950000000000001,"[0.7500000000000001, 0.745]",1775413.0,"[7.500000000000001, 7.45]",0.004280174994955257,2.097285747528076,12.499999999999998,"[0.391, 0.859]",1776413.0,"[3.91, 8.59]",0.004240484140357193,2.0778372287750244,13.73,"[0.75, 0.623]",1777413.0,"[7.5, 6.23]",0.0041793662674573006,2.047889471054077,13.61,"[0.618, 0.7430000000000001]",1778413.0,"[6.18, 7.4300000000000015]",0.004404737511459662,2.1583213806152344,19.71,"[0.982, 0.9890000000000001]",1779413.0,"[9.82, 9.89]",0.004043016141774703,1.9810779094696045,18.27,"[0.859, 0.9680000000000002]",1780413.0,"[8.59, 9.680000000000001]",0.004402157238551549,2.157057046890259,7.25,1.8630619957478602,0.0042583227157592775,0.00012616948967872428,2.086578130722046,0.06182304994257495,COMPLETE
178,14.75,2025-06-13 16:36:56.373466,2025-06-13 16:36:59.604127,0 days 00:00:03.230661,24,0.9729742553492747,0.06880022955341555,0.9629417320505028,0.09866841059694656,466,1785416.0,14.75,2.900724047543992,0.6995,0.1796902427326908,460.0,6.0,11.179999999999998,"[0.6220000000000001, 0.496]",1785416.0,"[6.220000000000001, 4.96]",0.004672634601593018,2.149411916732788,14.779999999999998,"[0.7389999999999999, 0.739]",1786416.0,"[7.389999999999999, 7.39]",0.00457588123238605,2.104905366897583,12.35,"[0.37799999999999995, 0.857]",1787416.0,"[3.7799999999999994, 8.57]",0.0047534937443940535,2.1866071224212646,13.39,"[0.7340000000000001, 0.605]",1788416.0,"[7.340000000000001, 6.05]",0.004717801964801291,2.1701889038085938,17.08,"[0.742, 0.966]",1789416.0,"[7.42, 9.66]",0.0046885894692462425,2.1567511558532715,19.72,"[0.982, 0.99]",1790416.0,"[9.82, 9.9]",0.004053175449371338,1.8644607067108154,6.995,1.7969024273269079,0.004576929410298666,0.00024047411619392947,2.105387528737386,0.11061809344920756,COMPLETE
179,16.121666666666666,2025-06-13 16:36:59.674938,2025-06-13 16:37:03.209642,0 days 00:00:03.534704,29,0.9991555603992256,0.05541563938873399,0.991273365494317,0.004227073793346811,479,1795419.0,16.121666666666666,2.656008387704293,0.7958333333333334,0.17438503057570306,470.0,6.0,10.889999999999999,"[0.48199999999999993, 0.6069999999999999]",1795419.0,"[4.819999999999999, 6.0699999999999985]",0.005844772622940388,2.7470431327819824,17.16,"[0.733, 0.9830000000000002]",1796419.0,"[7.33, 9.830000000000002]",0.004981156105690814,2.3411433696746826,18.45,"[0.984, 0.8610000000000001]",1797419.0,"[9.84, 8.610000000000001]",0.004803571295230947,2.257678508758545,18.450000000000003,"[0.986, 0.8590000000000002]",1798419.0,"[9.86, 8.590000000000002]",0.004956365646199977,2.3294918537139893,17.099999999999998,"[0.86, 0.85]",1799419.0,"[8.6, 8.5]",0.00538779116691427,2.532261848449707,14.68,"[0.73, 0.738]",1800419.0,"[7.3, 7.38]",0.005238664403874823,2.462172269821167,7.958333333333332,1.7438503057570307,0.0052020535401418695,0.0003456570935724197,2.4449651638666787,0.16245883397903726,COMPLETE
180,17.654999999999998,2025-06-13 16:37:03.282373,2025-06-13 16:37:06.153223,0 days 00:00:02.870850,23,0.9616375055081677,0.03472431898903272,0.9935317894127841,0.07091608720140405,457,1805423.0,17.654999999999998,1.525032786532801,0.8853333333333332,0.11157907012020175,450.0,6.0,16.029999999999998,"[0.739, 0.8640000000000001]",1805423.0,"[7.39, 8.64]",0.004495035807291666,2.02276611328125,17.31,"[0.9880000000000001, 0.743]",1806423.0,"[9.88, 7.43]",0.004485322104560005,2.018394947052002,17.23,"[0.8619999999999999, 0.861]",1807423.0,"[8.62, 8.61]",0.004263340102301704,1.9185030460357666,19.679999999999996,"[0.9860000000000001, 0.982]",1808423.0,"[9.860000000000001, 9.82]",0.0041982995139227975,1.8892347812652588,15.99,"[0.7429999999999999, 0.8560000000000001]",1809423.0,"[7.429999999999999, 8.56]",0.00430337217119005,1.9365174770355225,19.69,"[0.994, 0.975]",1810423.0,"[9.94, 9.75]",0.004104127883911133,1.8468575477600098,8.853333333333333,1.1157907012020176,0.004308249597196226,0.0001426178505706281,1.9387123187383015,0.06417803275678263,COMPLETE
181,14.628333333333332,2025-06-13 16:37:07.599526,2025-06-13 16:37:10.891152,0 days 00:00:03.291626,23,0.9665103469338965,0.04375087491001921,0.9930851240146713,0.0659995824247004,450,1815427.0,14.628333333333332,1.5929785169786679,0.7423333333333332,0.0975357484321632,450.0,6.0,13.76,"[0.7489999999999999, 0.627]",1815427.0,"[7.489999999999998, 6.27]",0.004911100069681804,2.2099950313568115,13.57,"[0.6209999999999999, 0.736]",1816427.0,"[6.209999999999999, 7.359999999999999]",0.005271783934699165,2.372302770614624,12.479999999999997,"[0.624, 0.6239999999999999]",1817427.0,"[6.24, 6.239999999999998]",0.005104757944742838,2.2971410751342773,17.259999999999998,"[0.869, 0.8569999999999999]",1818427.0,"[8.69, 8.569999999999999]",0.004318051338195801,1.9431231021881104,15.97,"[0.853, 0.744]",1819427.0,"[8.53, 7.4399999999999995]",0.004830922020806206,2.173914909362793,14.729999999999999,"[0.738, 0.7350000000000001]",1820427.0,"[7.38, 7.350000000000001]",0.0048623259862264,2.18804669380188,7.423333333333333,0.9753574843216317,0.004883156882392035,0.00029536009700508527,2.197420597076416,0.13291204365228837,COMPLETE
182,15.626666666666667,2025-06-13 16:37:10.997451,2025-06-13 16:37:14.033133,0 days 00:00:03.035682,24,0.9568388915772196,0.03388101470209004,0.9949436422351634,0.08167251220509386,459,1825431.0,15.626666666666667,2.9979752426522075,0.8228333333333332,0.17815294615083477,450.0,6.0,11.199999999999998,"[0.7449999999999999, 0.375]",1825431.0,"[7.449999999999999, 3.75]",0.004802472856309679,2.1611127853393555,17.21,"[0.978, 0.7430000000000001]",1826431.0,"[9.78, 7.4300000000000015]",0.004618328942192926,2.0782480239868164,13.619999999999997,"[0.49899999999999983, 0.8630000000000001]",1827431.0,"[4.989999999999998, 8.63]",0.004467918078104655,2.0105631351470947,18.35,"[0.976, 0.859]",1828431.0,"[9.76, 8.59]",0.004552932315402561,2.0488195419311523,13.68,"[0.752, 0.6159999999999999]",1829431.0,"[7.52, 6.159999999999998]",0.004686491224500868,2.1089210510253906,19.7,"[0.9869999999999999, 0.983]",1830431.0,"[9.87, 9.83]",0.004101671642727322,1.845752239227295,8.228333333333333,1.7815294615083477,0.004538302509873002,0.00022134611303678615,2.0422361294428506,0.09960575086655381,COMPLETE
183,15.225000000000001,2025-06-13 16:37:14.104852,2025-06-13 16:37:17.354229,0 days 00:00:03.249377,23,0.9834122586051308,0.04892494724503922,0.9886905658604191,0.04796271881377752,500,1835434.0,15.225000000000001,1.1341920766195945,0.7836666666666666,0.11263904986973015,500.0,6.0,13.69,"[0.6279999999999999, 0.741]",1835434.0,"[6.279999999999999, 7.41]",0.00443131160736084,2.21565580368042,17.28,"[0.983, 0.745]",1836434.0,"[9.83, 7.45]",0.004594297885894776,2.2971489429473877,14.809999999999999,"[0.745, 0.736]",1837434.0,"[7.45, 7.359999999999999]",0.004756485462188721,2.3782427310943604,15.99,"[0.866, 0.7329999999999999]",1838434.0,"[8.66, 7.329999999999998]",0.004496521472930908,2.248260736465454,14.75,"[0.7340000000000001, 0.741]",1839434.0,"[7.340000000000001, 7.41]",0.0047733550071716304,2.3866775035858154,14.83,"[0.7460000000000001, 0.7369999999999999]",1840434.0,"[7.460000000000001, 7.369999999999999]",0.004124328136444092,2.062164068222046,7.836666666666667,1.1263904986973015,0.004529383261998495,0.00021987842532167844,2.264691630999247,0.10993921266083928,COMPLETE
184,15.558333333333335,2025-06-13 16:37:17.445667,2025-06-13 16:37:20.707000,0 days 00:00:03.261333,21,0.976549883119133,0.03972495221636995,0.9973530108490138,0.07089992128844552,475,1845437.0,15.558333333333335,1.762057667110309,0.7875000000000001,0.12935448710165928,470.0,6.0,18.46,"[0.983, 0.8629999999999999]",1845437.0,"[9.83, 8.629999999999999]",0.004149340568704808,1.9501900672912598,15.02,"[0.631, 0.8710000000000001]",1846437.0,"[6.3100000000000005, 8.71]",0.004346177933063913,2.042703628540039,12.569999999999999,"[0.631, 0.6259999999999999]",1847437.0,"[6.3100000000000005, 6.259999999999999]",0.0045767332645172765,2.15106463432312,16.16,"[0.7509999999999999, 0.8650000000000002]",1848437.0,"[7.509999999999999, 8.650000000000002]",0.004344018976739112,2.041688919067383,16.13,"[0.8640000000000001, 0.7489999999999999]",1849437.0,"[8.64, 7.489999999999998]",0.004448511245402884,2.0908002853393555,15.01,"[0.865, 0.636]",1850437.0,"[8.65, 6.36]",0.004515622017231394,2.122342348098755,7.875,1.2935448710165927,0.004396734000943231,0.00013889641130409273,2.066464980443319,0.06528131331292356,COMPLETE
185,14.893333333333333,2025-06-13 16:37:20.843693,2025-06-13 16:37:23.219485,0 days 00:00:02.375792,22,0.8827989676845811,0.06482727261292319,0.9683302777040375,0.0033894313620938562,238,1855441.0,14.893333333333333,1.6941238312341744,0.7075,0.0887970532544108,230.0,6.0,13.739999999999998,"[0.7490000000000001, 0.6250000000000001]",1855441.0,"[7.490000000000001, 6.250000000000001]",0.006286048889160156,1.445791244506836,13.699999999999998,"[0.628, 0.742]",1856441.0,"[6.28, 7.42]",0.0064850682797639265,1.4915657043457031,13.69,"[0.626, 0.7430000000000001]",1857441.0,"[6.26, 7.4300000000000015]",0.006740129512289296,1.550229787826538,18.5,"[0.867, 0.983]",1858441.0,"[8.67, 9.83]",0.0058277088662852415,1.3403730392456055,14.93,"[0.631, 0.8620000000000001]",1859441.0,"[6.3100000000000005, 8.620000000000001]",0.006595467484515646,1.5169575214385986,14.8,"[0.744, 0.736]",1860441.0,"[7.4399999999999995, 7.359999999999999]",0.006534170067828635,1.502859115600586,7.075,0.8879705325441078,0.00641143218330715,0.0002940667924285545,1.4746294021606445,0.06763536225856755,COMPLETE
186,14.488333333333335,2025-06-13 16:37:24.774879,2025-06-13 16:37:27.638025,0 days 00:00:02.863146,27,0.524948117507682,0.036380356169950966,0.9923433966212356,0.0018826184213482722,444,1865444.0,14.488333333333335,2.9346346545278097,0.7535000000000002,0.14831582293650716,440.0,6.0,14.58,"[0.728, 0.7300000000000001]",1865444.0,"[7.279999999999999, 7.300000000000001]",0.004195156422528354,1.8458688259124756,15.93,"[0.8550000000000001, 0.7380000000000001]",1866444.0,"[8.55, 7.380000000000001]",0.0039147626269947396,1.7224955558776855,13.530000000000001,"[0.7390000000000001, 0.614]",1867444.0,"[7.390000000000001, 6.14]",0.004001468961889094,1.7606463432312012,19.57,"[0.9770000000000001, 0.9800000000000002]",1868444.0,"[9.770000000000001, 9.800000000000002]",0.0035807219418612394,1.5755176544189453,9.809999999999999,"[0.488, 0.493]",1869444.0,"[4.88, 4.93]",0.0046983876011588354,2.0672905445098877,13.51,"[0.734, 0.617]",1870444.0,"[7.34, 6.17]",0.004334525628523393,1.907191276550293,7.535000000000001,1.4831582293650718,0.004120837197159276,0.00034956891432735886,1.8131683667500813,0.15381032230403793,COMPLETE
187,16.403333333333332,2025-06-13 16:37:27.716280,2025-06-13 16:37:30.933743,0 days 00:00:03.217463,26,0.9607428090891716,0.07489917557655039,0.9954498791617523,0.005644166034898681,493,1875447.0,16.403333333333332,0.9067830807616307,0.7198333333333333,0.08437894023721537,490.0,6.0,14.780000000000001,"[0.617, 0.861]",1875447.0,"[6.17, 8.61]",0.004661134311131069,2.2839558124542236,17.24,"[0.7370000000000001, 0.9869999999999999]",1876447.0,"[7.370000000000001, 9.87]",0.004209096577702736,2.062457323074341,16.03,"[0.619, 0.984]",1877447.0,"[6.1899999999999995, 9.84]",0.004558658113284987,2.2337424755096436,15.969999999999999,"[0.742, 0.8549999999999999]",1878447.0,"[7.42, 8.549999999999999]",0.004299565237395617,2.1067869663238525,17.23,"[0.74, 0.983]",1879447.0,"[7.4, 9.83]",0.004106372716475506,2.012122631072998,17.169999999999998,"[0.8640000000000001, 0.853]",1880447.0,"[8.64, 8.53]",0.004128168553722148,2.0228025913238525,7.198333333333333,0.8437894023721536,0.004327165918285344,0.0002114140012729505,2.1203112999598184,0.1035928606237457,COMPLETE
188,15.600000000000003,2025-06-13 16:37:31.027699,2025-06-13 16:37:34.204702,0 days 00:00:03.177003,25,0.9884292413552083,0.05959044333112097,0.9619647586121294,0.03783497741371128,469,1885451.0,15.600000000000003,2.492916631845786,0.7808333333333334,0.13703213329564554,460.0,6.0,18.410000000000004,"[0.86, 0.9810000000000001]",1885451.0,"[8.6, 9.81]",0.004405931804491126,2.026728630065918,11.139999999999999,"[0.49399999999999994, 0.6199999999999999]",1886451.0,"[4.9399999999999995, 6.199999999999999]",0.004859015734299369,2.23514723777771,16.1,"[0.8710000000000001, 0.739]",1887451.0,"[8.71, 7.39]",0.0045994188474572225,2.1157326698303223,13.56,"[0.733, 0.623]",1888451.0,"[7.33, 6.23]",0.0047455119050067406,2.1829354763031006,17.18,"[0.859, 0.859]",1889451.0,"[8.59, 8.59]",0.00465037667233011,2.1391732692718506,17.21,"[0.868, 0.853]",1890451.0,"[8.68, 8.53]",0.0046650803607443106,2.145936965942383,7.808333333333334,1.3703213329564554,0.004654222554054813,0.00013847888985929878,2.140942374865214,0.06370028933527744,COMPLETE
189,16.361666666666665,2025-06-13 16:37:34.283034,2025-06-13 16:37:38.121944,0 days 00:00:03.838910,39,0.9720810633839418,0.05158907943135941,0.986402482508345,0.08552431965200906,482,1895454.0,16.361666666666665,2.0233752054975427,0.8853333333333334,0.1021186673543198,480.0,6.0,15.41,"[0.834, 0.7069999999999999]",1895454.0,"[8.34, 7.0699999999999985]",0.0054527143637339275,2.617302894592285,18.12,"[0.977, 0.835]",1896454.0,"[9.77, 8.35]",0.005017285048961639,2.408296823501587,14.069999999999999,"[0.8389999999999999, 0.568]",1897454.0,"[8.389999999999999, 5.68]",0.005974147220452627,2.8675906658172607,19.56,"[0.983, 0.9730000000000001]",1898454.0,"[9.83, 9.73]",0.004919460415840149,2.3613409996032715,16.849999999999998,"[0.9730000000000001, 0.712]",1899454.0,"[9.73, 7.119999999999999]",0.005279461046059927,2.5341413021087646,14.159999999999998,"[0.7060000000000001, 0.71]",1900454.0,"[7.0600000000000005, 7.1]",0.004746932784716288,2.2785277366638184,8.853333333333333,1.021186673543198,0.005231666813294092,0.0004043148354946018,2.5112000703811646,0.19407112103740884,COMPLETE
190,16.544999999999998,2025-06-13 16:37:38.226391,2025-06-13 16:37:41.878206,0 days 00:00:03.651815,35,0.8284414111700946,0.04442609838616355,0.9989147677444047,0.006942210921342294,490,1905458.0,16.544999999999998,1.4664554772193619,0.8261666666666666,0.1436122286653272,490.0,6.0,16.890000000000004,"[0.7150000000000001, 0.974]",1905458.0,"[7.15, 9.74]",0.0050994970360580755,2.498753547668457,15.7,"[0.8480000000000001, 0.7219999999999999]",1906458.0,"[8.48, 7.219999999999999]",0.004477690677253568,2.194068431854248,18.32,"[0.976, 0.8560000000000001]",1907458.0,"[9.76, 8.56]",0.00401032457546312,1.9650590419769287,14.29,"[0.577, 0.852]",1908458.0,"[5.77, 8.52]",0.00547635555267334,2.6834142208099365,15.740000000000002,"[0.8550000000000001, 0.719]",1909458.0,"[8.55, 7.1899999999999995]",0.004752368829688248,2.328660726547241,18.33,"[0.986, 0.8470000000000001]",1910458.0,"[9.86, 8.47]",0.0046900447534055124,2.298121929168701,8.261666666666667,1.4361222866532717,0.0047510469040903105,0.0004609060524174926,2.328012983004252,0.22584396568457146,COMPLETE
191,15.826666666666663,2025-06-13 16:37:43.450042,2025-06-13 16:37:46.190604,0 days 00:00:02.740562,28,0.9439945651861241,0.1600642383107934,0.9704009682492625,0.05647517116868618,346,1915463.0,15.826666666666663,1.2672498657416476,0.8536666666666667,0.071906575190003,340.0,6.0,14.539999999999997,"[0.851, 0.603]",1915463.0,"[8.51, 6.029999999999999]",0.005798791436588063,1.9715890884399414,18.36,"[0.9790000000000001, 0.857]",1916463.0,"[9.790000000000001, 8.57]",0.005401164643904742,1.8363959789276123,14.579999999999998,"[0.8570000000000002, 0.6009999999999999]",1917463.0,"[8.570000000000002, 6.009999999999999]",0.005653185704175163,1.9220831394195557,15.9,"[0.7300000000000001, 0.86]",1918463.0,"[7.300000000000001, 8.6]",0.005468030536876005,1.8591303825378418,15.789999999999997,"[0.853, 0.7259999999999999]",1919463.0,"[8.53, 7.259999999999999]",0.005686555890476002,1.9334290027618408,15.789999999999997,"[0.8519999999999998, 0.727]",1920463.0,"[8.519999999999998, 7.27]",0.005449896700241987,1.8529648780822754,8.536666666666667,0.7190657519000302,0.0055762708187103265,0.00014488079636169058,1.8959320783615112,0.04925947076297484,COMPLETE
192,16.911666666666665,2025-06-13 16:37:46.262993,2025-06-13 16:37:49.603711,0 days 00:00:03.340718,27,0.954373251217988,0.06977651316207145,0.9760591645716443,0.057591152440336295,485,1925466.0,16.911666666666665,2.171339192500537,0.7943333333333333,0.13705554429581543,480.0,6.0,18.29,"[0.852, 0.977]",1925466.0,"[8.52, 9.77]",0.00447323073943456,2.147150754928589,17.229999999999997,"[0.8620000000000001, 0.861]",1926466.0,"[8.620000000000001, 8.61]",0.004722658296426137,2.266875982284546,19.599999999999998,"[0.9800000000000001, 0.9800000000000001]",1927466.0,"[9.8, 9.8]",0.004365247984727223,2.0953190326690674,14.680000000000001,"[0.609, 0.859]",1928466.0,"[6.09, 8.59]",0.004971278210481008,2.386213541030884,18.259999999999998,"[0.85, 0.976]",1929466.0,"[8.5, 9.76]",0.004457429051399231,2.139565944671631,13.41,"[0.6130000000000001, 0.728]",1930466.0,"[6.130000000000001, 7.279999999999999]",0.005039221545060476,2.4188263416290283,7.943333333333334,1.3705554429581543,0.004671510971254772,0.00026033012641980477,2.242325266202291,0.12495846068150626,COMPLETE
193,15.079999999999998,2025-06-13 16:37:49.697447,2025-06-13 16:37:53.306964,0 days 00:00:03.609517,26,0.9511407537633184,0.07048230076056021,0.9779965130914386,0.06525471423750642,492,1935469.0,15.079999999999998,1.6700997974173073,0.7130000000000001,0.10967983710175115,490.0,6.0,13.45,"[0.6140000000000001, 0.7309999999999999]",1935469.0,"[6.140000000000001, 7.309999999999999]",0.005173140642594318,2.534838914871216,14.739999999999998,"[0.739, 0.735]",1936469.0,"[7.39, 7.35]",0.00509141951191182,2.494795560836792,13.46,"[0.609, 0.737]",1937469.0,"[6.09, 7.37]",0.005133196772361288,2.5152664184570312,14.559999999999999,"[0.608, 0.8479999999999999]",1938469.0,"[6.08, 8.479999999999999]",0.005023680414472307,2.4616034030914307,18.279999999999998,"[0.8470000000000001, 0.9810000000000001]",1939469.0,"[8.47, 9.81]",0.00489033047033816,2.3962619304656982,15.99,"[0.861, 0.738]",1940469.0,"[8.61, 7.38]",0.0042854751859392436,2.0998828411102295,7.13,1.0967983710175113,0.004932873832936189,0.00030336307545303696,2.417108178138733,0.1486479069719881,COMPLETE
194,16.328333333333333,2025-06-13 16:37:53.425116,2025-06-13 16:37:57.067483,0 days 00:00:03.642367,27,0.9616999307933448,0.08025197067697193,0.9676000176166853,0.045909248228542164,481,1945473.0,16.328333333333333,1.5363313083084935,0.8168333333333334,0.09075133913918601,480.0,6.0,14.68,"[0.7369999999999999, 0.7310000000000001]",1945473.0,"[7.369999999999999, 7.3100000000000005]",0.005669210851192474,2.7212212085723877,18.419999999999998,"[0.982, 0.8600000000000001]",1946473.0,"[9.82, 8.600000000000001]",0.00505571166674296,2.426741600036621,15.850000000000001,"[0.7390000000000001, 0.8459999999999999]",1947473.0,"[7.390000000000001, 8.459999999999999]",0.005134520928064982,2.4645700454711914,18.36,"[0.8530000000000001, 0.983]",1948473.0,"[8.530000000000001, 9.83]",0.005260367691516876,2.5249764919281006,14.73,"[0.8560000000000001, 0.6170000000000001]",1949473.0,"[8.56, 6.170000000000001]",0.005240305264790853,2.5153465270996094,15.93,"[0.7340000000000001, 0.859]",1950473.0,"[7.340000000000001, 8.59]",0.005234321455160776,2.512474298477173,8.168333333333335,0.9075133913918604,0.005265739642911487,0.00019398538853259188,2.5275550285975137,0.09311298649564408,COMPLETE
195,15.340000000000002,2025-06-13 16:37:57.149162,2025-06-13 16:38:00.657500,0 days 00:00:03.508338,25,0.9814280308207425,0.06612869564988236,0.9968737259997539,0.07333757760566871,458,1955477.0,15.340000000000002,2.0547019248543092,0.7368333333333332,0.11872996907081025,450.0,6.0,17.14,"[0.858, 0.8560000000000001]",1955477.0,"[8.58, 8.56]",0.005216502613491482,2.347426176071167,16.029999999999998,"[0.74, 0.8629999999999999]",1956477.0,"[7.4, 8.629999999999999]",0.004434692594740126,1.9956116676330566,11.099999999999998,"[0.49799999999999994, 0.6119999999999999]",1957477.0,"[4.9799999999999995, 6.119999999999999]",0.005812175538804796,2.615478992462158,14.73,"[0.733, 0.74]",1958477.0,"[7.33, 7.4]",0.005272361437479655,2.3725626468658447,17.01,"[0.85, 0.851]",1959477.0,"[8.5, 8.51]",0.005397356351216634,2.4288103580474854,16.03,"[0.742, 0.861]",1960477.0,"[7.42, 8.61]",0.004713767369588216,2.1211953163146973,7.368333333333333,1.1872996907081026,0.005141142650886817,0.00045102649658263524,2.3135141928990683,0.20296192346218583,COMPLETE
196,15.521666666666667,2025-06-13 16:38:02.503508,2025-06-13 16:38:06.075284,0 days 00:00:03.571776,27,0.9919144994677203,0.17459883795946357,0.9941017501121848,0.003981224728900987,500,1965482.0,15.521666666666667,2.620384301755925,0.8188333333333334,0.11540279700057345,500.0,6.0,18.42,"[0.86, 0.982]",1965482.0,"[8.6, 9.82]",0.004760200500488281,2.3801002502441406,18.32,"[0.9800000000000001, 0.8520000000000001]",1966482.0,"[9.8, 8.520000000000001]",0.005245759963989258,2.622879981994629,14.7,"[0.861, 0.609]",1967482.0,"[8.61, 6.09]",0.005360020637512207,2.6800103187561035,12.280000000000003,"[0.616, 0.612]",1968482.0,"[6.16, 6.12]",0.005414510726928711,2.7072553634643555,17.2,"[0.8630000000000001, 0.857]",1969482.0,"[8.63, 8.57]",0.00475129508972168,2.37564754486084,12.21,"[0.733, 0.488]",1970482.0,"[7.33, 4.88]",0.005493551254272461,2.7467756271362305,8.188333333333334,1.154027970005734,0.005170889695485434,0.0003026447331144718,2.5854448477427163,0.1513223665572359,COMPLETE
197,15.751666666666665,2025-06-13 16:38:06.165261,2025-06-13 16:38:09.537655,0 days 00:00:03.372394,24,0.971397492567826,0.056147291964782665,0.9648059362149354,0.05742077989467457,469,1975486.0,15.751666666666665,2.54317004718302,0.7759999999999999,0.13377593206552518,460.0,6.0,17.21,"[0.8589999999999998, 0.8620000000000001]",1975486.0,"[8.589999999999998, 8.620000000000001]",0.005031823075335958,2.314638614654541,14.6,"[0.6089999999999999, 0.851]",1976486.0,"[6.089999999999999, 8.51]",0.005472259936125382,2.517239570617676,14.790000000000001,"[0.736, 0.743]",1977486.0,"[7.359999999999999, 7.43]",0.004977903158768364,2.2898354530334473,11.19,"[0.618, 0.501]",1978486.0,"[6.18, 5.01]",0.005244884801947553,2.412647008895874,18.279999999999998,"[0.9730000000000001, 0.8549999999999999]",1979486.0,"[9.73, 8.549999999999999]",0.004556491582289986,2.0959861278533936,18.439999999999998,"[0.861, 0.983]",1980486.0,"[8.61, 9.83]",0.004671133082845937,2.148721218109131,7.759999999999999,1.3377593206552516,0.0049924159395521965,0.0003133174774226876,2.2965113321940103,0.14412603961443632,COMPLETE
198,15.896666666666667,2025-06-13 16:38:09.658533,2025-06-13 16:38:13.145984,0 days 00:00:03.487451,30,0.933827587513242,0.06202929711294318,0.9725848764362669,0.004994179618351209,431,1985489.0,15.896666666666667,2.9092648937871273,0.816,0.20258742968572033,430.0,6.0,15.909999999999998,"[0.9880000000000001, 0.603]",1985489.0,"[9.88, 6.029999999999999]",0.004896974563598633,2.105699062347412,19.7,"[0.9870000000000001, 0.983]",1986489.0,"[9.870000000000001, 9.83]",0.004897600550984227,2.1059682369232178,17.18,"[0.8579999999999999, 0.86]",1987489.0,"[8.579999999999998, 8.6]",0.004734131347301394,2.0356764793395996,12.099999999999998,"[0.605, 0.605]",1988489.0,"[6.05, 6.05]",0.005326461237530376,2.2903783321380615,18.36,"[0.9800000000000001, 0.8559999999999999]",1989489.0,"[9.8, 8.559999999999999]",0.004968414750210075,2.136418342590332,12.129999999999999,"[0.47800000000000004, 0.7350000000000001]",1990489.0,"[4.78, 7.350000000000001]",0.005738251153812852,2.4674479961395264,8.159999999999998,2.025874296857203,0.00509363893390626,0.00033955015885083324,2.1902647415796914,0.1460065683058583,COMPLETE
199,14.716666666666669,2025-06-13 16:38:13.251252,2025-06-13 16:38:16.922646,0 days 00:00:03.671394,26,0.9566861559377562,0.06850097172671485,0.992066957009495,0.00256791536182133,486,1995493.0,14.716666666666669,2.451962932473129,0.7163333333333334,0.19372546439628316,480.0,6.0,18.470000000000002,"[0.9860000000000001, 0.861]",1995493.0,"[9.860000000000001, 8.61]",0.004175617297490438,2.00429630279541,11.13,"[0.368, 0.745]",1996493.0,"[3.6799999999999997, 7.45]",0.005823729932308197,2.7953903675079346,14.65,"[0.611, 0.8539999999999999]",1997493.0,"[6.109999999999999, 8.54]",0.004910090068976084,2.3568432331085205,15.99,"[0.74, 0.859]",1998493.0,"[7.4, 8.59]",0.0046744321783383684,2.243727445602417,12.219999999999999,"[0.739, 0.483]",1999493.0,"[7.39, 4.83]",0.005200279752413431,2.4961342811584473,15.840000000000002,"[0.8540000000000001, 0.7300000000000001]",2000493.0,"[8.540000000000001, 7.300000000000001]",0.00528147021929423,2.5351057052612305,7.163333333333333,1.9372546439628315,0.005010936574803459,0.000514916798350536,2.40524955590566,0.24716006320825723,COMPLETE
200,13.618333333333332,2025-06-13 16:38:17.003142,2025-06-13 16:38:20.410965,0 days 00:00:03.407823,28,0.981763055192559,0.07436154266240685,0.9899598000700403,0.002074300094417476,477,2005497.0,13.618333333333332,2.052181089042149,0.6481666666666666,0.23430849797269884,470.0,6.0,15.829999999999998,"[0.852, 0.7309999999999999]",2005497.0,"[8.52, 7.309999999999999]",0.005050907743738052,2.3739266395568848,10.93,"[0.48, 0.6129999999999999]",2006497.0,"[4.8, 6.129999999999999]",0.00512820913436565,2.4102582931518555,13.419999999999998,"[0.861, 0.48099999999999987]",2007497.0,"[8.61, 4.809999999999999]",0.005499580058645695,2.5848026275634766,15.909999999999998,"[0.853, 0.738]",2008497.0,"[8.53, 7.38]",0.004360175640025037,2.0492825508117676,11.0,"[0.23499999999999996, 0.8649999999999999]",2009497.0,"[2.3499999999999996, 8.649999999999999]",0.005574361314164831,2.6199498176574707,14.62,"[0.6079999999999999, 0.8539999999999999]",2010497.0,"[6.079999999999998, 8.54]",0.005182045064073928,2.435561180114746,6.4816666666666665,2.343084979726988,0.0051325464925022,0.00039488490214156384,2.4122968514760337,0.18559590400653497,COMPLETE
201,16.89833333333333,2025-06-13 16:38:22.290689,2025-06-13 16:38:25.870791,0 days 00:00:03.580102,29,0.9476677113832701,0.0471880403642791,0.9755757593673436,0.05226495195675996,487,2015502.0,16.89833333333333,1.9862814223792375,0.8756666666666666,0.08699744568408638,480.0,6.0,17.179999999999996,"[0.853, 0.865]",2015502.0,"[8.53, 8.65]",0.004400754968325297,2.1123623847961426,18.4,"[0.8529999999999998, 0.9870000000000001]",2016502.0,"[8.529999999999998, 9.870000000000001]",0.004871302843093872,2.3382253646850586,13.34,"[0.729, 0.605]",2017502.0,"[7.29, 6.05]",0.005476472278436025,2.628706693649292,15.85,"[0.8560000000000001, 0.7289999999999999]",2018502.0,"[8.56, 7.289999999999999]",0.0049818088610967,2.391268253326416,19.65,"[0.9880000000000001, 0.9770000000000001]",2019502.0,"[9.88, 9.770000000000001]",0.0058728148539861046,2.81895112991333,16.970000000000002,"[0.975, 0.7219999999999999]",2020502.0,"[9.75, 7.219999999999999]",0.0050120736161867775,2.4057953357696533,8.756666666666666,0.8699744568408638,0.005102537903520796,0.0004658114295561961,2.449218193689982,0.2235894861869741,COMPLETE
202,15.613333333333332,2025-06-13 16:38:25.948890,2025-06-13 16:38:30.060981,0 days 00:00:04.112091,29,0.948585847497797,0.04556071490321224,0.9759200006737411,0.05027338596924705,490,2025506.0,15.613333333333332,1.535064240421952,0.8328333333333333,0.1336555481660061,490.0,6.0,16.950000000000003,"[0.9690000000000001, 0.7259999999999999]",2025506.0,"[9.690000000000001, 7.259999999999999]",0.005132235312948421,2.5147953033447266,17.119999999999997,"[0.8560000000000001, 0.8560000000000001]",2026506.0,"[8.56, 8.56]",0.005828896347357303,2.856159210205078,17.189999999999998,"[0.859, 0.86]",2027506.0,"[8.59, 8.6]",0.005961097503195003,2.9209377765655518,14.569999999999997,"[0.736, 0.7209999999999999]",2028506.0,"[7.359999999999999, 7.209999999999999]",0.005442124483536701,2.6666409969329834,13.289999999999997,"[0.5959999999999999, 0.733]",2029506.0,"[5.959999999999999, 7.33]",0.00684993704971002,3.35646915435791,14.559999999999999,"[0.9810000000000001, 0.4749999999999998]",2030506.0,"[9.81, 4.749999999999998]",0.005575199516452089,2.7318477630615234,8.328333333333335,1.3365554816600609,0.005798248368866589,0.0005406256596867829,2.841141700744629,0.26490657324652367,COMPLETE
203,15.584999999999999,2025-06-13 16:38:30.135147,2025-06-13 16:38:34.270986,0 days 00:00:04.135839,30,0.9666812806985746,0.052883580109551895,0.9733550645003761,0.03329995476187102,494,2035510.0,15.584999999999999,1.98075532730993,0.8115,0.09461633051434622,490.0,6.0,14.57,"[0.8550000000000001, 0.602]",2035510.0,"[8.55, 6.02]",0.006203239304678781,3.0395872592926025,18.26,"[0.85, 0.9760000000000002]",2036510.0,"[8.5, 9.760000000000002]",0.0068993475972389685,3.3806803226470947,18.369999999999997,"[0.853, 0.9840000000000002]",2037510.0,"[8.53, 9.840000000000002]",0.005070746188261071,2.484665632247925,14.61,"[0.858, 0.603]",2038510.0,"[8.58, 6.029999999999999]",0.005852522655409209,2.8677361011505127,14.409999999999998,"[0.8530000000000001, 0.5879999999999999]",2039510.0,"[8.530000000000001, 5.879999999999999]",0.00594256508107088,2.9118568897247314,13.289999999999997,"[0.6, 0.7290000000000001]",2040510.0,"[6.0, 7.290000000000001]",0.006320962613942672,3.097271680831909,8.115,0.9461633051434621,0.0060482305734335965,0.0005519289159550057,2.9636329809824624,0.2704451688179527,COMPLETE
204,17.19333333333333,2025-06-13 16:38:34.348554,2025-06-13 16:38:38.007779,0 days 00:00:03.659225,23,0.8734036046459487,0.041218833668566254,0.9319341504537079,0.040615508901885554,482,2045514.0,17.19333333333333,1.7896616688326559,0.8426666666666666,0.10506135773389222,480.0,6.0,16.03,"[0.7470000000000001, 0.8560000000000001]",2045514.0,"[7.470000000000001, 8.56]",0.006040198107560475,2.8992950916290283,15.989999999999998,"[0.744, 0.8549999999999999]",2046514.0,"[7.4399999999999995, 8.549999999999999]",0.0052942608793576556,2.541245222091675,19.5,"[0.9759999999999998, 0.9739999999999999]",2047514.0,"[9.759999999999998, 9.739999999999998]",0.005382859210173289,2.5837724208831787,17.25,"[0.8630000000000001, 0.8619999999999999]",2048514.0,"[8.63, 8.62]",0.004982198278109233,2.3914551734924316,19.549999999999997,"[0.982, 0.9729999999999999]",2049514.0,"[9.82, 9.729999999999999]",0.005702583988507589,2.7372403144836426,14.84,"[0.744, 0.74]",2050514.0,"[7.4399999999999995, 7.4]",0.005188120901584626,2.49029803276062,8.426666666666666,1.0506135773389227,0.005431703560882145,0.000347923744485251,2.607217709223429,0.16700339735292055,COMPLETE
205,16.276666666666667,2025-06-13 16:38:38.082171,2025-06-13 16:38:41.907648,0 days 00:00:03.825477,23,0.8801423605249324,0.036030315303965665,0.9323087688434777,0.040779016616555516,475,2055518.0,16.276666666666667,1.599715252439911,0.8041666666666667,0.13382752166709047,470.0,6.0,13.740000000000002,"[0.624, 0.7500000000000001]",2055518.0,"[6.24, 7.500000000000001]",0.005245946823282444,2.465595006942749,14.88,"[0.747, 0.7410000000000001]",2056518.0,"[7.47, 7.410000000000001]",0.006524200642362554,3.0663743019104004,17.29,"[0.7469999999999999, 0.982]",2057518.0,"[7.469999999999999, 9.82]",0.005196043278308625,2.4421403408050537,18.490000000000002,"[0.9870000000000001, 0.8619999999999999]",2058518.0,"[9.870000000000001, 8.62]",0.005027568086664727,2.362957000732422,17.26,"[0.9800000000000001, 0.746]",2059518.0,"[9.8, 7.46]",0.006154550897314193,2.892638921737671,16.0,"[0.74, 0.86]",2060518.0,"[7.4, 8.6]",0.005551362544932264,2.609140396118164,8.041666666666666,1.3382752166709047,0.005616612045477468,0.0005444563568535198,2.63980766137441,0.25589448772115436,COMPLETE
206,15.146666666666667,2025-06-13 16:38:43.606247,2025-06-13 16:38:47.216564,0 days 00:00:03.610317,21,0.8746471495667432,0.03132932624632424,0.9389686559024143,0.037765545853785915,465,2065523.0,15.146666666666667,2.6164267405927664,0.806,0.13361511890501018,460.0,6.0,18.529999999999998,"[0.9870000000000001, 0.8660000000000002]",2065523.0,"[9.870000000000001, 8.660000000000002]",0.0049771619879681135,2.289494514465332,14.959999999999997,"[0.75, 0.746]",2066523.0,"[7.5, 7.46]",0.005422688567120096,2.494436740875244,11.379999999999999,"[0.6239999999999999, 0.514]",2067523.0,"[6.239999999999998, 5.140000000000001]",0.0061962874039359715,2.850292205810547,13.749999999999998,"[0.7510000000000001, 0.6239999999999999]",2068523.0,"[7.510000000000002, 6.239999999999998]",0.00576876453731371,2.6536316871643066,13.729999999999999,"[0.7420000000000001, 0.631]",2069523.0,"[7.420000000000001, 6.3100000000000005]",0.005517222570336384,2.5379223823547363,18.529999999999998,"[0.982, 0.8709999999999999]",2070523.0,"[9.82, 8.709999999999999]",0.0047046599180802055,2.1641435623168945,8.06,1.3361511890501019,0.005431130830792413,0.0004900326278099355,2.4983201821645102,0.22541500879257034,COMPLETE
207,15.301666666666668,2025-06-13 16:38:47.293145,2025-06-13 16:38:50.745206,0 days 00:00:03.452061,22,0.8519419298489818,0.03922677221096854,0.9247322141506061,0.02323286595519771,483,2075527.0,15.301666666666668,2.131974176412297,0.8035,0.11345006243571072,480.0,6.0,18.419999999999998,"[0.9809999999999999, 0.861]",2075527.0,"[9.809999999999999, 8.61]",0.005655081570148468,2.7144391536712646,13.709999999999999,"[0.6219999999999999, 0.749]",2076527.0,"[6.219999999999999, 7.49]",0.005043114721775055,2.4206950664520264,12.5,"[0.8619999999999999, 0.388]",2077527.0,"[8.62, 3.88]",0.00558246523141861,2.6795833110809326,13.719999999999997,"[0.86, 0.5119999999999999]",2078527.0,"[8.6, 5.119999999999999]",0.005561162531375885,2.669358015060425,17.270000000000003,"[0.747, 0.9800000000000001]",2079527.0,"[7.47, 9.8]",0.004849202930927277,2.3276174068450928,16.189999999999998,"[0.7490000000000001, 0.8700000000000001]",2080527.0,"[7.490000000000001, 8.700000000000001]",0.004673165082931518,2.243119239807129,8.035,1.1345006243571074,0.005227365344762803,0.000388276253517837,2.509135365486145,0.18637260168856176,COMPLETE
208,15.12333333333333,2025-06-13 16:38:50.816108,2025-06-13 16:38:54.060294,0 days 00:00:03.244186,20,0.8649190130141909,0.04243494826790989,0.978297165163255,0.06141071511101826,455,2085530.0,15.12333333333333,2.070810362045631,0.7871666666666667,0.11105316544590506,450.0,6.0,17.169999999999998,"[0.7429999999999999, 0.974]",2085530.0,"[7.429999999999999, 9.74]",0.004634689754909939,2.0856103897094727,13.759999999999998,"[0.7409999999999999, 0.635]",2086530.0,"[7.409999999999998, 6.35]",0.004617176585727268,2.0777294635772705,12.569999999999997,"[0.75, 0.507]",2087530.0,"[7.5, 5.07]",0.005323239962259928,2.3954579830169678,13.779999999999996,"[0.6349999999999999, 0.7429999999999999]",2088530.0,"[6.349999999999999, 7.429999999999999]",0.00522271368238661,2.3502211570739746,18.49,"[0.8709999999999999, 0.9780000000000001]",2089530.0,"[8.709999999999999, 9.780000000000001]",0.004525472852918837,2.0364627838134766,14.969999999999999,"[0.983, 0.514]",2090530.0,"[9.83, 5.140000000000001]",0.004765059153238932,2.1442766189575195,7.871666666666665,1.1105316544590509,0.0048480586652402515,0.00030982441230196535,2.1816263993581138,0.13942098553588442,COMPLETE
209,14.683333333333332,2025-06-13 16:38:54.170918,2025-06-13 16:38:58.172577,0 days 00:00:04.001659,38,0.8886298371413355,0.19990284641797001,0.9305293680853913,0.04654015912495983,500,2095534.0,14.683333333333332,2.9878792181449074,0.8010000000000002,0.1699019324983288,500.0,6.0,14.27,"[0.8460000000000001, 0.5809999999999998]",2095534.0,"[8.46, 5.809999999999999]",0.005606000900268555,2.8030004501342773,14.169999999999998,"[0.8370000000000001, 0.58]",2096534.0,"[8.370000000000001, 5.8]",0.005613920688629151,2.806960344314575,16.87,"[0.8480000000000001, 0.8390000000000001]",2097534.0,"[8.48, 8.39]",0.004851301193237304,2.4256505966186523,18.31,"[0.85, 0.9810000000000001]",2098534.0,"[8.5, 9.81]",0.005053084850311279,2.5265424251556396,8.829999999999998,"[0.43899999999999995, 0.44399999999999995]",2099534.0,"[4.39, 4.4399999999999995]",0.006330900669097901,3.16545033454895,15.649999999999999,"[0.986, 0.579]",2100534.0,"[9.86, 5.789999999999999]",0.005825826644897461,2.9129133224487305,8.01,1.6990193249832877,0.005546839157740274,0.00048787855239422137,2.7734195788701377,0.24393927619711056,COMPLETE
210,15.448333333333332,2025-06-13 16:38:58.244087,2025-06-13 16:39:01.394250,0 days 00:00:03.150163,34,0.6790588501391496,0.18774810786400953,0.933510373937967,0.07978636014049371,317,2105538.0,15.448333333333332,1.5604424230184075,0.7413333333333333,0.11604979774026132,310.0,6.0,16.990000000000002,"[0.8550000000000001, 0.844]",2105538.0,"[8.55, 8.44]",0.005578131829538653,1.7292208671569824,14.36,"[0.718, 0.718]",2106538.0,"[7.18, 7.18]",0.005920166354025564,1.8352515697479248,14.41,"[0.589, 0.852]",2107538.0,"[5.89, 8.52]",0.006660581404162992,2.0647802352905273,16.91,"[0.844, 0.8469999999999999]",2108538.0,"[8.44, 8.469999999999999]",0.005489550867388325,1.7017607688903809,16.94,"[0.849, 0.845]",2109538.0,"[8.49, 8.45]",0.004983558193329842,1.544903039932251,13.079999999999998,"[0.593, 0.715]",2110538.0,"[5.93, 7.1499999999999995]",0.006646044023575322,2.0602736473083496,7.413333333333334,1.1604979774026132,0.00587967211200345,0.0006116816023272729,1.8226983547210693,0.18962129672145456,COMPLETE
211,15.795,2025-06-13 16:39:03.088802,2025-06-13 16:39:06.192588,0 days 00:00:03.103786,24,0.9744851276755275,0.04766487428334431,0.9696100859932166,0.05173053281657489,486,2115543.0,15.795,1.7520250188472386,0.7593333333333332,0.12805684501640494,480.0,6.0,16.169999999999998,"[0.8649999999999999, 0.752]",2115543.0,"[8.649999999999999, 7.52]",0.004191108544667562,2.0117321014404297,12.399999999999999,"[0.502, 0.7379999999999999]",2116543.0,"[5.02, 7.379999999999999]",0.004999178647994995,2.3996057510375977,14.719999999999999,"[0.735, 0.737]",2117543.0,"[7.35, 7.37]",0.004487253725528717,2.153881788253784,17.22,"[0.86, 0.8619999999999999]",2118543.0,"[8.6, 8.62]",0.004452394445737203,2.1371493339538574,17.119999999999997,"[0.736, 0.9760000000000002]",2119543.0,"[7.359999999999999, 9.760000000000002]",0.004508089522520701,2.1638829708099365,17.14,"[0.858, 0.8560000000000001]",2120543.0,"[8.58, 8.56]",0.004687231779098511,2.249871253967285,7.593333333333333,1.2805684501640493,0.004554209444257948,0.00024647893976955423,2.186020533243815,0.11830989108938603,COMPLETE
212,16.62666666666667,2025-06-13 16:39:06.268273,2025-06-13 16:39:09.429218,0 days 00:00:03.160945,25,0.9995780444475393,0.056401955265940044,0.9955566592954891,0.06918455429588505,493,2125546.0,16.62666666666667,3.0209637902865087,0.8624999999999999,0.09800127550190356,490.0,6.0,19.71,"[0.984, 0.9870000000000001]",2125546.0,"[9.84, 9.870000000000001]",0.00410890092655104,2.0133614540100098,14.829999999999998,"[0.7409999999999999, 0.742]",2126546.0,"[7.409999999999998, 7.42]",0.004609718128126495,2.2587618827819824,18.400000000000002,"[0.859, 0.9810000000000001]",2127546.0,"[8.59, 9.81]",0.004377764098498286,2.14510440826416,11.169999999999998,"[0.745, 0.3719999999999999]",2128546.0,"[7.45, 3.719999999999999]",0.004801698606841418,2.352832317352295,16.06,"[0.8640000000000001, 0.742]",2129546.0,"[8.64, 7.42]",0.004574641402886838,2.241574287414551,19.59,"[0.982, 0.977]",2130546.0,"[9.82, 9.77]",0.004448410442897252,2.1797211170196533,8.625,0.9800127550190357,0.004486855600966889,0.00021531232661319743,2.1985592444737754,0.10550304004046672,COMPLETE
213,15.33,2025-06-13 16:39:09.499973,2025-06-13 16:39:12.770134,0 days 00:00:03.270161,27,0.9006087487344834,0.050889279272486376,0.9745506506282136,0.003572387850354758,476,2135549.0,15.33,2.77008423457964,0.7753333333333333,0.13774694995615047,470.0,6.0,17.270000000000003,"[0.866, 0.8610000000000001]",2135549.0,"[8.66, 8.610000000000001]",0.00427001638615385,2.0069077014923096,15.970000000000002,"[0.8559999999999999, 0.741]",2136549.0,"[8.559999999999999, 7.41]",0.004759546036415912,2.2369866371154785,12.209999999999999,"[0.733, 0.4879999999999999]",2137549.0,"[7.33, 4.879999999999999]",0.00537136767772918,2.524542808532715,10.95,"[0.485, 0.6100000000000001]",2138549.0,"[4.85, 6.100000000000001]",0.0053769923271016875,2.527186393737793,17.139999999999997,"[0.8530000000000001, 0.861]",2139549.0,"[8.530000000000001, 8.61]",0.004886006294412816,2.2964229583740234,18.44,"[0.859, 0.9850000000000001]",2140549.0,"[8.59, 9.850000000000001]",0.004388073150147783,2.062394380569458,7.753333333333333,1.3774694995615049,0.004842000311993538,0.0004298055719092476,2.275740146636963,0.20200861879734636,COMPLETE
214,16.143333333333334,2025-06-13 16:39:12.856189,2025-06-13 16:39:16.246269,0 days 00:00:03.390080,26,0.9881521193641716,0.06042406513394797,0.9969001268694663,0.04185066279557906,484,2145553.0,16.143333333333334,1.6381968407028786,0.7749999999999999,0.1525144801868553,480.0,6.0,18.380000000000003,"[0.9730000000000001, 0.865]",2145553.0,"[9.73, 8.65]",0.004708444078763326,2.2600531578063965,13.52,"[0.48599999999999993, 0.866]",2146553.0,"[4.859999999999999, 8.66]",0.005106710890928904,2.451221227645874,17.14,"[0.86, 0.8539999999999999]",2147553.0,"[8.6, 8.54]",0.00477916697661082,2.2940001487731934,15.95,"[0.738, 0.857]",2148553.0,"[7.38, 8.57]",0.004747020701567332,2.2785699367523193,14.689999999999998,"[0.857, 0.6119999999999999]",2149553.0,"[8.57, 6.119999999999999]",0.005092648168404897,2.4444711208343506,17.18,"[0.736, 0.982]",2150553.0,"[7.359999999999999, 9.82]",0.0046264986197153725,2.220719337463379,7.75,1.525144801868553,0.004843414905998441,0.0001871414052297266,2.324839154879252,0.0898278745102688,COMPLETE
215,14.445,2025-06-13 16:39:16.315794,2025-06-13 16:39:19.504976,0 days 00:00:03.189182,23,0.9606237981089142,0.06476360450444137,0.9949456064841206,0.030309777229546916,493,2155556.0,14.445,1.123769697639749,0.6826666666666669,0.11563832505801108,490.0,6.0,16.13,"[0.8680000000000001, 0.745]",2155556.0,"[8.680000000000001, 7.45]",0.004507719254007145,2.208782434463501,14.72,"[0.736, 0.736]",2156556.0,"[7.359999999999999, 7.359999999999999]",0.0048155083948252155,2.3595991134643555,14.739999999999998,"[0.623, 0.8510000000000002]",2157556.0,"[6.23, 8.510000000000002]",0.004761324610028948,2.3330490589141846,12.5,"[0.5029999999999999, 0.7470000000000001]",2158556.0,"[5.029999999999999, 7.470000000000001]",0.004816473260217783,2.360071897506714,13.679999999999998,"[0.623, 0.7449999999999999]",2159556.0,"[6.23, 7.449999999999999]",0.004652443224070024,2.2796971797943115,14.9,"[0.743, 0.7470000000000001]",2160556.0,"[7.43, 7.470000000000001]",0.004340223390228894,2.126709461212158,6.826666666666667,1.1563832505801108,0.004648948688896335,0.00017497820834723685,2.277984857559204,0.08573932209014602,COMPLETE
216,14.318333333333333,2025-06-13 16:39:21.265975,2025-06-13 16:39:23.875775,0 days 00:00:02.609800,29,0.8442566808952923,0.04825771767969424,0.9663998720478978,0.05988857838280094,274,2165561.0,14.318333333333333,3.675465578973937,0.6228333333333332,0.26632650178973094,270.0,6.0,12.04,"[0.598, 0.606]",2165561.0,"[5.9799999999999995, 6.06]",0.005999352313854076,1.6198251247406006,18.41,"[0.982, 0.859]",2166561.0,"[9.82, 8.59]",0.005369957288106283,1.4498884677886963,9.54,"[0.22499999999999992, 0.7289999999999999]",2167561.0,"[2.249999999999999, 7.289999999999999]",0.006443170264915183,1.7396559715270996,10.649999999999999,"[0.35199999999999987, 0.7130000000000001]",2168561.0,"[3.5199999999999987, 7.130000000000001]",0.006882933334068015,1.8583920001983643,16.99,"[0.7249999999999999, 0.9739999999999999]",2169561.0,"[7.249999999999998, 9.739999999999998]",0.006330233150058323,1.709162950515747,18.279999999999998,"[0.8550000000000001, 0.9730000000000001]",2170561.0,"[8.55, 9.73]",0.0060849357534337924,1.642932653427124,6.228333333333334,2.66326501789731,0.006185097017405946,0.0004625343185311652,1.6699761946996052,0.12488426600341464,COMPLETE
217,13.501666666666665,2025-06-13 16:39:23.946186,2025-06-13 16:39:26.757449,0 days 00:00:02.811263,40,0.9435379600745512,0.04080530954318135,0.9101445753234606,0.09045984582295166,304,2175564.0,13.501666666666665,4.244959429200185,0.7071666666666666,0.22598334501069373,300.0,6.0,16.97,"[0.851, 0.8459999999999999]",2175564.0,"[8.51, 8.459999999999999]",0.006117386023203532,1.8352158069610596,19.630000000000003,"[0.9800000000000001, 0.983]",2176564.0,"[9.8, 9.83]",0.005618627866109212,1.6855883598327637,7.329999999999999,"[0.2919999999999999, 0.44099999999999995]",2177564.0,"[2.919999999999999, 4.409999999999999]",0.0068045274416605635,2.041358232498169,11.45,"[0.567, 0.5780000000000001]",2178564.0,"[5.67, 5.780000000000001]",0.006238830089569092,1.8716490268707275,10.049999999999999,"[0.7069999999999999, 0.29799999999999993]",2179564.0,"[7.0699999999999985, 2.9799999999999995]",0.005954496860504151,1.7863490581512451,15.58,"[0.8459999999999999, 0.7120000000000001]",2180564.0,"[8.459999999999999, 7.120000000000001]",0.005739250183105469,1.7217750549316406,7.071666666666666,2.259833450106937,0.00607885307735867,0.0003864976401138264,1.8236559232076008,0.11594929203414787,COMPLETE
218,16.183333333333334,2025-06-13 16:39:26.828963,2025-06-13 16:39:29.736705,0 days 00:00:02.907742,25,0.7372003744298042,0.07065370466899343,0.9974320415265804,0.004486201701092089,448,2185566.0,16.183333333333334,1.3037723045924168,0.8203333333333335,0.09119332334234906,440.0,6.0,18.389999999999997,"[0.982, 0.857]",2185566.0,"[9.82, 8.57]",0.003885691816156561,1.7097043991088867,14.749999999999998,"[0.742, 0.733]",2186566.0,"[7.42, 7.33]",0.004679375886917114,2.0589253902435303,14.729999999999999,"[0.736, 0.7369999999999999]",2187566.0,"[7.359999999999999, 7.369999999999999]",0.004209555279124867,1.8522043228149414,17.23,"[0.7369999999999999, 0.9860000000000001]",2188566.0,"[7.369999999999999, 9.860000000000001]",0.004782111536372792,2.1041290760040283,16.01,"[0.8600000000000001, 0.741]",2189566.0,"[8.600000000000001, 7.41]",0.004980656775561246,2.1914889812469482,15.99,"[0.865, 0.734]",2190566.0,"[8.65, 7.34]",0.004187931255860762,1.8426897525787354,8.203333333333333,0.9119332334234909,0.00445422042499889,0.0003849975169662481,1.9598569869995117,0.16939890746514916,COMPLETE
219,16.34166666666667,2025-06-13 16:39:29.800354,2025-06-13 16:39:32.668700,0 days 00:00:02.868346,19,0.7851665962860936,0.05800146149985187,0.9255873622971268,0.0028810646104848094,471,2195570.0,16.34166666666667,1.5402101227502103,0.787,0.15973937106006983,470.0,6.0,15.060000000000002,"[0.868, 0.6380000000000001]",2195570.0,"[8.68, 6.380000000000001]",0.004087870171729555,1.9212989807128906,17.26,"[0.8639999999999999, 0.8619999999999999]",2196570.0,"[8.639999999999999, 8.62]",0.0040283203125,1.893310546875,13.790000000000003,"[0.512, 0.8670000000000002]",2197570.0,"[5.12, 8.670000000000002]",0.0042257658978726,1.986109972000122,17.25,"[0.865, 0.86]",2198570.0,"[8.65, 8.6]",0.0038583831584199945,1.8134400844573975,16.25,"[0.636, 0.9890000000000001]",2199570.0,"[6.36, 9.89]",0.003980966831775422,1.8710544109344482,18.439999999999998,"[0.9770000000000001, 0.867]",2200570.0,"[9.770000000000001, 8.67]",0.003919633398664759,1.8422276973724365,7.870000000000001,1.5973937106006981,0.004016823295160388,0.00011879372190462356,1.8879069487253826,0.05583304929517306,COMPLETE
220,16.738333333333333,2025-06-13 16:39:32.736104,2025-06-13 16:39:36.245706,0 days 00:00:03.509602,27,0.9778510305634933,0.053964465437279154,0.9380081427904877,0.07739005540582228,500,2205572.0,16.738333333333333,2.8386347461803227,0.8368333333333334,0.11103065142362971,500.0,6.0,15.919999999999998,"[0.7320000000000001, 0.86]",2205572.0,"[7.320000000000001, 8.6]",0.00486812973022461,2.4340648651123047,10.929999999999998,"[0.735, 0.358]",2206572.0,"[7.35, 3.58]",0.004664382457733154,2.332191228866577,18.45,"[0.9840000000000002, 0.861]",2207572.0,"[9.840000000000002, 8.61]",0.004438244342803955,2.2191221714019775,18.44,"[0.8560000000000001, 0.9880000000000001]",2208572.0,"[8.56, 9.88]",0.0045027976036071775,2.251398801803589,17.13,"[0.735, 0.978]",2209572.0,"[7.35, 9.78]",0.005072126388549805,2.5360631942749023,19.56,"[0.9790000000000001, 0.977]",2210572.0,"[9.790000000000001, 9.77]",0.004055745124816894,2.0278725624084473,8.368333333333334,1.1103065142362971,0.004600237607955932,0.00032423453671016455,2.3001188039779663,0.16211726835508217,COMPLETE
221,17.043333333333333,2025-06-13 16:39:38.070887,2025-06-13 16:39:41.441073,0 days 00:00:03.370186,27,0.9752152867324003,0.05232634499523176,0.9387013745073447,0.08108461826712138,499,2215578.0,17.043333333333333,1.002025725994874,0.9154999999999999,0.061263773961452946,490.0,6.0,15.78,"[0.9709999999999999, 0.607]",2215578.0,"[9.709999999999999, 6.07]",0.0052206550325666155,2.5581209659576416,17.15,"[0.982, 0.7330000000000001]",2216578.0,"[9.82, 7.330000000000001]",0.00475361882423868,2.329273223876953,18.189999999999998,"[0.857, 0.962]",2217578.0,"[8.57, 9.62]",0.00462895899402852,2.2681899070739746,17.009999999999998,"[0.853, 0.8480000000000001]",2218578.0,"[8.53, 8.48]",0.004916626579907476,2.409147024154663,18.31,"[0.9770000000000001, 0.8539999999999999]",2219578.0,"[9.770000000000001, 8.54]",0.0049480652322574535,2.4245519638061523,15.82,"[0.853, 0.7289999999999999]",2220578.0,"[8.53, 7.289999999999999]",0.004977543986573511,2.4389965534210205,9.155000000000001,0.6126377396145298,0.004907578108262043,0.0001852770621986181,2.404713273048401,0.09078576047732295,COMPLETE
222,13.84666666666667,2025-06-13 16:39:41.509643,2025-06-13 16:39:44.909868,0 days 00:00:03.400225,27,0.9809186506332305,0.06247396864114324,0.9456125206430481,0.08149840177111872,497,2225581.0,13.84666666666667,2.2088357918948054,0.673,0.12031070886112621,490.0,6.0,13.47,"[0.6140000000000001, 0.7329999999999999]",2225581.0,"[6.140000000000001, 7.329999999999998]",0.004600408612465372,2.2542002201080322,9.770000000000003,"[0.6120000000000001, 0.3649999999999999]",2226581.0,"[6.120000000000001, 3.6499999999999986]",0.005005007374043367,2.45245361328125,13.39,"[0.48199999999999993, 0.857]",2227581.0,"[4.819999999999999, 8.57]",0.005362299996979383,2.6275269985198975,14.659999999999998,"[0.733, 0.7329999999999999]",2228581.0,"[7.33, 7.329999999999998]",0.005311679353519362,2.6027228832244873,17.17,"[0.8620000000000001, 0.8550000000000001]",2229581.0,"[8.620000000000001, 8.55]",0.00434907747774708,2.1310479640960693,14.620000000000001,"[0.735, 0.727]",2230581.0,"[7.35, 7.27]",0.005149463244846889,2.5232369899749756,6.73,1.203107088611262,0.004962989343266909,0.00037101759106398694,2.431864778200785,0.1817986196213536,COMPLETE
223,13.715000000000002,2025-06-13 16:39:44.981886,2025-06-13 16:39:48.726524,0 days 00:00:03.744638,28,0.9720579733743784,0.05420772800135059,0.9421469332677543,0.0902218016190012,500,2235585.0,13.715000000000002,3.8689824243591495,0.7053333333333334,0.2917948289847204,500.0,6.0,14.57,"[0.7270000000000001, 0.7299999999999999]",2235585.0,"[7.270000000000001, 7.299999999999999]",0.005598236560821533,2.7991182804107666,18.34,"[0.977, 0.857]",2236585.0,"[9.77, 8.57]",0.004944557189941406,2.472278594970703,5.779999999999999,"[0.10200000000000001, 0.476]",2237585.0,"[1.02, 4.76]",0.005981194496154785,2.9905972480773926,15.67,"[0.7220000000000001, 0.845]",2238585.0,"[7.220000000000001, 8.45]",0.005171206951141358,2.5856034755706787,14.589999999999998,"[0.731, 0.7279999999999999]",2239585.0,"[7.31, 7.2799999999999985]",0.0049093647003173825,2.4546823501586914,13.34,"[0.9730000000000001, 0.361]",2240585.0,"[9.73, 3.61]",0.004660357475280761,2.330178737640381,7.053333333333335,2.917948289847204,0.005210819562276204,0.0004490578697693215,2.605409781138102,0.2245289348846607,COMPLETE
224,14.253333333333332,2025-06-13 16:39:48.810429,2025-06-13 16:39:51.399155,0 days 00:00:02.588726,28,0.9922863532841243,0.04200073220865504,0.9396554287950448,0.07865441772229073,213,2245588.0,14.253333333333332,2.84075498571927,0.7111666666666667,0.17036472313506953,210.0,6.0,12.260000000000002,"[0.7380000000000001, 0.488]",2245588.0,"[7.380000000000001, 4.88]",0.007242468425205775,1.520918369293213,18.41,"[0.8619999999999999, 0.9790000000000001]",2246588.0,"[8.62, 9.790000000000001]",0.007101736749921526,1.4913647174835205,13.41,"[0.8560000000000001, 0.485]",2247588.0,"[8.56, 4.85]",0.00748093014671689,1.5709953308105469,9.659999999999998,"[0.352, 0.614]",2248588.0,"[3.5199999999999996, 6.14]",0.007991355941409156,1.6781847476959229,15.870000000000001,"[0.726, 0.861]",2249588.0,"[7.26, 8.61]",0.00735775629679362,1.5451288223266602,15.91,"[0.733, 0.858]",2250588.0,"[7.33, 8.58]",0.0075169733592442105,1.5785644054412842,7.111666666666667,1.7036472313506952,0.0074485368198818624,0.0002802858842384701,1.5641927321751912,0.05886003569007875,COMPLETE
225,16.755,2025-06-13 16:39:51.489317,2025-06-13 16:39:54.859976,0 days 00:00:03.370659,27,0.9847731926920869,0.048740683746519825,0.9371532239872482,0.07094911057993142,485,2255591.0,16.755,2.29053669111266,0.8576666666666668,0.12208148462764074,480.0,6.0,18.41,"[0.985, 0.8559999999999999]",2255591.0,"[9.85, 8.559999999999999]",0.004849396149317424,2.3277101516723633,17.23,"[0.8640000000000001, 0.8590000000000002]",2256591.0,"[8.64, 8.590000000000002]",0.004790663719177246,2.299518585205078,19.56,"[0.975, 0.9810000000000001]",2257591.0,"[9.75, 9.81]",0.0048471664388974505,2.3266398906707764,15.93,"[0.853, 0.74]",2258591.0,"[8.53, 7.4]",0.004589316248893738,2.202871799468994,12.3,"[0.6140000000000001, 0.616]",2259591.0,"[6.140000000000001, 6.16]",0.005079925060272217,2.438364028930664,17.099999999999998,"[0.8550000000000001, 0.8550000000000001]",2260591.0,"[8.55, 8.55]",0.005033921202023824,2.4162821769714355,8.576666666666668,1.2208148462764072,0.0048650648030969836,0.00016166635300202017,2.3352311054865518,0.07759984944096966,COMPLETE
226,15.909999999999998,2025-06-13 16:39:56.652200,2025-06-13 16:40:00.169615,0 days 00:00:03.517415,26,0.9998195564852282,0.046301441077522744,0.9382571037944244,0.06259607018828534,484,2265596.0,15.909999999999998,1.8911284109405864,0.7556666666666666,0.11130089347749597,480.0,6.0,14.719999999999999,"[0.734, 0.7380000000000001]",2265596.0,"[7.34, 7.380000000000001]",0.0058312515417734785,2.7990007400512695,17.189999999999998,"[0.736, 0.983]",2266596.0,"[7.359999999999999, 9.83]",0.004847810665766398,2.326949119567871,14.750000000000002,"[0.7369999999999999, 0.7380000000000001]",2267596.0,"[7.369999999999999, 7.380000000000001]",0.005089899400870005,2.4431517124176025,19.6,"[0.9830000000000002, 0.977]",2268596.0,"[9.830000000000002, 9.77]",0.0045236816008885706,2.1713671684265137,14.67,"[0.611, 0.8560000000000001]",2269596.0,"[6.109999999999999, 8.56]",0.005319717029730479,2.55346417427063,14.53,"[0.7329999999999999, 0.72]",2270596.0,"[7.329999999999998, 7.199999999999999]",0.005584731201330821,2.680670976638794,7.5566666666666675,1.1130089347749599,0.005199515240059959,0.00043863299191474424,2.4957673152287803,0.2105438361190772,COMPLETE
227,18.17,2025-06-13 16:40:00.235762,2025-06-13 16:40:03.699065,0 days 00:00:03.463303,29,0.9844224174993769,0.03628926274527715,0.9714044440990286,0.07078557894277782,479,2275600.0,18.17,0.8980720089911127,0.8986666666666664,0.06076091580028142,470.0,6.0,17.03,"[0.852, 0.8509999999999998]",2275600.0,"[8.52, 8.509999999999998]",0.004790550089896994,2.251558542251587,18.439999999999998,"[0.86, 0.984]",2276600.0,"[8.6, 9.84]",0.0047659605107408885,2.2400014400482178,18.38,"[0.8529999999999998, 0.9850000000000001]",2277600.0,"[8.529999999999998, 9.850000000000001]",0.005050654614225347,2.373807668685913,19.68,"[0.986, 0.982]",2278600.0,"[9.86, 9.82]",0.004512347059046969,2.120803117752075,18.369999999999997,"[0.858, 0.9790000000000001]",2279600.0,"[8.58, 9.790000000000001]",0.004982566326222521,2.341806173324585,17.119999999999997,"[0.9829999999999999, 0.7289999999999999]",2280600.0,"[9.829999999999998, 7.289999999999999]",0.0054931168860577525,2.5817649364471436,8.986666666666665,0.6076091580028141,0.004932532581031746,0.0003041852803529806,2.3182903130849204,0.14296708176590087,COMPLETE
228,16.466666666666665,2025-06-13 16:40:03.831288,2025-06-13 16:40:07.376954,0 days 00:00:03.545666,30,0.9846710696954246,0.03385715525996948,0.936163346874965,0.09933583103535562,477,2285604.0,16.466666666666665,1.438641334346017,0.8123333333333335,0.060878750169679224,470.0,6.0,17.14,"[0.859, 0.8550000000000001]",2285604.0,"[8.59, 8.55]",0.005070966862617655,2.383354425430298,14.54,"[0.7290000000000001, 0.725]",2286604.0,"[7.290000000000001, 7.25]",0.004982479075168042,2.3417651653289795,17.24,"[0.8619999999999999, 0.8619999999999999]",2287604.0,"[8.62, 8.62]",0.004340383854318172,2.039980411529541,17.06,"[0.8480000000000001, 0.858]",2288604.0,"[8.48, 8.58]",0.005211638897023302,2.449470281600952,14.499999999999998,"[0.724, 0.726]",2289604.0,"[7.24, 7.26]",0.005267019474760015,2.475499153137207,18.319999999999997,"[0.852, 0.9800000000000001]",2290604.0,"[8.52, 9.8]",0.005293575246283349,2.487980365753174,8.123333333333335,0.6087875016967922,0.005027677235028422,0.0003261179259799237,2.3630083004633584,0.15327542521056417,COMPLETE
229,16.016666666666666,2025-06-13 16:40:07.469298,2025-06-13 16:40:10.775970,0 days 00:00:03.306672,29,0.9856859521503132,0.027545075353248898,0.9351814070040443,0.07267656173213363,467,2295607.0,16.016666666666666,1.5585641540283868,0.791,0.1229796731171457,460.0,6.0,15.819999999999997,"[0.5980000000000001, 0.9840000000000002]",2295607.0,"[5.98, 9.840000000000002]",0.005229046033776325,2.4053611755371094,15.829999999999998,"[0.7299999999999999, 0.853]",2296607.0,"[7.299999999999999, 8.53]",0.004938582752061927,2.2717480659484863,16.93,"[0.8480000000000001, 0.845]",2297607.0,"[8.48, 8.45]",0.005395481897437054,2.481921672821045,13.25,"[0.851, 0.47400000000000003]",2298607.0,"[8.51, 4.74]",0.005311306144880212,2.4432008266448975,18.459999999999997,"[0.9890000000000001, 0.857]",2299607.0,"[9.89, 8.57]",0.004142996539240298,1.905778408050537,15.809999999999999,"[0.73, 0.851]",2300607.0,"[7.3, 8.51]",0.005238710797351339,2.409806966781616,7.909999999999999,1.2297967311714568,0.005042687360791192,0.00042623470116667295,2.3196361859639487,0.19606796253666955,COMPLETE
230,15.223333333333334,2025-06-13 16:40:10.896463,2025-06-13 16:40:14.372121,0 days 00:00:03.475658,29,0.9647895702737308,0.038151562796023324,0.9342313774046846,0.053925271978336874,485,2305611.0,15.223333333333334,3.743227959336107,0.7274999999999999,0.24013451091697197,480.0,6.0,17.08,"[0.9730000000000001, 0.735]",2305611.0,"[9.73, 7.35]",0.004768777887026469,2.289013385772705,15.800000000000002,"[0.731, 0.8489999999999999]",2306611.0,"[7.31, 8.489999999999998]",0.004673206806182861,2.2431392669677734,18.52,"[0.865, 0.9870000000000001]",2307611.0,"[8.65, 9.870000000000001]",0.004300765196482341,2.0643672943115234,15.799999999999999,"[0.724, 0.8560000000000001]",2308611.0,"[7.24, 8.56]",0.004977314174175263,2.389110803604126,17.029999999999998,"[0.8469999999999999, 0.8559999999999999]",2309611.0,"[8.469999999999999, 8.559999999999999]",0.00454367846250534,2.1809656620025635,7.109999999999998,"[0.22499999999999992, 0.48599999999999993]",2310611.0,"[2.249999999999999, 4.859999999999999]",0.005492695172627767,2.636493682861328,7.2749999999999995,2.40134510916972,0.004792739616500007,0.00037481953290832514,2.3005150159200034,0.17991337579599603,COMPLETE
231,15.038333333333332,2025-06-13 16:40:16.127473,2025-06-13 16:40:19.556762,0 days 00:00:03.429289,28,0.9758452717737109,0.042818273980403776,0.9409374148828131,0.07137142133993554,489,2315616.0,15.038333333333332,1.5483369214167257,0.7721666666666667,0.15913874100573033,480.0,6.0,14.629999999999999,"[0.732, 0.7310000000000001]",2315616.0,"[7.32, 7.3100000000000005]",0.005125624438126882,2.4602997303009033,12.169999999999998,"[0.6039999999999999, 0.6129999999999999]",2316616.0,"[6.039999999999999, 6.129999999999999]",0.005203997095425923,2.4979186058044434,15.89,"[0.9810000000000001, 0.6079999999999999]",2317616.0,"[9.81, 6.079999999999998]",0.005305661757787069,2.546717643737793,14.579999999999997,"[0.6009999999999999, 0.857]",2318616.0,"[6.009999999999999, 8.57]",0.005533653994401296,2.656153917312622,15.81,"[0.7259999999999999, 0.8550000000000001]",2319616.0,"[7.259999999999999, 8.55]",0.005300994714101156,2.5444774627685547,17.15,"[0.9890000000000001, 0.726]",2320616.0,"[9.89, 7.26]",0.004684506356716156,2.248563051223755,7.721666666666667,1.591387410057303,0.005192406392759748,0.0002593661335291897,2.4923550685246787,0.12449574409401108,COMPLETE
232,17.553333333333335,2025-06-13 16:40:19.625931,2025-06-13 16:40:23.484526,0 days 00:00:03.858595,27,0.9919261569056343,0.03686317078050441,0.9702349263598636,0.06293516055350837,481,2325619.0,17.553333333333335,1.3909668899326435,0.8995000000000001,0.059907567691124555,480.0,6.0,15.869999999999997,"[0.8550000000000001, 0.732]",2325619.0,"[8.55, 7.32]",0.0051598663131395975,2.476735830307007,19.560000000000002,"[0.9790000000000001, 0.9770000000000001]",2326619.0,"[9.790000000000001, 9.770000000000001]",0.006378436585267385,3.0616495609283447,17.18,"[0.86, 0.858]",2327619.0,"[8.6, 8.58]",0.005610052744547526,2.6928253173828125,15.82,"[0.8520000000000001, 0.73]",2328619.0,"[8.520000000000001, 7.3]",0.005014316240946452,2.406871795654297,18.36,"[0.8619999999999999, 0.974]",2329619.0,"[8.62, 9.74]",0.005228839814662933,2.509843111038208,18.529999999999998,"[0.9890000000000001, 0.8639999999999999]",2330619.0,"[9.89, 8.639999999999999]",0.004572175939877828,2.1946444511413574,8.995000000000001,0.5990756769112454,0.00532728127307362,0.0005613580052770114,2.557095011075338,0.26945184253296545,COMPLETE
233,,2025-06-13 16:40:23.554666,,,36,0.9906038940852253,0.03605681323924616,0.9710697853318684,0.06335144296251946,478,,,,,,,,,,,,,,,,,,,,,,,,,,,,,,,,,,,,,,,,,,,,,,,,,,RUNNING
234,14.746666666666664,2025-06-13 16:42:41.938266,2025-06-13 16:42:45.525440,0 days 00:00:03.587174,36,0.9910270025469847,0.03701272833150601,0.9693677850597703,0.0648159059821765,476,2345762.0,14.746666666666664,2.2297882311007835,0.7838333333333334,0.166468632347225,470.0,6.0,14.31,"[0.7180000000000002, 0.7129999999999999]",2345762.0,"[7.1800000000000015, 7.129999999999999]",0.004782034488434487,2.247556209564209,16.91,"[0.8450000000000001, 0.8459999999999999]",2346762.0,"[8.450000000000001, 8.459999999999999]",0.005240459137774528,2.4630157947540283,10.349999999999998,"[0.4519999999999998, 0.583]",2347762.0,"[4.519999999999998, 5.83]",0.005819615404656593,2.7352192401885986,14.339999999999996,"[0.8560000000000001, 0.578]",2348762.0,"[8.56, 5.779999999999999]",0.004907804347099142,2.3066680431365967,15.680000000000001,"[0.8530000000000001, 0.715]",2349762.0,"[8.530000000000001, 7.1499999999999995]",0.004860543190164769,2.2844552993774414,16.89,"[0.9789999999999999, 0.71]",2350762.0,"[9.79, 7.1]",0.004503408898698522,2.1166021823883057,7.838333333333334,1.6646863234722504,0.005018977577804674,0.0004182282160257984,2.3589194615681968,0.19656726153212517,COMPLETE
235,15.191666666666665,2025-06-13 16:42:45.602582,2025-06-13 16:42:49.074348,0 days 00:00:03.471766,30,0.9914092412213468,0.036024213009901114,0.9720081952688652,0.05395742279551253,480,2355765.0,15.191666666666665,3.920341892686855,0.7696666666666666,0.22681759680902674,480.0,6.0,19.59,"[0.978, 0.9809999999999999]",2355765.0,"[9.78, 9.809999999999999]",0.004177491366863251,2.0051958560943604,8.19,"[0.346, 0.47300000000000003]",2356765.0,"[3.46, 4.73]",0.005522055923938752,2.6505868434906006,17.12,"[0.8569999999999999, 0.8549999999999999]",2357765.0,"[8.569999999999999, 8.549999999999999]",0.004343827565511067,2.0850372314453125,18.349999999999998,"[0.976, 0.8590000000000002]",2358765.0,"[9.76, 8.590000000000002]",0.004204750557740529,2.018280267715454,15.83,"[0.858, 0.7250000000000001]",2359765.0,"[8.58, 7.250000000000001]",0.0044105286399523415,2.117053747177124,12.069999999999997,"[0.603, 0.604]",2360765.0,"[6.029999999999999, 6.04]",0.004638059437274933,2.2262685298919678,7.696666666666665,2.2681759680902673,0.004549452248546813,0.000460536747669896,2.1837370793024697,0.22105763888155,COMPLETE
236,15.316666666666668,2025-06-13 16:42:51.429646,2025-06-13 16:42:54.781279,0 days 00:00:03.351633,27,0.9710542000528614,0.033264945989715425,0.9679217379758418,0.06391415566590887,461,2365771.0,15.316666666666668,1.8646060054487537,0.6928333333333333,0.1164551654309742,460.0,6.0,15.92,"[0.8560000000000001, 0.7360000000000001]",2365771.0,"[8.56, 7.360000000000001]",0.004678539089534594,2.152127981185913,12.209999999999999,"[0.487, 0.734]",2366771.0,"[4.87, 7.34]",0.005207731412804645,2.3955564498901367,13.47,"[0.6089999999999999, 0.7380000000000001]",2367771.0,"[6.089999999999999, 7.380000000000001]",0.0050952875095865,2.34383225440979,17.220000000000002,"[0.7350000000000001, 0.9870000000000001]",2368771.0,"[7.350000000000001, 9.870000000000001]",0.0044495302697886594,2.046783924102783,15.899999999999999,"[0.738, 0.852]",2369771.0,"[7.38, 8.52]",0.004859130797178849,2.2352001667022705,17.18,"[0.732, 0.9860000000000001]",2370771.0,"[7.32, 9.860000000000001]",0.004952526610830556,2.2781622409820557,6.928333333333334,1.1645516543097416,0.0048737909482873005,0.00025334811253904907,2.241943836212158,0.11654013176796263,COMPLETE
237,15.90333333333333,2025-06-13 16:42:54.915005,2025-06-13 16:42:58.536183,0 days 00:00:03.621178,27,0.982232859611982,0.045432630702737994,0.971487293483605,0.0006436801297906097,488,2375775.0,15.90333333333333,2.8054807470774468,0.8184999999999999,0.1530977356679931,480.0,6.0,18.400000000000002,"[0.984, 0.8559999999999999]",2375775.0,"[9.84, 8.559999999999999]",0.004460147023200989,2.1408705711364746,17.130000000000003,"[0.8690000000000001, 0.844]",2376775.0,"[8.690000000000001, 8.44]",0.0038849204778671266,1.8647618293762207,15.91,"[0.859, 0.732]",2377775.0,"[8.59, 7.32]",0.0049047688643137615,2.3542890548706055,17.069999999999997,"[0.8539999999999999, 0.8530000000000001]",2378775.0,"[8.54, 8.530000000000001]",0.005701988935470581,2.736954689025879,9.839999999999998,"[0.4919999999999999, 0.4920000000000001]",2379775.0,"[4.919999999999999, 4.920000000000001]",0.004895265897115072,2.3497276306152344,17.07,"[0.853, 0.8540000000000001]",2380775.0,"[8.53, 8.540000000000001]",0.004662426809469859,2.2379648685455322,8.185,1.5309773566799305,0.004751586334572898,0.0005464079379932607,2.280761440594991,0.26227581023676516,COMPLETE
238,15.161666666666667,2025-06-13 16:42:58.609120,2025-06-13 16:43:03.835529,0 days 00:00:05.226409,25,0.9672022660591794,0.04062414721885487,0.975910459642538,0.0688238754645334,471,2385780.0,15.161666666666667,4.411305236422537,0.7565,0.245634382772445,470.0,6.0,16.09,"[0.741, 0.868]",2385780.0,"[7.41, 8.68]",0.005720616401510036,2.688689708709717,6.219999999999999,"[0.2509999999999999, 0.3709999999999999]",2386780.0,"[2.509999999999999, 3.709999999999999]",0.005144125349978183,2.417738914489746,13.549999999999999,"[0.735, 0.6199999999999999]",2387780.0,"[7.35, 6.199999999999999]",0.005872285112421563,2.7599740028381348,17.270000000000003,"[0.866, 0.8610000000000001]",2388780.0,"[8.66, 8.610000000000001]",0.004019555132439796,1.889190912246704,18.35,"[0.9780000000000001, 0.857]",2389780.0,"[9.780000000000001, 8.57]",0.004557965156879831,2.1422436237335205,19.490000000000002,"[0.968, 0.9810000000000001]",2390780.0,"[9.68, 9.81]",0.004340362041554553,2.0399701595306396,7.564999999999999,2.4563438277244503,0.004942484865797327,0.0006919637111257222,2.3229678869247437,0.3252229442290896,COMPLETE
239,16.28833333333333,2025-06-13 16:43:03.907326,2025-06-13 16:43:07.093249,0 days 00:00:03.185923,28,0.953697541849193,0.030010488451849796,0.9293927128675286,0.04601554874615516,438,2395784.0,16.28833333333333,1.209454652128618,0.8963333333333332,0.09604975562465302,430.0,6.0,15.819999999999997,"[0.8559999999999999, 0.726]",2395784.0,"[8.559999999999999, 7.26]",0.004733795897905217,2.035532236099243,15.85,"[0.7259999999999999, 0.859]",2396784.0,"[7.259999999999999, 8.59]",0.005224825060644815,2.2466747760772705,15.889999999999999,"[0.9809999999999999, 0.6079999999999999]",2397784.0,"[9.809999999999999, 6.079999999999998]",0.004768668773562409,2.050527572631836,14.629999999999999,"[0.9810000000000001, 0.4819999999999999]",2398784.0,"[9.81, 4.8199999999999985]",0.005408069144847781,2.325469732284546,17.04,"[0.8480000000000001, 0.8560000000000001]",2399784.0,"[8.48, 8.56]",0.004651291980299839,2.0000555515289307,18.5,"[0.9860000000000001, 0.8640000000000001]",2400784.0,"[9.860000000000001, 8.64]",0.004132317387780478,1.7768964767456055,8.963333333333333,0.9604975562465302,0.00481982804084009,0.0004125417725342355,2.0725260575612388,0.17739296218972128,COMPLETE
240,16.163333333333334,2025-06-13 16:43:07.226410,2025-06-13 16:43:10.969947,0 days 00:00:03.743537,32,0.9933382613015571,0.04879383740276304,0.9698832326198118,0.08324278945898544,483,2405787.0,16.163333333333334,2.0473940075672346,0.7885,0.16467316114048464,480.0,6.0,17.1,"[0.858, 0.852]",2405787.0,"[8.58, 8.52]",0.0045649796724319455,2.191190242767334,14.490000000000002,"[0.599, 0.85]",2406787.0,"[5.99, 8.5]",0.005447665850321452,2.614879608154297,15.629999999999997,"[0.7129999999999999, 0.85]",2407787.0,"[7.129999999999999, 8.5]",0.005360460281372071,2.5730209350585938,19.5,"[0.9810000000000001, 0.969]",2408787.0,"[9.81, 9.69]",0.004439716537793477,2.131063938140869,17.12,"[0.9890000000000001, 0.723]",2409787.0,"[9.89, 7.2299999999999995]",0.004878964523474375,2.3419029712677,13.14,"[0.591, 0.7230000000000001]",2410787.0,"[5.91, 7.23]",0.005293206870555877,2.5407392978668213,7.885000000000001,1.646731611404846,0.004997498955991533,0.000394562816207713,2.398799498875936,0.18939015177970214,COMPLETE
241,15.253333333333332,2025-06-13 16:43:13.573160,2025-06-13 16:43:16.948613,0 days 00:00:03.375453,22,0.9778185736026788,0.06717230826885728,0.9429048806092887,0.05941092369596299,463,2415793.0,15.253333333333332,2.0431729137680823,0.7636666666666666,0.12719101994856225,460.0,6.0,12.469999999999999,"[0.625, 0.6220000000000001]",2415793.0,"[6.25, 6.220000000000001]",0.004715562385061513,2.169158697128296,18.47,"[0.9800000000000001, 0.867]",2416793.0,"[9.8, 8.67]",0.0045926804127900496,2.112632989883423,17.259999999999998,"[0.865, 0.8610000000000001]",2417793.0,"[8.65, 8.610000000000001]",0.00440077315206113,2.02435564994812,13.649999999999999,"[0.744, 0.621]",2418793.0,"[7.4399999999999995, 6.21]",0.005015622532886008,2.3071863651275635,14.889999999999999,"[0.7460000000000001, 0.743]",2419793.0,"[7.460000000000001, 7.43]",0.004470066920570706,2.0562307834625244,14.78,"[0.6220000000000001, 0.8560000000000001]",2420793.0,"[6.220000000000001, 8.56]",0.004706252139547597,2.1648759841918945,7.636666666666667,1.2719101994856223,0.004650159590486167,0.00019954860859877765,2.1390734116236367,0.09179235995543766,COMPLETE
242,15.513333333333334,2025-06-13 16:43:17.091224,2025-06-13 16:43:20.597116,0 days 00:00:03.505892,26,0.9878803800125012,0.06462658275795519,0.9667023141034414,0.05340926664158475,493,2425797.0,15.513333333333334,2.000013888840664,0.816,0.09312715321895465,490.0,6.0,17.18,"[0.859, 0.859]",2425797.0,"[8.59, 8.59]",0.004429419673219019,2.1704156398773193,12.120000000000001,"[0.725, 0.487]",2426797.0,"[7.25, 4.87]",0.0054144309491527326,2.653071165084839,15.91,"[0.861, 0.73]",2427797.0,"[8.61, 7.3]",0.004496367610230738,2.2032201290130615,14.790000000000001,"[0.7390000000000001, 0.74]",2428797.0,"[7.390000000000001, 7.4]",0.00451929861185502,2.21445631980896,18.4,"[0.9799999999999999, 0.8600000000000001]",2429797.0,"[9.799999999999999, 8.600000000000001]",0.0044250191474447444,2.168259382247925,14.679999999999998,"[0.732, 0.736]",2430797.0,"[7.32, 7.359999999999999]",0.004886782899194834,2.3945236206054688,8.16,0.9312715321895466,0.004695219815182849,0.00035779641694944493,2.3006577094395957,0.175320244305228,COMPLETE
243,16.735,2025-06-13 16:43:20.667704,2025-06-13 16:43:23.770356,0 days 00:00:03.102652,26,0.9683969713059527,0.058383836577233686,0.9640488406535338,0.07146449142374137,493,2435800.0,16.735,1.6857515633489217,0.8165,0.11694407495322995,490.0,6.0,17.16,"[0.86, 0.8559999999999999]",2435800.0,"[8.6, 8.559999999999999]",0.004352374952666613,2.1326637268066406,18.37,"[0.8619999999999999, 0.975]",2436800.0,"[8.62, 9.75]",0.004460083708471181,2.185441017150879,15.92,"[0.732, 0.86]",2437800.0,"[7.32, 8.6]",0.004504196011290258,2.2070560455322266,18.389999999999997,"[0.8640000000000001, 0.975]",2438800.0,"[8.64, 9.75]",0.004222417364315111,2.0689845085144043,13.469999999999999,"[0.607, 0.74]",2439800.0,"[6.07, 7.4]",0.004622604895611199,2.2650763988494873,17.099999999999998,"[0.974, 0.7360000000000001]",2440800.0,"[9.74, 7.360000000000001]",0.0045300615077116056,2.2197301387786865,8.165000000000001,1.1694407495322996,0.0044486230733443285,0.0001294567586701895,2.1798253059387207,0.06343381174839285,COMPLETE
244,15.016666666666666,2025-06-13 16:43:23.839780,2025-06-13 16:43:27.431602,0 days 00:00:03.591822,29,0.9994724384401641,0.04991139257296368,0.9733770332658133,0.03714304809256799,479,2445803.0,15.016666666666666,2.397127911109923,0.7508333333333331,0.13623804738602047,470.0,6.0,17.18,"[0.858, 0.86]",2445803.0,"[8.58, 8.6]",0.004816928822943505,2.2639565467834473,15.86,"[0.8539999999999999, 0.732]",2446803.0,"[8.54, 7.32]",0.00472080555367977,2.218778610229492,12.04,"[0.4739999999999999, 0.7299999999999999]",2447803.0,"[4.739999999999999, 7.299999999999999]",0.005487462814818037,2.5791075229644775,12.019999999999998,"[0.726, 0.476]",2448803.0,"[7.26, 4.76]",0.0055374277398941366,2.602591037750244,14.65,"[0.7340000000000001, 0.731]",2449803.0,"[7.340000000000001, 7.31]",0.004608806650689308,2.1661391258239746,18.349999999999998,"[0.859, 0.976]",2450803.0,"[8.59, 9.76]",0.004460625445589106,2.09649395942688,7.508333333333333,1.3623804738602046,0.004938676171268977,0.00042017985054664995,2.3211778004964194,0.1974845297569255,COMPLETE
245,15.558333333333332,2025-06-13 16:43:27.571186,2025-06-13 16:43:30.761539,0 days 00:00:03.190353,24,0.7618253267122153,0.044188010483646206,0.9935636829491717,0.043139833123601576,485,2455807.0,15.558333333333332,1.6440135509038702,0.7779999999999999,0.11190472137790552,480.0,6.0,14.799999999999999,"[0.737, 0.743]",2455807.0,"[7.37, 7.43]",0.004213685790697734,2.022569179534912,18.43,"[0.858, 0.985]",2456807.0,"[8.58, 9.85]",0.004182194670041402,2.007453441619873,14.78,"[0.74, 0.7379999999999999]",2457807.0,"[7.4, 7.379999999999999]",0.0047509188453356424,2.2804410457611084,14.71,"[0.739, 0.732]",2458807.0,"[7.39, 7.32]",0.0042923693855603535,2.0603373050689697,17.039999999999996,"[0.975, 0.7289999999999999]",2459807.0,"[9.75, 7.289999999999999]",0.004478355745474497,2.149610757827759,13.590000000000002,"[0.619, 0.74]",2460807.0,"[6.1899999999999995, 7.4]",0.004257910450299581,2.043797016143799,7.78,1.1190472137790555,0.004362572481234867,0.00019782343960381488,2.094034790992737,0.09495525100983115,COMPLETE
246,15.416666666666666,2025-06-13 16:43:33.259091,2025-06-13 16:43:36.765333,0 days 00:00:03.506242,31,0.9786723878369474,0.07302531462422625,0.9710807289320075,0.002283463948631002,500,2465813.0,15.416666666666666,2.920682949052994,0.769,0.1195226617285052,500.0,6.0,12.04,"[0.73, 0.4739999999999999]",2465813.0,"[7.3, 4.739999999999999]",0.00510477352142334,2.55238676071167,11.969999999999997,"[0.5969999999999999, 0.5999999999999999]",2466813.0,"[5.969999999999999, 5.999999999999998]",0.004970272064208984,2.485136032104492,14.530000000000001,"[0.727, 0.726]",2467813.0,"[7.27, 7.26]",0.0045749711990356445,2.2874855995178223,18.41,"[0.851, 0.99]",2468813.0,"[8.51, 9.9]",0.004256831645965576,2.128415822982788,15.899999999999999,"[0.729, 0.861]",2469813.0,"[7.29, 8.61]",0.004589227199554444,2.2946135997772217,19.650000000000002,"[0.9800000000000001, 0.9850000000000001]",2470813.0,"[9.8, 9.850000000000001]",0.004507216930389404,2.253608465194702,7.69,1.1952266172850519,0.004667215426762899,0.00028632904708231606,2.3336077133814492,0.14316452354115802,COMPLETE
247,16.108333333333334,2025-06-13 16:43:36.835474,2025-06-13 16:43:40.253463,0 days 00:00:03.417989,27,0.9520180133157562,0.039273311411538,0.9690726715073849,0.08955156586158507,490,2475817.0,16.108333333333334,1.9279385939967653,0.7759999999999999,0.13690751135955492,490.0,6.0,12.23,"[0.7360000000000001, 0.487]",2475817.0,"[7.360000000000001, 4.87]",0.005024449679316307,2.4619803428649902,15.970000000000004,"[0.6140000000000001, 0.983]",2476817.0,"[6.140000000000001, 9.83]",0.004841889653887067,2.372525930404663,18.380000000000003,"[0.859, 0.9790000000000001]",2477817.0,"[8.59, 9.790000000000001]",0.004971315422836615,2.4359445571899414,17.169999999999998,"[0.984, 0.733]",2478817.0,"[9.84, 7.33]",0.00472530832096022,2.315401077270508,17.05,"[0.8550000000000001, 0.85]",2479817.0,"[8.55, 8.5]",0.005019410289063745,2.4595110416412354,15.850000000000001,"[0.608, 0.977]",2480817.0,"[6.08, 9.77]",0.004806637763977051,2.355252504348755,7.760000000000001,1.3690751135955492,0.004898168521673501,0.00011359489838876897,2.4001025756200156,0.055661500210496845,COMPLETE
248,14.14,2025-06-13 16:43:40.326010,2025-06-13 16:43:43.687894,0 days 00:00:03.361884,25,0.9856867285376932,0.06325072600033284,0.9954444573170089,0.058800315494761536,472,2485820.0,14.14,1.9909210598782339,0.6749999999999999,0.1673479409294699,470.0,6.0,13.489999999999998,"[0.614, 0.735]",2485820.0,"[6.14, 7.35]",0.005351989827257522,2.515435218811035,13.439999999999998,"[0.7329999999999999, 0.611]",2486820.0,"[7.329999999999998, 6.109999999999999]",0.005095482379832167,2.394876718521118,17.310000000000002,"[0.858, 0.873]",2487820.0,"[8.58, 8.73]",0.004545092582702637,2.1361935138702393,11.14,"[0.3749999999999999, 0.7389999999999999]",2488820.0,"[3.749999999999999, 7.389999999999999]",0.005344867199025255,2.51208758354187,15.98,"[0.858, 0.74]",2489820.0,"[8.58, 7.4]",0.005117294636178524,2.4051284790039062,13.48,"[0.612, 0.736]",2490820.0,"[6.12, 7.359999999999999]",0.004944162165864985,2.323756217956543,6.749999999999999,1.6734794092946987,0.005066481465143515,0.0002736314585893003,2.381246288617452,0.1286067855369712,COMPLETE
249,15.568333333333333,2025-06-13 16:43:43.757229,2025-06-13 16:43:47.486766,0 days 00:00:03.729537,44,0.9629844551695876,0.13654090559891718,0.9744237505590487,0.04799562397297985,492,2495823.0,15.568333333333333,1.9003369584248884,0.7701666666666666,0.13460363623947494,490.0,6.0,13.9,"[0.701, 0.6889999999999998]",2495823.0,"[7.01, 6.889999999999999]",0.005467931105166066,2.679286241531372,12.5,"[0.5569999999999999, 0.693]",2496823.0,"[5.569999999999999, 6.93]",0.005786513309089505,2.8353915214538574,16.64,"[0.829, 0.835]",2497823.0,"[8.29, 8.35]",0.005438752077063735,2.6649885177612305,18.14,"[0.982, 0.8319999999999999]",2498823.0,"[9.82, 8.319999999999999]",0.005639233394544952,2.7632243633270264,16.86,"[0.8469999999999999, 0.8389999999999999]",2499823.0,"[8.469999999999999, 8.389999999999999]",0.005772818837847029,2.828681230545044,15.37,"[0.705, 0.8320000000000001]",2500823.0,"[7.05, 8.32]",0.005280739433911382,2.587562322616577,7.701666666666665,1.3460363623947496,0.005564331359603779,0.0001843591186049146,2.726522366205851,0.09033596811640814,COMPLETE
250,14.833333333333334,2025-06-13 16:43:47.559878,2025-06-13 16:43:50.925346,0 days 00:00:03.365468,28,0.9727037855888432,0.06813164736538246,0.9798001255181571,0.07649961173543639,421,2505827.0,14.833333333333334,2.743177395325031,0.7945000000000001,0.12128856774925935,420.0,6.0,15.900000000000002,"[0.7350000000000001, 0.8550000000000001]",2505827.0,"[7.350000000000001, 8.55]",0.005210791883014498,2.188532590866089,15.8,"[0.7279999999999999, 0.852]",2506827.0,"[7.2799999999999985, 8.52]",0.006029259023212251,2.5322887897491455,9.65,"[0.606, 0.3589999999999999]",2507827.0,"[6.06, 3.589999999999999]",0.005790305705297561,2.4319283962249756,18.43,"[0.9880000000000001, 0.8550000000000001]",2508827.0,"[9.88, 8.55]",0.0046906249863760815,1.970062494277954,15.87,"[0.853, 0.734]",2509827.0,"[8.53, 7.34]",0.005130871136983236,2.154965877532959,13.35,"[0.857, 0.47799999999999987]",2510827.0,"[8.57, 4.7799999999999985]",0.005451239858354841,2.289520740509033,7.945,1.2128856774925934,0.005383848765539744,0.0004398501216540274,2.261216481526693,0.1847370510946916,COMPLETE
251,16.93166666666667,2025-06-13 16:43:53.483322,2025-06-13 16:43:56.632078,0 days 00:00:03.148756,39,0.8388951030703552,0.04726479281470623,0.9369758012598568,0.06894312134286301,481,2515833.0,16.93166666666667,2.6278281061659188,0.916,0.1041841318691736,480.0,6.0,19.68,"[0.9780000000000001, 0.99]",2515833.0,"[9.780000000000001, 9.9]",0.0040290509661038715,1.9339444637298584,19.590000000000003,"[0.9800000000000001, 0.9789999999999999]",2516833.0,"[9.8, 9.79]",0.004269091784954071,2.049164056777954,12.860000000000001,"[0.8470000000000001, 0.43899999999999995]",2517833.0,"[8.47, 4.39]",0.004683101177215576,2.2478885650634766,17.0,"[0.9910000000000002, 0.709]",2518833.0,"[9.910000000000002, 7.09]",0.0043910627563794455,2.107710123062134,14.079999999999998,"[0.7119999999999999, 0.696]",2519833.0,"[7.119999999999998, 6.959999999999999]",0.004759876926740011,2.284740924835205,18.380000000000003,"[0.9880000000000001, 0.85]",2520833.0,"[9.88, 8.5]",0.0039304658770561215,1.8866236209869385,9.160000000000002,1.0418413186917361,0.004343774914741516,0.0003071298398381185,2.0850119590759277,0.14742232312229683,COMPLETE
252,17.07166666666667,2025-06-13 16:43:56.699894,2025-06-13 16:44:00.210483,0 days 00:00:03.510589,39,0.8284277322250994,0.04562865710863616,0.9360842829572654,0.06993862523940227,478,2525836.0,17.07166666666667,2.391292653682429,0.8205,0.14736999920834182,470.0,6.0,16.88,"[0.8479999999999999, 0.8400000000000001]",2525836.0,"[8.479999999999999, 8.4]",0.0056858879454592445,2.6723673343658447,15.5,"[0.7030000000000001, 0.8470000000000001]",2526836.0,"[7.030000000000001, 8.47]",0.005048242021114268,2.372673749923706,19.56,"[0.9810000000000001, 0.975]",2527836.0,"[9.81, 9.75]",0.005068951464713888,2.3824071884155273,18.21,"[0.845, 0.976]",2528836.0,"[8.45, 9.76]",0.004996764406244806,2.3484792709350586,12.780000000000001,"[0.567, 0.711]",2529836.0,"[5.67, 7.109999999999999]",0.005421852050943578,2.5482704639434814,19.5,"[0.9789999999999999, 0.9710000000000001]",2530836.0,"[9.79, 9.71]",0.005360652538056069,2.5195066928863525,8.205,1.473699992083418,0.005263725071088642,0.00024774256371213346,2.4739507834116616,0.1164390049447027,COMPLETE
253,16.868333333333336,2025-06-13 16:44:00.285727,2025-06-13 16:44:03.693139,0 days 00:00:03.407412,39,0.8183542452520518,0.042940869142288146,0.9324466977556064,0.06116526445432487,470,2535840.0,16.868333333333336,1.919387199660929,0.7971666666666666,0.12735700041833414,470.0,6.0,16.979999999999997,"[0.8460000000000001, 0.852]",2535840.0,"[8.46, 8.52]",0.004774226026332124,2.2438862323760986,16.830000000000002,"[0.708, 0.9750000000000002]",2536840.0,"[7.08, 9.750000000000002]",0.0048402862345918694,2.2749345302581787,18.169999999999995,"[0.843, 0.974]",2537840.0,"[8.43, 9.74]",0.004536873736280076,2.1323306560516357,18.24,"[0.8389999999999999, 0.985]",2538840.0,"[8.389999999999999, 9.85]",0.004656449784623816,2.1885313987731934,18.21,"[0.976, 0.845]",2539840.0,"[9.76, 8.45]",0.004621649295725721,2.172175168991089,12.779999999999998,"[0.571, 0.707]",2540840.0,"[5.709999999999999, 7.069999999999999]",0.00529592290837714,2.489083766937256,7.971666666666667,1.2735700041833413,0.004787567997655124,0.0002479753180206092,2.2501569588979087,0.1165483994696864,COMPLETE
254,15.493333333333332,2025-06-13 16:44:03.801052,2025-06-13 16:44:07.433413,0 days 00:00:03.632361,40,0.8175255677784903,0.04523177939409091,0.9316788973362619,0.06592706023058002,452,2545843.0,15.493333333333332,2.2597320391782945,0.7971666666666666,0.10308639849929555,450.0,6.0,11.36,"[0.7050000000000001, 0.4309999999999999]",2545843.0,"[7.050000000000001, 4.309999999999999]",0.005685220824347602,2.558349370956421,16.87,"[0.849, 0.8379999999999999]",2546843.0,"[8.49, 8.379999999999999]",0.005301765335930718,2.3857944011688232,16.89,"[0.7129999999999999, 0.9760000000000002]",2547843.0,"[7.129999999999999, 9.760000000000002]",0.005154562526279025,2.3195531368255615,14.099999999999998,"[0.697, 0.7130000000000001]",2548843.0,"[6.97, 7.130000000000001]",0.005894880294799804,2.652696132659912,15.459999999999997,"[0.8379999999999999, 0.708]",2549843.0,"[8.379999999999999, 7.08]",0.005040270487467448,2.2681217193603516,18.28,"[0.9810000000000001, 0.8469999999999999]",2550843.0,"[9.81, 8.469999999999999]",0.005338556501600478,2.402350425720215,7.971666666666667,1.0308639849929553,0.005402542661737513,0.0002970097816751206,2.431144197781881,0.1336544017538043,COMPLETE
255,14.401666666666664,2025-06-13 16:44:07.565966,2025-06-13 16:44:10.965085,0 days 00:00:03.399119,39,0.8319406450271272,0.04097571434595393,0.9276747941140554,0.054833984094847084,464,2555847.0,14.401666666666664,2.0979388032595767,0.7318333333333333,0.16490948695841876,460.0,6.0,14.190000000000001,"[0.574, 0.845]",2555847.0,"[5.739999999999999, 8.45]",0.005487196860106095,2.5241105556488037,12.85,"[0.577, 0.708]",2556847.0,"[5.77, 7.08]",0.005441950715106466,2.5032973289489746,14.209999999999999,"[0.5720000000000001, 0.849]",2557847.0,"[5.720000000000001, 8.49]",0.004957490381987198,2.2804455757141113,18.13,"[0.8380000000000001, 0.975]",2558847.0,"[8.38, 9.75]",0.004674132492231286,2.1501009464263916,15.57,"[0.9869999999999999, 0.5700000000000001]",2559847.0,"[9.87, 5.700000000000001]",0.004815220832824707,2.2150015830993652,11.459999999999997,"[0.843, 0.3029999999999998]",2560847.0,"[8.43, 3.0299999999999985]",0.005710153476051662,2.6266705989837646,7.3183333333333325,1.6490948695841876,0.00518102412638457,0.00038351897160675475,2.383271098136902,0.17641872693910723,COMPLETE
256,12.893333333333333,2025-06-13 16:44:13.522805,2025-06-13 16:44:17.069552,0 days 00:00:03.546747,38,0.8008586486489041,0.034238378674571024,0.9318465159329223,0.0001864896212822639,472,2565853.0,12.893333333333333,3.0350928962535715,0.6204999999999999,0.18622455083402228,470.0,6.0,12.860000000000001,"[0.7090000000000001, 0.5770000000000001]",2565853.0,"[7.090000000000001, 5.7700000000000005]",0.005538276915854596,2.60299015045166,16.96,"[0.852, 0.844]",2566853.0,"[8.52, 8.44]",0.005062944838341246,2.3795840740203857,12.77,"[0.7, 0.5770000000000001]",2567853.0,"[7.0, 5.7700000000000005]",0.005061244457326037,2.3787848949432373,11.569999999999999,"[0.4419999999999999, 0.7150000000000001]",2568853.0,"[4.419999999999999, 7.15]",0.004841989659248514,2.2757351398468018,7.499999999999999,"[0.3049999999999999, 0.44499999999999995]",2569853.0,"[3.049999999999999, 4.449999999999999]",0.005493819967229315,2.5820953845977783,15.7,"[0.7150000000000001, 0.8550000000000001]",2570853.0,"[7.15, 8.55]",0.004263704381090529,2.003941059112549,6.204999999999999,1.862245508340223,0.005043663369848374,0.0004275848261678321,2.3705217838287354,0.20096486829888102,COMPLETE
257,12.213333333333333,2025-06-13 16:44:17.140452,2025-06-13 16:44:21.046389,0 days 00:00:03.905937,41,0.8165535233035608,0.14676610019694875,0.9347191728734391,0.0633138915486792,475,2575857.0,12.213333333333333,6.964808364596658,0.6576666666666667,0.3443997999741322,470.0,6.0,7.1599999999999975,"[0.4229999999999999, 0.29299999999999987]",2575857.0,"[4.229999999999999, 2.929999999999999]",0.0059194397419056995,2.7821366786956787,16.729999999999997,"[0.9770000000000001, 0.696]",2576857.0,"[9.770000000000001, 6.959999999999999]",0.005334841444137249,2.507375478744507,-1.110000000000003,"[0.014999999999999875, -0.12600000000000014]",2577857.0,"[0.14999999999999875, -1.2600000000000013]",0.006736902480429792,3.166344165802002,18.2,"[0.9820000000000002, 0.8379999999999999]",2578857.0,"[9.820000000000002, 8.379999999999999]",0.004493972088428254,2.1121668815612793,15.53,"[0.707, 0.8459999999999999]",2579857.0,"[7.069999999999999, 8.459999999999999]",0.005112381691628314,2.4028193950653076,16.770000000000003,"[0.842, 0.835]",2580857.0,"[8.42, 8.35]",0.006199726145318214,2.9138712882995605,6.576666666666667,3.4439979997413226,0.005632877265307919,0.0007392736724010393,2.6474523146947226,0.3474586260284884,COMPLETE
258,15.086666666666664,2025-06-13 16:44:21.116258,2025-06-13 16:44:24.734310,0 days 00:00:03.618052,39,0.8369828128293312,0.037513712924211434,0.9357055374462969,0.08025759864040484,457,2585861.0,15.086666666666664,4.288634851428703,0.7796666666666668,0.20561344530183068,450.0,6.0,16.95,"[0.8559999999999999, 0.8390000000000001]",2585861.0,"[8.559999999999999, 8.39]",0.00531113412645128,2.390010356903076,19.6,"[0.9840000000000002, 0.9760000000000002]",2586861.0,"[9.840000000000002, 9.760000000000002]",0.004681238068474663,2.1065571308135986,11.37,"[0.567, 0.5700000000000001]",2587861.0,"[5.67, 5.700000000000001]",0.004865995513068305,2.1896979808807373,18.299999999999997,"[0.85, 0.9800000000000001]",2588861.0,"[8.5, 9.8]",0.00532568719651964,2.396559238433838,16.899999999999995,"[0.9810000000000001, 0.709]",2589861.0,"[9.81, 7.09]",0.004585227436489529,2.063352346420288,7.399999999999999,"[0.43999999999999995, 0.29999999999999993]",2590861.0,"[4.3999999999999995, 2.999999999999999]",0.005967185762193468,2.6852335929870605,7.796666666666667,2.0561344530183066,0.005122744683866147,0.00047249867718569995,2.3052351077397666,0.21262440473356498,COMPLETE
259,16.365,2025-06-13 16:44:24.811310,2025-06-13 16:44:28.207722,0 days 00:00:03.396412,39,0.8232911444046794,0.04378200671046251,0.9343821399943003,0.049474257300986826,465,2595865.0,16.365,1.9554176876906206,0.7953333333333333,0.12390273963431517,460.0,6.0,16.82,"[0.8460000000000001, 0.836]",2595865.0,"[8.46, 8.36]",0.005107104259988536,2.3492679595947266,15.499999999999998,"[0.705, 0.845]",2596865.0,"[7.05, 8.45]",0.005311300961867623,2.4431984424591064,19.5,"[0.974, 0.9760000000000002]",2597865.0,"[9.74, 9.760000000000002]",0.004511157844377601,2.0751326084136963,12.92,"[0.58, 0.712]",2598865.0,"[5.8, 7.119999999999999]",0.005019239239070727,2.308850049972534,16.849999999999998,"[0.843, 0.842]",2599865.0,"[8.43, 8.42]",0.005231917941051981,2.406682252883911,16.599999999999998,"[0.8240000000000001, 0.836]",2600865.0,"[8.24, 8.36]",0.005481495546258014,2.5214879512786865,7.953333333333334,1.2390273963431517,0.00511036929876908,0.00030557378066635996,2.350769877433777,0.14056393910652562,COMPLETE
260,16.28,2025-06-13 16:44:28.279002,2025-06-13 16:44:30.826605,0 days 00:00:02.547603,37,0.8195870239329193,0.04666482395025663,0.9394299939412031,0.09625501393681711,259,2605868.0,16.28,3.872277538262636,0.8245,0.19534222107197752,250.0,6.0,19.69,"[0.984, 0.9850000000000001]",2605868.0,"[9.84, 9.850000000000001]",0.005355298042297363,1.3388245105743408,19.720000000000002,"[0.9879999999999999, 0.984]",2606868.0,"[9.879999999999999, 9.84]",0.006017606735229492,1.504401683807373,18.3,"[0.975, 0.8549999999999999]",2607868.0,"[9.75, 8.549999999999999]",0.006425898551940918,1.6064746379852295,11.469999999999999,"[0.708, 0.4389999999999999]",2608868.0,"[7.08, 4.389999999999999]",0.007235786437988281,1.8089466094970703,18.19,"[0.842, 0.977]",2609868.0,"[8.42, 9.77]",0.006287503242492676,1.571875810623169,10.309999999999999,"[0.4499999999999999, 0.5809999999999998]",2610868.0,"[4.499999999999999, 5.809999999999999]",0.00705820369720459,1.7645509243011475,8.245,1.9534222107197752,0.006396716117858887,0.0006301665677236057,1.5991790294647217,0.15754164193090142,COMPLETE
261,14.586666666666666,2025-06-13 16:44:33.433876,2025-06-13 16:44:37.150767,0 days 00:00:03.716891,40,0.8096079608646274,0.12537012816093693,0.9652375923165617,0.05821517225532691,478,2615873.0,14.586666666666666,1.8952455132661734,0.7279999999999999,0.12371876710238164,470.0,6.0,14.079999999999998,"[0.7039999999999998, 0.7040000000000001]",2615873.0,"[7.039999999999998, 7.040000000000001]",0.006030520987003408,2.8343448638916016,14.159999999999998,"[0.8469999999999999, 0.5689999999999997]",2616873.0,"[8.469999999999999, 5.689999999999998]",0.005072084386297997,2.3838796615600586,18.26,"[0.8400000000000001, 0.9860000000000001]",2617873.0,"[8.4, 9.860000000000001]",0.004527584542619421,2.127964735031128,12.719999999999999,"[0.5629999999999998, 0.709]",2618873.0,"[5.629999999999998, 7.09]",0.005777029788240473,2.7152040004730225,15.52,"[0.842, 0.71]",2619873.0,"[8.42, 7.1]",0.00540881410558173,2.542142629623413,12.779999999999998,"[0.5719999999999998, 0.7059999999999998]",2620873.0,"[5.719999999999999, 7.059999999999999]",0.005807670126570032,2.729604959487915,7.2799999999999985,1.2371876710238163,0.0054372839893855095,0.0005109268704401137,2.55552347501119,0.24013562910685343,COMPLETE
262,14.324999999999998,2025-06-13 16:44:37.236108,2025-06-13 16:44:40.983984,0 days 00:00:03.747876,41,0.8507727699775455,0.05263194150368482,0.9477068053579384,0.0708374976667559,448,2625877.0,14.324999999999998,4.078397356805736,0.705,0.26644261420926396,440.0,6.0,18.26,"[0.843, 0.983]",2625877.0,"[8.43, 9.83]",0.0049163406545465645,2.1631898880004883,11.309999999999999,"[0.701, 0.4299999999999999]",2626877.0,"[7.01, 4.299999999999999]",0.0063174946741624315,2.7796976566314697,16.880000000000003,"[0.844, 0.8440000000000001]",2627877.0,"[8.44, 8.440000000000001]",0.005005249651995572,2.2023098468780518,18.240000000000002,"[0.9829999999999999, 0.841]",2628877.0,"[9.829999999999998, 8.41]",0.00500651327046481,2.2028658390045166,7.019999999999998,"[0.14799999999999988, 0.5539999999999999]",2629877.0,"[1.4799999999999989, 5.539999999999999]",0.0066951778802004725,2.945878267288208,14.24,"[0.7110000000000001, 0.7130000000000001]",2630877.0,"[7.110000000000001, 7.130000000000001]",0.0046717876737768,2.055586576461792,7.049999999999998,2.6644261420926396,0.005435427300857775,0.0007731570403954575,2.391588012377421,0.3401890977740013,COMPLETE
263,16.621666666666666,2025-06-13 16:44:41.051518,2025-06-13 16:44:44.529332,0 days 00:00:03.477814,38,0.8341995130176741,0.04093126416379938,0.9323051157169712,0.04153737803041798,470,2635881.0,16.621666666666666,2.14522272865909,0.82,0.09467488227261407,470.0,6.0,18.14,"[0.8469999999999999, 0.9670000000000002]",2635881.0,"[8.469999999999999, 9.670000000000002]",0.00479509729020139,2.2536957263946533,15.53,"[0.711, 0.842]",2636881.0,"[7.109999999999999, 8.42]",0.004685883319124263,2.2023651599884033,14.129999999999999,"[0.8379999999999999, 0.575]",2637881.0,"[8.379999999999999, 5.75]",0.005014451513899134,2.3567922115325928,18.159999999999997,"[0.841, 0.975]",2638881.0,"[8.41, 9.75]",0.004658692441088088,2.1895854473114014,19.659999999999997,"[0.982, 0.984]",2639881.0,"[9.82, 9.84]",0.0045974092280611075,2.1607823371887207,14.11,"[0.701, 0.71]",2640881.0,"[7.01, 7.1]",0.005722006838372413,2.689343214035034,8.2,0.9467488227261408,0.004912256771791066,0.00038612046165225846,2.308760682741801,0.18147661697656142,COMPLETE
264,15.951666666666666,2025-06-13 16:44:44.602736,2025-06-13 16:44:47.625251,0 days 00:00:03.022515,42,0.6092287610240492,0.05012535135649913,0.9305047760782758,0.03404017910685075,362,2645884.0,15.951666666666666,2.3114311343600282,0.8688333333333333,0.05307986644879787,360.0,6.0,12.739999999999998,"[0.85, 0.42399999999999993]",2645884.0,"[8.5, 4.239999999999999]",0.005839878982967801,2.102356433868408,16.97,"[0.85, 0.8469999999999999]",2646884.0,"[8.5, 8.469999999999999]",0.004917352729373508,1.770246982574463,18.2,"[0.842, 0.978]",2647884.0,"[8.42, 9.78]",0.004591838518778483,1.653061866760254,18.079999999999995,"[0.836, 0.9720000000000001]",2648884.0,"[8.36, 9.72]",0.00452589922481113,1.6293237209320068,12.77,"[0.8480000000000001, 0.429]",2649884.0,"[8.48, 4.29]",0.006147776709662544,2.2131996154785156,16.95,"[0.9869999999999999, 0.708]",2650884.0,"[9.87, 7.08]",0.0050003634558783636,1.800130844116211,8.688333333333334,0.5307986644879789,0.005170518270245305,0.000611899670640527,1.8613865772883098,0.22028388143058963,COMPLETE
265,18.188333333333336,2025-06-13 16:44:47.693448,2025-06-13 16:44:51.284511,0 days 00:00:03.591063,38,0.8247752972712018,0.08524074405551757,0.9373690547633786,0.08243215465085522,479,2655887.0,18.188333333333336,1.3172119124204067,0.9091666666666668,0.10141238692695397,470.0,6.0,18.16,"[0.984, 0.8320000000000001]",2655887.0,"[9.84, 8.32]",0.005279702328621073,2.4814600944519043,19.470000000000002,"[0.966, 0.9810000000000001]",2656887.0,"[9.66, 9.81]",0.0046146773277445045,2.168898344039917,18.259999999999998,"[0.8380000000000001, 0.9880000000000001]",2657887.0,"[8.38, 9.88]",0.00473888985654141,2.227278232574463,19.630000000000003,"[0.9850000000000001, 0.978]",2658887.0,"[9.850000000000001, 9.78]",0.0041938386064894655,1.9711041450500488,15.61,"[0.713, 0.8480000000000001]",2659887.0,"[7.13, 8.48]",0.005441096995739227,2.5573155879974365,18.0,"[0.969, 0.8309999999999998]",2660887.0,"[9.69, 8.309999999999999]",0.005460421075212194,2.5663979053497314,9.091666666666667,1.0141238692695398,0.004954771031724646,0.0004724160988147675,2.3287423849105835,0.22203556644294076,COMPLETE
266,14.479999999999999,2025-06-13 16:44:53.948257,2025-06-13 16:44:57.427425,0 days 00:00:03.479168,38,0.8067064735621566,0.08369193473347081,0.9367908800451091,0.08474516992500818,462,2665894.0,14.479999999999999,1.6913012741673201,0.622,0.10113192703922272,460.0,6.0,15.62,"[0.7110000000000001, 0.851]",2665894.0,"[7.110000000000001, 8.51]",0.004513273031815239,2.0761055946350098,12.850000000000001,"[0.575, 0.7100000000000001]",2666894.0,"[5.75, 7.1000000000000005]",0.005260184018508248,2.419684648513794,15.639999999999999,"[0.713, 0.851]",2667894.0,"[7.13, 8.51]",0.004753277612769086,2.1865077018737793,12.919999999999998,"[0.445, 0.8469999999999999]",2668894.0,"[4.45, 8.469999999999999]",0.005282776770384415,2.430077314376831,17.05,"[0.717, 0.9880000000000001]",2669894.0,"[7.17, 9.88]",0.004605812093485957,2.11867356300354,12.799999999999999,"[0.571, 0.7089999999999999]",2670894.0,"[5.709999999999999, 7.089999999999998]",0.0054881743762804115,2.5245602130889893,6.22,1.0113192703922274,0.004983916317207226,0.00037362631096257416,2.2926015059153237,0.17186810304278413,COMPLETE
267,17.098333333333333,2025-06-13 16:44:57.571822,2025-06-13 16:45:00.919744,0 days 00:00:03.347922,37,0.7923653065123482,0.0302013608900953,0.9374508547905416,0.07987576540632683,473,2675897.0,17.098333333333333,0.9565984296221469,0.8901666666666667,0.10019550333667122,470.0,6.0,18.270000000000003,"[0.984, 0.8429999999999997]",2675897.0,"[9.84, 8.429999999999998]",0.004591027219244774,2.157782793045044,16.96,"[0.8520000000000001, 0.8440000000000001]",2676897.0,"[8.520000000000001, 8.440000000000001]",0.004130502457314349,1.9413361549377441,15.509999999999998,"[0.711, 0.8399999999999999]",2677897.0,"[7.109999999999999, 8.399999999999999]",0.0052838071863702,2.483389377593994,16.71,"[0.8389999999999999, 0.8320000000000001]",2678897.0,"[8.389999999999999, 8.32]",0.005233556666272752,2.4597716331481934,18.27,"[0.977, 0.85]",2679897.0,"[9.77, 8.5]",0.004067857722018627,1.9118931293487549,16.87,"[0.9780000000000001, 0.7089999999999999]",2680897.0,"[9.780000000000001, 7.089999999999998]",0.0043051709520055895,2.023430347442627,8.901666666666666,1.0019550333667122,0.004601987033871048,0.0004932157493814422,2.162933905919393,0.23181140220927784,COMPLETE
268,18.03,2025-06-13 16:45:01.001194,2025-06-13 16:45:04.642909,0 days 00:00:03.641715,37,0.8099750763125393,0.03044106752739165,0.9381858029185859,0.098705590384132,458,2685901.0,18.03,1.5986035572753279,0.9144999999999999,0.06933433492866287,450.0,6.0,19.55,"[0.986, 0.9690000000000001]",2685901.0,"[9.86, 9.690000000000001]",0.005126914448208279,2.3071115016937256,19.54,"[0.982, 0.9720000000000002]",2686901.0,"[9.82, 9.720000000000002]",0.006329971419440375,2.848487138748169,15.68,"[0.8539999999999999, 0.714]",2687901.0,"[8.54, 7.14]",0.00534203847249349,2.4039173126220703,16.94,"[0.844, 0.85]",2688901.0,"[8.44, 8.5]",0.005268980662027994,2.3710412979125977,16.830000000000002,"[0.8380000000000001, 0.845]",2689901.0,"[8.38, 8.45]",0.005525333086649577,2.4863998889923096,19.64,"[0.983, 0.9810000000000001]",2690901.0,"[9.83, 9.81]",0.004432347085740831,1.994556188583374,9.145,0.6933433492866288,0.005337597529093424,0.000561047279647438,2.401918888092041,0.25247127584134704,COMPLETE
269,14.761666666666665,2025-06-13 16:45:04.714750,2025-06-13 16:45:08.122000,0 days 00:00:03.407250,36,0.8000991782578696,0.026850551235632722,0.9378613306649419,0.09451121341951699,455,2695904.0,14.761666666666665,3.054605357307044,0.7819999999999999,0.12575107686748987,450.0,6.0,17.03,"[0.85, 0.853]",2695904.0,"[8.5, 8.53]",0.0048684491051567925,2.1908020973205566,8.999999999999998,"[0.5809999999999998, 0.3189999999999999]",2696904.0,"[5.809999999999999, 3.189999999999999]",0.005804900063408745,2.6122050285339355,18.32,"[0.853, 0.9790000000000001]",2697904.0,"[8.53, 9.790000000000001]",0.004710196918911404,2.119588613510132,15.72,"[0.72, 0.852]",2698904.0,"[7.199999999999999, 8.52]",0.004693598747253418,2.112119436264038,12.92,"[0.715, 0.577]",2699904.0,"[7.1499999999999995, 5.77]",0.004836575720045301,2.1764590740203857,15.579999999999998,"[0.9730000000000001, 0.585]",2700904.0,"[9.73, 5.85]",0.00539137946234809,2.4261207580566406,7.82,1.2575107686748985,0.005050850002853959,0.0004097577222350778,2.2728825012842813,0.18439097500578508,COMPLETE
270,14.681666666666667,2025-06-13 16:45:08.190873,2025-06-13 16:45:11.969040,0 days 00:00:03.778167,37,0.7945198584780877,0.029695085362496397,0.9418551976843397,0.08567112987144494,441,2705908.0,14.681666666666667,1.2977212934816005,0.7565,0.1670676010881025,440.0,6.0,16.95,"[0.711, 0.9840000000000002]",2705908.0,"[7.109999999999999, 9.840000000000002]",0.005350328575481068,2.35414457321167,12.849999999999998,"[0.4459999999999999, 0.8390000000000001]",2706908.0,"[4.459999999999999, 8.39]",0.005294063958254727,2.32938814163208,14.209999999999999,"[0.9800000000000001, 0.44099999999999984]",2707908.0,"[9.8, 4.409999999999998]",0.006311970949172974,2.7772672176361084,14.280000000000001,"[0.844, 0.584]",2708908.0,"[8.44, 5.84]",0.00573476715521379,2.5232975482940674,14.149999999999997,"[0.7070000000000001, 0.708]",2709908.0,"[7.07, 7.08]",0.005341101234609431,2.3500845432281494,15.650000000000004,"[0.851, 0.7140000000000001]",2710908.0,"[8.51, 7.140000000000001]",0.005154351754622026,2.2679147720336914,7.564999999999999,1.670676010881025,0.005531097271225669,0.000391182590270557,2.4336827993392944,0.17212033971904506,COMPLETE
271,13.788333333333334,2025-06-13 16:45:14.844205,2025-06-13 16:45:18.254151,0 days 00:00:03.409946,37,0.8277132600381739,0.03252655396010266,0.9402318156933843,0.07991463462957493,432,2715915.0,13.788333333333334,3.141827582085873,0.6691666666666666,0.2134786614368962,430.0,6.0,12.749999999999998,"[0.3099999999999999, 0.9649999999999999]",2715915.0,"[3.0999999999999988, 9.649999999999999]",0.005614646091017612,2.4142978191375732,16.930000000000003,"[0.8490000000000002, 0.8440000000000001]",2716915.0,"[8.490000000000002, 8.440000000000001]",0.005210366359976835,2.240457534790039,8.889999999999999,"[0.5819999999999999, 0.30699999999999994]",2717915.0,"[5.8199999999999985, 3.0699999999999994]",0.006040059134017589,2.5972254276275635,18.23,"[0.9790000000000003, 0.844]",2718915.0,"[9.790000000000003, 8.44]",0.004876940194950548,2.0970842838287354,11.7,"[0.586, 0.5839999999999999]",2719915.0,"[5.859999999999999, 5.839999999999998]",0.004994528238163438,2.1476471424102783,14.229999999999999,"[0.7089999999999999, 0.714]",2720915.0,"[7.089999999999998, 7.14]",0.0054955227430476695,2.363074779510498,6.691666666666666,2.134786614368962,0.005372010460195615,0.0003945741532696406,2.3099644978841147,0.16966688590594553,COMPLETE
272,14.52833333333333,2025-06-13 16:45:18.326089,2025-06-13 16:45:22.027280,0 days 00:00:03.701191,35,0.7848209749904888,0.029425941364740797,0.9370540682338523,0.09478704037712667,479,2725918.0,14.52833333333333,2.905428348606946,0.7578333333333332,0.19616864909788442,470.0,6.0,11.609999999999998,"[0.579, 0.582]",2725918.0,"[5.789999999999999, 5.819999999999999]",0.005038487657587579,2.368089199066162,12.940000000000001,"[0.709, 0.5850000000000001]",2726918.0,"[7.09, 5.8500000000000005]",0.006064101990233077,2.850127935409546,11.709999999999999,"[0.4549999999999999, 0.716]",2727918.0,"[4.549999999999999, 7.16]",0.004628085075540745,2.1751999855041504,16.98,"[0.9770000000000001, 0.7210000000000001]",2728918.0,"[9.770000000000001, 7.210000000000001]",0.004874084350910593,2.2908196449279785,19.589999999999996,"[0.9780000000000001, 0.9809999999999999]",2729918.0,"[9.780000000000001, 9.809999999999999]",0.004084228962025743,1.9195876121520996,14.34,"[0.8489999999999999, 0.585]",2730918.0,"[8.489999999999998, 5.85]",0.005079064977929947,2.387160539627075,7.578333333333333,1.9616864909788443,0.004961342169037947,0.0005949637390190375,2.3318308194478354,0.2796329573389475,COMPLETE
273,17.131666666666664,2025-06-13 16:45:22.098222,2025-06-13 16:45:25.680733,0 days 00:00:03.582511,38,0.8084768532209302,0.0784750915717102,0.93945062318016,0.07413471350188204,449,2735922.0,17.131666666666664,2.2103349419387914,0.8458333333333333,0.14028116607569088,440.0,6.0,19.69,"[0.9880000000000001, 0.9809999999999999]",2735922.0,"[9.88, 9.809999999999999]",0.004307986931367354,1.8955142498016357,18.2,"[0.9780000000000001, 0.8420000000000002]",2736922.0,"[9.780000000000001, 8.420000000000002]",0.005458270419727672,2.401638984680176,15.439999999999998,"[0.704, 0.8400000000000001]",2737922.0,"[7.039999999999999, 8.4]",0.006115281581878662,2.6907238960266113,19.78,"[0.992, 0.9860000000000001]",2738922.0,"[9.92, 9.860000000000001]",0.004732886769554832,2.082470178604126,14.049999999999999,"[0.7, 0.705]",2739922.0,"[7.0, 7.05]",0.006468586488203569,2.8461780548095703,15.63,"[0.7130000000000001, 0.85]",2740922.0,"[7.130000000000001, 8.5]",0.005350646647540006,2.3542845249176025,8.458333333333334,1.4028116607569088,0.005405609806378682,0.0007412466755511955,2.37846831480662,0.326148537242526,COMPLETE
274,16.938333333333336,2025-06-13 16:45:25.750775,2025-06-13 16:45:29.072684,0 days 00:00:03.321909,37,0.8091796272418151,0.09103475593437113,0.9404166193509118,0.07549892965215865,448,2745925.0,16.938333333333336,1.4556604075890176,0.8473333333333334,0.1310949613405828,440.0,6.0,16.889999999999997,"[0.8500000000000002, 0.8390000000000001]",2745925.0,"[8.500000000000002, 8.39]",0.005429065769368952,2.388788938522339,16.900000000000002,"[0.844, 0.8459999999999999]",2746925.0,"[8.44, 8.459999999999999]",0.005361012437126853,2.3588454723358154,19.44,"[0.9700000000000001, 0.974]",2747925.0,"[9.700000000000001, 9.74]",0.004954467578367754,2.1799657344818115,16.979999999999997,"[0.9860000000000001, 0.712]",2748925.0,"[9.860000000000001, 7.119999999999999]",0.004937962510369041,2.172703504562378,14.399999999999999,"[0.585, 0.8549999999999999]",2749925.0,"[5.85, 8.549999999999999]",0.005491944334723733,2.4164555072784424,17.02,"[0.849, 0.853]",2750925.0,"[8.49, 8.53]",0.0050704251636158335,2.230987071990967,8.473333333333334,1.310949613405828,0.0052074796322620276,0.0002269476485372137,2.291291038195292,0.0998569653563741,COMPLETE
275,15.211666666666668,2025-06-13 16:45:29.190720,2025-06-13 16:45:32.487114,0 days 00:00:03.296394,37,0.8110766011952347,0.09232323311303794,0.9369712756939115,0.07534995596223473,444,2755929.0,15.211666666666668,3.0624794783892932,0.7405,0.09059755331501325,440.0,6.0,8.94,"[0.588, 0.30599999999999994]",2755929.0,"[5.88, 3.0599999999999996]",0.005381347374482588,2.367792844772339,14.31,"[0.718, 0.7129999999999999]",2756929.0,"[7.18, 7.129999999999999]",0.005469102751124989,2.406405210494995,17.0,"[0.85, 0.85]",2757929.0,"[8.5, 8.5]",0.004999504306099632,2.199781894683838,17.09,"[0.719, 0.99]",2758929.0,"[7.1899999999999995, 9.9]",0.004698202826760032,2.067209243774414,15.689999999999998,"[0.716, 0.853]",2759929.0,"[7.16, 8.53]",0.004904717748815363,2.1580758094787598,18.240000000000002,"[0.852, 0.9719999999999999]",2760929.0,"[8.52, 9.719999999999999]",0.004917695847424594,2.1637861728668213,7.4049999999999985,0.9059755331501324,0.005061761809117867,0.00027371839091627596,2.2271751960118613,0.12043609200316152,COMPLETE
276,18.03166666666667,2025-06-13 16:45:35.286212,2025-06-13 16:45:38.479070,0 days 00:00:03.192858,36,0.8012785503897648,0.08094627220523427,0.9383697740126725,0.07239712973630638,450,2765935.0,18.03166666666667,2.4412115616817998,0.891,0.145175755551676,450.0,6.0,17.0,"[0.8560000000000001, 0.8439999999999998]",2765935.0,"[8.56, 8.439999999999998]",0.0048312531577216255,2.1740639209747314,12.989999999999998,"[0.5820000000000001, 0.717]",2766935.0,"[5.82, 7.17]",0.005216985808478462,2.3476436138153076,19.520000000000003,"[0.9809999999999999, 0.9710000000000001]",2767935.0,"[9.809999999999999, 9.71]",0.004379570219251844,1.97080659866333,19.509999999999998,"[0.967, 0.984]",2768935.0,"[9.67, 9.84]",0.004477807150946723,2.0150132179260254,19.740000000000002,"[0.984, 0.99]",2769935.0,"[9.84, 9.9]",0.0037219211790296765,1.6748645305633545,19.43,"[0.9760000000000002, 0.967]",2770935.0,"[9.760000000000002, 9.67]",0.004794680277506511,2.1576061248779297,8.910000000000002,1.4517575555167606,0.004570369632155807,0.00046571181459418177,2.0566663344701133,0.20957031656738173,COMPLETE
277,17.171666666666667,2025-06-13 16:45:38.552052,2025-06-13 16:45:41.712681,0 days 00:00:03.160629,36,0.7913797516964809,0.08675146399199743,0.9435958897722915,0.07003363003528466,449,2775938.0,17.171666666666667,2.082925960171306,0.8936666666666667,0.09789733851790298,440.0,6.0,16.92,"[0.851, 0.8409999999999999]",2775938.0,"[8.51, 8.409999999999998]",0.005025516314940019,2.2112271785736084,18.23,"[0.977, 0.8459999999999999]",2776938.0,"[9.77, 8.459999999999999]",0.004814820939844305,2.118521213531494,19.61,"[0.982, 0.9789999999999999]",2777938.0,"[9.82, 9.79]",0.004256537285718051,1.8728764057159424,18.31,"[0.8480000000000001, 0.983]",2778938.0,"[8.48, 9.83]",0.004491074518723922,1.9760727882385254,12.979999999999999,"[0.719, 0.579]",2779938.0,"[7.1899999999999995, 5.789999999999999]",0.005380755121057684,2.367532253265381,16.979999999999997,"[0.9850000000000001, 0.7129999999999999]",2780938.0,"[9.850000000000001, 7.129999999999999]",0.004707629030401056,2.071356773376465,8.936666666666666,0.97897338517903,0.0047793888684475065,0.0003617374594818925,2.102931102116903,0.15916448217203275,COMPLETE
278,14.941666666666668,2025-06-13 16:45:41.785555,2025-06-13 16:45:45.623717,0 days 00:00:03.838162,36,0.7920941607850162,0.08840508189040303,0.9448516722254953,0.09764258745022468,449,2785941.0,14.941666666666668,5.125262323909762,0.7154999999999999,0.254938391250383,440.0,6.0,18.259999999999998,"[0.9810000000000001, 0.845]",2785941.0,"[9.81, 8.45]",0.004786251891743053,2.1059508323669434,3.6499999999999977,"[0.1829999999999999, 0.18199999999999988]",2786941.0,"[1.8299999999999992, 1.819999999999999]",0.0063728370449759745,2.8040482997894287,16.96,"[0.714, 0.982]",2787941.0,"[7.14, 9.82]",0.004395180398767645,1.9338793754577637,15.68,"[0.716, 0.8520000000000001]",2788941.0,"[7.16, 8.520000000000001]",0.004878854209726507,2.146695852279663,16.889999999999997,"[0.849, 0.8400000000000001]",2789941.0,"[8.49, 8.4]",0.004535502195358277,1.9956209659576416,18.21,"[0.85, 0.9709999999999999]",2790941.0,"[8.5, 9.709999999999999]",0.004751414060592651,2.0906221866607666,7.155,2.5493839125038296,0.004953339966860684,0.000655151774528911,2.179469585418701,0.28826678079272083,COMPLETE
279,14.103333333333333,2025-06-13 16:45:45.711757,2025-06-13 16:45:49.225080,0 days 00:00:03.513323,35,0.8022815435173133,0.08810098652834547,0.9396417611493935,0.0806136405196777,437,2795945.0,14.103333333333333,1.6290658536583331,0.5870000000000001,0.11006058937391415,430.0,6.0,14.290000000000001,"[0.584, 0.845]",2795945.0,"[5.84, 8.45]",0.005450311926908271,2.3436341285705566,17.07,"[0.7260000000000001, 0.9809999999999999]",2796945.0,"[7.260000000000001, 9.809999999999999]",0.004939999691275663,2.124199867248535,14.41,"[0.7200000000000001, 0.7210000000000001]",2797945.0,"[7.200000000000001, 7.210000000000001]",0.005543594027674475,2.3837454319000244,12.920000000000002,"[0.45099999999999996, 0.841]",2798945.0,"[4.51, 8.41]",0.005891458378281704,2.533327102661133,11.740000000000002,"[0.5850000000000001, 0.5890000000000001]",2799945.0,"[5.8500000000000005, 5.890000000000001]",0.005486359152682992,2.3591344356536865,14.190000000000001,"[0.45599999999999996, 0.9630000000000001]",2800945.0,"[4.56, 9.63]",0.00556311662807021,2.3921401500701904,5.870000000000001,1.1006058937391414,0.005479139967482219,0.0002807039624673915,2.3560301860173545,0.12070270386097834,COMPLETE
280,15.835,2025-06-13 16:45:49.300812,2025-06-13 16:45:52.846785,0 days 00:00:03.545973,37,0.7916279155065072,0.08586286439028769,0.943328009200943,0.07503943454106447,454,2805949.0,15.835,3.256760916411684,0.801,0.17003136965473956,450.0,6.0,14.25,"[0.578, 0.8470000000000001]",2805949.0,"[5.779999999999999, 8.47]",0.004599046177334256,2.069570779800415,10.239999999999998,"[0.574, 0.4499999999999999]",2806949.0,"[5.739999999999999, 4.499999999999999]",0.005732069545321994,2.5794312953948975,19.700000000000003,"[0.9870000000000001, 0.983]",2807949.0,"[9.870000000000001, 9.83]",0.004247670703464084,1.911451816558838,15.43,"[0.829, 0.714]",2808949.0,"[8.29, 7.14]",0.005322214762369792,2.3949966430664062,15.72,"[0.852, 0.72]",2809949.0,"[8.52, 7.199999999999999]",0.004736400180392795,2.131380081176758,19.669999999999998,"[0.9860000000000001, 0.9810000000000002]",2810949.0,"[9.860000000000001, 9.810000000000002]",0.004718630048963759,2.1233835220336914,8.01,1.7003136965473957,0.004892671902974446,0.0004909259113127968,2.201702356338501,0.22091666009075855,COMPLETE
281,15.17,2025-06-13 16:45:55.473413,2025-06-13 16:45:59.104947,0 days 00:00:03.631534,36,0.7758159755587782,0.08043536003441872,0.9384414598780237,0.06827728404033122,446,2815955.0,15.17,2.01076270769742,0.737,0.14418968987644948,440.0,6.0,17.009999999999998,"[0.852, 0.8489999999999999]",2815955.0,"[8.52, 8.489999999999998]",0.005166801539334384,2.273392677307129,14.209999999999999,"[0.574, 0.8470000000000001]",2816955.0,"[5.739999999999999, 8.47]",0.005332018570466475,2.346088171005249,18.289999999999996,"[0.9810000000000001, 0.8480000000000001]",2817955.0,"[9.81, 8.48]",0.0048572626980868255,2.137195587158203,12.88,"[0.58, 0.708]",2818955.0,"[5.8, 7.08]",0.005671301213177768,2.4953725337982178,15.64,"[0.7159999999999999, 0.8479999999999999]",2819955.0,"[7.159999999999998, 8.479999999999999]",0.0043601372025229715,1.9184603691101074,12.99,"[0.719, 0.5799999999999998]",2820955.0,"[7.1899999999999995, 5.799999999999999]",0.005839125134728172,2.5692150592803955,7.37,1.4418968987644947,0.005204441059719432,0.000495287265258387,2.2899540662765503,0.2179263967136903,COMPLETE
282,16.77,2025-06-13 16:45:59.245300,2025-06-13 16:46:02.657344,0 days 00:00:03.412044,38,0.807034601020546,0.08439034831746381,0.9407379611482534,0.08309087738091879,455,2825959.0,16.77,1.817846711542715,0.8508333333333332,0.13490171319231728,450.0,6.0,15.74,"[0.8580000000000002, 0.716]",2825959.0,"[8.580000000000002, 7.16]",0.0046614159478081596,2.097637176513672,14.250000000000002,"[0.581, 0.844]",2826959.0,"[5.81, 8.44]",0.005459591017829047,2.4568159580230713,15.61,"[0.851, 0.71]",2827959.0,"[8.51, 7.1]",0.005437066819932726,2.4466800689697266,19.72,"[0.983, 0.9889999999999999]",2828959.0,"[9.83, 9.889999999999999]",0.004266563521491157,1.9199535846710205,17.01,"[0.9880000000000001, 0.7129999999999999]",2829959.0,"[9.88, 7.129999999999999]",0.00511901749504937,2.303557872772217,18.29,"[0.8439999999999998, 0.985]",2830959.0,"[8.439999999999998, 9.85]",0.004940800136990017,2.223360061645508,8.508333333333333,1.349017131923173,0.00498074248985008,0.00042234745074139435,2.2413341204325357,0.19005635283362746,COMPLETE
283,15.761666666666665,2025-06-13 16:46:02.796985,2025-06-13 16:46:06.359411,0 days 00:00:03.562426,38,0.7815229493913587,0.08691096711298234,0.9414154287608041,0.06790740625209966,445,2835963.0,15.761666666666665,2.7958863631334427,0.7776666666666666,0.14915279265087714,440.0,6.0,12.85,"[0.707, 0.578]",2835963.0,"[7.069999999999999, 5.779999999999999]",0.005439944158900868,2.393575429916382,14.239999999999998,"[0.5770000000000001, 0.8469999999999999]",2836963.0,"[5.7700000000000005, 8.469999999999999]",0.005558343909003518,2.445671319961548,19.58,"[0.985, 0.9730000000000001]",2837963.0,"[9.85, 9.73]",0.0045971734957261515,2.022756338119507,15.59,"[0.712, 0.8469999999999999]",2838963.0,"[7.119999999999999, 8.469999999999999]",0.00562394532290372,2.4745359420776367,12.9,"[0.715, 0.575]",2839963.0,"[7.1499999999999995, 5.75]",0.005168390274047851,2.2740917205810547,19.409999999999997,"[0.97, 0.9709999999999999]",2840963.0,"[9.7, 9.709999999999999]",0.00519384199922735,2.285290479660034,7.776666666666666,1.4915279265087715,0.00526360652663491,0.0003429954669142813,2.3159868717193604,0.1509180054422837,COMPLETE
284,17.39333333333333,2025-06-13 16:46:06.486872,2025-06-13 16:46:09.849327,0 days 00:00:03.362455,34,0.8124705129234483,0.09407767407025076,0.9354232039523879,0.087513779757084,460,2845966.0,17.39333333333333,1.6204491832685024,0.8273333333333333,0.08819611984410407,460.0,6.0,16.939999999999998,"[0.722, 0.9720000000000001]",2845966.0,"[7.22, 9.72]",0.005340861237567404,2.456796169281006,18.29,"[0.8539999999999999, 0.975]",2846966.0,"[8.54, 9.75]",0.005556211782538373,2.5558574199676514,19.51,"[0.9730000000000002, 0.9780000000000001]",2847966.0,"[9.730000000000002, 9.780000000000001]",0.004294274164282757,1.9753661155700684,14.36,"[0.715, 0.7209999999999999]",2848966.0,"[7.1499999999999995, 7.209999999999999]",0.0044396333072496495,2.042231321334839,18.319999999999997,"[0.85, 0.982]",2849966.0,"[8.5, 9.82]",0.004886038407035496,2.247577667236328,16.939999999999998,"[0.85, 0.8439999999999998]",2850966.0,"[8.5, 8.439999999999998]",0.004608418112215788,2.1198723316192627,8.273333333333333,0.8819611984410407,0.0048542395018149114,0.000461241910205105,2.2329501708348594,0.21217127869434832,COMPLETE
285,14.715000000000002,2025-06-13 16:46:09.920018,2025-06-13 16:46:13.318752,0 days 00:00:03.398734,36,0.8096024068324463,0.09133715028327193,0.9342646203799877,0.09892190223503175,437,2855970.0,14.715000000000002,2.2090627726104426,0.7783333333333333,0.10017595630799944,430.0,6.0,14.39,"[0.719, 0.72]",2855970.0,"[7.1899999999999995, 7.199999999999999]",0.00507770582687023,2.183413505554199,18.310000000000002,"[0.8459999999999999, 0.9850000000000001]",2856970.0,"[8.459999999999999, 9.850000000000001]",0.005384108077648074,2.315166473388672,14.18,"[0.8469999999999999, 0.5709999999999997]",2857970.0,"[8.469999999999999, 5.709999999999997]",0.0052940790043320765,2.276453971862793,13.02,"[0.8489999999999999, 0.45299999999999996]",2858970.0,"[8.489999999999998, 4.529999999999999]",0.0047122910965320675,2.026285171508789,11.69,"[0.579, 0.59]",2859970.0,"[5.789999999999999, 5.8999999999999995]",0.005841745886691781,2.511950731277466,16.7,"[0.8299999999999998, 0.8399999999999999]",2860970.0,"[8.299999999999999, 8.399999999999999]",0.005154956773270008,2.2166314125061035,7.783333333333332,1.0017595630799947,0.005244147777557373,0.00034101197447091445,2.2549835443496704,0.14663514902249314,COMPLETE
286,15.996666666666664,2025-06-13 16:46:16.148387,2025-06-13 16:46:19.396767,0 days 00:00:03.248380,33,0.7925929120134069,0.09456331503432307,0.9386542503950954,0.08949752896899987,458,2865976.0,15.996666666666664,2.647266934448098,0.8096666666666666,0.12226564885072543,450.0,6.0,14.5,"[0.722, 0.7280000000000001]",2865976.0,"[7.22, 7.280000000000001]",0.004832958645290798,2.1748313903808594,14.589999999999998,"[0.7300000000000001, 0.7289999999999999]",2866976.0,"[7.300000000000001, 7.289999999999999]",0.004442940288119846,1.9993231296539307,19.62,"[0.9810000000000001, 0.9810000000000001]",2867976.0,"[9.81, 9.81]",0.004543992148505317,2.0447964668273926,14.469999999999999,"[0.723, 0.724]",2868976.0,"[7.2299999999999995, 7.24]",0.004834952884250217,2.1757287979125977,19.720000000000002,"[0.984, 0.9880000000000001]",2869976.0,"[9.84, 9.88]",0.0039038398530748157,1.756727933883667,13.079999999999998,"[0.718, 0.5900000000000001]",2870976.0,"[7.18, 5.9]",0.004919419818454319,2.2137389183044434,8.096666666666666,1.2226564885072542,0.004579683939615885,0.00034676330483709045,2.0608577728271484,0.15604348717669073,COMPLETE
287,15.9,2025-06-13 16:46:19.537550,2025-06-13 16:46:22.808984,0 days 00:00:03.271434,34,0.8245561684138973,0.07992428046390951,0.9355879416030696,0.07912645764392487,459,2875979.0,15.9,2.9085678033469775,0.7166666666666667,0.16505924862168603,450.0,6.0,17.02,"[0.72, 0.982]",2875979.0,"[7.199999999999999, 9.82]",0.00532999144660102,2.398496150970459,19.459999999999997,"[0.9700000000000001, 0.976]",2876979.0,"[9.700000000000001, 9.76]",0.004392559263441298,1.976651668548584,15.810000000000002,"[0.725, 0.8559999999999999]",2877979.0,"[7.25, 8.559999999999999]",0.005007636282179091,2.253436326980591,10.52,"[0.46099999999999997, 0.591]",2878979.0,"[4.609999999999999, 5.91]",0.004457655482821995,2.0059449672698975,18.24,"[0.842, 0.982]",2879979.0,"[8.42, 9.82]",0.004563208156161838,2.053443670272827,14.350000000000001,"[0.5820000000000001, 0.8529999999999998]",2880979.0,"[5.82, 8.529999999999998]",0.005157555474175347,2.3208999633789062,7.166666666666667,1.6505924862168604,0.004818101017563432,0.0003626664893068148,2.168145457903544,0.16319992018806667,COMPLETE
288,16.52,2025-06-13 16:46:22.882569,2025-06-13 16:46:26.470417,0 days 00:00:03.587848,35,0.7709267278124923,0.09518278789645465,0.9430864864412056,0.09965198747259237,448,2885983.0,16.52,2.443562972382746,0.8261666666666668,0.12001446672056756,440.0,6.0,18.37,"[0.984, 0.8530000000000001]",2885983.0,"[9.84, 8.530000000000001]",0.004556041955947876,2.0046584606170654,14.14,"[0.7120000000000001, 0.702]",2886983.0,"[7.120000000000001, 7.02]",0.006243580037897284,2.7471752166748047,18.299999999999997,"[0.8450000000000001, 0.985]",2887983.0,"[8.450000000000001, 9.85]",0.005011749267578125,2.205169677734375,15.629999999999997,"[0.716, 0.8470000000000001]",2888983.0,"[7.16, 8.47]",0.005467957258224488,2.4059011936187744,12.969999999999999,"[0.718, 0.579]",2889983.0,"[7.18, 5.789999999999999]",0.005830993435599587,2.5656371116638184,19.71,"[0.982, 0.9890000000000001]",2890983.0,"[9.82, 9.89]",0.004265936396338723,1.877012014389038,8.261666666666668,1.2001446672056757,0.005229376391931013,0.0006923908320121478,2.300925612449646,0.30465196608534495,COMPLETE
289,14.891666666666666,2025-06-13 16:46:26.557075,2025-06-13 16:46:30.121163,0 days 00:00:03.564088,37,0.8029467513448573,0.09925977471802448,0.956415219555729,0.08504567694634545,461,2895986.0,14.891666666666666,3.1243794939511154,0.7788333333333334,0.12561504244671054,460.0,6.0,18.200000000000003,"[0.978, 0.842]",2895986.0,"[9.78, 8.42]",0.004447159041529116,2.0456931591033936,16.88,"[0.843, 0.845]",2896986.0,"[8.43, 8.45]",0.004301348458165708,1.9786202907562256,12.870000000000001,"[0.713, 0.574]",2897986.0,"[7.13, 5.739999999999999]",0.005448394754658575,2.5062615871429443,8.959999999999997,"[0.585, 0.3109999999999998]",2898986.0,"[5.85, 3.1099999999999977]",0.005747182991193689,2.6437041759490967,16.88,"[0.844, 0.844]",2899986.0,"[8.44, 8.44]",0.004911866913671079,2.2594587802886963,15.56,"[0.71, 0.8459999999999999]",2900986.0,"[7.1, 8.459999999999999]",0.0055655603823454485,2.5601577758789062,7.788333333333333,1.2561504244671051,0.005070252090260603,0.0005554429509369975,2.332315961519877,0.2555037574310188,COMPLETE
290,15.865,2025-06-13 16:46:30.229350,2025-06-13 16:46:33.979057,0 days 00:00:03.749707,36,0.8139779083943756,0.08233685941832052,0.9411682829808751,0.07003554645695943,451,2905990.0,15.865,2.0871651428033515,0.8485,0.1320577525176012,450.0,6.0,14.31,"[0.5839999999999999, 0.8469999999999999]",2905990.0,"[5.839999999999998, 8.469999999999999]",0.00504991266462538,2.272460699081421,17.07,"[0.8550000000000001, 0.852]",2906990.0,"[8.55, 8.52]",0.004192591243320041,1.8866660594940186,12.989999999999998,"[0.9829999999999999, 0.31599999999999995]",2907990.0,"[9.829999999999998, 3.1599999999999993]",0.005971370273166233,2.6871166229248047,15.589999999999998,"[0.8430000000000002, 0.716]",2908990.0,"[8.430000000000001, 7.16]",0.004993088510301378,2.24688982963562,19.59,"[0.977, 0.982]",2909990.0,"[9.77, 9.82]",0.0044063594606187605,1.9828617572784424,15.64,"[0.849, 0.715]",2910990.0,"[8.49, 7.1499999999999995]",0.005355049239264594,2.4097721576690674,8.485000000000001,1.3205775251760121,0.004994728565216064,0.0005882616304113767,2.247627854347229,0.26471773368511947,COMPLETE
291,15.691666666666665,2025-06-13 16:46:36.790910,2025-06-13 16:46:40.207775,0 days 00:00:03.416865,35,0.8032831425835177,0.09179244114715679,0.939262798830676,0.07586415184016664,427,2915996.0,15.691666666666665,2.030060891259723,0.8716666666666667,0.09310328792380114,420.0,6.0,15.64,"[0.7140000000000001, 0.8500000000000002]",2915996.0,"[7.140000000000001, 8.500000000000002]",0.004903872240157354,2.059626340866089,17.119999999999997,"[0.991, 0.7210000000000001]",2916996.0,"[9.91, 7.210000000000001]",0.0047515477452959335,1.995650053024292,17.02,"[0.8550000000000001, 0.8470000000000001]",2917996.0,"[8.55, 8.47]",0.0045052874655950636,1.8922207355499268,13.05,"[0.978, 0.32699999999999996]",2918996.0,"[9.78, 3.2699999999999996]",0.006064539296286447,2.5471065044403076,13.02,"[0.8440000000000001, 0.45799999999999985]",2919996.0,"[8.440000000000001, 4.579999999999998]",0.006024620078858875,2.5303404331207275,18.3,"[0.8480000000000001, 0.982]",2920996.0,"[8.48, 9.82]",0.004858308746701195,2.040489673614502,8.716666666666669,0.9310328792380115,0.005184695928815811,0.0006210475927348669,2.1775722901026406,0.2608399889486442,COMPLETE
292,17.36833333333333,2025-06-13 16:46:40.354787,2025-06-13 16:46:43.962425,0 days 00:00:03.607638,37,0.8253279822897012,0.07915616278745592,0.9350503328737222,0.06665520841204271,466,2926000.0,17.36833333333333,0.6636117506159424,0.8228333333333334,0.09541037097134093,460.0,6.0,16.849999999999998,"[0.707, 0.978]",2926000.0,"[7.069999999999999, 9.78]",0.00518442444179369,2.3848352432250977,16.899999999999995,"[0.711, 0.9789999999999999]",2927000.0,"[7.109999999999999, 9.79]",0.005356674608976945,2.4640703201293945,18.259999999999998,"[0.844, 0.982]",2928000.0,"[8.44, 9.82]",0.004651134428770646,2.139521837234497,18.349999999999998,"[0.9880000000000001, 0.8469999999999999]",2929000.0,"[9.88, 8.469999999999999]",0.004587391666744066,2.1102001667022705,16.959999999999997,"[0.851, 0.845]",2930000.0,"[8.51, 8.45]",0.004632818698883057,2.131096601486206,16.89,"[0.836, 0.8530000000000001]",2931000.0,"[8.36, 8.530000000000001]",0.004829492257988971,2.2215664386749268,8.228333333333333,0.9541037097134094,0.004873656017192896,0.0002947598346980849,2.241881767908732,0.13558952396111906,COMPLETE
293,16.171666666666667,2025-06-13 16:46:44.038479,2025-06-13 16:46:47.869167,0 days 00:00:03.830688,36,0.8258945480038684,0.07777901121340211,0.9351701267963454,0.0636724254598416,467,2936004.0,16.171666666666667,2.4766066614534403,0.8168333333333333,0.17586682145558014,460.0,6.0,15.5,"[0.9770000000000001, 0.5729999999999998]",2936004.0,"[9.770000000000001, 5.729999999999999]",0.00616633995719578,2.8365163803100586,15.57,"[0.5739999999999998, 0.983]",2937004.0,"[5.739999999999998, 9.83]",0.006006515544393788,2.7629971504211426,11.5,"[0.577, 0.573]",2938004.0,"[5.77, 5.7299999999999995]",0.006197889473127282,2.85102915763855,17.029999999999998,"[0.8480000000000001, 0.8550000000000001]",2939004.0,"[8.48, 8.55]",0.00493919331094493,2.272028923034668,19.21,"[0.959, 0.9620000000000001]",2940004.0,"[9.59, 9.620000000000001]",0.005457278438236402,2.510348081588745,18.22,"[0.966, 0.8560000000000001]",2941004.0,"[9.66, 8.56]",0.006249441271242888,2.8747429847717285,8.168333333333335,1.7586682145558017,0.005836109665856845,0.0004809348362731122,2.684610446294149,0.22123002468563152,COMPLETE
294,12.963333333333333,2025-06-13 16:46:48.005260,2025-06-13 16:46:51.559763,0 days 00:00:03.554503,37,0.8422605283557533,0.07701929519743851,0.9332859170823301,0.00041573946867188427,463,2946008.0,12.963333333333333,1.3369201754613307,0.5823333333333333,0.10943745042514266,460.0,6.0,11.639999999999999,"[0.585, 0.579]",2946008.0,"[5.85, 5.789999999999999]",0.005034718824469525,2.3159706592559814,14.32,"[0.583, 0.849]",2947008.0,"[5.83, 8.49]",0.00525973776112432,2.4194793701171875,11.620000000000001,"[0.4469999999999999, 0.715]",2948008.0,"[4.469999999999999, 7.1499999999999995]",0.005257844924926758,2.4186086654663086,14.329999999999998,"[0.719, 0.714]",2949008.0,"[7.1899999999999995, 7.14]",0.004628782686979875,2.129240036010742,11.62,"[0.44799999999999995, 0.714]",2950008.0,"[4.4799999999999995, 7.14]",0.004876840114593506,2.2433464527130127,14.25,"[0.712, 0.7129999999999999]",2951008.0,"[7.119999999999999, 7.129999999999999]",0.005039222862409509,2.318042516708374,5.823333333333333,1.0943745042514266,0.005016191195750581,0.0002191229721384476,2.3074479500452676,0.10079656718368597,COMPLETE
295,15.584999999999999,2025-06-13 16:46:51.698732,2025-06-13 16:46:55.218949,0 days 00:00:03.520217,38,0.7943744329996016,0.022890208091110434,0.9363680529789359,0.06192346395735255,466,2956011.0,15.584999999999999,1.3306232875360822,0.8028333333333334,0.10313327407884533,460.0,6.0,15.469999999999999,"[0.7080000000000001, 0.8389999999999999]",2956011.0,"[7.080000000000001, 8.389999999999999]",0.005353867489358653,2.4627790451049805,15.559999999999999,"[0.706, 0.85]",2957011.0,"[7.06, 8.5]",0.0045529629873192826,2.09436297416687,15.67,"[0.8550000000000001, 0.712]",2958011.0,"[8.55, 7.119999999999999]",0.0050850230714549185,2.3391106128692627,14.190000000000001,"[0.843, 0.5759999999999998]",2959011.0,"[8.43, 5.759999999999998]",0.005707955878713857,2.625659704208374,14.36,"[0.718, 0.7180000000000001]",2960011.0,"[7.18, 7.180000000000001]",0.005252399651900582,2.4161038398742676,18.259999999999998,"[0.9870000000000001, 0.8389999999999999]",2961011.0,"[9.870000000000001, 8.389999999999999]",0.004755066788714865,2.187330722808838,8.028333333333334,1.0313327407884532,0.005117879311243693,0.0003816235950451031,2.3542244831720986,0.17554685372074733,COMPLETE
296,15.14,2025-06-13 16:46:58.127722,2025-06-13 16:47:01.311445,0 days 00:00:03.183723,38,0.8222973620472757,0.08281886768892038,0.9335300311961391,0.05319040968498362,457,2966018.0,15.14,2.148138729225838,0.7801666666666667,0.10385794250909373,450.0,6.0,18.31,"[0.853, 0.978]",2966018.0,"[8.53, 9.78]",0.004925510618421766,2.216479778289795,16.859999999999996,"[0.8399999999999999, 0.8459999999999999]",2967018.0,"[8.399999999999999, 8.459999999999999]",0.004809941715664334,2.16447377204895,14.280000000000001,"[0.852, 0.576]",2968018.0,"[8.52, 5.76]",0.004955064455668131,2.229779005050659,15.630000000000003,"[0.849, 0.7139999999999999]",2969018.0,"[8.49, 7.139999999999999]",0.0053149811426798504,2.3917415142059326,11.559999999999999,"[0.578, 0.578]",2970018.0,"[5.779999999999999, 5.779999999999999]",0.005418695343865289,2.43841290473938,14.200000000000001,"[0.709, 0.7110000000000001]",2971018.0,"[7.09, 7.110000000000001]",0.004970200856526693,2.2365903854370117,7.801666666666667,1.0385794250909375,0.00506573235547101,0.00022104768240979207,2.2795795599619546,0.09947145708440637,COMPLETE
297,17.171666666666667,2025-06-13 16:47:01.380369,2025-06-13 16:47:04.751590,0 days 00:00:03.371221,34,0.7828879165515259,0.07717305558424578,0.9373232943848573,0.08509490788685947,469,2976021.0,17.171666666666667,2.030036261307227,0.8491666666666666,0.10312034501278376,460.0,6.0,18.169999999999998,"[0.978, 0.8389999999999999]",2976021.0,"[9.78, 8.389999999999999]",0.005068861919900645,2.331676483154297,18.36,"[0.8470000000000001, 0.9890000000000001]",2977021.0,"[8.47, 9.89]",0.004350545095360797,2.001250743865967,17.05,"[0.727, 0.9780000000000001]",2978021.0,"[7.27, 9.780000000000001]",0.004627700992252516,2.1287424564361572,19.479999999999997,"[0.976, 0.9720000000000001]",2979021.0,"[9.76, 9.72]",0.004522026621777079,2.080132246017456,13.059999999999997,"[0.722, 0.584]",2980021.0,"[7.22, 5.84]",0.0050509167754131815,2.3234217166900635,16.91,"[0.8450000000000001, 0.8459999999999999]",2981021.0,"[8.450000000000001, 8.459999999999999]",0.005131134261255679,2.3603217601776123,8.491666666666667,1.0312034501278375,0.0047918642776599825,0.0003037171320053845,2.2042575677235923,0.13970988072247686,COMPLETE
298,17.4,2025-06-13 16:47:04.890081,2025-06-13 16:47:08.117323,0 days 00:00:03.227242,33,0.7795425356497246,0.07827249361327812,0.9378156542358373,0.0848484798900683,471,2986025.0,17.4,2.2118468904213673,0.8483333333333335,0.13010722074077558,470.0,6.0,13.069999999999999,"[0.589, 0.718]",2986025.0,"[5.89, 7.18]",0.004616540543576505,2.169774055480957,16.979999999999997,"[0.8469999999999999, 0.851]",2987025.0,"[8.469999999999999, 8.51]",0.004738414541203925,2.2270548343658447,19.43,"[0.9700000000000001, 0.9730000000000001]",2988025.0,"[9.700000000000001, 9.73]",0.0044606234164948156,2.0964930057525635,16.949999999999996,"[0.8469999999999999, 0.8479999999999999]",2989025.0,"[8.469999999999999, 8.479999999999999]",0.00449155848077003,2.111032485961914,19.720000000000002,"[0.9880000000000001, 0.9840000000000002]",2990025.0,"[9.88, 9.840000000000002]",0.003857531953365245,1.813040018081665,18.25,"[0.849, 0.9759999999999998]",2991025.0,"[8.49, 9.759999999999998]",0.004948009328639254,2.325564384460449,8.483333333333334,1.3010722074077556,0.004518779710674963,0.0003374923334008979,2.1238264640172324,0.158621396698422,COMPLETE
299,16.77333333333333,2025-06-13 16:47:08.220252,2025-06-13 16:47:12.386659,0 days 00:00:04.166407,33,0.7629470813319629,0.07577103568007001,0.9380326052850436,0.08832012957974882,470,2996028.0,16.77333333333333,2.6097999071874365,0.8304999999999999,0.13661716583211644,470.0,6.0,19.45,"[0.977, 0.9680000000000002]",2996028.0,"[9.77, 9.680000000000001]",0.005961368946318931,2.8018434047698975,11.82,"[0.595, 0.5869999999999999]",2997028.0,"[5.949999999999999, 5.869999999999998]",0.0070609985513890045,3.318669319152832,17.2,"[0.728, 0.992]",2998028.0,"[7.279999999999999, 9.92]",0.005967461301925335,2.8047068119049072,19.549999999999997,"[0.9850000000000001, 0.97]",2999028.0,"[9.850000000000001, 9.7]",0.006770327243399113,3.182053804397583,16.96,"[0.8480000000000001, 0.8480000000000001]",3000028.0,"[8.48, 8.48]",0.005719657654457904,2.688239097595215,15.659999999999998,"[0.85, 0.716]",3001028.0,"[8.5, 7.16]",0.006813140118375738,3.2021758556365967,8.305,1.3661716583211647,0.006382158969311003,0.0005140020961404088,2.999614715576172,0.24158098518599216,COMPLETE
300,16.111666666666665,2025-06-13 16:47:12.471849,2025-06-13 16:47:16.391417,0 days 00:00:03.919568,34,0.7848509375722007,0.0803307694263547,0.934883727502835,0.08294121075974549,470,3006032.0,16.111666666666665,1.6051938269948027,0.7823333333333333,0.09849816693161807,470.0,6.0,13.04,"[0.5879999999999999, 0.716]",3006032.0,"[5.879999999999999, 7.16]",0.006350100294072577,2.9845471382141113,16.99,"[0.849, 0.85]",3007032.0,"[8.49, 8.5]",0.0048614121497945586,2.2848637104034424,16.85,"[0.841, 0.8440000000000001]",3008032.0,"[8.41, 8.440000000000001]",0.00573822741812848,2.6969668865203857,15.800000000000002,"[0.8530000000000001, 0.727]",3009032.0,"[8.530000000000001, 7.27]",0.005979557240262945,2.810391902923584,15.760000000000002,"[0.72, 0.8560000000000001]",3010032.0,"[7.199999999999999, 8.56]",0.004984844491836873,2.34287691116333,18.229999999999997,"[0.843, 0.9800000000000001]",3011032.0,"[8.43, 9.8]",0.005531886283387529,2.5999865531921387,7.823333333333334,0.9849816693161807,0.005574337979580494,0.0005244739464866174,2.619938850402832,0.24650275484871023,COMPLETE
301,15.413333333333336,2025-06-13 16:47:19.217400,2025-06-13 16:47:22.870055,0 days 00:00:03.652655,34,0.7847669442861598,0.08498734713357448,0.936794836128134,0.09991402985549246,474,3016039.0,15.413333333333336,3.1325903374399635,0.7618333333333333,0.1641619288656444,470.0,6.0,15.629999999999999,"[0.714, 0.849]",3016039.0,"[7.14, 8.49]",0.005308487567495792,2.4949891567230225,18.15,"[0.851, 0.9640000000000001]",3017039.0,"[8.51, 9.64]",0.004916753667466184,2.3108742237091064,14.370000000000001,"[0.718, 0.7190000000000001]",3018039.0,"[7.18, 7.190000000000001]",0.005307638898808906,2.4945902824401855,9.11,"[0.45699999999999996, 0.4539999999999999]",3019039.0,"[4.569999999999999, 4.539999999999999]",0.0057402027414200155,2.6978952884674072,16.95,"[0.8469999999999999, 0.8480000000000001]",3020039.0,"[8.469999999999999, 8.48]",0.0047130767335283,2.215146064758301,18.270000000000003,"[0.984, 0.843]",3021039.0,"[9.84, 8.43]",0.005264746381881389,2.474430799484253,7.618333333333332,1.6416192886564438,0.005208484331766765,0.00032564234717824374,2.4479876359303794,0.15305190317377457,COMPLETE
302,14.409999999999998,2025-06-13 16:47:22.955152,2025-06-13 16:47:26.505834,0 days 00:00:03.550682,33,0.7714477967799928,0.07896470118170038,0.9383969380286292,0.08762667640821802,463,3026043.0,14.409999999999998,2.6827721980568286,0.7428333333333335,0.1409058984649764,460.0,6.0,14.52,"[0.8560000000000001, 0.5959999999999999]",3026043.0,"[8.56, 5.959999999999999]",0.005200381382651951,2.3921754360198975,10.45,"[0.45699999999999996, 0.5879999999999999]",3027043.0,"[4.569999999999999, 5.879999999999999]",0.005840904816337254,2.6868162155151367,18.14,"[0.8510000000000002, 0.9630000000000001]",3028043.0,"[8.510000000000002, 9.63]",0.004816033529198688,2.2153754234313965,17.06,"[0.852, 0.8540000000000001]",3029043.0,"[8.52, 8.540000000000001]",0.0048437693844670835,2.2281339168548584,11.85,"[0.7219999999999999, 0.4629999999999999]",3030043.0,"[7.219999999999999, 4.629999999999999]",0.0058002575584079905,2.668118476867676,14.44,"[0.719, 0.725]",3031043.0,"[7.1899999999999995, 7.25]",0.005133907691292141,2.3615975379943848,7.428333333333332,1.4090589846497639,0.005272542393725851,0.000411945094960277,2.4253695011138916,0.18949474368172747,COMPLETE
303,16.061666666666667,2025-06-13 16:47:26.585459,2025-06-13 16:47:28.944013,0 days 00:00:02.358554,35,0.7500585547354774,0.0763761489200231,0.9358079152489215,0.07236944145179923,158,3036046.0,16.061666666666667,2.374239644368042,0.7818333333333333,0.1815226493367211,150.0,6.0,13.020000000000003,"[0.4580000000000001, 0.844]",3036046.0,"[4.580000000000001, 8.44]",0.009413595199584962,1.4120392799377441,17.02,"[0.7139999999999999, 0.9880000000000001]",3037046.0,"[7.139999999999999, 9.88]",0.008415775299072266,1.2623662948608398,19.57,"[0.9799999999999999, 0.9770000000000001]",3038046.0,"[9.799999999999999, 9.770000000000001]",0.007916816075642904,1.1875224113464355,16.919999999999998,"[0.9790000000000001, 0.713]",3039046.0,"[9.790000000000001, 7.13]",0.009094443321228027,1.364166498184204,16.919999999999998,"[0.851, 0.841]",3040046.0,"[8.51, 8.41]",0.008466335932413737,1.2699503898620605,12.919999999999998,"[0.709, 0.5830000000000001]",3041046.0,"[7.09, 5.830000000000001]",0.00911034901936849,1.3665523529052734,7.8183333333333325,1.815226493367211,0.008736219141218398,0.0005121976570874096,1.3104328711827595,0.0768296485631114,COMPLETE
304,13.37833333333333,2025-06-13 16:47:29.018727,2025-06-13 16:47:32.576393,0 days 00:00:03.557666,33,0.7936402638484553,0.08217249051121656,0.9333405505503559,0.0011009093779198375,475,3046049.0,13.37833333333333,2.963125695762651,0.615,0.11644455046644882,470.0,6.0,9.229999999999999,"[0.46399999999999986, 0.4589999999999999]",3046049.0,"[4.639999999999999, 4.589999999999999]",0.005400454237105999,2.5382134914398193,15.76,"[0.722, 0.8540000000000001]",3047049.0,"[7.22, 8.540000000000001]",0.0042721910679594,2.007929801940918,9.249999999999998,"[0.46499999999999986, 0.45999999999999985]",3048049.0,"[4.649999999999999, 4.599999999999999]",0.004691795592612408,2.205143928527832,15.75,"[0.724, 0.851]",3049049.0,"[7.24, 8.51]",0.004703421288348259,2.2106080055236816,14.46,"[0.5900000000000001, 0.8559999999999999]",3050049.0,"[5.9, 8.559999999999999]",0.005290705092409823,2.486631393432617,15.819999999999999,"[0.725, 0.8569999999999999]",3051049.0,"[7.25, 8.569999999999999]",0.004530242148866045,2.129213809967041,6.1499999999999995,1.1644455046644884,0.004814801571216988,0.00040257700460599017,2.262956738471985,0.1892111921648154,COMPLETE
305,16.28,2025-06-13 16:47:32.714239,2025-06-13 16:47:36.332783,0 days 00:00:03.618544,38,0.7779239448100328,0.08703903960815275,0.9675094512636532,0.08522432149339473,454,3056052.0,16.28,3.178484964046026,0.8716666666666667,0.1431778226154068,450.0,6.0,16.990000000000002,"[0.8550000000000001, 0.844]",3056052.0,"[8.55, 8.44]",0.005033774375915527,2.2651984691619873,18.32,"[0.9870000000000001, 0.8450000000000001]",3057052.0,"[9.870000000000001, 8.450000000000001]",0.004346530702379015,1.9559388160705566,19.630000000000003,"[0.9799999999999999, 0.9829999999999999]",3058052.0,"[9.799999999999999, 9.829999999999998]",0.00415721681382921,1.8707475662231445,14.3,"[0.853, 0.5770000000000001]",3059052.0,"[8.53, 5.7700000000000005]",0.005695981449551053,2.5631916522979736,18.24,"[0.977, 0.8469999999999999]",3060052.0,"[9.77, 8.469999999999999]",0.005138744778103299,2.3124351501464844,10.2,"[0.578, 0.442]",3061052.0,"[5.779999999999999, 4.42]",0.005713944435119629,2.571274995803833,8.716666666666667,1.431778226154068,0.005014365425816289,0.0005986881611140923,2.25646444161733,0.2694096725013415,COMPLETE
306,16.601666666666667,2025-06-13 16:47:39.329233,2025-06-13 16:47:42.515203,0 days 00:00:03.185970,32,0.8094251240185356,0.07382131470387782,0.9523373141032513,0.07336715818498989,468,3066059.0,16.601666666666667,1.8558862812383967,0.7881666666666666,0.12146112775516107,460.0,6.0,17.04,"[0.8559999999999999, 0.8479999999999999]",3066059.0,"[8.559999999999999, 8.479999999999999]",0.004723351934681768,2.1727418899536133,13.21,"[0.594, 0.727]",3067059.0,"[5.9399999999999995, 7.27]",0.004819432548854662,2.2169389724731445,17.04,"[0.852, 0.852]",3068059.0,"[8.52, 8.52]",0.004325183578159498,1.9895844459533691,17.16,"[0.727, 0.9890000000000002]",3069059.0,"[7.27, 9.890000000000002]",0.004565913780875828,2.100320339202881,19.389999999999997,"[0.974, 0.9650000000000001]",3070059.0,"[9.74, 9.65]",0.004708002442898957,2.1656811237335205,15.77,"[0.7259999999999998, 0.851]",3071059.0,"[7.259999999999998, 8.51]",0.004760523464368737,2.189840793609619,7.881666666666665,1.214611277551611,0.004650401291639908,0.00016443988183388044,2.139184594154358,0.07564234564358509,COMPLETE
307,14.079999999999998,2025-06-13 16:47:42.640089,2025-06-13 16:47:46.447107,0 days 00:00:03.807018,36,0.7980078410726171,0.07787871313956982,0.937344754518393,0.06509258086161758,476,3076062.0,14.079999999999998,2.2922187213847347,0.6716666666666665,0.16148752961830284,470.0,6.0,18.17,"[0.9730000000000001, 0.844]",3076062.0,"[9.73, 8.44]",0.004421653138830307,2.078176975250244,15.599999999999998,"[0.7139999999999997, 0.8459999999999999]",3077062.0,"[7.139999999999997, 8.459999999999999]",0.005662240373327377,2.661252975463867,12.889999999999999,"[0.583, 0.7059999999999998]",3078062.0,"[5.83, 7.059999999999999]",0.005808595393566375,2.7300398349761963,11.73,"[0.5900000000000001, 0.583]",3079062.0,"[5.9, 5.83]",0.005592429384272149,2.62844181060791,11.739999999999998,"[0.4539999999999999, 0.72]",3080062.0,"[4.539999999999999, 7.199999999999999]",0.005437935666835055,2.5558297634124756,14.350000000000001,"[0.716, 0.7190000000000001]",3081062.0,"[7.16, 7.190000000000001]",0.00553510290511111,2.6014983654022217,6.716666666666666,1.6148752961830282,0.005409659476990396,0.00045626087832726546,2.542539954185486,0.2144426128138148,COMPLETE
308,15.361666666666665,2025-06-13 16:47:46.539956,2025-06-13 16:47:50.370991,0 days 00:00:03.831035,35,0.829863659976816,0.03225512693256503,0.9437868016708412,0.08744144260737668,460,3086066.0,15.361666666666665,2.284122126526706,0.7568333333333332,0.14576284010527363,460.0,6.0,14.25,"[0.578, 0.8470000000000001]",3086066.0,"[5.779999999999999, 8.47]",0.005644816937653915,2.596615791320801,13.100000000000001,"[0.8540000000000001, 0.45599999999999985]",3087066.0,"[8.540000000000001, 4.559999999999999]",0.005907588938008184,2.7174909114837646,15.479999999999999,"[0.8460000000000001, 0.7020000000000001]",3088066.0,"[8.46, 7.0200000000000005]",0.0049224501070768934,2.264327049255371,12.980000000000002,"[0.582, 0.716]",3089066.0,"[5.819999999999999, 7.16]",0.005515042595241381,2.536919593811035,16.88,"[0.711, 0.977]",3090066.0,"[7.109999999999999, 9.77]",0.004883910780367644,2.246598958969116,19.479999999999997,"[0.97, 0.978]",3091066.0,"[9.7, 9.78]",0.004581907521123471,2.107677459716797,7.5683333333333325,1.4576284010527363,0.005242619479911915,0.000473617669275046,2.411604960759481,0.21786412786652107,COMPLETE
309,16.099999999999998,2025-06-13 16:47:50.518548,2025-06-13 16:47:54.409105,0 days 00:00:03.890557,34,0.7772000523356394,0.03563622703908711,0.930391356999376,0.07618870027634711,478,3096070.0,16.099999999999998,4.098410260901984,0.7651666666666669,0.2387169988826845,470.0,6.0,7.679999999999999,"[0.32099999999999995, 0.44699999999999995]",3096070.0,"[3.2099999999999995, 4.47]",0.00645718422341854,3.034876585006714,18.330000000000002,"[0.859, 0.974]",3097070.0,"[8.59, 9.74]",0.005519388584380454,2.5941126346588135,19.630000000000003,"[0.9860000000000001, 0.977]",3098070.0,"[9.860000000000001, 9.77]",0.005459510011875883,2.565969705581665,15.739999999999998,"[0.8590000000000002, 0.715]",3099070.0,"[8.590000000000002, 7.1499999999999995]",0.00499399519981222,2.347177743911743,19.579999999999995,"[0.9800000000000001, 0.978]",3100070.0,"[9.8, 9.78]",0.004195676458642838,1.9719679355621338,15.64,"[0.5859999999999999, 0.9780000000000001]",3101070.0,"[5.8599999999999985, 9.780000000000001]",0.0045083005377586855,2.118901252746582,7.651666666666666,2.387169988826845,0.005189009169314769,0.00073922186509909,2.438834309577942,0.34743427659657233,COMPLETE
310,15.115,2025-06-13 16:47:54.493221,2025-06-13 16:47:58.057339,0 days 00:00:03.564118,32,0.8164153824840704,0.08577108073610376,0.939069695272833,0.09848613978529198,464,3106074.0,15.115,2.0198741709984476,0.7858333333333333,0.16038019065818435,460.0,6.0,17.05,"[0.9840000000000002, 0.7209999999999999]",3106074.0,"[9.840000000000002, 7.209999999999999]",0.005418287671130636,2.4924123287200928,12.0,"[0.597, 0.603]",3107074.0,"[5.97, 6.029999999999999]",0.005893295744191045,2.710916042327881,17.009999999999998,"[0.9719999999999999, 0.7289999999999999]",3108074.0,"[9.719999999999999, 7.289999999999999]",0.005681035311325737,2.613276243209839,16.939999999999998,"[0.8469999999999999, 0.8470000000000001]",3109074.0,"[8.469999999999999, 8.47]",0.005325488940529201,2.4497249126434326,14.51,"[0.594, 0.857]",3110074.0,"[5.9399999999999995, 8.57]",0.00561785075975501,2.5842113494873047,13.179999999999998,"[0.721, 0.5969999999999999]",3111074.0,"[7.21, 5.969999999999999]",0.005390893894693126,2.479811191558838,7.858333333333333,1.6038019065818434,0.005554475386937458,0.00019688146942201156,2.5550586779912314,0.09056547593412527,COMPLETE
311,15.496666666666668,2025-06-13 16:48:01.059648,2025-06-13 16:48:04.705291,0 days 00:00:03.645643,48,0.8571545523896933,0.08070077855792031,0.9409875607834345,0.06478101003441043,456,3116081.0,15.496666666666668,3.2755796772819044,0.7651666666666666,0.18410723022799036,450.0,6.0,13.889999999999999,"[0.694, 0.695]",3116081.0,"[6.9399999999999995, 6.949999999999999]",0.005587084558275011,2.514188051223755,9.459999999999999,"[0.5479999999999998, 0.3979999999999999]",3117081.0,"[5.479999999999999, 3.979999999999999]",0.005982167455885146,2.6919753551483154,19.6,"[0.982, 0.9780000000000001]",3118081.0,"[9.82, 9.780000000000001]",0.004959001541137696,2.231550693511963,15.3,"[0.5449999999999999, 0.9850000000000001]",3119081.0,"[5.449999999999999, 9.850000000000001]",0.005926125844319661,2.6667566299438477,16.5,"[0.8300000000000001, 0.82]",3120081.0,"[8.3, 8.2]",0.005976089371575249,2.6892402172088623,18.23,"[0.992, 0.8310000000000001]",3121081.0,"[9.92, 8.31]",0.00455793645646837,2.0510714054107666,7.651666666666666,1.8410723022799036,0.005498067537943522,0.0005520347432927763,2.474130392074585,0.24841563448174936,COMPLETE
312,16.591666666666665,2025-06-13 16:48:04.777206,2025-06-13 16:48:08.265809,0 days 00:00:03.488603,34,0.7955506528554435,0.07403417608652202,0.9349110450015687,0.07957560130212088,471,3126084.0,16.591666666666665,3.4383737273439148,0.7885,0.2725978417620604,470.0,6.0,18.41,"[0.99, 0.8510000000000002]",3126084.0,"[9.9, 8.510000000000002]",0.004404749261572006,2.0702321529388428,9.16,"[0.19299999999999992, 0.7230000000000001]",3127084.0,"[1.9299999999999993, 7.23]",0.005574524148981622,2.6200263500213623,18.29,"[0.8539999999999999, 0.975]",3128084.0,"[8.54, 9.75]",0.004764568044784221,2.239346981048584,17.009999999999998,"[0.861, 0.8400000000000001]",3129084.0,"[8.61, 8.4]",0.0048654977311479285,2.2867839336395264,19.61,"[0.9809999999999999, 0.9800000000000001]",3130084.0,"[9.809999999999999, 9.8]",0.004663365445238479,2.191781759262085,17.07,"[0.852, 0.8549999999999999]",3131084.0,"[8.52, 8.549999999999999]",0.004324806497452107,2.0326590538024902,7.884999999999998,2.7259784176206043,0.0047662518548627275,0.0004081054648079944,2.240138371785482,0.19180956845975736,COMPLETE
313,16.251666666666665,2025-06-13 16:48:08.341630,2025-06-13 16:48:11.778545,0 days 00:00:03.436915,36,0.6541082538982058,0.02828751174559948,0.9378389998034173,0.06082125931285527,441,3136088.0,16.251666666666665,2.848282620964586,0.8475000000000001,0.186610780324539,440.0,6.0,18.26,"[0.9810000000000001, 0.8450000000000001]",3136088.0,"[9.81, 8.450000000000001]",0.004759620536457409,2.0942330360412598,16.959999999999997,"[0.8550000000000001, 0.841]",3137088.0,"[8.55, 8.41]",0.004932233962145718,2.170182943344116,15.61,"[0.8469999999999999, 0.7139999999999999]",3138088.0,"[8.469999999999999, 7.139999999999999]",0.0048212268135764385,2.121339797973633,18.21,"[0.9719999999999999, 0.849]",3139088.0,"[9.719999999999999, 8.49]",0.004792033542286266,2.108494758605957,10.249999999999998,"[0.4499999999999999, 0.575]",3140088.0,"[4.499999999999999, 5.75]",0.005563986843282526,2.4481542110443115,18.22,"[0.9800000000000001, 0.842]",3141088.0,"[9.8, 8.42]",0.004301354018124667,1.8925957679748535,8.475,1.8661078032453897,0.004861742619312171,0.0003717259675253409,2.139166752497355,0.16355942571114995,COMPLETE
314,14.541666666666666,2025-06-13 16:48:11.859425,2025-06-13 16:48:14.654356,0 days 00:00:02.794931,43,0.8203149861273074,0.0834816614829863,0.9661632595098744,0.07106449960946946,203,3146092.0,14.541666666666666,2.8825591446182375,0.6798333333333333,0.15023916119160002,200.0,6.0,12.71,"[0.565, 0.7060000000000001]",3146092.0,"[5.6499999999999995, 7.0600000000000005]",0.008115410804748535,1.623082160949707,11.26,"[0.5619999999999999, 0.5640000000000001]",3147092.0,"[5.619999999999999, 5.640000000000001]",0.00828161358833313,1.656322717666626,16.83,"[0.702, 0.9810000000000001]",3148092.0,"[7.02, 9.81]",0.007484039068222046,1.4968078136444092,19.71,"[0.9870000000000001, 0.984]",3149092.0,"[9.870000000000001, 9.84]",0.0066515648365020755,1.330312967300415,12.649999999999999,"[0.698, 0.567]",3150092.0,"[6.9799999999999995, 5.67]",0.009299074411392211,1.8598148822784424,14.09,"[0.5649999999999998, 0.8440000000000001]",3151092.0,"[5.649999999999999, 8.440000000000001]",0.0077974176406860355,1.559483528137207,6.798333333333333,1.5023916119160003,0.00793818672498067,0.0008044488375168178,1.5876373449961345,0.16088976750336362,COMPLETE
315,15.093333333333334,2025-06-13 16:48:14.747314,2025-06-13 16:48:19.072471,0 days 00:00:04.325157,40,0.8318052743673664,0.024674274077315154,0.9466834724789185,0.016976371445437354,482,3156094.0,15.093333333333334,3.2209867363209614,0.8016666666666666,0.10062747581495267,480.0,6.0,15.45,"[0.841, 0.704]",3156094.0,"[8.41, 7.039999999999999]",0.004719094932079315,2.2651655673980713,11.42,"[0.708, 0.434]",3157094.0,"[7.08, 4.34]",0.006039037803808848,2.898738145828247,10.149999999999999,"[0.716, 0.2989999999999999]",3158094.0,"[7.16, 2.989999999999999]",0.0073287720481554665,3.517810583114624,16.87,"[0.709, 0.9780000000000001]",3159094.0,"[7.09, 9.780000000000001]",0.005535008509953817,2.656804084777832,18.24,"[0.9789999999999999, 0.845]",3160094.0,"[9.79, 8.45]",0.005419633785883586,2.601424217224121,18.43,"[0.857, 0.986]",3161094.0,"[8.57, 9.86]",0.0042656143506368,2.047494888305664,8.016666666666667,1.0062747581495268,0.005551193571752972,0.0009798341056794135,2.6645729144414267,0.4703203707261185,COMPLETE
316,15.516666666666666,2025-06-13 16:48:22.195470,2025-06-13 16:48:26.048747,0 days 00:00:03.853277,37,0.7880798303939194,0.036658447712527735,0.9619235561454439,0.085384251067247,470,3166102.0,15.516666666666666,2.953617367831446,0.7525,0.1299868583101128,470.0,6.0,19.590000000000003,"[0.982, 0.977]",3166102.0,"[9.82, 9.77]",0.0047088105627830995,2.2131409645080566,18.269999999999996,"[0.842, 0.9850000000000001]",3167102.0,"[8.42, 9.850000000000001]",0.005127320898340103,2.4098408222198486,14.219999999999999,"[0.71, 0.712]",3168102.0,"[7.1, 7.119999999999999]",0.005389988168757013,2.533294439315796,12.729999999999997,"[0.702, 0.571]",3169102.0,"[7.02, 5.709999999999999]",0.005888247997202772,2.7674765586853027,11.409999999999998,"[0.5659999999999998, 0.575]",3170102.0,"[5.659999999999998, 5.75]",0.0065267507066117956,3.067572832107544,16.88,"[0.713, 0.975]",3171102.0,"[7.13, 9.75]",0.005936661679693993,2.7902309894561768,7.5249999999999995,1.2998685831011283,0.005596296668898129,0.000593992381280934,2.6302594343821206,0.27917641920203906,COMPLETE
317,15.909999999999998,2025-06-13 16:48:26.124561,2025-06-13 16:48:29.821201,0 days 00:00:03.696640,34,0.5735868732237412,0.08966167863849178,0.9686843638356043,0.07744931250982884,456,3176106.0,15.909999999999998,2.714516531539271,0.8075000000000001,0.12236114579391615,450.0,6.0,18.199999999999996,"[0.8499999999999999, 0.97]",3176106.0,"[8.499999999999998, 9.7]",0.0046903483072916665,2.11065673828125,18.33,"[0.8470000000000001, 0.986]",3177106.0,"[8.47, 9.86]",0.004158231417338053,1.871204137802124,10.56,"[0.725, 0.33099999999999996]",3178106.0,"[7.25, 3.3099999999999996]",0.0060871558719211155,2.739220142364502,16.98,"[0.8540000000000001, 0.8440000000000001]",3179106.0,"[8.540000000000001, 8.440000000000001]",0.004670464727613661,2.1017091274261475,16.97,"[0.9800000000000001, 0.7169999999999999]",3180106.0,"[9.8, 7.169999999999998]",0.004199947781032986,1.8899765014648438,14.420000000000002,"[0.5890000000000001, 0.853]",3181106.0,"[5.890000000000001, 8.53]",0.004743030336168077,2.1343636512756348,8.075000000000001,1.2236114579391613,0.004758196406894261,0.0006390439471747352,2.141188383102417,0.28756977622863084,COMPLETE
318,17.666666666666668,2025-06-13 16:48:29.955673,2025-06-13 16:48:33.384782,0 days 00:00:03.429109,35,0.8130343794413291,0.12902146768717787,0.9359216800995616,0.06607510183232172,479,3186110.0,17.666666666666668,1.9338102859955577,0.8941666666666667,0.0978798867092838,470.0,6.0,15.71,"[0.849, 0.7219999999999999]",3186110.0,"[8.49, 7.219999999999999]",0.004867838798685277,2.28788423538208,18.27,"[0.8480000000000001, 0.9790000000000001]",3187110.0,"[8.48, 9.790000000000001]",0.00501406192779541,2.3566091060638428,19.6,"[0.982, 0.978]",3188110.0,"[9.82, 9.78]",0.0043964923696315035,2.0663514137268066,14.450000000000001,"[0.7209999999999999, 0.724]",3189110.0,"[7.209999999999999, 7.24]",0.004749003369757469,2.2320315837860107,18.4,"[0.984, 0.8560000000000001]",3190110.0,"[9.84, 8.56]",0.004185658820131992,1.9672596454620361,19.57,"[0.9810000000000001, 0.9760000000000002]",3191110.0,"[9.81, 9.760000000000002]",0.004090608434474214,1.9225859642028809,8.941666666666668,0.9787988670928378,0.004550610620079311,0.00034720905739377166,2.1387869914372764,0.16318825697507267,COMPLETE
319,16.495,2025-06-13 16:48:33.517946,2025-06-13 16:48:37.182650,0 days 00:00:03.664704,35,0.8143311005117086,0.12729839037953014,0.9330564849585239,0.059529030945278276,466,3196113.0,16.495,2.4976772543038197,0.8464999999999999,0.13292447730447043,460.0,6.0,16.92,"[0.9789999999999999, 0.7130000000000001]",3196113.0,"[9.79, 7.130000000000001]",0.005236396582230278,2.4087424278259277,18.32,"[0.843, 0.9889999999999999]",3197113.0,"[8.43, 9.889999999999999]",0.004952695058739703,2.2782397270202637,16.78,"[0.8379999999999999, 0.8400000000000001]",3198113.0,"[8.379999999999999, 8.4]",0.005658539481784987,2.6029281616210938,19.68,"[0.9860000000000001, 0.9820000000000002]",3199113.0,"[9.860000000000001, 9.820000000000002]",0.0042094261749931,1.9363360404968262,15.55,"[0.849, 0.7060000000000001]",3200113.0,"[8.49, 7.0600000000000005]",0.004686670199684475,2.1558682918548584,11.719999999999999,"[0.5839999999999999, 0.588]",3201113.0,"[5.839999999999998, 5.88]",0.005077070775239364,2.3354525566101074,8.465,1.3292447730447048,0.0049701330454453175,0.00045010472517126684,2.286261200904846,0.20704817357878272,COMPLETE
320,15.641666666666666,2025-06-13 16:48:37.291779,2025-06-13 16:48:40.265577,0 days 00:00:02.973798,12,0.798763715134917,0.1089119142428939,0.9277213523452283,0.06541852623486039,478,3206117.0,15.641666666666666,1.7599944760014308,0.7811666666666666,0.11482220555662953,470.0,6.0,16.4,"[0.7620000000000001, 0.8780000000000001]",3206117.0,"[7.620000000000001, 8.780000000000001]",0.0039061292688897316,1.8358807563781738,16.33,"[0.866, 0.767]",3207117.0,"[8.66, 7.67]",0.003951671782960283,1.857285737991333,11.990000000000004,"[0.5469999999999999, 0.652]",3208117.0,"[5.469999999999999, 6.5200000000000005]",0.00408946859075668,1.9220502376556396,15.27,"[0.876, 0.6509999999999999]",3209117.0,"[8.76, 6.509999999999999]",0.004224096967818889,1.985325574874878,17.540000000000003,"[0.768, 0.9860000000000001]",3210117.0,"[7.68, 9.860000000000001]",0.0036842488228006564,1.7315969467163086,16.319999999999997,"[0.8679999999999998, 0.7639999999999999]",3211117.0,"[8.679999999999998, 7.639999999999999]",0.004135359601771578,1.9436190128326416,7.8116666666666665,1.1482220555662954,0.003998495839166303,0.0001767195816044309,1.8792930444081624,0.08305820335408247,COMPLETE
321,17.196666666666665,2025-06-13 16:48:43.353304,2025-06-13 16:48:46.784643,0 days 00:00:03.431339,35,0.8113682818240049,0.17984143071275577,0.9351288038200753,0.06940651211048175,450,3216123.0,17.196666666666665,1.7799781521755325,0.8716666666666666,0.1420207340105271,450.0,6.0,15.64,"[0.581, 0.983]",3216123.0,"[5.81, 9.83]",0.005453557968139649,2.454101085662842,16.92,"[0.9739999999999999, 0.718]",3217123.0,"[9.739999999999998, 7.18]",0.005746127234564887,2.585757255554199,18.35,"[0.861, 0.974]",3218123.0,"[8.61, 9.74]",0.004640721215142144,2.088324546813965,18.389999999999997,"[0.9889999999999999, 0.85]",3219123.0,"[9.889999999999999, 8.5]",0.0045334243774414066,2.040040969848633,19.55,"[0.9790000000000001, 0.9760000000000002]",3220123.0,"[9.790000000000001, 9.760000000000002]",0.005133280224270291,2.309976100921631,14.329999999999998,"[0.8460000000000001, 0.587]",3221123.0,"[8.46, 5.869999999999999]",0.00529600461324056,2.383202075958252,8.716666666666667,1.4202073401052708,0.005133852605466489,0.0004295497578351692,2.3102336724599204,0.1932973910258262,COMPLETE
322,13.466666666666667,2025-06-13 16:48:46.859038,2025-06-13 16:48:50.804703,0 days 00:00:03.945665,35,0.8074630541944553,0.17325366636954412,0.9341722778814824,0.05715119813620486,448,3226127.0,13.466666666666667,3.6705842707788214,0.6511666666666668,0.178868123363431,440.0,6.0,9.11,"[0.45899999999999996, 0.45199999999999985]",3226127.0,"[4.59, 4.519999999999999]",0.006625790487636219,2.9153478145599365,19.490000000000002,"[0.9720000000000001, 0.977]",3227127.0,"[9.72, 9.77]",0.005306373942982067,2.3348045349121094,9.04,"[0.584, 0.31999999999999995]",3228127.0,"[5.84, 3.1999999999999993]",0.0061668027531016955,2.713393211364746,15.739999999999998,"[0.7230000000000001, 0.8510000000000002]",3229127.0,"[7.23, 8.510000000000002]",0.005327406254681674,2.3440587520599365,13.12,"[0.4549999999999999, 0.857]",3230127.0,"[4.549999999999999, 8.57]",0.005852055549621582,2.574904441833496,14.3,"[0.7139999999999999, 0.716]",3231127.0,"[7.139999999999999, 7.16]",0.005791053988716819,2.5480637550354004,6.511666666666667,1.78868123363431,0.005844913829456676,0.00046082752021771035,2.5717620849609375,0.20276410889579266,COMPLETE
323,16.541666666666664,2025-06-13 16:48:50.900466,2025-06-13 16:48:54.323214,0 days 00:00:03.422748,34,0.8424806842184915,0.16644569504767645,0.9590906623479137,0.07100853800223646,436,3236131.0,16.541666666666664,1.7963427351767314,0.8050000000000002,0.18109297796067814,430.0,6.0,18.16,"[0.842, 0.974]",3236131.0,"[8.42, 9.74]",0.005278322308562523,2.2696785926818848,15.73,"[0.9830000000000002, 0.5900000000000001]",3237131.0,"[9.830000000000002, 5.9]",0.005394907884819563,2.319810390472412,18.349999999999998,"[0.982, 0.8530000000000001]",3238131.0,"[9.82, 8.530000000000001]",0.00477631036625352,2.0538134574890137,13.02,"[0.45600000000000007, 0.8460000000000001]",3239131.0,"[4.5600000000000005, 8.46]",0.006069436184195585,2.6098575592041016,16.99,"[0.853, 0.8460000000000001]",3240131.0,"[8.53, 8.46]",0.005033925522205441,2.16458797454834,17.0,"[0.7140000000000001, 0.986]",3241131.0,"[7.140000000000001, 9.86]",0.004945902491724768,2.1267380714416504,8.05,1.8109297796067818,0.005249800792960234,0.00041968663185083967,2.2574143409729004,0.18046525169586103,COMPLETE
324,14.09666666666667,2025-06-13 16:48:54.397302,2025-06-13 16:48:57.875955,0 days 00:00:03.478653,35,0.8233268383112631,0.1806098526034502,0.9309021717390409,0.09990303977282824,452,3246134.0,14.09666666666667,3.729162849160058,0.7155,0.22962124611339155,450.0,6.0,11.67,"[0.4509999999999999, 0.716]",3246134.0,"[4.509999999999999, 7.16]",0.005699239306979709,2.564657688140869,7.669999999999999,"[0.44799999999999984, 0.3189999999999999]",3247134.0,"[4.479999999999999, 3.189999999999999]",0.005880324045817057,2.646145820617676,17.020000000000003,"[0.8520000000000001, 0.85]",3248134.0,"[8.520000000000001, 8.5]",0.005059262911478678,2.2766683101654053,12.889999999999999,"[0.5840000000000001, 0.7049999999999998]",3249134.0,"[5.840000000000001, 7.049999999999999]",0.005839968787299262,2.627985954284668,17.040000000000003,"[0.9840000000000002, 0.72]",3250134.0,"[9.840000000000002, 7.199999999999999]",0.0047543711132473415,2.1394670009613037,18.29,"[0.9740000000000002, 0.8550000000000001]",3251134.0,"[9.740000000000002, 8.55]",0.004914345211452908,2.2114553451538086,7.155,2.296212461133915,0.0053579185627124935,0.000460434902743489,2.4110633532206216,0.20719570623457004,COMPLETE
325,15.62333333333333,2025-06-13 16:48:57.961248,2025-06-13 16:49:01.256269,0 days 00:00:03.295021,36,0.8024478401944124,0.10445956065665292,0.9363212598209509,0.0016838994749277531,442,3256138.0,15.62333333333333,2.8643188059680478,0.8486666666666666,0.15071127658171068,440.0,6.0,19.599999999999998,"[0.982, 0.9780000000000001]",3256138.0,"[9.82, 9.780000000000001]",0.0044786767526106405,1.9706177711486816,14.31,"[0.719, 0.712]",3257138.0,"[7.1899999999999995, 7.119999999999999]",0.004825052348050204,2.12302303314209,16.909999999999997,"[0.978, 0.7129999999999999]",3258138.0,"[9.78, 7.129999999999999]",0.0048875570297241214,2.1505250930786133,17.04,"[0.852, 0.852]",3259138.0,"[8.52, 8.52]",0.0047994234345176,2.111746311187744,10.329999999999997,"[0.5859999999999999, 0.4469999999999999]",3260138.0,"[5.8599999999999985, 4.469999999999999]",0.005167727578770031,2.2738001346588135,15.55,"[0.975, 0.58]",3261138.0,"[9.75, 5.8]",0.005354753949425437,2.3560917377471924,8.486666666666666,1.507112765817107,0.004918865182183006,0.0002798049149902878,2.1643006801605225,0.12311416259572668,COMPLETE
326,15.036666666666664,2025-06-13 16:49:04.342665,2025-06-13 16:49:07.734670,0 days 00:00:03.392005,33,0.8129672137276549,0.18533805125876524,0.9340994818858364,0.02054573010140018,461,3266144.0,15.036666666666664,2.5580504729622153,0.7843333333333332,0.17904065335994385,460.0,6.0,19.559999999999995,"[0.976, 0.9800000000000001]",3266144.0,"[9.76, 9.8]",0.004295026219409445,1.9757120609283447,14.419999999999998,"[0.8500000000000002, 0.5919999999999999]",3267144.0,"[8.500000000000002, 5.919999999999998]",0.005429039830746858,2.4973583221435547,13.1,"[0.4619999999999999, 0.8479999999999999]",3268144.0,"[4.619999999999999, 8.479999999999999]",0.0051052103871884556,2.3483967781066895,14.290000000000001,"[0.714, 0.715]",3269144.0,"[7.14, 7.1499999999999995]",0.0055468522984048595,2.5515520572662354,17.009999999999994,"[0.9810000000000001, 0.72]",3270144.0,"[9.81, 7.199999999999999]",0.005160386147706405,2.3737776279449463,11.839999999999998,"[0.723, 0.46099999999999985]",3271144.0,"[7.2299999999999995, 4.6099999999999985]",0.005086613219717274,2.3398420810699463,7.843333333333334,1.7904065335994386,0.005103854683862216,0.00039993554971928975,2.3477731545766196,0.18397035287087332,COMPLETE
327,13.955,2025-06-13 16:49:07.831966,2025-06-13 16:49:11.614502,0 days 00:00:03.782536,34,0.836623403962186,0.17725964781353845,0.9363449594762151,0.06687835371055051,454,3276148.0,13.955,3.4059885985324936,0.7174999999999999,0.20113407634378286,450.0,6.0,10.509999999999998,"[0.45899999999999996, 0.592]",3276148.0,"[4.59, 5.92]",0.005316687689887153,2.3925094604492188,8.969999999999999,"[0.44799999999999995, 0.449]",3277148.0,"[4.4799999999999995, 4.49]",0.006257531378004286,2.8158891201019287,13.15,"[0.723, 0.592]",3278148.0,"[7.2299999999999995, 5.92]",0.005386663542853462,2.4239985942840576,15.64,"[0.845, 0.719]",3279148.0,"[8.45, 7.1899999999999995]",0.005302045610215929,2.385920524597168,18.400000000000002,"[0.982, 0.858]",3280148.0,"[9.82, 8.58]",0.004725294642978244,2.12638258934021,17.06,"[0.8480000000000001, 0.858]",3281148.0,"[8.48, 8.58]",0.004392756356133355,1.9767403602600098,7.175,2.0113407634378286,0.005230163203345405,0.0005843477533058699,2.353573441505432,0.2629564889876414,COMPLETE
328,14.61833333333333,2025-06-13 16:49:11.687804,2025-06-13 16:49:15.516094,0 days 00:00:03.828290,37,0.7534664477681837,0.11421693913691425,0.9702298371942947,0.0874896554495067,466,3286151.0,14.61833333333333,4.212225922504896,0.7098333333333334,0.22789136056950962,460.0,6.0,11.559999999999999,"[0.578, 0.578]",3286151.0,"[5.779999999999999, 5.779999999999999]",0.006530148568360702,3.003868341445923,7.5699999999999985,"[0.31399999999999995, 0.44299999999999995]",3287151.0,"[3.1399999999999997, 4.43]",0.0066001197566156805,3.036055088043213,19.339999999999996,"[0.9670000000000002, 0.9670000000000002]",3288151.0,"[9.670000000000002, 9.670000000000002]",0.005059744482455046,2.3274824619293213,15.600000000000001,"[0.715, 0.8450000000000001]",3289151.0,"[7.1499999999999995, 8.450000000000001]",0.004753934300464132,2.186809778213501,19.509999999999998,"[0.9770000000000001, 0.9739999999999999]",3290151.0,"[9.770000000000001, 9.739999999999998]",0.004542526473169741,2.089562177658081,14.129999999999999,"[0.708, 0.705]",3291151.0,"[7.08, 7.05]",0.004932892322540283,2.2691304683685303,7.098333333333333,2.278913605695096,0.005403227650600931,0.0008370668877405299,2.4854847192764282,0.3850507683606437,COMPLETE
329,16.935,2025-06-13 16:49:15.594816,2025-06-13 16:49:18.519325,0 days 00:00:02.924509,36,0.769384459808015,0.17891436122486104,0.9356125286002086,0.05756268976165546,289,3296155.0,16.935,2.674713380283328,0.8483333333333333,0.15286777147442024,280.0,6.0,17.049999999999997,"[0.719, 0.986]",3296155.0,"[7.1899999999999995, 9.86]",0.005653763668877738,1.5830538272857666,16.9,"[0.8470000000000001, 0.8430000000000002]",3297155.0,"[8.47, 8.430000000000001]",0.006397949797766549,1.7914259433746338,19.529999999999994,"[0.9809999999999999, 0.9720000000000001]",3298155.0,"[9.809999999999999, 9.72]",0.005342296191624233,1.4958429336547852,19.55,"[0.978, 0.977]",3299155.0,"[9.78, 9.77]",0.005648712600980486,1.5816395282745361,11.519999999999998,"[0.5819999999999999, 0.5699999999999998]",3300155.0,"[5.8199999999999985, 5.699999999999998]",0.007268645933696202,2.0352208614349365,17.060000000000002,"[0.9830000000000002, 0.7230000000000001]",3301155.0,"[9.830000000000002, 7.23]",0.006104959760393415,1.7093887329101562,8.483333333333334,1.5286777147442023,0.006069387992223104,0.000635847422787175,1.699428637822469,0.178037278380409,COMPLETE
330,14.37666666666667,2025-06-13 16:49:18.664112,2025-06-13 16:49:22.124931,0 days 00:00:03.460819,35,0.7868115961398232,0.12117874132690903,0.9398704004208742,0.07130600953382393,339,3306158.0,14.37666666666667,2.8283898049754193,0.7168333333333333,0.17030307950500742,330.0,6.0,15.63,"[0.7140000000000001, 0.849]",3306158.0,"[7.140000000000001, 8.49]",0.007151088570103501,2.3598592281341553,17.1,"[0.9829999999999999, 0.727]",3307158.0,"[9.829999999999998, 7.27]",0.0048476356448549215,1.599719762802124,17.01,"[0.85, 0.8510000000000002]",3308158.0,"[8.5, 8.510000000000002]",0.006041143157265403,1.993577241897583,15.589999999999998,"[0.714, 0.845]",3309158.0,"[7.14, 8.45]",0.005676651723457105,1.8732950687408447,10.43,"[0.583, 0.4600000000000001]",3310158.0,"[5.83, 4.6000000000000005]",0.005926368453285911,1.9557015895843506,10.5,"[0.457, 0.593]",3311158.0,"[4.57, 5.93]",0.005924154050422437,1.9549708366394043,7.168333333333333,1.703030795050074,0.005927840266564879,0.0006756635529274347,1.9561872879664104,0.22296897246605346,COMPLETE
331,13.618333333333332,2025-06-13 16:49:25.331262,2025-06-13 16:49:28.978381,0 days 00:00:03.647119,32,0.8157354378406199,0.0328901064687444,0.9320928594678531,0.00077121197725464,448,3316165.0,13.618333333333332,2.3337338941895003,0.7454999999999998,0.08920528758618147,440.0,6.0,15.79,"[0.859, 0.72]",3316165.0,"[8.59, 7.199999999999999]",0.005629210580479015,2.4768526554107666,11.879999999999999,"[0.5959999999999999, 0.592]",3317165.0,"[5.959999999999999, 5.92]",0.00527221452106129,2.3197743892669678,15.75,"[0.85, 0.7249999999999999]",3318165.0,"[8.5, 7.249999999999998]",0.004874952272935347,2.1449790000915527,14.54,"[0.727, 0.727]",3319165.0,"[7.27, 7.27]",0.005130514773455533,2.2574265003204346,9.28,"[0.7209999999999999, 0.20699999999999993]",3320165.0,"[7.209999999999999, 2.0699999999999994]",0.006234968250448053,2.7433860301971436,14.47,"[0.7199999999999999, 0.727]",3321165.0,"[7.199999999999998, 7.27]",0.005125872113487937,2.2553837299346924,7.454999999999998,0.8920528758618146,0.005377955418644529,0.0004447033314225018,2.366300384203593,0.19566946582590083,COMPLETE
332,14.713333333333333,2025-06-13 16:49:29.054166,2025-06-13 16:49:32.207014,0 days 00:00:03.152848,16,0.8011823906238852,0.1408786849358149,0.9636175161224686,0.07850835810898506,473,3326169.0,14.713333333333333,2.7070135245732008,0.7939999999999999,0.10551461194229605,470.0,6.0,9.51,"[0.647, 0.304]",3326169.0,"[6.470000000000001, 3.04]",0.004375716473193879,2.056586742401123,18.45,"[0.9789999999999999, 0.8659999999999999]",3327169.0,"[9.79, 8.659999999999998]",0.004169676658955027,1.9597480297088623,16.21,"[0.873, 0.748]",3328169.0,"[8.73, 7.48]",0.004134314618212112,1.9431278705596924,14.969999999999999,"[0.7459999999999999, 0.7509999999999999]",3329169.0,"[7.459999999999999, 7.509999999999999]",0.004412624683785946,2.0739336013793945,14.03,"[0.764, 0.639]",3330169.0,"[7.640000000000001, 6.390000000000001]",0.0043988268426124084,2.067448616027832,15.110000000000001,"[0.755, 0.756]",3331169.0,"[7.55, 7.5600000000000005]",0.00433075580191105,2.0354552268981934,7.939999999999999,1.0551461194229605,0.004303652513111737,0.00011066898220208124,2.022716681162516,0.052014421634978256,COMPLETE
333,16.558333333333337,2025-06-13 16:49:32.344222,2025-06-13 16:49:35.639704,0 days 00:00:03.295482,18,0.8276797513265697,0.15947558554375726,0.9421847308081654,0.05185836840576212,461,3336172.0,16.558333333333337,2.131935088651205,0.8451666666666666,0.1399731124974444,460.0,6.0,17.37,"[0.754, 0.983]",3336172.0,"[7.54, 9.83]",0.004255585048509681,1.9575691223144531,16.11,"[0.753, 0.858]",3337172.0,"[7.53, 8.58]",0.004844835530156674,2.2286243438720703,19.73,"[0.985, 0.9880000000000001]",3338172.0,"[9.85, 9.88]",0.00405894310578056,1.8671138286590576,17.43,"[0.9810000000000001, 0.7620000000000001]",3339172.0,"[9.81, 7.620000000000001]",0.004216850322225819,1.939751148223877,12.64,"[0.628, 0.636]",3340172.0,"[6.28, 6.36]",0.004938450066939644,2.2716870307922363,16.07,"[0.97, 0.637]",3341172.0,"[9.7, 6.37]",0.004628800827523936,2.1292483806610107,8.451666666666668,1.3997311249744437,0.00449057748352272,0.00033207693556418813,2.0656656424204507,0.15275539035952657,COMPLETE
334,8.385,2025-06-13 16:49:35.787908,2025-06-13 16:49:40.051490,0 days 00:00:04.263582,36,0.8090751207096872,0.11943977035318307,0.9290741570739798,0.00010682891837198499,484,3346176.0,8.385,4.092337351685464,0.40866666666666657,0.12615951102561482,480.0,6.0,11.77,"[0.45699999999999996, 0.72]",3346176.0,"[4.569999999999999, 7.199999999999999]",0.005139499406019847,2.4669597148895264,5.059999999999999,"[0.32099999999999995, 0.18499999999999991]",3347176.0,"[3.2099999999999995, 1.8499999999999992]",0.005703817804654439,2.737832546234131,9.1,"[0.4579999999999999, 0.45199999999999996]",3348176.0,"[4.579999999999999, 4.52]",0.005049393077691396,2.42370867729187,11.74,"[0.45299999999999996, 0.7210000000000001]",3349176.0,"[4.529999999999999, 7.210000000000001]",0.005506649613380432,2.6431918144226074,0.9499999999999983,"[0.18199999999999994, -0.0870000000000001]",3350176.0,"[1.8199999999999994, -0.870000000000001]",0.007089781264464061,3.403095006942749,11.69,"[0.581, 0.588]",3351176.0,"[5.81, 5.88]",0.005663500726222992,2.718480348587036,4.086666666666667,1.261595110256148,0.005692106982072194,0.0006717265803504448,2.7322113513946533,0.32242875856821346,COMPLETE
335,15.613333333333332,2025-06-13 16:49:40.127268,2025-06-13 16:49:42.295660,0 days 00:00:02.168392,37,0.719258251990621,0.08123940242495382,0.9377556775854359,0.06431881517293538,138,3356180.0,15.613333333333332,2.5298265201831973,0.8025000000000001,0.14625747844127493,130.0,6.0,16.950000000000003,"[0.8460000000000001, 0.849]",3356180.0,"[8.46, 8.49]",0.008883813711313101,1.1548957824707031,15.599999999999998,"[0.718, 0.842]",3357180.0,"[7.18, 8.42]",0.00879211058983436,1.1429743766784668,13.0,"[0.7139999999999999, 0.586]",3358180.0,"[7.139999999999999, 5.859999999999999]",0.009703625165499174,1.2614712715148926,11.629999999999999,"[0.58, 0.583]",3359180.0,"[5.8, 5.83]",0.010428630388700046,1.3557219505310059,18.17,"[0.975, 0.8419999999999999]",3360180.0,"[9.75, 8.419999999999998]",0.008992618780869705,1.1690404415130615,18.33,"[0.982, 0.851]",3361180.0,"[9.82, 8.51]",0.008743533721336951,1.1366593837738037,8.025,1.4625747844127495,0.00925738872625889,0.0006138846413937661,1.2034605344136555,0.07980500338118958,COMPLETE
336,16.57,2025-06-13 16:49:45.518904,2025-06-13 16:49:48.918962,0 days 00:00:03.400058,33,0.9116923147865459,0.07664493903869854,0.9726186592041016,0.08741450827809494,443,3366185.0,16.57,2.0196946964000935,0.8936666666666665,0.13960380446901238,440.0,6.0,13.25,"[0.5989999999999999, 0.726]",3366185.0,"[5.989999999999998, 7.26]",0.0051058525388891045,2.246575117111206,14.4,"[0.852, 0.5879999999999999]",3367185.0,"[8.52, 5.879999999999999]",0.005561734871430831,2.4471633434295654,18.13,"[0.97, 0.843]",3368185.0,"[9.7, 8.43]",0.005310975963419134,2.336829423904419,18.310000000000002,"[0.9790000000000001, 0.852]",3369185.0,"[9.790000000000001, 8.52]",0.00485503077507019,2.136213541030884,17.0,"[0.9790000000000001, 0.721]",3370185.0,"[9.790000000000001, 7.21]",0.005137178572741422,2.2603585720062256,18.33,"[0.983, 0.85]",3371185.0,"[9.83, 8.5]",0.005052074519070712,2.2229127883911133,8.936666666666666,1.3960380446901237,0.0051704745401035665,0.00022046664720790774,2.275008797645569,0.09700532477147931,COMPLETE
337,16.286666666666665,2025-06-13 16:49:49.019846,2025-06-13 16:49:52.553804,0 days 00:00:03.533958,35,0.7966157891210899,0.13043891753519077,0.9676187578327923,0.07425972899546476,478,3376189.0,16.286666666666665,3.142163090752752,0.8463333333333334,0.1876811717307366,470.0,6.0,14.320000000000002,"[0.8460000000000001, 0.586]",3376189.0,"[8.46, 5.859999999999999]",0.004739558950383613,2.227592706680298,19.68,"[0.984, 0.984]",3377189.0,"[9.84, 9.84]",0.004099166139643243,1.9266080856323242,18.18,"[0.9730000000000001, 0.845]",3378189.0,"[9.73, 8.45]",0.005110294260877244,2.4018383026123047,18.33,"[0.9850000000000001, 0.8480000000000001]",3379189.0,"[9.850000000000001, 8.48]",0.004536552632108648,2.1321797370910645,16.9,"[0.8400000000000001, 0.8500000000000002]",3380189.0,"[8.4, 8.500000000000002]",0.004588621727963711,2.1566522121429443,10.309999999999999,"[0.4499999999999999, 0.5809999999999998]",3381189.0,"[4.499999999999999, 5.809999999999999]",0.005408548801503283,2.542017936706543,8.463333333333333,1.876811717307366,0.004747123752079957,0.00042006850560732755,2.2311481634775796,0.1974321976354439,COMPLETE
338,15.976666666666667,2025-06-13 16:49:52.650984,2025-06-13 16:49:56.234744,0 days 00:00:03.583760,38,0.7801509118562192,0.020653840933188804,0.9333841254644217,0.06185957432086094,470,3386192.0,15.976666666666667,1.4455064471972745,0.7769999999999998,0.16849035580709065,470.0,6.0,15.53,"[0.9810000000000001, 0.572]",3386192.0,"[9.81, 5.72]",0.005811472649269915,2.7313921451568604,16.84,"[0.842, 0.842]",3387192.0,"[8.42, 8.42]",0.004889944259156572,2.298273801803589,16.880000000000003,"[0.711, 0.977]",3388192.0,"[7.109999999999999, 9.77]",0.004718899726867676,2.2178828716278076,16.799999999999997,"[0.8419999999999999, 0.8379999999999999]",3389192.0,"[8.419999999999998, 8.379999999999999]",0.005114535067943816,2.4038314819335938,16.88,"[0.843, 0.845]",3390192.0,"[8.43, 8.45]",0.004661414978351999,2.1908650398254395,12.930000000000001,"[0.44299999999999995, 0.85]",3391192.0,"[4.43, 8.5]",0.0052059138074834295,2.446779489517212,7.77,1.6849035580709064,0.0050670300815122355,0.00038574989608578674,2.3815041383107505,0.18130245116031984,COMPLETE
339,17.939999999999998,2025-06-13 16:49:56.345324,2025-06-13 16:49:59.708348,0 days 00:00:03.363024,46,0.8211343940079188,0.19236120068106682,0.9363296012044435,0.04568814671846485,430,3396196.0,17.939999999999998,1.2674120613807218,0.8401666666666666,0.08263860410781929,430.0,6.0,18.269999999999996,"[0.8470000000000001, 0.9800000000000001]",3396196.0,"[8.47, 9.8]",0.00487118543580521,2.0946097373962402,18.189999999999998,"[0.842, 0.977]",3397196.0,"[8.42, 9.77]",0.004687395206717558,2.01557993888855,15.320000000000002,"[0.695, 0.837]",3398196.0,"[6.949999999999999, 8.37]",0.0049132330473079236,2.1126902103424072,18.169999999999998,"[0.8399999999999999, 0.977]",3399196.0,"[8.399999999999999, 9.77]",0.005072784423828125,2.1812973022460938,18.169999999999998,"[0.8359999999999997, 0.9810000000000001]",3400196.0,"[8.359999999999998, 9.81]",0.005647640450056209,2.42848539352417,19.52,"[0.9809999999999999, 0.9710000000000001]",3401196.0,"[9.809999999999999, 9.71]",0.005386079189389251,2.316014051437378,8.401666666666666,0.8263860410781929,0.0050963862921840465,0.000326571690512679,2.1914461056391397,0.14042582692045194,COMPLETE
340,15.776666666666666,2025-06-13 16:49:59.855092,2025-06-13 16:50:03.426667,0 days 00:00:03.571575,50,0.8257563025338035,0.0961588632078601,0.9497258234387459,0.04643347085577902,426,3406200.0,15.776666666666666,2.3738693214993023,0.8130000000000001,0.13431803055931593,420.0,6.0,16.72,"[0.8309999999999998, 0.841]",3406200.0,"[8.309999999999999, 8.41]",0.0046962431498936245,1.9724221229553223,15.280000000000001,"[0.836, 0.692]",3407200.0,"[8.36, 6.92]",0.006050198986416771,2.541083574295044,16.72,"[0.836, 0.836]",3408200.0,"[8.36, 8.36]",0.005040434428623744,2.1169824600219727,10.839999999999998,"[0.541, 0.5429999999999999]",3409200.0,"[5.41, 5.43]",0.006211146854218983,2.6086816787719727,18.3,"[0.842, 0.9880000000000001]",3410200.0,"[8.42, 9.88]",0.004819012823558989,2.0239853858947754,16.799999999999997,"[0.992, 0.688]",3411200.0,"[9.92, 6.879999999999999]",0.0049359287534441266,2.073090076446533,8.13,1.3431803055931593,0.005292160832692706,0.0006039331572110121,2.2227075497309365,0.2536519260286251,COMPLETE
341,14.815,2025-06-13 16:50:06.504432,2025-06-13 16:50:10.560590,0 days 00:00:04.056158,47,0.8453624051357159,0.15612249427441888,0.9380200660422343,0.0394988041328871,439,3416206.0,14.815,2.4254466942537953,0.7668333333333334,0.23120511576423988,430.0,6.0,18.08,"[0.9810000000000001, 0.827]",3416206.0,"[9.81, 8.27]",0.005452433852262275,2.3445465564727783,16.72,"[0.982, 0.6899999999999998]",3417206.0,"[9.82, 6.899999999999999]",0.005672920027444529,2.4393556118011475,11.0,"[0.41, 0.6900000000000001]",3418206.0,"[4.1, 6.9]",0.005838066478108251,2.510368585586548,15.359999999999998,"[0.9869999999999999, 0.5489999999999998]",3419206.0,"[9.87, 5.489999999999998]",0.007005836242853209,3.01250958442688,12.389999999999999,"[0.5499999999999999, 0.6889999999999998]",3420206.0,"[5.499999999999999, 6.889999999999999]",0.00550963934077773,2.369144916534424,15.339999999999998,"[0.691, 0.843]",3421206.0,"[6.909999999999999, 8.43]",0.005991545943326728,2.576364755630493,7.668333333333333,2.3120511576423985,0.005911740314128788,0.0005225778126797911,2.5420483350753784,0.2247084594523101,COMPLETE
342,16.88,2025-06-13 16:50:10.703488,2025-06-13 16:50:14.270002,0 days 00:00:03.566514,42,0.8244166297966933,0.03699155281232547,0.9350634112031924,0.05392665605495162,449,3426210.0,16.88,0.7332803011127462,0.9135,0.10259426559673462,440.0,6.0,15.63,"[0.7110000000000001, 0.852]",3426210.0,"[7.110000000000001, 8.52]",0.005398332530801946,2.3752663135528564,16.86,"[0.9799999999999999, 0.706]",3427210.0,"[9.799999999999999, 7.06]",0.0050208200107921255,2.209160804748535,16.75,"[0.9719999999999999, 0.703]",3428210.0,"[9.719999999999999, 7.029999999999999]",0.005823502757332542,2.5623412132263184,16.919999999999998,"[0.849, 0.843]",3429210.0,"[8.49, 8.43]",0.004438019340688532,1.952728509902954,16.96,"[0.99, 0.7060000000000001]",3430210.0,"[9.9, 7.0600000000000005]",0.00515492937781594,2.2681689262390137,18.16,"[0.9790000000000001, 0.837]",3431210.0,"[9.790000000000001, 8.37]",0.005810947851701216,2.556817054748535,9.135,1.0259426559673461,0.0052744253115220505,0.00048008078337302175,2.320747137069702,0.21123554468412953,COMPLETE
343,17.53166666666667,2025-06-13 16:50:14.378128,2025-06-13 16:50:17.807368,0 days 00:00:03.429240,45,0.8157305350588744,0.19260944027168547,0.9404472037212526,0.04356988798440357,437,3436214.0,17.53166666666667,1.3733586162721256,0.8888333333333333,0.1077240559124202,430.0,6.0,18.27,"[0.985, 0.842]",3436214.0,"[9.85, 8.42]",0.005135264507559843,2.2081637382507324,15.310000000000002,"[0.695, 0.836]",3437214.0,"[6.949999999999999, 8.36]",0.005796004450598429,2.492281913757324,16.82,"[0.8379999999999999, 0.844]",3438214.0,"[8.379999999999999, 8.44]",0.005197722967280898,2.235020875930786,18.390000000000004,"[0.8459999999999999, 0.9930000000000001]",3439214.0,"[8.459999999999999, 9.930000000000001]",0.004850877717483875,2.0858774185180664,19.56,"[0.9780000000000001, 0.9780000000000001]",3440214.0,"[9.780000000000001, 9.780000000000001]",0.004562475514966388,1.9618644714355469,16.84,"[0.991, 0.693]",3441214.0,"[9.91, 6.93]",0.005541492062945698,2.3828415870666504,8.888333333333334,1.077240559124202,0.005180639536805856,0.000408678536057296,2.2276750008265176,0.17573177050463723,COMPLETE
344,16.511666666666667,2025-06-13 16:50:17.933132,2025-06-13 16:50:21.682810,0 days 00:00:03.749678,46,0.8145614820901588,0.1891413757301566,0.9444710391918641,0.029827794088698935,431,3446218.0,16.511666666666667,1.5155792805246295,0.886,0.0675771164423777,430.0,6.0,16.810000000000002,"[0.9810000000000001, 0.7]",3446218.0,"[9.81, 7.0]",0.006028038401936376,2.5920565128326416,13.919999999999998,"[0.8399999999999999, 0.5519999999999999]",3447218.0,"[8.399999999999999, 5.52]",0.006270922616470692,2.6964967250823975,16.75,"[0.841, 0.834]",3448218.0,"[8.41, 8.34]",0.00673524723496548,2.8961563110351562,15.280000000000001,"[0.833, 0.6950000000000001]",3449218.0,"[8.33, 6.950000000000001]",0.005855206556098406,2.5177388191223145,18.179999999999996,"[0.8389999999999999, 0.9789999999999999]",3450218.0,"[8.389999999999999, 9.79]",0.005324167429014694,2.2893919944763184,18.13,"[0.982, 0.8309999999999998]",3451218.0,"[9.82, 8.309999999999999]",0.004832109739614087,2.0778071880340576,8.860000000000001,0.6757711644237768,0.005840948663016623,0.0006197677268610964,2.5116079250971475,0.2665001225502714,COMPLETE
345,16.053333333333335,2025-06-13 16:50:21.765995,2025-06-13 16:50:25.832061,0 days 00:00:04.066066,45,0.8066168308027214,0.19514230502257696,0.9410322964419136,0.03542206180472896,439,3456221.0,16.053333333333335,1.5308131463013006,0.9345,0.06707644892210675,430.0,6.0,18.14,"[0.986, 0.8279999999999997]",3456221.0,"[9.86, 8.279999999999998]",0.00588569862898006,2.530850410461426,15.490000000000002,"[0.99, 0.5589999999999999]",3457221.0,"[9.9, 5.59]",0.006128120976825093,2.63509202003479,18.04,"[0.9709999999999999, 0.833]",3458221.0,"[9.709999999999999, 8.33]",0.006160757707995038,2.649125814437866,13.940000000000001,"[0.9800000000000001, 0.41399999999999987]",3459221.0,"[9.8, 4.139999999999999]",0.007351764412813409,3.1612586975097656,15.370000000000001,"[0.8400000000000001, 0.697]",3460221.0,"[8.4, 6.97]",0.006498566893644111,2.7943837642669678,15.34,"[0.8400000000000001, 0.6939999999999998]",3461221.0,"[8.4, 6.939999999999999]",0.005651580455691315,2.4301795959472656,9.344999999999999,0.6707644892210676,0.006279414845991504,0.0005453009942346406,2.7001483837763467,0.2344794275208954,COMPLETE
346,16.371666666666666,2025-06-13 16:50:29.097090,2025-06-13 16:50:32.617132,0 days 00:00:03.520042,44,0.7894201262449991,0.18502567516857293,0.9397332182156618,0.04994247785929393,431,3466229.0,16.371666666666666,2.36114673175745,0.8433333333333334,0.13973506678314107,430.0,6.0,16.82,"[0.842, 0.8400000000000001]",3466229.0,"[8.42, 8.4]",0.005131915003754372,2.20672345161438,14.08,"[0.5619999999999999, 0.8460000000000001]",3467229.0,"[5.619999999999999, 8.46]",0.006311879601589469,2.7141082286834717,19.7,"[0.9819999999999999, 0.9880000000000001]",3468229.0,"[9.819999999999999, 9.88]",0.005107910688533339,2.196401596069336,12.69,"[0.853, 0.4159999999999999]",3469229.0,"[8.53, 4.159999999999999]",0.006230776808982672,2.679234027862549,16.779999999999998,"[0.841, 0.8370000000000001]",3470229.0,"[8.41, 8.370000000000001]",0.006161753521409146,2.6495540142059326,18.159999999999997,"[0.9800000000000001, 0.836]",3471229.0,"[9.8, 8.36]",0.005107371197190395,2.19616961479187,8.433333333333332,1.3973506678314105,0.005675267803576565,0.0005612732707456773,2.4403651555379233,0.2413475064206412,COMPLETE
347,15.588333333333333,2025-06-13 16:50:32.696804,2025-06-13 16:50:36.050667,0 days 00:00:03.353863,47,0.816057588341803,0.19474525658663144,0.9424727435906483,0.04374895042458838,424,3476232.0,15.588333333333333,2.504665091828092,0.7436666666666666,0.15705696065086996,420.0,6.0,11.129999999999999,"[0.4119999999999998, 0.7010000000000001]",3476232.0,"[4.119999999999998, 7.010000000000001]",0.006178597041538784,2.595010757446289,13.95,"[0.6970000000000001, 0.698]",3477232.0,"[6.970000000000001, 6.9799999999999995]",0.005255845047178722,2.2074549198150635,18.19,"[0.8399999999999999, 0.9790000000000001]",3478232.0,"[8.399999999999999, 9.790000000000001]",0.004998510792141869,2.099374532699585,15.270000000000001,"[0.833, 0.6940000000000001]",3479232.0,"[8.33, 6.94]",0.005378273555210658,2.2588748931884766,18.18,"[0.8400000000000001, 0.978]",3480232.0,"[8.4, 9.78]",0.005137306735629127,2.1576688289642334,16.81,"[0.8400000000000001, 0.841]",3481232.0,"[8.4, 8.41]",0.004991760708036877,2.0965394973754883,7.4366666666666665,1.5705696065086994,0.0053233823132893395,0.00040601828306383053,2.2358205715815225,0.17052767888680878,COMPLETE
348,16.831666666666667,2025-06-13 16:50:36.132516,2025-06-13 16:50:39.282156,0 days 00:00:03.149640,45,0.7991420425289454,0.1859064927852166,0.9386306977225987,0.045283675263119154,408,3486236.0,16.831666666666667,1.4308787121516942,0.8191666666666667,0.09707457041997265,400.0,6.0,16.79,"[0.8460000000000001, 0.833]",3486236.0,"[8.46, 8.33]",0.004968295693397522,1.9873182773590088,16.82,"[0.7, 0.9819999999999999]",3487236.0,"[7.0, 9.819999999999999]",0.005688397288322449,2.2753589153289795,16.8,"[0.8400000000000001, 0.8400000000000001]",3488236.0,"[8.4, 8.4]",0.005351862907409668,2.140745162963867,19.720000000000002,"[0.984, 0.9879999999999999]",3489236.0,"[9.84, 9.879999999999999]",0.004533914923667908,1.813565969467163,15.500000000000002,"[0.7029999999999998, 0.8470000000000001]",3490236.0,"[7.0299999999999985, 8.47]",0.005220338702201843,2.0881354808807373,15.36,"[0.842, 0.6939999999999998]",3491236.0,"[8.42, 6.939999999999999]",0.005679280161857605,2.271712064743042,8.191666666666668,0.9707457041997265,0.005240348279476166,0.0004040020014215047,2.0961393117904663,0.16160080056860193,COMPLETE
349,16.796666666666667,2025-06-13 16:50:39.388007,2025-06-13 16:50:42.962719,0 days 00:00:03.574712,44,0.870152241638284,0.15290232520687153,0.9704605694345213,0.05757541562671738,416,3496239.0,16.796666666666667,3.1050746994056166,0.9089999999999999,0.15839928451016871,410.0,6.0,11.270000000000001,"[0.9870000000000001, 0.13999999999999985]",3496239.0,"[9.870000000000001, 1.3999999999999986]",0.004769694514390899,1.9555747509002686,19.46,"[0.9730000000000001, 0.9729999999999999]",3497239.0,"[9.73, 9.729999999999999]",0.005387147461495748,2.208730459213257,19.639999999999997,"[0.986, 0.9780000000000001]",3498239.0,"[9.86, 9.780000000000001]",0.004436395807964046,1.8189222812652588,18.23,"[0.9780000000000001, 0.8450000000000001]",3499239.0,"[9.780000000000001, 8.450000000000001]",0.004906683433346632,2.011740207672119,18.22,"[0.975, 0.8470000000000001]",3500239.0,"[9.75, 8.47]",0.005379067397699123,2.2054176330566406,13.96,"[0.5549999999999997, 0.841]",3501239.0,"[5.549999999999997, 8.41]",0.006525171675333162,2.6753203868865967,9.09,1.583992845101687,0.005234026715038268,0.0006671470542121944,2.14595095316569,0.27353029222699976,COMPLETE
350,16.74333333333333,2025-06-13 16:50:43.038571,2025-06-13 16:50:46.880759,0 days 00:00:03.842188,46,0.8338669045945705,0.1676871655250158,0.9651230934932843,0.041140022468882216,443,3506243.0,16.74333333333333,2.1653688420733825,0.8144999999999999,0.15195147251672164,440.0,6.0,16.759999999999998,"[0.696, 0.9800000000000001]",3506243.0,"[6.959999999999999, 9.8]",0.005530904097990556,2.4335978031158447,19.58,"[0.9850000000000001, 0.9730000000000001]",3507243.0,"[9.850000000000001, 9.73]",0.005196325887333263,2.2863833904266357,16.509999999999998,"[0.82, 0.8310000000000001]",3508243.0,"[8.2, 8.31]",0.005905548550865867,2.5984413623809814,12.54,"[0.5579999999999999, 0.696]",3509243.0,"[5.579999999999999, 6.959999999999999]",0.0062704872001301155,2.759014368057251,16.79,"[0.844, 0.835]",3510243.0,"[8.44, 8.35]",0.006194656545465643,2.725648880004883,18.279999999999998,"[0.984, 0.844]",3511243.0,"[9.84, 8.44]",0.004959924654527144,2.1823668479919434,8.145000000000001,1.5195147251672165,0.005676307822718766,0.0004897304679591938,2.4975754419962564,0.21548140590204534,COMPLETE
351,14.446666666666665,2025-06-13 16:50:50.069560,2025-06-13 16:50:53.679306,0 days 00:00:03.609746,31,0.8049850245951723,0.19001700051336415,0.9399368461125212,0.08663277902447095,435,3516250.0,14.446666666666665,4.761658207902883,0.7868333333333334,0.22906070277451687,430.0,6.0,14.510000000000002,"[0.8480000000000001, 0.603]",3516250.0,"[8.48, 6.029999999999999]",0.005403426636097043,2.3234734535217285,8.079999999999998,"[0.46799999999999997, 0.33999999999999997]",3517250.0,"[4.68, 3.3999999999999995]",0.005546696241511855,2.3850793838500977,8.069999999999999,"[0.471, 0.33599999999999997]",3518250.0,"[4.71, 3.3599999999999994]",0.00599333408266999,2.5771336555480957,19.580000000000002,"[0.982, 0.976]",3519250.0,"[9.82, 9.76]",0.004728763602500738,2.0333683490753174,18.14,"[0.9739999999999999, 0.8400000000000001]",3520250.0,"[9.739999999999998, 8.4]",0.005609869402508403,2.4122438430786133,18.299999999999997,"[0.9780000000000001, 0.852]",3521250.0,"[9.780000000000001, 8.52]",0.005141015939934309,2.210636854171753,7.868333333333333,2.2906070277451684,0.005403850984203723,0.000394791947970825,2.323655923207601,0.16976053762745472,COMPLETE
352,15.523333333333332,2025-06-13 16:50:53.793899,2025-06-13 16:50:57.497995,0 days 00:00:03.704096,45,0.8158481688364434,0.19860476772507904,0.9367243080921515,0.05150140817093001,453,3526253.0,15.523333333333332,4.2750308640861165,0.7421666666666668,0.23943086452855017,450.0,6.0,19.61,"[0.975, 0.9860000000000001]",3526253.0,"[9.75, 9.860000000000001]",0.005235167079501682,2.355825185775757,9.679999999999998,"[0.41399999999999987, 0.5539999999999999]",3527253.0,"[4.139999999999999, 5.539999999999999]",0.0058894417021009655,2.6502487659454346,16.639999999999997,"[0.837, 0.827]",3528253.0,"[8.37, 8.27]",0.005465248425801595,2.4593617916107178,19.49,"[0.9760000000000002, 0.9730000000000001]",3529253.0,"[9.760000000000002, 9.73]",0.0053226449754503035,2.3951902389526367,9.6,"[0.4119999999999998, 0.5479999999999999]",3530253.0,"[4.119999999999998, 5.4799999999999995]",0.006184304025438097,2.7829368114471436,18.119999999999997,"[0.8390000000000001, 0.9730000000000001]",3531253.0,"[8.39, 9.73]",0.005559982723659939,2.5019922256469727,7.421666666666666,2.394308645285501,0.0056094648219920966,0.0003302621268535887,2.524259169896444,0.1486179570841149,COMPLETE
353,15.798333333333334,2025-06-13 16:50:57.582353,2025-06-13 16:51:00.934237,0 days 00:00:03.351884,47,0.7903432802441354,0.18326699190702322,0.9328915417907739,0.002000291558910183,370,3536257.0,15.798333333333334,2.160658978696598,0.7920000000000001,0.10833897421211501,370.0,6.0,16.79,"[0.843, 0.836]",3536257.0,"[8.43, 8.36]",0.005836100191683383,2.1593570709228516,13.93,"[0.698, 0.6950000000000001]",3537257.0,"[6.9799999999999995, 6.950000000000001]",0.005428557782559781,2.008566379547119,13.76,"[0.6890000000000001, 0.687]",3538257.0,"[6.890000000000001, 6.870000000000001]",0.006726106437476905,2.488659381866455,19.700000000000003,"[0.9879999999999999, 0.982]",3539257.0,"[9.879999999999999, 9.82]",0.0049822008287584455,1.843414306640625,16.66,"[0.833, 0.8330000000000002]",3540257.0,"[8.33, 8.330000000000002]",0.005266306851361249,1.948533535003662,13.950000000000001,"[0.7010000000000001, 0.694]",3541257.0,"[7.010000000000001, 6.9399999999999995]",0.005461857125565813,2.0208871364593506,7.919999999999999,1.0833897421211502,0.005616854869567597,0.0005573235610762039,2.0782363017400107,0.20620971759819545,COMPLETE
354,17.058333333333334,2025-06-13 16:51:01.009459,2025-06-13 16:51:04.381236,0 days 00:00:03.371777,44,0.7637594450696512,0.0881728569226733,0.9606677516500003,0.07705094819347205,458,3546261.0,17.058333333333334,1.922449970451478,0.7713333333333333,0.13758714410228245,450.0,6.0,14.04,"[0.5619999999999998, 0.842]",3546261.0,"[5.619999999999998, 8.42]",0.0058613904317220055,2.6376256942749023,19.68,"[0.99, 0.9780000000000001]",3547261.0,"[9.9, 9.780000000000001]",0.004371208084954156,1.9670436382293701,18.31,"[0.844, 0.9870000000000001]",3548261.0,"[8.44, 9.870000000000001]",0.0046840731302897134,2.107832908630371,15.299999999999999,"[0.692, 0.8379999999999999]",3549261.0,"[6.92, 8.379999999999999]",0.004945479498969184,2.225465774536133,16.759999999999998,"[0.698, 0.9780000000000001]",3550261.0,"[6.9799999999999995, 9.780000000000001]",0.005418944358825684,2.4385249614715576,18.259999999999998,"[0.842, 0.984]",3551261.0,"[8.42, 9.84]",0.004331719080607096,1.9492735862731934,7.713333333333334,1.3758714410228245,0.004935469097561307,0.0005533659667775641,2.220961093902588,0.24901468504990382,COMPLETE
355,16.505,2025-06-13 16:51:04.459302,2025-06-13 16:51:07.959820,0 days 00:00:03.500518,47,0.8034837724560813,0.027091868825946913,0.9418665162499609,0.0619343890557307,449,3556264.0,16.505,1.304374051668717,0.8621666666666665,0.15476263186642394,440.0,6.0,15.33,"[0.5479999999999998, 0.985]",3556264.0,"[5.479999999999999, 9.85]",0.00572801720012318,2.520327568054199,18.109999999999996,"[0.984, 0.827]",3557264.0,"[9.84, 8.27]",0.005297994071787054,2.3311173915863037,16.86,"[0.842, 0.844]",3558264.0,"[8.42, 8.44]",0.00396583459594033,1.7449672222137451,18.23,"[0.9840000000000002, 0.8389999999999999]",3559264.0,"[9.840000000000002, 8.389999999999999]",0.005047040635889227,2.2206978797912598,15.25,"[0.9810000000000001, 0.5439999999999999]",3560264.0,"[9.81, 5.4399999999999995]",0.005599622834812511,2.463834047317505,15.249999999999998,"[0.834, 0.6910000000000001]",3561264.0,"[8.34, 6.91]",0.006287792054089633,2.7666285037994385,8.621666666666668,1.547626318664239,0.00532105023210699,0.0007176392808209736,2.341262102127075,0.31576128356122835,COMPLETE
356,15.979999999999997,2025-06-13 16:51:11.355951,2025-06-13 16:51:15.035804,0 days 00:00:03.679853,49,0.7755781140880096,0.09932171299104793,0.9375160964971089,0.026407336429037465,456,3566271.0,15.979999999999997,2.175116855098441,0.7641666666666667,0.21978050919547495,450.0,6.0,15.37,"[0.842, 0.695]",3566271.0,"[8.42, 6.949999999999999]",0.0045708221859402124,2.0568699836730957,15.280000000000001,"[0.834, 0.6939999999999998]",3567271.0,"[8.34, 6.939999999999999]",0.00482625855339898,2.171816349029541,18.15,"[0.99, 0.825]",3568271.0,"[9.9, 8.25]",0.0051293049918280705,2.308187246322632,13.87,"[0.5479999999999999, 0.8390000000000001]",3569271.0,"[5.4799999999999995, 8.39]",0.00558565616607666,2.513545274734497,13.639999999999997,"[0.39499999999999985, 0.969]",3570271.0,"[3.9499999999999984, 9.69]",0.005924092398749458,2.665841579437256,19.569999999999997,"[0.976, 0.9810000000000001]",3571271.0,"[9.76, 9.81]",0.004378478791978624,1.9703154563903809,7.641666666666665,2.1978050919547494,0.005069102181328667,0.0005455390784633763,2.2810959815979004,0.24549258530851933,COMPLETE
357,16.065,2025-06-13 16:51:15.173049,2025-06-13 16:51:18.525774,0 days 00:00:03.352725,37,0.7405063088186141,0.18938730514641489,0.9686469254377241,0.09802708151866753,464,3576275.0,16.065,1.478960783793809,0.8683333333333333,0.09001049321545172,460.0,6.0,18.349999999999998,"[0.845, 0.99]",3576275.0,"[8.45, 9.9]",0.005171615662782089,2.3789432048797607,14.28,"[0.9789999999999999, 0.44899999999999984]",3577275.0,"[9.79, 4.489999999999998]",0.005494969305784806,2.5276858806610107,14.270000000000001,"[0.712, 0.715]",3578275.0,"[7.119999999999999, 7.1499999999999995]",0.00521284704623015,2.397909641265869,16.830000000000002,"[0.9719999999999999, 0.711]",3579275.0,"[9.719999999999999, 7.109999999999999]",0.005449290379233983,2.506673574447632,16.95,"[0.8470000000000001, 0.8479999999999999]",3580275.0,"[8.47, 8.479999999999999]",0.00514533519744873,2.366854190826416,15.71,"[0.8550000000000001, 0.716]",3581275.0,"[8.55, 7.16]",0.005215627214182978,2.39918851852417,8.683333333333332,0.9001049321545175,0.005281614134277122,0.0001374715429390132,2.4295425017674765,0.06323690975194603,COMPLETE
358,16.995,2025-06-13 16:51:18.616184,2025-06-13 16:51:22.121825,0 days 00:00:03.505641,46,0.8193984710672021,0.1922262526972746,0.9350272614808063,0.07087510855800591,431,3586278.0,16.995,1.5215096669645798,0.8866666666666666,0.07003015223617773,430.0,6.0,16.87,"[0.99, 0.697]",3586278.0,"[9.9, 6.97]",0.005711123000743778,2.455782890319824,15.26,"[0.835, 0.691]",3587278.0,"[8.35, 6.909999999999999]",0.005533085312954215,2.3792266845703125,15.360000000000001,"[0.841, 0.695]",3588278.0,"[8.41, 6.949999999999999]",0.00552755122961,2.3768470287323,16.66,"[0.8309999999999998, 0.835]",3589278.0,"[8.309999999999999, 8.35]",0.005974982505620912,2.569242477416992,19.52,"[0.9810000000000001, 0.9710000000000001]",3590278.0,"[9.81, 9.71]",0.005135852791542231,2.208416700363159,18.3,"[0.842, 0.9880000000000001]",3591278.0,"[8.42, 9.88]",0.005021204504855843,2.1591179370880127,8.866666666666667,0.7003015223617772,0.005483966557554496,0.00032463849078969933,2.3581056197484336,0.13959455103957075,COMPLETE
359,15.37,2025-06-13 16:51:22.195905,2025-06-13 16:51:24.754544,0 days 00:00:02.558639,43,0.8342488952061006,0.03106786123671412,0.9317054879695558,0.034139645714241704,235,3596282.0,15.37,1.933089065028648,0.794,0.15485261810293477,230.0,6.0,14.060000000000002,"[0.7040000000000001, 0.7020000000000001]",3596282.0,"[7.040000000000001, 7.0200000000000005]",0.007620614507923956,1.7527413368225098,13.999999999999996,"[0.5599999999999998, 0.8400000000000001]",3597282.0,"[5.599999999999998, 8.4]",0.00763729655224344,1.7565782070159912,16.77,"[0.983, 0.6940000000000001]",3598282.0,"[9.83, 6.94]",0.007720830129540485,1.7757909297943115,16.729999999999997,"[0.9810000000000002, 0.6919999999999998]",3599282.0,"[9.810000000000002, 6.919999999999998]",0.007421036388563073,1.7068383693695068,18.07,"[0.8350000000000002, 0.9720000000000001]",3600282.0,"[8.350000000000001, 9.72]",0.007122268884078316,1.6381218433380127,12.59,"[0.701, 0.5579999999999999]",3601282.0,"[7.01, 5.579999999999999]",0.007845939760622771,1.8045661449432373,7.94,1.5485261810293478,0.007561331037162007,0.00023387515830127517,1.7391061385472615,0.05379128640929327,COMPLETE
360,12.520000000000001,2025-06-13 16:51:24.829614,2025-06-13 16:51:28.735767,0 days 00:00:03.906153,36,0.7850875541385395,0.08600350815610716,0.971805991475162,0.08079180026332372,445,3606284.0,12.520000000000001,2.4754797514825277,0.5594999999999999,0.17849346393262322,440.0,6.0,8.96,"[0.1809999999999999, 0.7150000000000001]",3606284.0,"[1.8099999999999992, 7.15]",0.00656683011488481,2.8894052505493164,10.399999999999999,"[0.587, 0.45299999999999996]",3607284.0,"[5.869999999999999, 4.529999999999999]",0.005663078481500799,2.4917545318603516,13.04,"[0.5859999999999997, 0.718]",3608284.0,"[5.859999999999998, 7.18]",0.005225904421372847,2.2993979454040527,11.599999999999998,"[0.5809999999999997, 0.5789999999999998]",3609284.0,"[5.809999999999997, 5.789999999999998]",0.005423556674610485,2.3863649368286133,15.559999999999999,"[0.7049999999999998, 0.8509999999999998]",3610284.0,"[7.049999999999999, 8.509999999999998]",0.005812442844564264,2.5574748516082764,15.559999999999999,"[0.717, 0.8390000000000001]",3611284.0,"[7.17, 8.39]",0.005845554308457808,2.5720438957214355,5.594999999999999,1.7849346393262322,0.005756227807565169,0.00042205948008318845,2.5327402353286743,0.18570617123660293,COMPLETE
361,15.655,2025-06-13 16:51:32.050204,2025-06-13 16:51:35.874162,0 days 00:00:03.823958,35,0.8944820862226539,0.1980592959913443,0.9390505141418346,0.05588366626866963,466,3616292.0,15.655,2.1579523473268196,0.7174999999999999,0.1510537983633646,460.0,6.0,14.170000000000002,"[0.8390000000000001, 0.578]",3616292.0,"[8.39, 5.779999999999999]",0.00609313560568768,2.802842378616333,11.769999999999998,"[0.45599999999999996, 0.721]",3617292.0,"[4.56, 7.21]",0.006007016741711161,2.763227701187134,18.299999999999997,"[0.851, 0.9789999999999999]",3618292.0,"[8.51, 9.79]",0.005052399635314941,2.324103832244873,15.68,"[0.587, 0.9810000000000001]",3619292.0,"[5.869999999999999, 9.81]",0.00502348049827244,2.3108010292053223,16.99,"[0.8550000000000001, 0.844]",3620292.0,"[8.55, 8.44]",0.005347039906874947,2.4596383571624756,17.02,"[0.717, 0.985]",3621292.0,"[7.17, 9.85]",0.005224593825962232,2.403313159942627,7.175,1.510537983633646,0.005457944368970568,0.00043299846791145733,2.510654409726461,0.19917929523927036,COMPLETE
362,14.36,2025-06-13 16:51:36.004975,2025-06-13 16:51:39.885271,0 days 00:00:03.880296,46,0.5387977924973035,0.01603712458270439,0.9459650796189014,0.08793531876558677,458,3626296.0,14.36,2.3981520663488665,0.7651666666666667,0.10836422636440285,450.0,6.0,13.850000000000001,"[0.836, 0.5489999999999999]",3626296.0,"[8.36, 5.489999999999999]",0.005636285675896539,2.5363285541534424,13.86,"[0.692, 0.694]",3627296.0,"[6.92, 6.9399999999999995]",0.005182603730095757,2.332171678543091,18.180000000000003,"[0.9779999999999998, 0.8400000000000001]",3628296.0,"[9.779999999999998, 8.4]",0.0043250815073649085,1.946286678314209,12.57,"[0.698, 0.5589999999999999]",3629296.0,"[6.9799999999999995, 5.59]",0.006584409607781304,2.962984323501587,11.049999999999999,"[0.6950000000000001, 0.41]",3630296.0,"[6.950000000000001, 4.1]",0.006650334464179145,2.9926505088806152,16.65,"[0.692, 0.9730000000000001]",3631296.0,"[6.92, 9.73]",0.0054762517081366644,2.464313268661499,7.651666666666666,1.0836422636440282,0.005642494448909053,0.0008039172005886134,2.5391225020090737,0.3617627402648761,COMPLETE
363,15.698333333333332,2025-06-13 16:51:40.019956,2025-06-13 16:51:43.144850,0 days 00:00:03.124894,21,0.7965051717886518,0.1943816057561793,0.9361775893429597,0.06618032457224474,437,3636300.0,15.698333333333332,2.4785843854013834,0.8226666666666665,0.13056628797494224,430.0,6.0,17.25,"[0.9719999999999999, 0.753]",3636300.0,"[9.719999999999999, 7.53]",0.00493169718010481,2.1206297874450684,18.439999999999998,"[0.982, 0.8619999999999999]",3637300.0,"[9.82, 8.62]",0.004639213029728379,1.9948616027832031,13.71,"[0.742, 0.6290000000000001]",3638300.0,"[7.42, 6.290000000000001]",0.004978965604028036,2.1409552097320557,13.76,"[0.744, 0.632]",3639300.0,"[7.4399999999999995, 6.32]",0.004743750150813613,2.0398125648498535,18.61,"[0.8719999999999999, 0.9890000000000001]",3640300.0,"[8.719999999999999, 9.89]",0.004098267887913904,1.7622551918029785,12.42,"[0.624, 0.618]",3641300.0,"[6.24, 6.18]",0.0052521733350532,2.258434534072876,8.226666666666667,1.3056628797494225,0.004774011197940324,0.0003585213859465619,2.0528248151143393,0.1541641959570217,COMPLETE
364,14.498333333333333,2025-06-13 16:51:43.223994,2025-06-13 16:51:46.857254,0 days 00:00:03.633260,36,0.8077983421555779,0.08378592631194222,0.9401310404644495,0.04930318505613457,470,3646303.0,14.498333333333333,1.8919515204030883,0.7373333333333334,0.11527888888353421,470.0,6.0,14.360000000000001,"[0.718, 0.718]",3646303.0,"[7.18, 7.18]",0.004860526957410447,2.28444766998291,13.009999999999998,"[0.586, 0.7149999999999999]",3647303.0,"[5.859999999999999, 7.149999999999999]",0.005627601197425355,2.644972562789917,16.849999999999998,"[0.8430000000000002, 0.842]",3648303.0,"[8.430000000000001, 8.42]",0.005515945718643513,2.592494487762451,11.709999999999997,"[0.5879999999999999, 0.583]",3649303.0,"[5.879999999999999, 5.83]",0.004769662085999834,2.241741180419922,16.91,"[0.8479999999999999, 0.843]",3650303.0,"[8.479999999999999, 8.43]",0.00519640750073372,2.4423115253448486,14.15,"[0.8409999999999999, 0.574]",3651303.0,"[8.409999999999998, 5.739999999999999]",0.00554607776885337,2.606656551361084,7.373333333333332,1.152788888835342,0.005252703538177706,0.00033818483569555985,2.468770662943522,0.1589468727769132,COMPLETE
365,14.569999999999999,2025-06-13 16:51:46.994841,2025-06-13 16:51:50.291038,0 days 00:00:03.296197,19,0.8517288554103294,0.16156163324222964,0.9343648159797563,0.09938870264821126,450,3656307.0,14.569999999999999,1.2624051119457127,0.7300000000000001,0.12285492799775412,450.0,6.0,12.6,"[0.515, 0.7450000000000001]",3656307.0,"[5.15, 7.450000000000001]",0.005033426814609104,2.2650420665740967,15.02,"[0.8690000000000001, 0.633]",3657307.0,"[8.690000000000001, 6.33]",0.004847521252102322,2.181384563446045,16.12,"[0.7510000000000001, 0.861]",3658307.0,"[7.510000000000002, 8.61]",0.004562927881876628,2.0533175468444824,13.91,"[0.6379999999999999, 0.753]",3659307.0,"[6.379999999999999, 7.53]",0.004813541306389703,2.166093587875366,13.780000000000001,"[0.752, 0.626]",3660307.0,"[7.52, 6.26]",0.004751830101013183,2.1383235454559326,15.99,"[0.8550000000000001, 0.744]",3661307.0,"[8.55, 7.4399999999999995]",0.0047723388671875,2.147552490234375,7.3,1.228549279977541,0.0047969310371964065,0.0001391413367712241,2.158618966738383,0.06261360154705084,COMPLETE
366,16.33,2025-06-13 16:51:53.784931,2025-06-13 16:51:57.741431,0 days 00:00:03.956500,45,0.8222465020612203,0.17493768708916663,0.9658516412938187,0.07536128103233335,462,3666313.0,16.33,2.9862964800345373,0.7949999999999999,0.1950316213677499,460.0,6.0,14.07,"[0.844, 0.563]",3666313.0,"[8.44, 5.629999999999999]",0.0057802827461906105,2.6589300632476807,16.869999999999997,"[0.842, 0.845]",3667313.0,"[8.42, 8.45]",0.004996868838434634,2.2985596656799316,19.52,"[0.9840000000000002, 0.968]",3668313.0,"[9.840000000000002, 9.68]",0.0053610786147739575,2.4660961627960205,19.49,"[0.9800000000000001, 0.969]",3669313.0,"[9.8, 9.69]",0.005073868191760519,2.333979368209839,11.079999999999998,"[0.4129999999999999, 0.695]",3670313.0,"[4.129999999999999, 6.949999999999999]",0.006565354181372601,3.0200629234313965,16.950000000000003,"[0.7070000000000001, 0.9880000000000001]",3671313.0,"[7.07, 9.88]",0.005589643768642259,2.5712361335754395,7.949999999999999,1.950316213677499,0.0055611827235290965,0.0005249035523933072,2.5581440528233848,0.24145563410092133,COMPLETE
367,15.181666666666667,2025-06-13 16:51:57.848823,2025-06-13 16:52:01.169291,0 days 00:00:03.320468,30,0.794060415587915,0.07786233401955465,0.9635631807657683,0.0602708295066861,321,3676318.0,15.181666666666667,1.620796272069861,0.8338333333333335,0.046322840538502746,320.0,6.0,13.219999999999999,"[0.852, 0.4699999999999999]",3676318.0,"[8.52, 4.699999999999999]",0.006840202957391739,2.1888649463653564,13.309999999999999,"[0.7310000000000001, 0.6]",3677318.0,"[7.3100000000000005, 6.0]",0.006546876579523087,2.0950005054473877,14.449999999999998,"[0.845, 0.6]",3678318.0,"[8.45, 6.0]",0.007357887178659439,2.3545238971710205,17.03,"[0.8530000000000001, 0.85]",3679318.0,"[8.530000000000001, 8.5]",0.006200122833251953,1.984039306640625,15.920000000000002,"[0.8620000000000001, 0.7300000000000001]",3680318.0,"[8.620000000000001, 7.300000000000001]",0.00670136883854866,2.1444380283355713,17.16,"[0.86, 0.8559999999999999]",3681318.0,"[8.6, 8.559999999999999]",0.005352374166250229,1.7127597332000732,8.338333333333335,0.4632284053850276,0.006499805425604184,0.0006193311484502292,2.079937736193339,0.1981859675040733,COMPLETE
368,16.063333333333333,2025-06-13 16:52:01.261942,2025-06-13 16:52:05.292036,0 days 00:00:04.030094,37,0.8106487010077005,0.03360158927976606,0.9375178822456309,0.04086918576133099,476,3686321.0,16.063333333333333,1.8100890094750088,0.7813333333333334,0.10177371413527606,470.0,6.0,18.319999999999997,"[0.985, 0.8469999999999999]",3686321.0,"[9.85, 8.469999999999999]",0.00515663725264529,2.423619508743286,15.719999999999999,"[0.716, 0.8560000000000001]",3687321.0,"[7.16, 8.56]",0.005676858475867738,2.668123483657837,15.51,"[0.712, 0.8389999999999999]",3688321.0,"[7.119999999999999, 8.389999999999999]",0.0067599134242281,3.177159309387207,18.18,"[0.8399999999999999, 0.9780000000000001]",3689321.0,"[8.399999999999999, 9.780000000000001]",0.0052061999097783515,2.446913957595825,12.98,"[0.717, 0.581]",3690321.0,"[7.17, 5.81]",0.005585448792640199,2.6251609325408936,15.670000000000002,"[0.718, 0.8489999999999999]",3691321.0,"[7.18, 8.489999999999998]",0.005005585386397991,2.3526251316070557,7.813333333333333,1.0177371413527603,0.005565107206926279,0.0005844072270637578,2.6156003872553506,0.27467139671996615,COMPLETE
369,17.658333333333335,2025-06-13 16:52:05.380708,2025-06-13 16:52:08.750189,0 days 00:00:03.369481,34,0.7802759658042565,0.1370397994444128,0.943449362533017,0.0683938956928719,443,3696325.0,17.658333333333335,0.655576506256559,0.8715,0.08782511030451366,440.0,6.0,17.07,"[0.7210000000000001, 0.986]",3696325.0,"[7.210000000000001, 9.86]",0.005214982683008368,2.2945923805236816,17.02,"[0.85, 0.852]",3697325.0,"[8.5, 8.52]",0.005350852012634277,2.354374885559082,18.200000000000003,"[0.844, 0.976]",3698325.0,"[8.44, 9.76]",0.00547448071566495,2.408771514892578,18.330000000000002,"[0.9799999999999999, 0.853]",3699325.0,"[9.799999999999999, 8.53]",0.005200208859010176,2.2880918979644775,16.93,"[0.974, 0.7190000000000001]",3700325.0,"[9.74, 7.190000000000001]",0.0055064932866529985,2.4228570461273193,18.4,"[0.8600000000000001, 0.9800000000000001]",3701325.0,"[8.600000000000001, 9.8]",0.005103107474066995,2.2453672885894775,8.715,0.8782511030451366,0.005308354171839627,0.0001478755413710558,2.335675835609436,0.06506523820326457,COMPLETE
370,17.18,2025-06-13 16:52:08.835826,2025-06-13 16:52:12.741398,0 days 00:00:03.905572,34,0.769612632918195,0.12915558778593414,0.9423945303203743,0.06847305324387651,437,3706329.0,17.18,1.1438531374263043,0.8688333333333333,0.08959244139745025,430.0,6.0,16.929999999999996,"[0.845, 0.8480000000000001]",3706329.0,"[8.45, 8.48]",0.00591454173243323,2.543252944946289,18.26,"[0.845, 0.9810000000000001]",3707329.0,"[8.45, 9.81]",0.005776471315428268,2.4838826656341553,18.29,"[0.983, 0.8460000000000001]",3708329.0,"[9.83, 8.46]",0.005830093317253645,2.5069401264190674,15.61,"[0.8450000000000001, 0.716]",3709329.0,"[8.450000000000001, 7.16]",0.0068870843842972155,2.9614462852478027,18.189999999999998,"[0.975, 0.8440000000000001]",3710329.0,"[9.75, 8.440000000000001]",0.006212083128995674,2.6711957454681396,15.8,"[0.72, 0.86]",3711329.0,"[7.199999999999999, 8.6]",0.006192535023356593,2.662790060043335,8.688333333333333,0.8959244139745025,0.006135468150294104,0.00037527644130396425,2.638251304626465,0.1613688697607046,COMPLETE
371,13.456666666666669,2025-06-13 16:52:16.194124,2025-06-13 16:52:20.278479,0 days 00:00:04.084355,34,0.7685374594986402,0.19226956038453707,0.9439400289228926,0.08123302478289995,425,3716336.0,13.456666666666669,0.9516068282413469,0.6941666666666667,0.15611685438229347,420.0,6.0,14.27,"[0.9720000000000001, 0.45499999999999996]",3716336.0,"[9.72, 4.55]",0.00577588989621117,2.4258737564086914,13.09,"[0.592, 0.717]",3717336.0,"[5.92, 7.17]",0.0061695422445024765,2.59120774269104,13.110000000000001,"[0.721, 0.59]",3718336.0,"[7.21, 5.8999999999999995]",0.006584900901431129,2.765658378601074,14.23,"[0.71, 0.713]",3719336.0,"[7.1, 7.13]",0.006331723076956613,2.6593236923217773,11.69,"[0.45499999999999996, 0.714]",3720336.0,"[4.55, 7.14]",0.0077571176347278415,3.2579894065856934,14.350000000000001,"[0.715, 0.72]",3721336.0,"[7.1499999999999995, 7.199999999999999]",0.005913201967875163,2.4835448265075684,6.941666666666666,1.5611685438229348,0.0064220626202840655,0.0006528519898080128,2.6972663005193076,0.2741978357193653,COMPLETE
372,18.101666666666663,2025-06-13 16:52:20.367559,2025-06-13 16:52:23.682956,0 days 00:00:03.315397,32,0.7569547438293196,0.13390087866165762,0.9449157793748748,0.06816902997945125,439,3726340.0,18.101666666666663,1.149339182119688,0.9163333333333333,0.1405840989902091,430.0,6.0,18.23,"[0.977, 0.8459999999999999]",3726340.0,"[9.77, 8.459999999999999]",0.005780569342679755,2.485644817352295,19.679999999999996,"[0.9810000000000001, 0.9870000000000001]",3727340.0,"[9.81, 9.870000000000001]",0.0051535107368646665,2.2160096168518066,18.339999999999996,"[0.9810000000000001, 0.853]",3728340.0,"[9.81, 8.53]",0.0049382370571757475,2.1234419345855713,18.27,"[0.9800000000000001, 0.8470000000000001]",3729340.0,"[9.8, 8.47]",0.004682855273402014,2.013627767562866,15.799999999999999,"[0.6019999999999999, 0.978]",3730340.0,"[6.019999999999999, 9.78]",0.005599421678587448,2.4077513217926025,18.29,"[0.9770000000000001, 0.852]",3731340.0,"[9.770000000000001, 8.52]",0.00510204226471657,2.193878173828125,9.163333333333332,1.405840989902091,0.0052094393922377,0.0003750065115441682,2.240058938662211,0.16125279996399233,COMPLETE
373,15.518333333333333,2025-06-13 16:52:23.775088,2025-06-13 16:52:26.814020,0 days 00:00:03.038932,32,0.7507907792367259,0.1353553406632575,0.9447211183956802,0.0646732006223257,434,3736343.0,15.518333333333333,3.113954702446535,0.7678333333333334,0.23014156271497094,430.0,6.0,19.68,"[0.9800000000000001, 0.9880000000000001]",3736343.0,"[9.8, 9.88]",0.00429105703220811,1.8451545238494873,10.61,"[0.34199999999999997, 0.719]",3737343.0,"[3.42, 7.1899999999999995]",0.005172226040862328,2.224057197570801,14.35,"[0.8509999999999998, 0.5839999999999999]",3738343.0,"[8.509999999999998, 5.839999999999998]",0.005112926350083462,2.1985583305358887,13.19,"[0.5969999999999999, 0.7219999999999999]",3739343.0,"[5.969999999999999, 7.219999999999999]",0.00515174200368482,2.2152490615844727,16.939999999999998,"[0.8479999999999999, 0.8460000000000001]",3740343.0,"[8.479999999999999, 8.46]",0.0049086188161095905,2.110706090927124,18.34,"[0.9890000000000001, 0.845]",3741343.0,"[9.89, 8.45]",0.005001587645952091,2.1506826877593994,7.678333333333332,2.3014156271497095,0.0049396929814834005,0.00030402065704292035,2.1240679820378623,0.1307288825284558,COMPLETE
374,16.4,2025-06-13 16:52:26.887951,2025-06-13 16:52:30.168611,0 days 00:00:03.280660,33,0.7596576995780481,0.1311677284549499,0.9478592964308519,0.06803122917292134,440,3746347.0,16.4,2.559329339234532,0.8538333333333332,0.10504033616769423,440.0,6.0,16.86,"[0.844, 0.8419999999999999]",3746347.0,"[8.44, 8.419999999999998]",0.004801707376133312,2.1127512454986572,14.540000000000001,"[0.7300000000000001, 0.724]",3747347.0,"[7.300000000000001, 7.24]",0.005434743382714011,2.391287088394165,18.31,"[0.982, 0.849]",3748347.0,"[9.82, 8.49]",0.004426176439632069,1.9475176334381104,11.879999999999999,"[0.726, 0.4619999999999999]",3749347.0,"[7.26, 4.619999999999999]",0.004629346457394687,2.036912441253662,17.08,"[0.8530000000000001, 0.8549999999999999]",3750347.0,"[8.530000000000001, 8.549999999999999]",0.004665620218623768,2.052872896194458,19.73,"[0.9879999999999999, 0.9850000000000001]",3751347.0,"[9.879999999999999, 9.850000000000001]",0.003883020444349809,1.708528995513916,8.538333333333334,1.0504033616769424,0.0046401023864746085,0.00046138825176107376,2.041645050048828,0.2030108307748725,COMPLETE
375,18.549999999999997,2025-06-13 16:52:30.245483,2025-06-13 16:52:33.165162,0 days 00:00:02.919679,33,0.7737027351921437,0.12855151875241264,0.9463230646079442,0.056062569848230465,433,3756350.0,18.549999999999997,0.4946042188794322,0.9583333333333334,0.052123784291711675,430.0,6.0,18.37,"[0.982, 0.8549999999999999]",3756350.0,"[9.82, 8.549999999999999]",0.0049604027770286385,2.1329731941223145,19.65,"[0.985, 0.9800000000000001]",3757350.0,"[9.85, 9.8]",0.0042027872662211575,1.8071985244750977,18.349999999999998,"[0.982, 0.8530000000000001]",3758350.0,"[9.82, 8.530000000000001]",0.004755047310230344,2.044670343399048,18.22,"[0.842, 0.9800000000000001]",3759350.0,"[8.42, 9.8]",0.004662726646245912,2.004972457885742,18.369999999999997,"[0.984, 0.8530000000000001]",3760350.0,"[9.84, 8.530000000000001]",0.004124432386353958,1.7735059261322021,18.34,"[0.975, 0.859]",3761350.0,"[9.75, 8.59]",0.004913809133130451,2.1129379272460938,9.583333333333334,0.5212378429171168,0.00460320091986841,0.0003266551877188933,1.9793763955434163,0.14046173071912404,COMPLETE
376,15.283333333333331,2025-06-13 16:52:36.482733,2025-06-13 16:52:39.453473,0 days 00:00:02.970740,33,0.7543168955004212,0.13141603069351704,0.946685218521429,0.05562251624673467,418,3766356.0,15.283333333333331,2.9901876566901655,0.7624999999999998,0.17984877907101104,410.0,6.0,9.169999999999998,"[0.4549999999999999, 0.4619999999999999]",3766356.0,"[4.549999999999999, 4.619999999999999]",0.005252864302658453,2.153674364089966,18.33,"[0.9800000000000001, 0.853]",3767356.0,"[9.8, 8.53]",0.004114257998582793,1.6868457794189453,17.06,"[0.851, 0.8550000000000001]",3768356.0,"[8.51, 8.55]",0.004802707346474252,1.9691100120544434,14.46,"[0.591, 0.8549999999999999]",3769356.0,"[5.91, 8.549999999999999]",0.0046752720344357375,1.9168615341186523,15.659999999999998,"[0.8479999999999999, 0.7179999999999999]",3770356.0,"[8.479999999999999, 7.179999999999999]",0.005071646992753192,2.0793752670288086,17.02,"[0.85, 0.852]",3771356.0,"[8.5, 8.52]",0.004419628585257181,1.8120477199554443,7.625,1.7984877907101107,0.0047227295433602675,0.0003815631719777135,1.93631911277771,0.1564409005108625,COMPLETE
377,15.334999999999999,2025-06-13 16:52:39.530363,2025-06-13 16:52:42.744565,0 days 00:00:03.214202,31,0.7676762227796832,0.14143694734972034,0.9456944429619732,0.056399107910403534,425,3776359.0,15.334999999999999,1.3770590643348126,0.7881666666666668,0.06384203596029468,420.0,6.0,14.469999999999997,"[0.8510000000000002, 0.5959999999999999]",3776359.0,"[8.510000000000002, 5.959999999999999]",0.0055048630351112,2.312042474746704,16.98,"[0.724, 0.974]",3777359.0,"[7.24, 9.74]",0.005132209687005906,2.1555280685424805,13.249999999999998,"[0.724, 0.601]",3778359.0,"[7.24, 6.01]",0.005120130947657994,2.1504549980163574,15.84,"[0.8539999999999999, 0.7300000000000001]",3779359.0,"[8.54, 7.300000000000001]",0.004587226254599435,1.9266350269317627,14.51,"[0.7250000000000001, 0.726]",3780359.0,"[7.250000000000001, 7.26]",0.005344662779853458,2.244758367538452,16.96,"[0.8510000000000002, 0.845]",3781359.0,"[8.510000000000002, 8.45]",0.00517209597996303,2.1722803115844727,7.881666666666668,0.6384203596029467,0.00514353144736517,0.00028342591473975905,2.1602832078933716,0.11903888419069882,COMPLETE
378,15.743333333333332,2025-06-13 16:52:42.820493,2025-06-13 16:52:46.172326,0 days 00:00:03.351833,34,0.7753857013921183,0.13463415276518842,0.948613473328151,0.047418778937255386,434,3786362.0,15.743333333333332,2.11038437783789,0.7468333333333333,0.13970614000664242,430.0,6.0,11.790000000000001,"[0.4619999999999999, 0.717]",3786362.0,"[4.619999999999999, 7.17]",0.0058686223140982695,2.523507595062256,17.07,"[0.8580000000000002, 0.8489999999999999]",3787362.0,"[8.580000000000002, 8.489999999999998]",0.004862031825753146,2.0906736850738525,15.9,"[0.733, 0.857]",3788362.0,"[7.33, 8.57]",0.004311246095701706,1.8538358211517334,16.97,"[0.721, 0.976]",3789362.0,"[7.21, 9.76]",0.004792994122172511,2.0609874725341797,18.24,"[0.852, 0.9720000000000001]",3790362.0,"[8.52, 9.72]",0.0047266167263652,2.032445192337036,14.489999999999998,"[0.8550000000000001, 0.5940000000000001]",3791362.0,"[8.55, 5.940000000000001]",0.0047083754872166836,2.024601459503174,7.468333333333334,1.3970614000664243,0.0048783144285512526,0.00047639484967168673,2.0976752042770386,0.20484978535882528,COMPLETE
379,15.733333333333333,2025-06-13 16:52:46.246754,2025-06-13 16:52:49.393964,0 days 00:00:03.147210,33,0.7780797866033301,0.12487592832346645,0.9435356377046992,0.0641505655359795,416,3796366.0,15.733333333333333,2.0934952166704903,0.8538333333333333,0.12789242441295035,410.0,6.0,14.459999999999999,"[0.721, 0.7249999999999999]",3796366.0,"[7.21, 7.249999999999998]",0.005234478159648616,2.1461360454559326,17.029999999999998,"[0.728, 0.975]",3797366.0,"[7.279999999999999, 9.75]",0.004898837717568002,2.008523464202881,18.36,"[0.983, 0.853]",3798366.0,"[9.83, 8.53]",0.0044152178415438025,1.810239315032959,15.579999999999998,"[0.976, 0.582]",3799366.0,"[9.76, 5.819999999999999]",0.005759021131003775,2.361198663711548,17.03,"[0.986, 0.7170000000000001]",3800366.0,"[9.86, 7.170000000000001]",0.004650321820887124,1.9066319465637207,11.94,"[0.729, 0.46499999999999997]",3801366.0,"[7.29, 4.6499999999999995]",0.005012123177691204,2.0549705028533936,8.538333333333332,1.2789242441295037,0.004994999974723754,0.0004292568896295169,2.0479499896367392,0.1759953247481019,COMPLETE
380,16.615,2025-06-13 16:52:49.467193,2025-06-13 16:52:52.777544,0 days 00:00:03.310351,32,0.7458348651142285,0.1365195208907121,0.9513906442340905,0.05276034643701556,443,3806369.0,16.615,0.9201041607702186,0.8935000000000001,0.06227559714687606,440.0,6.0,18.250000000000004,"[0.8530000000000001, 0.9720000000000001]",3806369.0,"[8.530000000000001, 9.72]",0.0045897104523398655,2.019472599029541,15.729999999999999,"[0.9739999999999999, 0.599]",3807369.0,"[9.739999999999998, 5.99]",0.004949967969547619,2.177985906600952,17.09,"[0.851, 0.858]",3808369.0,"[8.51, 8.58]",0.00451569990678267,1.986907958984375,15.810000000000002,"[0.857, 0.724]",3809369.0,"[8.57, 7.24]",0.004683954065496271,2.0609397888183594,15.829999999999998,"[0.9880000000000001, 0.595]",3810369.0,"[9.88, 5.949999999999999]",0.0046283380551771685,2.036468744277954,16.979999999999997,"[0.8380000000000001, 0.86]",3811369.0,"[8.38, 8.6]",0.005284360322085293,2.3251185417175293,8.935,0.6227559714687605,0.004775338461904814,0.0002650248050677426,2.1011489232381186,0.11661091422980678,COMPLETE
381,16.976666666666667,2025-06-13 16:52:56.318813,2025-06-13 16:52:59.582473,0 days 00:00:03.263660,34,0.7803793326860242,0.13032902077862923,0.9472255102599144,0.07072994997609586,425,3816376.0,16.976666666666667,2.7568923728639754,0.8286666666666668,0.2465885011286798,420.0,6.0,18.290000000000003,"[0.9850000000000001, 0.844]",3816376.0,"[9.850000000000001, 8.44]",0.0046664351508730936,1.9599027633666992,11.699999999999998,"[0.324, 0.8459999999999999]",3817376.0,"[3.24, 8.459999999999999]",0.005488559177943639,2.305194854736328,17.03,"[0.9860000000000001, 0.717]",3818376.0,"[9.860000000000001, 7.17]",0.005248381410326276,2.204320192337036,19.650000000000002,"[0.9800000000000001, 0.985]",3819376.0,"[9.8, 9.85]",0.004308309441521054,1.8094899654388428,15.580000000000002,"[0.712, 0.8460000000000001]",3820376.0,"[7.119999999999999, 8.46]",0.005340519973209926,2.243018388748169,19.61,"[0.9850000000000001, 0.976]",3821376.0,"[9.850000000000001, 9.76]",0.004429619085221064,1.8604400157928467,8.286666666666667,2.465885011286798,0.004913637373182508,0.00046307341981674413,2.063727696736654,0.19449083632303255,COMPLETE
382,14.243333333333332,2025-06-13 16:52:59.657327,2025-06-13 16:53:03.318309,0 days 00:00:03.660982,33,0.7608194923255306,0.12505701772257893,0.9424937821025009,0.00224024564772505,441,3826379.0,14.243333333333332,2.743511537346902,0.6808333333333332,0.12373279902901883,440.0,6.0,17.150000000000002,"[0.7310000000000001, 0.9840000000000002]",3826379.0,"[7.3100000000000005, 9.840000000000002]",0.0048695808107202705,2.142615556716919,11.85,"[0.5919999999999999, 0.593]",3827379.0,"[5.919999999999998, 5.93]",0.006577280976555564,2.8940036296844482,18.32,"[0.852, 0.9800000000000001]",3828379.0,"[8.52, 9.8]",0.004768392172726718,2.098092555999756,14.399999999999999,"[0.46099999999999997, 0.9789999999999999]",3829379.0,"[4.609999999999999, 9.79]",0.005476239052685824,2.4095451831817627,10.629999999999999,"[0.7270000000000001, 0.33599999999999997]",3830379.0,"[7.270000000000001, 3.3599999999999994]",0.005097519267689098,2.242908477783203,13.11,"[0.722, 0.5890000000000001]",3831379.0,"[7.22, 5.890000000000001]",0.005113056031140414,2.2497446537017822,6.808333333333334,1.2373279902901884,0.005317011385252981,0.0006061606811676192,2.339485009511312,0.2667106997137525,COMPLETE
383,17.656666666666666,2025-06-13 16:53:03.393044,2025-06-13 16:53:06.674000,0 days 00:00:03.280956,31,0.7716478418570074,0.12861088725744318,0.9443434930035731,0.0892528913755367,433,3836383.0,17.656666666666666,1.5642534605647802,0.8935000000000001,0.13724036092442587,430.0,6.0,19.54,"[0.9820000000000002, 0.9719999999999999]",3836383.0,"[9.820000000000002, 9.719999999999999]",0.005622636994650198,2.417733907699585,17.02,"[0.9800000000000001, 0.7220000000000001]",3837383.0,"[9.8, 7.220000000000001]",0.005406930834748024,2.3249802589416504,19.53,"[0.9730000000000001, 0.9800000000000001]",3838383.0,"[9.73, 9.8]",0.004666925031085347,2.006777763366699,15.909999999999998,"[0.605, 0.9860000000000001]",3839383.0,"[6.05, 9.860000000000001]",0.005194513742313829,2.2336409091949463,18.24,"[0.9720000000000001, 0.852]",3840383.0,"[9.72, 8.52]",0.005193207984746888,2.233079433441162,15.7,"[0.8489999999999999, 0.721]",3841383.0,"[8.489999999999998, 7.21]",0.005871252126471941,2.5246384143829346,8.935,1.3724036092442586,0.0053259111190027035,0.00037884590327212745,2.290141781171163,0.16290373840701475,COMPLETE
384,17.276666666666667,2025-06-13 16:53:06.755007,2025-06-13 16:53:09.851693,0 days 00:00:03.096686,32,0.7670972663618787,0.1260550649516176,0.9449697513352153,0.06026593521286324,430,3846386.0,17.276666666666667,0.4652478431498156,0.8534999999999999,0.1033920532084873,430.0,6.0,17.14,"[0.728, 0.986]",3846386.0,"[7.279999999999999, 9.86]",0.0050963751105375064,2.191441297531128,18.31,"[0.984, 0.8470000000000001]",3847386.0,"[9.84, 8.47]",0.0048576160918834595,2.0887749195098877,17.009999999999998,"[0.85, 0.851]",3848386.0,"[8.5, 8.51]",0.0050064524938893875,2.1527745723724365,17.099999999999998,"[0.724, 0.9860000000000001]",3849386.0,"[7.24, 9.860000000000001]",0.005106903231421182,2.1959683895111084,16.99,"[0.974, 0.7250000000000001]",3850386.0,"[9.74, 7.250000000000001]",0.0048777142236399096,2.097417116165161,17.110000000000003,"[0.861, 0.85]",3851386.0,"[8.61, 8.5]",0.004799799031989519,2.063913583755493,8.535,1.033920532084873,0.004957476697226828,0.00011917502940858989,2.1317149798075357,0.0512452626456937,COMPLETE
385,14.056666666666665,2025-06-13 16:53:09.975707,2025-06-13 16:53:13.214181,0 days 00:00:03.238474,32,0.7611355181407209,0.13019617471613815,0.9495256452083182,0.04499198660874827,413,3856390.0,14.056666666666665,1.7497301379228622,0.6811666666666666,0.0951935163525099,410.0,6.0,14.54,"[0.727, 0.727]",3856390.0,"[7.27, 7.27]",0.005369160814983088,2.2013559341430664,15.68,"[0.8480000000000001, 0.72]",3857390.0,"[8.48, 7.199999999999999]",0.005498826794508027,2.254518985748291,14.489999999999998,"[0.727, 0.7219999999999999]",3858390.0,"[7.27, 7.219999999999999]",0.0057265793404928066,2.347897529602051,13.16,"[0.59, 0.726]",3859390.0,"[5.8999999999999995, 7.26]",0.005985478657047923,2.4540462493896484,15.800000000000002,"[0.6009999999999999, 0.9790000000000001]",3860390.0,"[6.009999999999999, 9.790000000000001]",0.005736363806375643,2.3519091606140137,10.669999999999998,"[0.5939999999999998, 0.473]",3861390.0,"[5.939999999999998, 4.7299999999999995]",0.005538996836034263,2.270988702774048,6.8116666666666665,0.9519351635250989,0.005642567708240291,0.00019982629386626347,2.3134527603785195,0.08192878048516802,COMPLETE
386,15.321666666666665,2025-06-13 16:53:16.673125,2025-06-13 16:53:19.850433,0 days 00:00:03.177308,32,0.7432705491381112,0.11826986259190633,0.9455205734523151,0.05816000503575344,430,3866396.0,15.321666666666665,1.4123552039845446,0.7666666666666666,0.05788686283509315,430.0,6.0,13.139999999999997,"[0.728, 0.5859999999999999]",3866396.0,"[7.279999999999999, 5.8599999999999985]",0.0052840465723082075,2.2721400260925293,15.709999999999999,"[0.8489999999999999, 0.7219999999999999]",3867396.0,"[8.489999999999998, 7.219999999999999]",0.0046033132907956145,1.9794247150421143,17.04,"[0.727, 0.9770000000000001]",3868396.0,"[7.27, 9.770000000000001]",0.004998331846192826,2.149282693862915,17.0,"[0.8480000000000001, 0.852]",3869396.0,"[8.48, 8.52]",0.004464391220447629,1.9196882247924805,14.479999999999997,"[0.723, 0.7249999999999999]",3870396.0,"[7.2299999999999995, 7.249999999999998]",0.005052346406981003,2.172508955001831,14.56,"[0.725, 0.7309999999999999]",3871396.0,"[7.25, 7.309999999999999]",0.004838488822759584,2.080550193786621,7.666666666666667,0.5788686283509314,0.004873486359914144,0.0002761986446686865,2.095599134763082,0.11876541720753515,COMPLETE
387,15.983333333333333,2025-06-13 16:53:19.921993,2025-06-13 16:53:23.277143,0 days 00:00:03.355150,30,0.7588535869375268,0.1276556907197858,0.9455369230656243,0.05178398554801285,439,3876400.0,15.983333333333333,2.896024094436294,0.8113333333333334,0.1752471270964393,430.0,6.0,16.919999999999998,"[0.8470000000000001, 0.845]",3876400.0,"[8.47, 8.45]",0.004662014717279479,2.004666328430176,15.689999999999998,"[0.849, 0.7200000000000001]",3877400.0,"[8.49, 7.200000000000001]",0.004798267054003338,2.0632548332214355,10.699999999999998,"[0.472, 0.598]",3878400.0,"[4.72, 5.9799999999999995]",0.005880668551422829,2.5286874771118164,18.369999999999997,"[0.983, 0.8539999999999999]",3879400.0,"[9.83, 8.54]",0.004454736931379451,1.915536880493164,19.68,"[0.986, 0.982]",3880400.0,"[9.86, 9.82]",0.00400097647378611,1.7204198837280273,14.540000000000001,"[0.7310000000000001, 0.7230000000000001]",3881400.0,"[7.3100000000000005, 7.23]",0.005308012075202409,2.282445192337036,8.113333333333333,1.7524712709643933,0.00485077930051227,0.0006037573582392913,2.085835099220276,0.25961566404289527,COMPLETE
388,17.446666666666665,2025-06-13 16:53:23.355292,2025-06-13 16:53:26.459613,0 days 00:00:03.104321,31,0.7333896207485073,0.1370756219221861,0.9483033172980343,0.06031310496283612,427,3886403.0,17.446666666666665,1.1596647024990543,0.8928333333333334,0.0990141684586381,420.0,6.0,17.01,"[0.85, 0.851]",3886403.0,"[8.5, 8.51]",0.004721647217160179,1.9830918312072754,19.509999999999998,"[0.9720000000000001, 0.9790000000000001]",3887403.0,"[9.72, 9.790000000000001]",0.0047204187938145225,1.9825758934020996,18.27,"[0.9850000000000001, 0.8420000000000002]",3888403.0,"[9.850000000000001, 8.420000000000002]",0.0050490106855119975,2.120584487915039,17.08,"[0.849, 0.859]",3889403.0,"[8.49, 8.59]",0.0045476555824279785,1.910015344619751,15.840000000000002,"[0.986, 0.598]",3890403.0,"[9.86, 5.9799999999999995]",0.005072044190906343,2.130258560180664,16.97,"[0.715, 0.9820000000000002]",3891403.0,"[7.1499999999999995, 9.820000000000002]",0.0052015645163399835,2.184657096862793,8.928333333333333,0.9901416845863809,0.004885390164360168,0.00023440334721305727,2.0518638690312705,0.09844940582948401,COMPLETE
389,15.793333333333331,2025-06-13 16:53:26.594862,2025-06-13 16:53:29.745212,0 days 00:00:03.150350,31,0.6696443529789255,0.13294872065874708,0.9492689045007867,0.048643022955059054,427,3896406.0,15.793333333333331,3.869623869174999,0.789,0.17711201728473053,420.0,6.0,18.4,"[0.9830000000000002, 0.857]",3896406.0,"[9.830000000000002, 8.57]",0.004601885023571196,1.9327917098999023,15.86,"[0.728, 0.858]",3897406.0,"[7.279999999999999, 8.58]",0.004909047626313709,2.061800003051758,8.049999999999999,"[0.471, 0.3339999999999999]",3898406.0,"[4.71, 3.339999999999999]",0.005352009478069487,2.2478439807891846,19.63,"[0.982, 0.9810000000000001]",3899406.0,"[9.82, 9.81]",0.004655789193652925,1.9554314613342285,18.36,"[0.85, 0.986]",3900406.0,"[8.5, 9.86]",0.004530274868011474,1.9027154445648193,14.459999999999999,"[0.72, 0.7260000000000001]",3901406.0,"[7.199999999999999, 7.260000000000001]",0.004901925155094692,2.0588085651397705,7.890000000000001,1.7711201728473052,0.004825155224118914,0.0002756797119546307,2.026565194129944,0.11578547902094485,COMPLETE
390,16.808333333333334,2025-06-13 16:53:29.831999,2025-06-13 16:53:33.215143,0 days 00:00:03.383144,31,0.7659580581037796,0.1359337422389862,0.9462160405745181,0.059722880036165715,421,3906410.0,16.808333333333334,2.5471580023408227,0.9115000000000001,0.09879735151645852,420.0,6.0,18.32,"[0.9780000000000001, 0.8539999999999999]",3906410.0,"[9.780000000000001, 8.54]",0.004605351175580706,1.9342474937438965,11.879999999999999,"[0.7190000000000001, 0.469]",3907410.0,"[7.190000000000001, 4.6899999999999995]",0.005836038362412225,2.4511361122131348,17.060000000000002,"[0.976, 0.73]",3908410.0,"[9.76, 7.3]",0.004876963865189325,2.0483248233795166,18.31,"[0.9710000000000001, 0.86]",3909410.0,"[9.71, 8.6]",0.004830999601454962,2.029019832611084,19.72,"[0.9810000000000001, 0.991]",3910410.0,"[9.81, 9.91]",0.004249607949029832,1.7848353385925293,15.559999999999999,"[0.844, 0.7120000000000001]",3911410.0,"[8.44, 7.120000000000001]",0.005274312269119989,2.2152111530303955,9.115,0.9879735151645851,0.004945545537131173,0.0005031485173731768,2.0771291255950928,0.21132237729673436,COMPLETE
391,15.563333333333334,2025-06-13 16:53:36.847050,2025-06-13 16:53:39.948337,0 days 00:00:03.101287,31,0.7249044762057177,0.14780256512352696,0.94824924232748,0.08985355211650622,405,3916417.0,15.563333333333334,2.8954255108513656,0.7898333333333333,0.17803690316585744,400.0,6.0,18.32,"[0.9830000000000002, 0.8489999999999999]",3916417.0,"[9.830000000000002, 8.489999999999998]",0.004812424778938293,1.9249699115753174,15.7,"[0.718, 0.852]",3917417.0,"[7.18, 8.52]",0.005020787119865418,2.008314847946167,10.730000000000002,"[0.47300000000000003, 0.6]",3918417.0,"[4.73, 6.0]",0.004721239805221557,1.888495922088623,19.680000000000003,"[0.9870000000000001, 0.9810000000000002]",3919417.0,"[9.870000000000001, 9.810000000000002]",0.00433462917804718,1.733851671218872,14.53,"[0.8539999999999999, 0.599]",3920417.0,"[8.54, 5.99]",0.005168745517730713,2.067498207092285,14.42,"[0.724, 0.7180000000000001]",3921417.0,"[7.24, 7.180000000000001]",0.004420755505561829,1.7683022022247314,7.898333333333334,1.7803690316585743,0.004746430317560831,0.00029840014404181877,1.8985721270243328,0.11936005761672745,COMPLETE
392,15.761666666666665,2025-06-13 16:53:40.091333,2025-06-13 16:53:43.585867,0 days 00:00:03.494534,31,0.689802214094795,0.14395646553300456,0.9518211087634025,0.05959940312439907,433,3926420.0,15.761666666666665,2.4598469916281815,0.8116666666666666,0.1404275218356034,430.0,6.0,19.639999999999997,"[0.9789999999999999, 0.985]",3926420.0,"[9.79, 9.85]",0.004347158032794332,1.8692779541015625,13.18,"[0.7260000000000001, 0.5919999999999999]",3927420.0,"[7.260000000000001, 5.919999999999998]",0.005826769873153332,2.5055110454559326,13.210000000000003,"[0.6030000000000001, 0.7180000000000001]",3928420.0,"[6.030000000000001, 7.180000000000001]",0.005202801837477573,2.2372047901153564,15.789999999999997,"[0.985, 0.5940000000000001]",3929420.0,"[9.85, 5.940000000000001]",0.005544533285983773,2.3841493129730225,14.459999999999999,"[0.724, 0.722]",3930420.0,"[7.24, 7.22]",0.00521293185478033,2.241560697555542,18.29,"[0.853, 0.9760000000000002]",3931420.0,"[8.53, 9.760000000000002]",0.005383313533871673,2.3148248195648193,8.116666666666667,1.4042752183560339,0.005252918069676836,0.0004575041133408075,2.258754769961039,0.1967267687365473,COMPLETE
393,17.27,2025-06-13 16:53:43.725761,2025-06-13 16:53:47.213636,0 days 00:00:03.487875,32,0.7312577048160248,0.13839049612034496,0.9431295571505237,0.04541948748745444,417,3936423.0,17.27,2.039673176434565,0.9168333333333334,0.10120180608840715,410.0,6.0,19.599999999999998,"[0.9789999999999999, 0.9810000000000001]",3936423.0,"[9.79, 9.81]",0.0042759790653135715,1.7531514167785645,19.61,"[0.9810000000000001, 0.9800000000000001]",3937423.0,"[9.81, 9.8]",0.004679991559284489,1.9187965393066406,15.86,"[0.99, 0.596]",3938423.0,"[9.9, 5.96]",0.004929779215556819,2.021209478378296,18.419999999999998,"[0.982, 0.86]",3939423.0,"[9.82, 8.6]",0.004297266355374964,1.7618792057037354,14.349999999999998,"[0.718, 0.717]",3940423.0,"[7.18, 7.17]",0.00594084669904011,2.4357471466064453,15.779999999999998,"[0.8509999999999998, 0.727]",3941423.0,"[8.509999999999998, 7.27]",0.005666456571439418,2.323247194290161,9.168333333333333,1.0120180608840714,0.004965053244334896,0.0006386713380356571,2.035671830177307,0.26185524859461945,COMPLETE
394,15.763333333333334,2025-06-13 16:53:47.333702,2025-06-13 16:53:50.496974,0 days 00:00:03.163272,31,0.714288971016243,0.1400000443219906,0.9441999946456517,0.049836345081874026,418,3946427.0,15.763333333333334,1.8839644960089408,0.7688333333333334,0.15566461454750147,410.0,6.0,15.690000000000001,"[0.7180000000000002, 0.8510000000000002]",3946427.0,"[7.1800000000000015, 8.510000000000002]",0.004781116508856052,1.9602577686309814,13.25,"[0.7290000000000001, 0.596]",3947427.0,"[7.290000000000001, 5.96]",0.005103779420620058,2.0925495624542236,18.07,"[0.9739999999999999, 0.833]",3948427.0,"[9.739999999999998, 8.33]",0.005499348407838403,2.254732847213745,14.600000000000001,"[0.6039999999999999, 0.8560000000000001]",3949427.0,"[6.039999999999999, 8.56]",0.005695507584548578,2.335158109664917,18.39,"[0.982, 0.857]",3950427.0,"[9.82, 8.57]",0.005062468458966511,2.0756120681762695,14.58,"[0.6060000000000001, 0.852]",3951427.0,"[6.0600000000000005, 8.52]",0.005012744810523056,2.055225372314453,7.6883333333333335,1.5566461454750147,0.005192494198558776,0.0003091656576182496,2.128922621409098,0.12675791962348232,COMPLETE
395,14.896666666666663,2025-06-13 16:53:50.573591,2025-06-13 16:53:53.865865,0 days 00:00:03.292274,32,0.7111449416864062,0.13662579430714897,0.947496626373391,0.09999949503211171,422,3956430.0,14.896666666666663,1.8970122707973076,0.7669999999999999,0.16190532212788233,420.0,6.0,17.06,"[0.849, 0.857]",3956430.0,"[8.49, 8.57]",0.0044008192561921615,1.848344087600708,13.209999999999999,"[0.7299999999999999, 0.591]",3957430.0,"[7.299999999999999, 5.91]",0.0051904536428905666,2.179990530014038,17.05,"[0.986, 0.719]",3958430.0,"[9.86, 7.1899999999999995]",0.004936390263693673,2.0732839107513428,14.53,"[0.8559999999999999, 0.597]",3959430.0,"[8.559999999999999, 5.97]",0.004781091213226318,2.0080583095550537,15.599999999999998,"[0.715, 0.8450000000000001]",3960430.0,"[7.1499999999999995, 8.450000000000001]",0.005695633661179316,2.3921661376953125,11.929999999999998,"[0.46599999999999986, 0.727]",3961430.0,"[4.659999999999998, 7.27]",0.004541444778442383,1.9074068069458008,7.669999999999998,1.6190532212788233,0.004924305469270736,0.0004295459849673919,2.0682082970937095,0.18040931368630456,COMPLETE
396,16.235000000000003,2025-06-13 16:53:57.554777,2025-06-13 16:54:00.564888,0 days 00:00:03.010111,30,0.7446666378811148,0.12428873463664536,0.9448372614138273,0.0746263690954139,431,3966437.0,16.235000000000003,1.3868519507623487,0.8116666666666666,0.05714503964086082,430.0,6.0,17.02,"[0.85, 0.852]",3966437.0,"[8.5, 8.52]",0.004897806810778241,2.1060569286346436,18.27,"[0.8469999999999999, 0.9800000000000001]",3967437.0,"[8.469999999999999, 9.8]",0.004916876415873682,2.1142568588256836,14.530000000000001,"[0.734, 0.7190000000000001]",3968437.0,"[7.34, 7.190000000000001]",0.004944608377855877,2.1261816024780273,14.57,"[0.728, 0.729]",3969437.0,"[7.279999999999999, 7.29]",0.005087223718332689,2.1875061988830566,15.82,"[0.8559999999999999, 0.726]",3970437.0,"[8.559999999999999, 7.26]",0.004832160750100779,2.077829122543335,17.2,"[0.8550000000000001, 0.865]",3971437.0,"[8.55, 8.65]",0.004207637698151344,1.8092842102050781,8.116666666666665,0.5714503964086083,0.004814385628515436,0.00028205231453072403,2.070185820261637,0.12128249524821136,COMPLETE
397,16.831666666666667,2025-06-13 16:54:00.643248,2025-06-13 16:54:03.614214,0 days 00:00:02.970966,32,0.7345811981571071,0.13940156888502328,0.9439393448510869,0.06350773221868178,429,3976440.0,16.831666666666667,1.6924283999297836,0.8285,0.1130541905459502,420.0,6.0,16.99,"[0.8469999999999999, 0.852]",3976440.0,"[8.469999999999999, 8.52]",0.0046672259058271135,1.9602348804473877,15.76,"[0.7179999999999999, 0.858]",3977440.0,"[7.179999999999999, 8.58]",0.0049290208589463005,2.0701887607574463,18.36,"[0.9760000000000002, 0.8599999999999998]",3978440.0,"[9.760000000000002, 8.599999999999998]",0.004541331245785668,1.9073591232299805,15.81,"[0.724, 0.857]",3979440.0,"[7.24, 8.57]",0.004861304305848621,2.041747808456421,14.530000000000001,"[0.7299999999999999, 0.7229999999999999]",3980440.0,"[7.299999999999999, 7.229999999999999]",0.005240833759307862,2.2011501789093018,19.54,"[0.976, 0.978]",3981440.0,"[9.76, 9.78]",0.005033948875608899,2.1142585277557373,8.284999999999998,1.1305419054595018,0.0048789441585540775,0.00022971594168100652,2.0491565465927124,0.09648069550602269,COMPLETE
398,17.44666666666667,2025-06-13 16:54:03.696295,2025-06-13 16:54:07.134658,0 days 00:00:03.438363,30,0.7534070304558032,0.13951579309376244,0.9481333430423973,0.08443537829555904,409,3986443.0,17.44666666666667,1.5593339033774065,0.8506666666666666,0.07201311608928535,400.0,6.0,19.479999999999997,"[0.978, 0.97]",3986443.0,"[9.78, 9.7]",0.005659878253936768,2.263951301574707,18.27,"[0.8479999999999999, 0.9789999999999999]",3987443.0,"[8.479999999999999, 9.79]",0.005302236080169677,2.120894432067871,14.540000000000001,"[0.729, 0.7250000000000001]",3988443.0,"[7.29, 7.250000000000001]",0.005685970187187195,2.274388074874878,18.400000000000002,"[0.8539999999999999, 0.986]",3989443.0,"[8.54, 9.86]",0.0060894876718521115,2.4357950687408447,17.070000000000004,"[0.853, 0.8539999999999999]",3990443.0,"[8.53, 8.54]",0.006285099387168884,2.5140397548675537,16.92,"[0.842, 0.85]",3991443.0,"[8.42, 8.5]",0.005383623242378235,2.153449296951294,8.506666666666666,0.7201311608928533,0.0057343824704488115,0.00035286116074691724,2.293752988179525,0.14114446429876693,COMPLETE
399,16.4,2025-06-13 16:54:07.246563,2025-06-13 16:54:10.658361,0 days 00:00:03.411798,30,0.7318560581329318,0.14459407169766647,0.9504913841965935,0.08691004201642392,402,3996447.0,16.4,1.7579628361638742,0.7891666666666666,0.09880184996018825,400.0,6.0,18.32,"[0.8540000000000001, 0.9780000000000001]",3996447.0,"[8.540000000000001, 9.780000000000001]",0.004655212759971618,1.8620851039886475,15.72,"[0.7250000000000001, 0.8469999999999999]",3997447.0,"[7.250000000000001, 8.469999999999999]",0.005899048447608948,2.359619379043579,18.329999999999995,"[0.8559999999999999, 0.9770000000000001]",3998447.0,"[8.559999999999999, 9.770000000000001]",0.005649058818817138,2.2596235275268555,17.04,"[0.858, 0.8459999999999999]",3999447.0,"[8.58, 8.459999999999999]",0.006683410406112671,2.6733641624450684,15.719999999999999,"[0.8469999999999999, 0.725]",4000447.0,"[8.469999999999999, 7.25]",0.005118839144706726,2.0475356578826904,13.269999999999998,"[0.595, 0.732]",4001447.0,"[5.949999999999999, 7.32]",0.005468151569366455,2.187260627746582,7.891666666666666,0.9880184996018828,0.005578953524430593,0.000633045526435296,2.2315814097722373,0.25321821057411836,COMPLETE
400,14.94833333333333,2025-06-13 16:54:10.731714,2025-06-13 16:54:14.737305,0 days 00:00:04.005591,31,0.7506390789822264,0.1331734257331804,0.9530542778836879,0.07989869123809021,412,4006450.0,14.94833333333333,2.04720473383153,0.7238333333333333,0.10829191515939171,410.0,6.0,14.53,"[0.7240000000000001, 0.7290000000000001]",4006450.0,"[7.240000000000001, 7.290000000000001]",0.0062690670897321,2.570317506790161,17.08,"[0.8540000000000001, 0.8540000000000001]",4007450.0,"[8.540000000000001, 8.540000000000001]",0.005305598421794612,2.175295352935791,18.36,"[0.8539999999999999, 0.982]",4008450.0,"[8.54, 9.82]",0.005410246732758313,2.218201160430908,13.379999999999999,"[0.733, 0.605]",4009450.0,"[7.33, 6.05]",0.0056238616385111,2.305783271789551,13.129999999999997,"[0.585, 0.728]",4010450.0,"[5.85, 7.279999999999999]",0.00753986021367515,3.0913426876068115,13.209999999999997,"[0.593, 0.728]",4011450.0,"[5.93, 7.279999999999999]",0.006151961698764708,2.5223042964935303,7.238333333333333,1.0829191515939172,0.0060500992992059965,0.0007553235322983984,2.480540712674459,0.3096826482423433,COMPLETE
401,14.966666666666663,2025-06-13 16:54:18.319128,2025-06-13 16:54:21.665024,0 days 00:00:03.345896,30,0.7284101535906196,0.12075067049492291,0.9555767286397754,0.08862774177184368,410,4016458.0,14.966666666666663,1.9069055794372436,0.7073333333333333,0.11579531750271926,410.0,6.0,14.479999999999997,"[0.724, 0.724]",4016458.0,"[7.24, 7.24]",0.005796425517012433,2.3765344619750977,11.969999999999999,"[0.471, 0.7260000000000001]",4017458.0,"[4.71, 7.260000000000001]",0.0062039014769763486,2.5435996055603027,15.729999999999999,"[0.7260000000000001, 0.8469999999999999]",4018458.0,"[7.260000000000001, 8.469999999999999]",0.0052116283556310145,2.136767625808716,17.11,"[0.858, 0.853]",4019458.0,"[8.58, 8.53]",0.004789266935208949,1.963599443435669,17.16,"[0.734, 0.982]",4020458.0,"[7.34, 9.82]",0.0052306809076448765,2.1445791721343994,13.35,"[0.7310000000000001, 0.604]",4021458.0,"[7.3100000000000005, 6.04]",0.005625486373901367,2.3064494132995605,7.073333333333333,1.1579531750271923,0.005476231594395832,0.0004576270410135751,2.245254953702291,0.18762708681556575,COMPLETE
402,17.444999999999997,2025-06-13 16:54:21.741956,2025-06-13 16:54:24.814330,0 days 00:00:03.072374,32,0.7405282135487861,0.13910680643101297,0.9476194715560629,0.05677459985168502,421,4026461.0,17.444999999999997,2.2844237055911196,0.8716666666666667,0.15517588587005252,420.0,6.0,19.63,"[0.9809999999999999, 0.982]",4026461.0,"[9.809999999999999, 9.82]",0.004875224544888451,2.0475943088531494,19.649999999999995,"[0.983, 0.9819999999999999]",4027461.0,"[9.83, 9.819999999999999]",0.004389157181694394,1.8434460163116455,14.469999999999997,"[0.7249999999999999, 0.7219999999999999]",4028461.0,"[7.249999999999998, 7.219999999999999]",0.0048986718768165224,2.0574421882629395,14.480000000000002,"[0.593, 0.8550000000000001]",4029461.0,"[5.93, 8.55]",0.005313179038819812,2.2315351963043213,19.41,"[0.9710000000000001, 0.9700000000000001]",4030461.0,"[9.71, 9.700000000000001]",0.004549352327982584,1.9107279777526855,17.029999999999998,"[0.977, 0.7260000000000001]",4031461.0,"[9.77, 7.260000000000001]",0.0051523929550534205,2.1640050411224365,8.716666666666667,1.551758858700525,0.004862996320875865,0.00031904368829915023,2.042458454767863,0.1339983490856431,COMPLETE
403,14.868333333333332,2025-06-13 16:54:24.889839,2025-06-13 16:54:27.991136,0 days 00:00:03.101297,32,0.7448373200585324,0.14065559848010015,0.9471911604463129,0.0462236156730674,418,4036465.0,14.868333333333332,1.3840329556127708,0.745,0.13925157090675858,410.0,6.0,13.19,"[0.595, 0.724]",4036465.0,"[5.949999999999999, 7.24]",0.005323568786062846,2.1826632022857666,15.659999999999998,"[0.8480000000000001, 0.718]",4037465.0,"[8.48, 7.18]",0.005057558199254478,2.073598861694336,15.68,"[0.7179999999999997, 0.85]",4038465.0,"[7.179999999999998, 8.5]",0.005458752701922161,2.238088607788086,14.379999999999997,"[0.719, 0.719]",4039465.0,"[7.1899999999999995, 7.1899999999999995]",0.005374763070083246,2.203652858734131,17.02,"[0.991, 0.711]",4040465.0,"[9.91, 7.109999999999999]",0.004907329489545124,2.012005090713501,13.28,"[0.599, 0.7289999999999999]",4041465.0,"[5.99, 7.289999999999999]",0.005419748585398604,2.2220969200134277,7.449999999999999,1.3925157090675857,0.00525695347204441,0.00020311625715040534,2.155350923538208,0.08327766543166616,COMPLETE
404,16.653333333333332,2025-06-13 16:54:28.105897,2025-06-13 16:54:31.191992,0 days 00:00:03.086095,29,0.735888161426373,0.13919631055409412,0.9494692558381297,0.05405701275076504,399,4046468.0,16.653333333333332,0.9151441902175269,0.8950000000000001,0.060882400303097994,390.0,6.0,15.829999999999998,"[0.851, 0.732]",4046468.0,"[8.51, 7.32]",0.005053857656625601,1.9710044860839844,17.060000000000002,"[0.9770000000000001, 0.729]",4047468.0,"[9.770000000000001, 7.29]",0.005222871364691318,2.0369198322296143,17.1,"[0.8530000000000003, 0.857]",4048468.0,"[8.530000000000003, 8.57]",0.0053101032208173705,2.0709402561187744,18.270000000000003,"[0.8550000000000001, 0.9720000000000001]",4049468.0,"[8.55, 9.72]",0.005242584913204878,2.0446081161499023,15.749999999999996,"[0.849, 0.726]",4050468.0,"[8.49, 7.26]",0.005705033204494379,2.2249629497528076,15.909999999999998,"[0.9850000000000001, 0.6059999999999999]",4051468.0,"[9.850000000000001, 6.059999999999999]",0.005543985733619103,2.16215443611145,8.950000000000001,0.6088240030309802,0.005346406015575442,0.00021625342853239904,2.0850983460744223,0.0843388371276356,COMPLETE
405,15.089999999999998,2025-06-13 16:54:31.312558,2025-06-13 16:54:34.551258,0 days 00:00:03.238700,33,0.7216229610658689,0.13750235482624587,0.9474085755844969,0.045558999727061095,423,4056471.0,15.089999999999998,0.9697422337920522,0.7645,0.09332693430444758,420.0,6.0,15.69,"[0.9730000000000001, 0.5959999999999999]",4056471.0,"[9.73, 5.959999999999999]",0.005595421223413377,2.350076913833618,17.009999999999998,"[0.72, 0.9810000000000001]",4057471.0,"[7.199999999999999, 9.81]",0.005586440790267218,2.3463051319122314,14.53,"[0.728, 0.7249999999999999]",4058471.0,"[7.279999999999999, 7.249999999999998]",0.0046953087761288596,1.972029685974121,14.43,"[0.718, 0.725]",4059471.0,"[7.18, 7.25]",0.005605436506725493,2.354283332824707,14.41,"[0.72, 0.7209999999999999]",4060471.0,"[7.199999999999999, 7.209999999999999]",0.0054386507897149945,2.284233331680298,14.469999999999999,"[0.728, 0.719]",4061471.0,"[7.279999999999999, 7.1899999999999995]",0.005082330817268008,2.1345789432525635,7.6450000000000005,0.9332693430444757,0.005333931483919659,0.00033861502290784425,2.2402512232462564,0.1422183096212945,COMPLETE
406,15.573333333333336,2025-06-13 16:54:38.251006,2025-06-13 16:54:41.942457,0 days 00:00:03.691451,31,0.7399489950318013,0.12783418565174726,0.9419329151249445,0.001784958736149704,418,4066478.0,15.573333333333336,3.330854077993945,0.7675,0.18928792002308722,410.0,6.0,18.279999999999998,"[0.9789999999999999, 0.849]",4066478.0,"[9.79, 8.49]",0.004913916820433082,2.0147058963775635,19.620000000000005,"[0.9810000000000001, 0.9810000000000001]",4067478.0,"[9.81, 9.81]",0.004278890679522258,1.754345178604126,14.510000000000002,"[0.724, 0.727]",4068478.0,"[7.24, 7.27]",0.005438644130055497,2.229844093322754,17.12,"[0.851, 0.861]",4069478.0,"[8.51, 8.61]",0.0042751876319327,1.7528269290924072,9.389999999999999,"[0.47300000000000003, 0.4659999999999999]",4070478.0,"[4.73, 4.659999999999999]",0.007092371801050698,2.907872438430786,14.520000000000001,"[0.5969999999999999, 0.8550000000000001]",4071478.0,"[5.969999999999999, 8.55]",0.005326029149497428,2.1836719512939453,7.675,1.8928792002308723,0.005220840035415277,0.0009519159136815012,2.1405444145202637,0.39028552460941546,COMPLETE
407,17.481666666666666,2025-06-13 16:54:42.013828,2025-06-13 16:54:46.177813,0 days 00:00:04.163985,32,0.7535490479264718,0.13569596896203076,0.9507494074499625,0.056656694345469126,410,4076482.0,17.481666666666666,1.4076980815817313,0.8751666666666668,0.1357159001574818,410.0,6.0,18.259999999999998,"[0.9810000000000001, 0.845]",4076482.0,"[9.81, 8.45]",0.008104224321318836,3.3227319717407227,18.409999999999997,"[0.985, 0.8559999999999999]",4077482.0,"[9.85, 8.559999999999999]",0.004998180924392328,2.0492541790008545,15.7,"[0.849, 0.7209999999999999]",4078482.0,"[8.49, 7.209999999999999]",0.005484695550872058,2.248725175857544,17.040000000000003,"[0.8550000000000001, 0.8490000000000002]",4079482.0,"[8.55, 8.490000000000002]",0.004851533145439334,1.989128589630127,19.599999999999998,"[0.9800000000000001, 0.9799999999999999]",4080482.0,"[9.8, 9.799999999999999]",0.004875398263698671,1.998913288116455,15.879999999999999,"[0.6009999999999999, 0.9870000000000001]",4081482.0,"[6.009999999999999, 9.870000000000001]",0.005202674865722656,2.133096694946289,8.751666666666667,1.357159001574818,0.005586117845240647,0.001146631447099832,2.2903083165486655,0.470118893310931,COMPLETE
408,16.435,2025-06-13 16:54:46.253376,2025-06-13 16:54:49.352727,0 days 00:00:03.099351,30,0.7522189232545011,0.14486870542982344,0.9508323773689749,0.059763050299201544,385,4086486.0,16.435,1.6117562884423104,0.8765000000000001,0.11211117993610926,380.0,6.0,18.389999999999997,"[0.983, 0.8560000000000001]",4086486.0,"[9.83, 8.56]",0.005850399167914139,2.223151683807373,17.060000000000002,"[0.9840000000000002, 0.722]",4087486.0,"[9.840000000000002, 7.22]",0.0057610423941361275,2.1891961097717285,14.51,"[0.729, 0.7220000000000001]",4088486.0,"[7.29, 7.220000000000001]",0.0054048745255721245,2.0538523197174072,14.479999999999999,"[0.853, 0.5950000000000001]",4089486.0,"[8.53, 5.950000000000001]",0.005690319914566843,2.1623215675354004,18.31,"[0.976, 0.8550000000000001]",4090486.0,"[9.76, 8.55]",0.005037339737540798,1.914189100265503,15.86,"[0.7340000000000001, 0.852]",4091486.0,"[7.340000000000001, 8.52]",0.005665239534879986,2.1527910232543945,8.765,1.1211117993610926,0.005568202545768337,0.00027375242252431343,2.1159169673919678,0.10402592055923919,COMPLETE
409,12.453333333333333,2025-06-13 16:54:49.431998,2025-06-13 16:54:53.849581,0 days 00:00:04.417583,33,0.7554827935485859,0.13399145668164056,0.9530449813949079,0.002533695531524137,407,4096489.0,12.453333333333333,1.8186044710772669,0.6769999999999999,0.12237510640104333,400.0,6.0,10.54,"[0.7230000000000001, 0.33099999999999996]",4096489.0,"[7.23, 3.3099999999999996]",0.006580373048782348,2.6321492195129395,15.770000000000001,"[0.853, 0.724]",4097489.0,"[8.53, 7.24]",0.005099565982818604,2.0398263931274414,13.080000000000002,"[0.72, 0.588]",4098489.0,"[7.199999999999999, 5.88]",0.005844046473503113,2.337618589401245,13.04,"[0.587, 0.717]",4099489.0,"[5.869999999999999, 7.17]",0.006428751349449158,2.571500539779663,10.43,"[0.7150000000000001, 0.32799999999999996]",4100489.0,"[7.15, 3.2799999999999994]",0.0068130320310592655,2.725212812423706,11.859999999999998,"[0.46399999999999986, 0.722]",4101489.0,"[4.639999999999999, 7.22]",0.00895488977432251,3.581955909729004,6.77,1.2237510640104332,0.006620109776655833,0.001186095932631564,2.648043910662333,0.47443837305262565,COMPLETE
410,16.185,2025-06-13 16:54:53.940889,2025-06-13 16:54:57.455590,0 days 00:00:03.514701,32,0.755604803614285,0.13214630038998507,0.9577106467271594,0.06350880839999445,428,4106494.0,16.185,2.7292230274078615,0.8331666666666666,0.13644219370202987,420.0,6.0,19.529999999999998,"[0.9800000000000001, 0.9729999999999999]",4106494.0,"[9.8, 9.729999999999999]",0.005014495622544061,2.106088161468506,16.939999999999998,"[0.8460000000000001, 0.8480000000000001]",4107494.0,"[8.46, 8.48]",0.005914761906578427,2.4842000007629395,11.919999999999998,"[0.5979999999999999, 0.594]",4108494.0,"[5.979999999999999, 5.9399999999999995]",0.00631509508405413,2.6523399353027344,17.099999999999998,"[0.857, 0.853]",4109494.0,"[8.57, 8.53]",0.004891432466961089,2.0544016361236572,18.419999999999998,"[0.9870000000000001, 0.8549999999999999]",4110494.0,"[9.870000000000001, 8.549999999999999]",0.005044269561767578,2.118593215942383,13.2,"[0.7310000000000001, 0.5889999999999999]",4111494.0,"[7.3100000000000005, 5.889999999999999]",0.005827737422216506,2.4476497173309326,8.331666666666669,1.3644219370202988,0.005501298677353632,0.0005412282803757806,2.3105454444885254,0.22731587775782788,COMPLETE
411,16.41,2025-06-13 17:11:33.047723,2025-06-13 17:11:36.666391,0 days 00:00:03.618668,31,0.7683560363641546,0.12689428412366666,0.9543767571099179,0.07718307124680054,432,4117493.0,16.41,1.626027880039781,0.8306666666666667,0.1357493605468876,430.0,6.0,14.439999999999998,"[0.976, 0.4680000000000001]",4117493.0,"[9.76, 4.680000000000001]",0.005979599509128304,2.571227788925171,18.359999999999996,"[0.8520000000000001, 0.984]",4118493.0,"[8.520000000000001, 9.84]",0.0048671983009160955,2.092895269393921,14.56,"[0.6000000000000001, 0.8559999999999999]",4119493.0,"[6.000000000000001, 8.559999999999999]",0.0063202303509379545,2.7176990509033203,17.06,"[0.86, 0.8459999999999999]",4120493.0,"[8.6, 8.459999999999999]",0.005607996984969738,2.4114387035369873,15.68,"[0.717, 0.851]",4121493.0,"[7.17, 8.51]",0.005630921208581259,2.4212961196899414,18.36,"[0.9790000000000001, 0.857]",4122493.0,"[9.790000000000001, 8.57]",0.005339877549992051,2.296147346496582,8.306666666666667,1.3574936054688762,0.005624303984087566,0.0004591596555982486,2.418450713157654,0.1974386519072469,COMPLETE
412,16.24,2025-06-13 17:11:36.755523,2025-06-13 17:11:39.980634,0 days 00:00:03.225111,29,0.7583209825192524,0.13380221991167707,0.946667998897702,0.056088764510313104,426,4127496.0,16.24,2.5322585439353023,0.7705000000000001,0.18874917218361517,420.0,6.0,17.07,"[0.852, 0.8550000000000001]",4127496.0,"[8.52, 8.55]",0.005219294911339169,2.192103862762451,19.69,"[0.986, 0.983]",4128496.0,"[9.86, 9.83]",0.004035907699948265,1.6950812339782715,11.939999999999998,"[0.473, 0.7209999999999999]",4129496.0,"[4.7299999999999995, 7.209999999999999]",0.005626698902675083,2.363213539123535,15.81,"[0.7290000000000001, 0.852]",4130496.0,"[7.290000000000001, 8.52]",0.004600927375611805,1.932389497756958,14.580000000000002,"[0.605, 0.853]",4131496.0,"[6.05, 8.53]",0.004715962069375175,1.9807040691375732,18.349999999999998,"[0.9780000000000001, 0.857]",4132496.0,"[9.780000000000001, 8.57]",0.00457535982131958,1.9216511249542236,7.704999999999999,1.8874917218361518,0.004795691796711513,0.0005066426207736059,2.0141905546188354,0.2127899007249145,COMPLETE
413,16.611666666666668,2025-06-13 17:11:40.112181,2025-06-13 17:11:43.291008,0 days 00:00:03.178827,32,0.7459843434719513,0.12216298734550196,0.9490651552478332,0.06885997018853214,434,4137500.0,16.611666666666668,1.7155506080815255,0.7871666666666667,0.06368258963187841,430.0,6.0,17.049999999999997,"[0.719, 0.9860000000000001]",4137500.0,"[7.1899999999999995, 9.860000000000001]",0.0047385115956151205,2.037559986114502,13.27,"[0.7299999999999999, 0.597]",4138500.0,"[7.299999999999999, 5.97]",0.005211865624716115,2.2411022186279297,18.23,"[0.8440000000000001, 0.9789999999999999]",4139500.0,"[8.440000000000001, 9.79]",0.00491532281387684,2.113588809967041,16.98,"[0.852, 0.8460000000000001]",4140500.0,"[8.52, 8.46]",0.0053051394085551415,2.281209945678711,15.819999999999999,"[0.7219999999999999, 0.86]",4141500.0,"[7.219999999999999, 8.6]",0.004263333941614905,1.8332335948944092,18.320000000000004,"[0.8559999999999999, 0.976]",4142500.0,"[8.559999999999999, 9.76]",0.004956648516100506,2.1313588619232178,7.871666666666667,0.6368258963187841,0.004898470316746438,0.00034064891171378735,2.1063422362009683,0.1464790320369286,COMPLETE
414,16.00166666666667,2025-06-13 17:11:43.429972,2025-06-13 17:11:46.609077,0 days 00:00:03.179105,31,0.7616465542994609,0.112659990223414,0.9018494585409543,0.09004066089897389,440,4147503.0,16.00166666666667,2.1599800667804527,0.8333333333333335,0.09090593428863097,440.0,6.0,15.84,"[0.8600000000000001, 0.724]",4147503.0,"[8.600000000000001, 7.24]",0.004755767367102883,2.0925376415252686,13.190000000000001,"[0.7180000000000001, 0.6010000000000001]",4148503.0,"[7.180000000000001, 6.010000000000001]",0.0051482460715553974,2.265228271484375,18.25,"[0.849, 0.976]",4149503.0,"[8.49, 9.76]",0.004476515271446922,1.9696667194366455,17.08,"[0.9860000000000001, 0.7220000000000001]",4150503.0,"[9.860000000000001, 7.220000000000001]",0.004873523928902366,2.144350528717041,18.45,"[0.86, 0.9850000000000001]",4151503.0,"[8.6, 9.850000000000001]",0.004291246695951982,1.888148546218872,13.199999999999998,"[0.727, 0.5929999999999999]",4152503.0,"[7.27, 5.929999999999999]",0.005475805022499778,2.4093542098999023,8.333333333333334,0.90905934288631,0.004836850726243221,0.0003959533824755259,2.1282143195470176,0.17421948828923142,COMPLETE
415,15.684999999999997,2025-06-13 17:11:46.687102,2025-06-13 17:11:50.032723,0 days 00:00:03.345621,33,0.7744700264601446,0.1418053690331323,0.9480975907317766,0.07732189394839005,414,4157506.0,15.684999999999997,1.9425563054902675,0.7853333333333333,0.16228233285097785,410.0,6.0,11.879999999999999,"[0.4629999999999999, 0.7249999999999999]",4157506.0,"[4.629999999999999, 7.249999999999998]",0.005266483237103718,2.1592581272125244,15.68,"[0.852, 0.716]",4158506.0,"[8.52, 7.16]",0.005792186318374261,2.3747963905334473,15.649999999999999,"[0.717, 0.8480000000000001]",4159506.0,"[7.17, 8.48]",0.005524663227360423,2.2651119232177734,17.04,"[0.8539999999999999, 0.85]",4160506.0,"[8.54, 8.5]",0.005522634924911871,2.264280319213867,18.199999999999996,"[0.975, 0.8450000000000001]",4161506.0,"[9.75, 8.450000000000001]",0.004998424576549995,2.049354076385498,15.659999999999998,"[0.851, 0.715]",4162506.0,"[8.51, 7.1499999999999995]",0.005535911932224181,2.269723892211914,7.853333333333333,1.6228233285097786,0.005440050702754075,0.000249107607488446,2.230420788129171,0.10213411907026282,COMPLETE
416,14.118333333333332,2025-06-13 17:11:53.918216,2025-06-13 17:11:57.064705,0 days 00:00:03.146489,30,0.7657195430620194,0.1374652870576248,0.9452724969573455,0.05376065013162682,393,4167514.0,14.118333333333332,1.4457456745761188,0.7273333333333335,0.07683242949576848,390.0,6.0,13.190000000000001,"[0.5939999999999999, 0.725]",4167514.0,"[5.939999999999999, 7.25]",0.006090180690471942,2.3751704692840576,13.32,"[0.729, 0.603]",4168514.0,"[7.29, 6.029999999999999]",0.00461269708780142,1.7989518642425537,14.549999999999997,"[0.729, 0.726]",4169514.0,"[7.29, 7.26]",0.005750000171172313,2.242500066757202,13.24,"[0.7300000000000001, 0.5939999999999999]",4170514.0,"[7.300000000000001, 5.939999999999999]",0.004943617184956868,1.9280107021331787,17.17,"[0.8600000000000001, 0.857]",4171514.0,"[8.600000000000001, 8.57]",0.004430254300435384,1.7277991771697998,13.239999999999998,"[0.722, 0.602]",4172514.0,"[7.22, 6.02]",0.005144692078614847,2.00642991065979,7.273333333333333,0.7683242949576848,0.005161906918908796,0.0005905420701509606,2.01314369837443,0.2303114073588746,COMPLETE
417,16.526666666666667,2025-06-13 17:11:57.138636,2025-06-13 17:12:00.435603,0 days 00:00:03.296967,29,0.7485149210393428,0.13179059953543096,0.9414650408322819,0.06481498924800957,429,4177517.0,16.526666666666667,2.418075451446644,0.879,0.08688689966464073,420.0,6.0,15.959999999999999,"[0.8640000000000001, 0.732]",4177517.0,"[8.64, 7.32]",0.004588651657104492,1.9272336959838867,18.39,"[0.9810000000000001, 0.8579999999999999]",4178517.0,"[9.81, 8.579999999999998]",0.004514801502227783,1.896216630935669,15.850000000000001,"[0.8550000000000001, 0.73]",4179517.0,"[8.55, 7.3]",0.0046698592957996185,1.9613409042358398,17.189999999999998,"[0.858, 0.861]",4180517.0,"[8.58, 8.61]",0.004507168701716832,1.8930108547210693,19.73,"[0.9860000000000001, 0.9870000000000001]",4181517.0,"[9.860000000000001, 9.870000000000001]",0.004242718787420364,1.7819418907165527,12.04,"[0.7299999999999999, 0.47400000000000003]",4182517.0,"[7.299999999999999, 4.74]",0.0055336078008015955,2.32411527633667,8.790000000000001,0.8688689966464072,0.004676134624178448,0.00040525301657254396,1.963976542154948,0.17020626696046842,COMPLETE
418,16.161666666666665,2025-06-13 17:12:00.505618,2025-06-13 17:12:03.598859,0 days 00:00:03.093241,33,0.7394840611255166,0.15083381324488676,0.9822242301360007,0.09922491301270096,422,4187520.0,16.161666666666665,3.471159348434213,0.8088333333333333,0.2786092943332812,420.0,6.0,18.259999999999998,"[0.8480000000000001, 0.9780000000000001]",4187520.0,"[8.48, 9.780000000000001]",0.005041859263465518,2.1175808906555176,19.610000000000003,"[0.984, 0.977]",4188520.0,"[9.84, 9.77]",0.004746703306833903,1.9936153888702393,17.02,"[0.849, 0.8530000000000001]",4189520.0,"[8.49, 8.530000000000001]",0.005078601837158203,2.1330127716064453,14.52,"[0.9890000000000001, 0.4629999999999999]",4190520.0,"[9.89, 4.629999999999999]",0.0053756004288083034,2.2577521800994873,18.32,"[0.982, 0.8499999999999999]",4191520.0,"[9.82, 8.499999999999998]",0.004731329282124838,1.9871582984924316,9.239999999999998,"[0.20099999999999998, 0.7229999999999999]",4192520.0,"[2.01, 7.229999999999999]",0.005273705437069847,2.214956283569336,8.088333333333333,2.786092943332812,0.005041299925910101,0.00024153324866929248,2.1173459688822427,0.1014439644411028,COMPLETE
419,15.148333333333335,2025-06-13 17:12:03.678338,2025-06-13 17:12:07.075980,0 days 00:00:03.397642,31,0.7766107194835228,0.12796716593200486,0.9510285924480203,0.0765541810655608,402,4197523.0,15.148333333333335,2.9451169567419373,0.7478333333333333,0.2719408125963361,400.0,6.0,14.479999999999999,"[0.983, 0.46499999999999997]",4197523.0,"[9.83, 4.6499999999999995]",0.00583926260471344,2.335705041885376,9.370000000000001,"[0.21399999999999988, 0.723]",4198523.0,"[2.139999999999999, 7.2299999999999995]",0.006026090979576111,2.4104363918304443,17.17,"[0.9880000000000001, 0.7290000000000001]",4199523.0,"[9.88, 7.290000000000001]",0.004935492873191834,1.9741971492767334,18.240000000000002,"[0.8479999999999999, 0.9760000000000002]",4200523.0,"[8.479999999999999, 9.760000000000002]",0.005243496298789978,2.097398519515991,17.17,"[0.859, 0.858]",4201523.0,"[8.59, 8.58]",0.004582034349441528,1.8328137397766113,14.46,"[0.595, 0.851]",4202523.0,"[5.949999999999999, 8.51]",0.005205902457237244,2.0823609828948975,7.478333333333334,2.719408125963361,0.005305379927158356,0.0004963576906571442,2.1221519708633423,0.19854307626285767,COMPLETE
420,17.224999999999998,2025-06-13 17:12:07.224104,2025-06-13 17:12:10.326032,0 days 00:00:03.101928,32,0.7730540896134701,0.12364172474175482,0.9454925949150585,0.058361344948829094,408,4207527.0,17.224999999999998,1.722621548686769,0.8513333333333332,0.07696030722969396,400.0,6.0,18.310000000000002,"[0.8539999999999999, 0.9770000000000001]",4207527.0,"[8.54, 9.770000000000001]",0.004660348892211914,1.8641395568847656,14.409999999999998,"[0.8469999999999999, 0.594]",4208527.0,"[8.469999999999999, 5.9399999999999995]",0.005442614555358887,2.1770458221435547,16.99,"[0.853, 0.8459999999999999]",4209527.0,"[8.53, 8.459999999999999]",0.004880785346031189,1.9523141384124756,15.799999999999999,"[0.723, 0.857]",4210527.0,"[7.2299999999999995, 8.57]",0.004876920580863952,1.950768232345581,19.58,"[0.9889999999999999, 0.9690000000000001]",4211527.0,"[9.889999999999999, 9.690000000000001]",0.004435778260231018,1.7743113040924072,18.26,"[0.8419999999999999, 0.984]",4212527.0,"[8.419999999999998, 9.84]",0.005082243680953979,2.032897472381592,8.513333333333334,0.7696030722969397,0.0048964485526084905,0.0003165975305011412,1.958579421043396,0.12663901220045645,COMPLETE
421,16.516666666666666,2025-06-13 17:12:14.086240,2025-06-13 17:12:17.458100,0 days 00:00:03.371860,33,0.7291275885693701,0.1347104729591677,0.9485243376623828,0.06830803202876605,436,4217534.0,16.516666666666666,2.1451625165059696,0.8503333333333333,0.10376040777783321,430.0,6.0,18.070000000000004,"[0.975, 0.8320000000000001]",4217534.0,"[9.75, 8.32]",0.005537951269815135,2.381319046020508,19.529999999999998,"[0.9810000000000001, 0.9720000000000001]",4218534.0,"[9.81, 9.72]",0.004445860552233319,1.9117200374603271,17.03,"[0.8539999999999999, 0.849]",4219534.0,"[8.54, 8.49]",0.005174505433370901,2.2250373363494873,13.139999999999999,"[0.726, 0.5879999999999999]",4220534.0,"[7.26, 5.879999999999999]",0.0053776657858560254,2.312396287918091,14.44,"[0.7219999999999999, 0.7219999999999999]",4221534.0,"[7.219999999999999, 7.219999999999999]",0.0054561698159506155,2.3461530208587646,16.89,"[0.844, 0.845]",4222534.0,"[8.44, 8.45]",0.004917043308879054,2.114328622817993,8.503333333333332,1.0376040777783322,0.005151532694350842,0.0003756650674008906,2.215159058570862,0.16153597898238295,COMPLETE
422,16.03,2025-06-13 17:12:17.550743,2025-06-13 17:12:20.804332,0 days 00:00:03.253589,30,0.754694817689473,0.14287075661920204,0.9439145814419736,0.08535778798592268,442,4227537.0,16.03,1.9679007427544037,0.8304999999999999,0.08780802924562195,440.0,6.0,17.0,"[0.85, 0.85]",4227537.0,"[8.5, 8.5]",0.0048498359593478115,2.133927822113037,17.0,"[0.8470000000000001, 0.853]",4228537.0,"[8.47, 8.53]",0.004568557847629894,2.0101654529571533,15.740000000000002,"[0.845, 0.729]",4229537.0,"[8.45, 7.29]",0.005202867226167159,2.28926157951355,18.44,"[0.986, 0.858]",4230537.0,"[9.86, 8.58]",0.004249387979507446,1.8697307109832764,12.1,"[0.727, 0.483]",4231537.0,"[7.27, 4.83]",0.005187423120845448,2.282466173171997,15.9,"[0.728, 0.8619999999999999]",4232537.0,"[7.279999999999999, 8.62]",0.004662207039919766,2.0513710975646973,8.305,0.8780802924562197,0.004786713195569588,0.00033900566149397486,2.1061538060506186,0.14916249105734888,COMPLETE
423,17.94333333333333,2025-06-13 17:12:20.880965,2025-06-13 17:12:23.859370,0 days 00:00:02.978405,29,0.7673491158866032,0.10356196357111659,0.9136487335386122,0.05327078323735387,415,4237541.0,17.94333333333333,1.4119922883012583,0.9193333333333332,0.09844231249259074,410.0,6.0,17.009999999999998,"[0.851, 0.85]",4237541.0,"[8.51, 8.5]",0.0048069389854989404,1.9708449840545654,17.209999999999997,"[0.9869999999999999, 0.7339999999999999]",4238541.0,"[9.87, 7.339999999999999]",0.005135357089158965,2.105496406555176,15.79,"[0.728, 0.851]",4239541.0,"[7.279999999999999, 8.51]",0.004302452831733517,1.7640056610107422,18.380000000000003,"[0.983, 0.8549999999999999]",4240541.0,"[9.83, 8.549999999999999]",0.004599418291231481,1.8857614994049072,19.669999999999998,"[0.984, 0.983]",4241541.0,"[9.84, 9.83]",0.003919237415965011,1.6068873405456543,19.6,"[0.983, 0.977]",4242541.0,"[9.83, 9.77]",0.004037062714739544,1.655195713043213,9.193333333333333,0.9844231249259076,0.004466744554721243,0.00042656762127872805,1.8313652674357097,0.17489272472427853,COMPLETE
424,15.61,2025-06-13 17:12:23.940056,2025-06-13 17:12:27.277703,0 days 00:00:03.337647,29,0.7825030222560043,0.11222215503105411,0.909137520559343,0.037682198951911244,412,4247544.0,15.61,2.267649296812303,0.7273333333333333,0.19425384309082683,410.0,6.0,19.59,"[0.9809999999999999, 0.978]",4247544.0,"[9.809999999999999, 9.78]",0.005002177633890292,2.0508928298950195,13.08,"[0.46799999999999986, 0.8400000000000001]",4248544.0,"[4.679999999999999, 8.4]",0.005955873466119534,2.441908121109009,13.290000000000001,"[0.598, 0.731]",4249544.0,"[5.9799999999999995, 7.31]",0.006042411269211187,2.477388620376587,14.69,"[0.606, 0.8629999999999999]",4250544.0,"[6.06, 8.629999999999999]",0.005011246262527093,2.0546109676361084,15.879999999999999,"[0.732, 0.8560000000000001]",4251544.0,"[7.32, 8.56]",0.005202849318341511,2.1331682205200195,17.13,"[0.9790000000000001, 0.734]",4252544.0,"[9.790000000000001, 7.34]",0.005650064421863091,2.316526412963867,7.2733333333333325,1.942538430908268,0.005477437061992119,0.00042749293706872233,2.2457491954167685,0.17527210419817613,COMPLETE
425,15.409999999999998,2025-06-13 17:12:27.354430,2025-06-13 17:12:30.305418,0 days 00:00:02.950988,28,0.8385543612431933,0.10344893592504495,0.9148804172568573,0.05001772600922456,399,4257547.0,15.409999999999998,2.570531721907616,0.8125,0.16858306557896025,390.0,6.0,18.34,"[0.9800000000000001, 0.8539999999999999]",4257547.0,"[9.8, 8.54]",0.004954413267282339,1.9322211742401123,18.32,"[0.974, 0.858]",4258547.0,"[9.74, 8.58]",0.0048970363078973235,1.909844160079956,14.69,"[0.607, 0.8620000000000001]",4259547.0,"[6.07, 8.620000000000001]",0.005190501457605606,2.0242955684661865,15.709999999999997,"[0.9730000000000001, 0.5979999999999999]",4260547.0,"[9.73, 5.979999999999999]",0.005612996297004895,2.189068555831909,10.79,"[0.607, 0.4719999999999998]",4261547.0,"[6.07, 4.719999999999998]",0.005567772571857159,2.171431303024292,14.610000000000001,"[0.7340000000000001, 0.727]",4262547.0,"[7.340000000000001, 7.27]",0.004451652062244904,1.7361443042755127,8.125000000000002,1.6858306557896021,0.0051123953273153715,0.00040249013117558616,1.9938341776529949,0.15697115115847857,COMPLETE
426,15.25333333333333,2025-06-13 17:12:34.104844,2025-06-13 17:12:36.992127,0 days 00:00:02.887283,29,0.743612411973895,0.09357499409563694,0.9052678991297801,0.0021009327706143295,416,4267554.0,15.25333333333333,2.3669999765291276,0.7314999999999999,0.17750187792433827,410.0,6.0,13.33,"[0.729, 0.6039999999999999]",4267554.0,"[7.29, 6.039999999999999]",0.005055377541518793,2.072704792022705,17.18,"[0.8610000000000001, 0.857]",4268554.0,"[8.610000000000001, 8.57]",0.004288340777885623,1.7582197189331055,17.07,"[0.8539999999999999, 0.853]",4269554.0,"[8.54, 8.53]",0.004552838860488519,1.866663932800293,17.13,"[0.8559999999999999, 0.857]",4270554.0,"[8.559999999999999, 8.57]",0.0046003364935153866,1.8861379623413086,10.899999999999999,"[0.35499999999999987, 0.7350000000000001]",4271554.0,"[3.549999999999999, 7.350000000000001]",0.004956173896789551,2.032031297683716,15.910000000000002,"[0.7339999999999999, 0.857]",4272554.0,"[7.339999999999999, 8.57]",0.004284605165807212,1.756688117980957,7.314999999999999,1.7750187792433822,0.004622945456000847,0.0002971809899819118,1.8954076369603474,0.12184420589258377,COMPLETE
427,14.761666666666665,2025-06-13 17:12:37.086239,2025-06-13 17:12:40.394801,0 days 00:00:03.308562,30,0.7568886473652753,0.10764608543227937,0.9548722311433366,0.05173876547174065,441,4277557.0,14.761666666666665,2.4905783576421663,0.7705000000000001,0.11969927596550728,440.0,6.0,13.309999999999999,"[0.603, 0.728]",4277557.0,"[6.029999999999999, 7.279999999999999]",0.004555515267632224,2.0044267177581787,13.28,"[0.7270000000000001, 0.601]",4278557.0,"[7.270000000000001, 6.01]",0.005343784527345137,2.3512651920318604,19.689999999999998,"[0.984, 0.985]",4279557.0,"[9.84, 9.85]",0.0037760680372064762,1.6614699363708496,14.52,"[0.853, 0.599]",4280557.0,"[8.53, 5.99]",0.005190210992639715,2.2836928367614746,15.759999999999996,"[0.725, 0.8510000000000002]",4281557.0,"[7.25, 8.510000000000002]",0.004497165571559559,1.978752851486206,12.01,"[0.731, 0.47000000000000003]",4282557.0,"[7.31, 4.7]",0.005580940029837869,2.455613613128662,7.705000000000001,1.1969927596550727,0.0048239474043701635,0.0006129587849036831,2.122536857922872,0.26970186535762053,COMPLETE
428,16.653333333333332,2025-06-13 17:12:40.467586,2025-06-13 17:12:43.619151,0 days 00:00:03.151565,28,0.7712313611460295,0.14726744420734114,0.9125930545412799,0.07506336713354018,421,4287560.0,16.653333333333332,1.1982719038496878,0.875,0.048349422609444546,420.0,6.0,14.549999999999999,"[0.8559999999999999, 0.599]",4287560.0,"[8.559999999999999, 5.99]",0.004928961821964809,2.0701639652252197,15.72,"[0.8539999999999999, 0.718]",4288560.0,"[8.54, 7.18]",0.005574873515537807,2.341446876525879,18.28,"[0.849, 0.9789999999999999]",4289560.0,"[8.49, 9.79]",0.005158624762580508,2.1666224002838135,17.049999999999997,"[0.853, 0.852]",4290560.0,"[8.53, 8.52]",0.004658218792506627,1.9564518928527832,17.2,"[0.8550000000000001, 0.8649999999999999]",4291560.0,"[8.55, 8.649999999999999]",0.004789561317080544,2.011615753173828,17.119999999999997,"[0.983, 0.7290000000000001]",4292560.0,"[9.83, 7.290000000000001]",0.005406707809084938,2.270817279815674,8.75,0.48349422609444553,0.005086158003125872,0.00032727630093659063,2.136186361312866,0.13745604639336806,COMPLETE
429,15.171666666666665,2025-06-13 17:12:43.709161,2025-06-13 17:12:47.863878,0 days 00:00:04.154717,30,0.9209647481761136,0.13880665113616114,0.9410352691383835,0.04175891231804829,413,4297563.0,15.171666666666665,3.24757559145622,0.7275,0.24371687809149917,410.0,6.0,17.08,"[0.8539999999999999, 0.8539999999999999]",4297563.0,"[8.54, 8.54]",0.00507119341594417,2.0791893005371094,13.139999999999999,"[0.724, 0.5900000000000001]",4298563.0,"[7.24, 5.9]",0.006536043562540194,2.6797778606414795,14.58,"[0.8580000000000002, 0.5999999999999999]",4299563.0,"[8.580000000000002, 5.999999999999998]",0.007098467175553485,2.9103715419769287,9.52,"[0.21899999999999994, 0.7330000000000001]",4300563.0,"[2.1899999999999995, 7.330000000000001]",0.008148459690373118,3.3408684730529785,17.14,"[0.728, 0.9860000000000001]",4301563.0,"[7.279999999999999, 9.860000000000001]",0.005197572126621153,2.131004571914673,19.569999999999997,"[0.982, 0.9750000000000002]",4302563.0,"[9.82, 9.750000000000002]",0.004937377790125405,2.024324893951416,7.2749999999999995,2.437168780914992,0.006164852293526254,0.0011960025313003954,2.527589440345764,0.4903610378331621,COMPLETE
430,14.108333333333334,2025-06-13 17:12:47.945255,2025-06-13 17:12:52.253085,0 days 00:00:04.307830,31,0.7862587777930474,0.09906479962121516,0.9508310186714325,0.00140503369560588,426,4307568.0,14.108333333333334,3.617777479183717,0.7496666666666666,0.2022932414974745,420.0,6.0,19.759999999999998,"[0.9879999999999999, 0.9880000000000001]",4307568.0,"[9.879999999999999, 9.88]",0.006476432936532157,2.720101833343506,13.25,"[0.729, 0.5959999999999999]",4308568.0,"[7.29, 5.959999999999999]",0.008471171061197916,3.557891845703125,13.340000000000002,"[0.858, 0.47599999999999987]",4309568.0,"[8.58, 4.759999999999999]",0.007696867556799026,3.232684373855591,8.109999999999998,"[0.34299999999999997, 0.46799999999999997]",4310568.0,"[3.4299999999999997, 4.68]",0.008158406757173085,3.4265308380126953,13.179999999999998,"[0.727, 0.591]",4311568.0,"[7.27, 5.91]",0.0069655685197739375,2.9255387783050537,17.009999999999998,"[0.8529999999999998, 0.8480000000000001]",4312568.0,"[8.529999999999998, 8.48]",0.007741183326357887,3.2512969970703125,7.496666666666667,2.022932414974745,0.007584938359639001,0.0006786774283703505,3.1856741110483804,0.2850445199155473,COMPLETE
431,16.046666666666667,2025-06-13 17:12:56.071942,2025-06-13 17:12:59.244094,0 days 00:00:03.172152,20,0.7422324686163477,0.1307086210338525,0.9467267126558403,0.08835174624133632,443,4317576.0,16.046666666666667,1.1304227331204706,0.8808333333333332,0.0782313165483548,440.0,6.0,17.139999999999997,"[0.975, 0.739]",4317576.0,"[9.75, 7.39]",0.004418418082323941,1.9441039562225342,16.02,"[0.977, 0.6249999999999998]",4318576.0,"[9.77, 6.249999999999998]",0.004685253446752375,2.061511516571045,17.18,"[0.8549999999999999, 0.8629999999999999]",4319576.0,"[8.549999999999999, 8.629999999999999]",0.004730329730293968,2.0813450813293457,13.77,"[0.868, 0.509]",4320576.0,"[8.68, 5.09]",0.004717003757303411,2.075481653213501,16.07,"[0.8610000000000001, 0.7459999999999999]",4321576.0,"[8.610000000000001, 7.459999999999999]",0.0044028775258497755,1.9372661113739014,16.099999999999998,"[0.7489999999999999, 0.861]",4322576.0,"[7.489999999999998, 8.61]",0.004275598309256814,1.881263256072998,8.808333333333332,0.7823131654835482,0.004538246808630048,0.00017894545152903838,1.996828595797221,0.07873599867277689,COMPLETE
432,15.844999999999999,2025-06-13 17:12:59.382973,2025-06-13 17:13:02.748599,0 days 00:00:03.365626,29,0.8300364686173012,0.10230661903754244,0.919254241716751,0.0667213108115206,406,4327579.0,15.844999999999999,1.6104217874002236,0.8361666666666668,0.11387480942781959,400.0,6.0,15.909999999999997,"[0.9870000000000001, 0.6039999999999999]",4327579.0,"[9.870000000000001, 6.039999999999999]",0.005659663081169128,2.2638652324676514,14.579999999999998,"[0.732, 0.726]",4328579.0,"[7.32, 7.26]",0.005889938473701477,2.355975389480591,18.349999999999998,"[0.982, 0.853]",4329579.0,"[9.82, 8.53]",0.005092044472694397,2.036817789077759,13.370000000000001,"[0.8560000000000001, 0.48099999999999987]",4330579.0,"[8.56, 4.809999999999999]",0.005705510377883911,2.2822041511535645,15.769999999999998,"[0.73, 0.8470000000000001]",4331579.0,"[7.3, 8.47]",0.005532920956611633,2.2131683826446533,17.09,"[0.73, 0.9790000000000001]",4332579.0,"[7.3, 9.790000000000001]",0.005192030072212219,2.0768120288848877,8.361666666666666,1.138748094278196,0.005512017905712128,0.0002832164148661586,2.204807162284851,0.11328656594646341,COMPLETE
433,12.376666666666667,2025-06-13 17:13:02.887548,2025-06-13 17:13:06.607499,0 days 00:00:03.719951,28,0.7652570179439786,0.13628509646805864,0.9412080729193448,0.00022574976955729627,433,4337583.0,12.376666666666667,4.0747706138573685,0.5456666666666666,0.1881255490948059,430.0,6.0,14.660000000000002,"[0.731, 0.735]",4337583.0,"[7.31, 7.35]",0.0050964682601219,2.191481351852417,14.77,"[0.613, 0.8639999999999999]",4338583.0,"[6.13, 8.639999999999999]",0.005202180285786473,2.2369375228881836,14.68,"[0.7329999999999999, 0.735]",4339583.0,"[7.329999999999998, 7.35]",0.00492607549179432,2.1182124614715576,13.370000000000001,"[0.6089999999999999, 0.728]",4340583.0,"[6.089999999999999, 7.279999999999999]",0.005170465070147847,2.223299980163574,3.3599999999999994,"[0.23199999999999998, 0.10399999999999995]",4341583.0,"[2.32, 1.0399999999999996]",0.006499765640081361,2.7948992252349854,13.419999999999998,"[0.356, 0.986]",4342583.0,"[3.5599999999999996, 9.86]",0.004859510687894599,2.0895895957946777,5.456666666666666,1.8812554909480588,0.005292410905971084,0.0005538825929480505,2.275736689567566,0.23816951496766162,COMPLETE
434,15.928333333333333,2025-06-13 17:13:06.732722,2025-06-13 17:13:10.447776,0 days 00:00:03.715054,34,0.7035719924015198,0.11670202298842439,0.9492198222870416,0.05626954737416925,446,4347586.0,15.928333333333333,2.3226595149143625,0.7831666666666665,0.14711040827290991,440.0,6.0,11.81,"[0.5849999999999999, 0.5959999999999999]",4347586.0,"[5.849999999999999, 5.959999999999999]",0.006413635340603915,2.8219995498657227,18.27,"[0.9810000000000001, 0.8460000000000001]",4348586.0,"[9.81, 8.46]",0.004983941533348777,2.192934274673462,15.66,"[0.8430000000000002, 0.7230000000000001]",4349586.0,"[8.430000000000001, 7.23]",0.006206518411636353,2.730868101119995,18.450000000000003,"[0.8560000000000001, 0.9889999999999999]",4350586.0,"[8.56, 9.889999999999999]",0.005041054162112149,2.2180638313293457,16.99,"[0.8469999999999999, 0.8520000000000001]",4351586.0,"[8.469999999999999, 8.520000000000001]",0.0054737649180672384,2.408456563949585,14.389999999999999,"[0.587, 0.852]",4352586.0,"[5.869999999999999, 8.52]",0.00568309643051841,2.5005624294281006,7.831666666666667,1.471104082729099,0.005633668466047807,0.0005381843634229413,2.478814125061035,0.2368011199060941,COMPLETE
435,15.5,2025-06-13 17:13:10.558025,2025-06-13 17:13:14.045236,0 days 00:00:03.487211,32,0.7786333319364198,0.14253081491943426,0.9429867114304165,0.07770345187538447,488,4357590.0,15.5,1.6805852155325736,0.7645,0.09374211077916546,480.0,6.0,16.86,"[0.8469999999999999, 0.8389999999999999]",4357590.0,"[8.469999999999999, 8.389999999999999]",0.005089208483695984,2.4428200721740723,15.72,"[0.851, 0.721]",4358590.0,"[8.51, 7.21]",0.005239250759283702,2.5148403644561768,18.28,"[0.844, 0.984]",4359590.0,"[8.44, 9.84]",0.004458607733249664,2.140131711959839,14.51,"[0.724, 0.727]",4360590.0,"[7.24, 7.27]",0.005050366620222727,2.424175977706909,13.24,"[0.727, 0.597]",4361590.0,"[7.27, 5.97]",0.005180343985557556,2.486565113067627,14.39,"[0.594, 0.845]",4362590.0,"[5.9399999999999995, 8.45]",0.005432750284671784,2.607720136642456,7.644999999999999,0.9374211077916548,0.005075087977780236,0.00030188546334618206,2.436042229334513,0.14490502240616732,COMPLETE
436,16.545,2025-06-13 17:13:17.898495,2025-06-13 17:13:21.691046,0 days 00:00:03.792551,33,0.7368103751296277,0.13345614217371118,0.9248955789090036,0.06207398941121736,453,4367598.0,16.545,2.2967277447127548,0.8268333333333332,0.15549857091161823,450.0,6.0,11.829999999999998,"[0.594, 0.5889999999999999]",4367598.0,"[5.9399999999999995, 5.889999999999999]",0.006801559130350749,3.060701608657837,18.259999999999998,"[0.978, 0.8480000000000001]",4368598.0,"[9.78, 8.48]",0.005693036715189616,2.561866521835327,16.980000000000004,"[0.7139999999999999, 0.9840000000000002]",4369598.0,"[7.139999999999999, 9.840000000000002]",0.005782026184929742,2.601911783218384,15.749999999999998,"[0.723, 0.852]",4370598.0,"[7.2299999999999995, 8.52]",0.0052549441655476885,2.36472487449646,18.3,"[0.9770000000000001, 0.853]",4371598.0,"[9.770000000000001, 8.53]",0.005203586684332954,2.341614007949829,18.150000000000002,"[0.9749999999999999, 0.8400000000000001]",4372598.0,"[9.749999999999998, 8.4]",0.0063854821523030595,2.873466968536377,8.268333333333333,1.554985709116182,0.005853439172108968,0.0005763873812609728,2.6340476274490356,0.2593743215674378,COMPLETE
437,14.121666666666668,2025-06-13 17:13:21.766019,2025-06-13 17:13:25.675016,0 days 00:00:03.908997,30,0.8202242408195973,0.13968760617225312,0.9614763075598,0.08518528642419923,391,4377601.0,14.121666666666668,3.4450177390286716,0.7061666666666667,0.19827625229013746,390.0,6.0,10.729999999999999,"[0.473, 0.6]",4377601.0,"[4.7299999999999995, 6.0]",0.008069679675958095,3.1471750736236572,18.31,"[0.852, 0.9790000000000001]",4378601.0,"[8.52, 9.790000000000001]",0.005639811051197541,2.199526309967041,15.74,"[0.8470000000000001, 0.727]",4379601.0,"[8.47, 7.27]",0.005945804791572766,2.318863868713379,15.83,"[0.985, 0.598]",4380601.0,"[9.85, 5.9799999999999995]",0.005820294526907114,2.2699148654937744,8.31,"[0.479, 0.352]",4381601.0,"[4.79, 3.5199999999999996]",0.006045199663211138,2.3576278686523438,15.809999999999999,"[0.601, 0.9800000000000001]",4382601.0,"[6.01, 9.8]",0.007191126163189228,2.804539203643799,7.0616666666666665,1.9827625229013743,0.006451985978672647,0.0008797364959916221,2.5162745316823325,0.3430972334367326,COMPLETE
438,14.566666666666668,2025-06-13 17:13:25.752248,2025-06-13 17:13:28.976430,0 days 00:00:03.224182,29,0.7518805682150349,0.13813006200753772,0.9774558147347603,0.06960552257863908,422,4387605.0,14.566666666666668,2.2796393476941814,0.7293333333333334,0.10067052972720246,420.0,6.0,10.830000000000002,"[0.61, 0.47299999999999986]",4387605.0,"[6.1, 4.729999999999999]",0.004990178630465553,2.0958750247955322,15.830000000000002,"[0.8530000000000001, 0.7299999999999999]",4388605.0,"[8.530000000000001, 7.299999999999999]",0.005443198907942999,2.2861435413360596,15.779999999999998,"[0.727, 0.851]",4389605.0,"[7.27, 8.51]",0.005375529470897856,2.2577223777770996,15.869999999999997,"[0.732, 0.8550000000000001]",4390605.0,"[7.32, 8.55]",0.004492112000783284,1.8866870403289795,12.049999999999999,"[0.6020000000000001, 0.603]",4391605.0,"[6.020000000000001, 6.029999999999999]",0.005444286550794329,2.286600351333618,17.04,"[0.852, 0.852]",4392605.0,"[8.52, 8.52]",0.005208049501691546,2.187380790710449,7.293333333333334,1.0067052972720247,0.0051588925104292605,0.0003378087451281485,2.1667348543802896,0.14187967295382237,COMPLETE
439,15.944999999999999,2025-06-13 17:13:29.048782,2025-06-13 17:13:32.288077,0 days 00:00:03.239295,31,0.7860988933846297,0.12968328553214167,0.9402204986570277,0.05190687844889156,436,4397609.0,15.944999999999999,1.0729204692489243,0.8101666666666668,0.11820380234530903,430.0,6.0,16.99,"[0.9800000000000001, 0.719]",4397609.0,"[9.8, 7.1899999999999995]",0.005231739753900572,2.249648094177246,14.540000000000001,"[0.7280000000000001, 0.726]",4398609.0,"[7.280000000000001, 7.26]",0.005129571848137434,2.2057158946990967,14.549999999999999,"[0.6020000000000001, 0.8530000000000001]",4399609.0,"[6.020000000000001, 8.530000000000001]",0.005356020705644475,2.303088903427124,16.94,"[0.8550000000000001, 0.8390000000000001]",4400609.0,"[8.55, 8.39]",0.0055066097614377045,2.367842197418213,15.77,"[0.852, 0.725]",4401609.0,"[8.52, 7.25]",0.005108744599098383,2.1967601776123047,16.879999999999995,"[0.844, 0.844]",4402609.0,"[8.44, 8.44]",0.00505602193433185,2.1740894317626953,8.101666666666667,1.18203802345309,0.005231451433758403,0.0001567596984908394,2.2495241165161133,0.0674066703510609,COMPLETE
440,15.488333333333335,2025-06-13 17:13:32.359291,2025-06-13 17:13:35.934982,0 days 00:00:03.575691,33,0.7616221087487802,0.09772130979302603,0.9192920871811757,0.09152704801232348,486,4407612.0,15.488333333333335,3.2505046616726396,0.6769999999999999,0.29735893013886994,480.0,6.0,17.07,"[0.8560000000000001, 0.851]",4407612.0,"[8.56, 8.51]",0.004662622511386871,2.2380588054656982,19.569999999999997,"[0.977, 0.9799999999999999]",4408612.0,"[9.77, 9.799999999999999]",0.004314114153385162,2.070774793624878,17.060000000000002,"[0.8509999999999998, 0.8549999999999999]",4409612.0,"[8.509999999999998, 8.549999999999999]",0.004237355291843414,2.033930540084839,10.439999999999998,"[0.19999999999999993, 0.8440000000000001]",4410612.0,"[1.9999999999999993, 8.440000000000001]",0.005305758118629456,2.5467638969421387,17.03,"[0.849, 0.8540000000000001]",4411612.0,"[8.49, 8.540000000000001]",0.004586749275525411,2.2016396522521973,11.759999999999998,"[0.3289999999999999, 0.8470000000000001]",4412612.0,"[3.289999999999999, 8.47]",0.0055161058902740475,2.647730827331543,6.77,2.9735893013887,0.004770450873507394,0.0004796461516593511,2.289816419283549,0.23023015279648854,COMPLETE
441,16.728333333333335,2025-06-13 17:13:39.826124,2025-06-13 17:13:43.724259,0 days 00:00:03.898135,34,0.7256581917394198,0.10819147876346802,0.9587226114704828,0.04577917049533778,446,4417620.0,16.728333333333335,2.29738559139635,0.7394999999999999,0.20470039081545502,440.0,6.0,13.15,"[0.45599999999999996, 0.859]",4417620.0,"[4.56, 8.59]",0.006675677949732,2.93729829788208,18.34,"[0.8550000000000001, 0.9790000000000001]",4418620.0,"[8.55, 9.790000000000001]",0.004651203480633822,2.046529531478882,18.209999999999997,"[0.8470000000000001, 0.974]",4419620.0,"[8.47, 9.74]",0.005745347521521829,2.5279529094696045,16.900000000000002,"[0.8379999999999999, 0.852]",4420620.0,"[8.379999999999999, 8.52]",0.005591339414769953,2.4601893424987793,14.239999999999998,"[0.45999999999999996, 0.9640000000000001]",4421620.0,"[4.6, 9.64]",0.005930273099379106,2.6093201637268066,19.53,"[0.9810000000000001, 0.9719999999999999]",4422620.0,"[9.81, 9.719999999999999]",0.005661018870093606,2.4908483028411865,7.395,2.04700390815455,0.005709143389355052,0.0005943944734618036,2.512023091316223,0.2615335683231936,COMPLETE
442,15.786666666666669,2025-06-13 17:13:43.799586,2025-06-13 17:13:47.290203,0 days 00:00:03.490617,31,0.8437128609916811,0.1475801184898755,0.9234319661072807,0.07196389218283579,421,4427623.0,15.786666666666669,1.9597590554850255,0.7675,0.15636788886042643,420.0,6.0,15.810000000000002,"[0.727, 0.8540000000000001]",4427623.0,"[7.27, 8.540000000000001]",0.0052174165135338195,2.191314935684204,11.909999999999998,"[0.5969999999999999, 0.594]",4428623.0,"[5.969999999999999, 5.9399999999999995]",0.005844143458775111,2.454540252685547,18.28,"[0.977, 0.851]",4429623.0,"[9.77, 8.51]",0.005227760473887125,2.1956593990325928,17.12,"[0.7299999999999999, 0.982]",4430623.0,"[7.299999999999999, 9.82]",0.004525762512570336,1.900820255279541,15.900000000000002,"[0.6, 0.99]",4431623.0,"[6.0, 9.9]",0.005091725644611177,2.1385247707366943,15.699999999999998,"[0.974, 0.596]",4432623.0,"[9.74, 5.96]",0.0056232707841055735,2.361773729324341,7.675,1.5636788886042643,0.00525501323124719,0.00041699594778826733,2.20710555712382,0.17513829807107234,COMPLETE
443,14.918333333333331,2025-06-13 17:13:47.433233,2025-06-13 17:13:50.775177,0 days 00:00:03.341944,30,0.7987564810597482,0.1355968037366304,0.9470584561082586,0.05916272012973654,429,4437627.0,14.918333333333331,2.430846331813035,0.8075000000000001,0.1397995588929617,420.0,6.0,19.72,"[0.986, 0.9860000000000001]",4437627.0,"[9.86, 9.860000000000001]",0.0038921571913219633,1.6347060203552246,11.899999999999999,"[0.595, 0.595]",4438627.0,"[5.949999999999999, 5.949999999999999]",0.004896127609979538,2.0563735961914062,14.54,"[0.8530000000000001, 0.601]",4439627.0,"[8.530000000000001, 6.01]",0.004983951364244734,2.093259572982788,13.33,"[0.729, 0.604]",4440627.0,"[7.29, 6.04]",0.004935085773468018,2.0727360248565674,15.559999999999999,"[0.9629999999999999, 0.593]",4441627.0,"[9.629999999999999, 5.93]",0.005666756062280564,2.380037546157837,14.459999999999999,"[0.719, 0.727]",4442627.0,"[7.1899999999999995, 7.27]",0.005383200872512091,2.260944366455078,8.075,1.397995588929617,0.004959546478967818,0.0005513867681828183,2.0830095211664834,0.2315824426367837,COMPLETE
444,17.661666666666665,2025-06-13 17:13:50.851129,2025-06-13 17:13:54.032531,0 days 00:00:03.181402,32,0.8230004226345837,0.09584440082326004,0.9741560474347813,0.07965969620465456,454,4447631.0,17.661666666666665,2.0199291791765597,0.8731666666666666,0.11254986549179977,450.0,6.0,19.53,"[0.9730000000000002, 0.9800000000000001]",4447631.0,"[9.730000000000002, 9.8]",0.004286553064982096,1.9289488792419434,15.719999999999999,"[0.723, 0.849]",4448631.0,"[7.2299999999999995, 8.49]",0.004394951926337348,1.9777283668518066,19.529999999999998,"[0.9809999999999999, 0.9720000000000001]",4449631.0,"[9.809999999999999, 9.72]",0.004850934876335992,2.1829206943511963,19.55,"[0.977, 0.978]",4450631.0,"[9.77, 9.78]",0.0043991184234619144,1.9796032905578613,14.52,"[0.7290000000000001, 0.723]",4451631.0,"[7.290000000000001, 7.2299999999999995]",0.005329242812262641,2.3981592655181885,17.12,"[0.8559999999999999, 0.8560000000000001]",4452631.0,"[8.559999999999999, 8.56]",0.00440990236070421,1.9844560623168945,8.731666666666667,1.1254986549179977,0.0046117839106807005,0.0003675854644242711,2.075302759806315,0.16541345899092197,COMPLETE
445,14.448333333333332,2025-06-13 17:13:54.104835,2025-06-13 17:13:57.589291,0 days 00:00:03.484456,32,0.7710687815183219,0.08990768889146813,0.9153038648863387,0.09898495311743225,453,4457634.0,14.448333333333332,3.6449253154976393,0.7033333333333333,0.21449371915176338,450.0,6.0,18.32,"[0.983, 0.849]",4457634.0,"[9.83, 8.49]",0.004477272563510471,2.014772653579712,10.539999999999997,"[0.46799999999999997, 0.5859999999999999]",4458634.0,"[4.68, 5.8599999999999985]",0.005522370868259006,2.4850668907165527,11.8,"[0.59, 0.5899999999999999]",4459634.0,"[5.8999999999999995, 5.899999999999999]",0.005614826414320204,2.526671886444092,10.679999999999998,"[0.473, 0.5949999999999999]",4460634.0,"[4.7299999999999995, 5.949999999999998]",0.004767570495605469,2.145406723022461,15.749999999999998,"[0.727, 0.8479999999999999]",4461634.0,"[7.27, 8.479999999999999]",0.004460346963670519,2.0071561336517334,19.6,"[0.9789999999999999, 0.9810000000000001]",4462634.0,"[9.79, 9.81]",0.00422159300910102,1.899716854095459,7.033333333333332,2.144937191517634,0.004843996719077781,0.0005368536411773948,2.1797985235850015,0.24158413852982769,COMPLETE
446,16.176666666666666,2025-06-13 17:14:01.717573,2025-06-13 17:14:05.183453,0 days 00:00:03.465880,32,0.7518813182480645,0.09546784794072645,0.9717696198965831,0.07989196258773705,442,4467641.0,16.176666666666666,1.7912255270872208,0.8313333333333333,0.08780407482318552,440.0,6.0,14.439999999999998,"[0.853, 0.591]",4467641.0,"[8.53, 5.91]",0.005420264330777255,2.384916305541992,17.12,"[0.729, 0.983]",4468641.0,"[7.29, 9.83]",0.0043752903288060965,1.9251277446746826,15.79,"[0.8560000000000001, 0.7230000000000001]",4469641.0,"[8.56, 7.23]",0.005451993508772416,2.3988771438598633,14.489999999999998,"[0.7249999999999999, 0.724]",4470641.0,"[7.249999999999998, 7.24]",0.00595896298235113,2.621943712234497,15.579999999999998,"[0.841, 0.717]",4471641.0,"[8.41, 7.17]",0.004987470670179887,2.1944870948791504,19.64,"[0.984, 0.9800000000000001]",4472641.0,"[9.84, 9.8]",0.004194252057508989,1.845470905303955,8.313333333333334,0.8780407482318552,0.005064705646399295,0.0006211626493087455,2.22847048441569,0.273311565695848,COMPLETE
447,16.55333333333333,2025-06-13 17:14:05.311678,2025-06-13 17:14:08.599279,0 days 00:00:03.287601,33,0.8196448730909216,0.010702309741753006,0.9748117029606801,0.0881726730941438,413,4477645.0,16.55333333333333,2.1866920730231363,0.8245,0.1364572582654853,410.0,6.0,17.029999999999998,"[0.8479999999999999, 0.8550000000000001]",4477645.0,"[8.479999999999999, 8.55]",0.005248976916801639,2.152080535888672,18.259999999999998,"[0.843, 0.983]",4478645.0,"[8.43, 9.83]",0.004917148264443002,2.016030788421631,19.53,"[0.9690000000000001, 0.984]",4479645.0,"[9.690000000000001, 9.84]",0.005306940543942335,2.1758456230163574,14.459999999999999,"[0.5909999999999999, 0.8550000000000001]",4480645.0,"[5.909999999999998, 8.55]",0.0054354859561454956,2.2285492420196533,13.07,"[0.717, 0.5900000000000001]",4481645.0,"[7.17, 5.9]",0.005588937387233827,2.291464328765869,16.97,"[0.9790000000000001, 0.718]",4482645.0,"[9.790000000000001, 7.18]",0.005168413534397032,2.119049549102783,8.245,1.364572582654853,0.005277650433827222,0.00021031175863610606,2.163836677869161,0.08622782104080348,COMPLETE
448,16.246666666666666,2025-06-13 17:14:08.737741,2025-06-13 17:14:12.016515,0 days 00:00:03.278774,28,0.7981702841408274,0.10150603407945176,0.9730558151699975,0.08065030862111645,437,4487648.0,16.246666666666666,2.138408026754691,0.9593333333333334,0.044330826996822704,430.0,6.0,18.330000000000002,"[0.9799999999999999, 0.8530000000000001]",4487648.0,"[9.799999999999999, 8.530000000000001]",0.005408282058183537,2.325561285018921,14.38,"[0.968, 0.47000000000000003]",4488648.0,"[9.68, 4.7]",0.0054767065270002495,2.3549838066101074,18.34,"[0.9780000000000001, 0.8560000000000001]",4489648.0,"[9.780000000000001, 8.56]",0.0047465889952903574,2.0410332679748535,14.620000000000003,"[0.861, 0.6009999999999999]",4490648.0,"[8.61, 6.009999999999999]",0.005532500355742698,2.3789751529693604,18.39,"[0.9860000000000001, 0.853]",4491648.0,"[9.860000000000001, 8.53]",0.004805941914403161,2.0665550231933594,13.419999999999998,"[0.9830000000000002, 0.35900000000000004]",4492648.0,"[9.830000000000002, 3.5900000000000003]",0.005431928191074105,2.3357291221618652,9.593333333333334,0.44330826996822725,0.005233658006949019,0.0003261802251452945,2.2504729429880777,0.14025749681247668,COMPLETE
449,14.308333333333332,2025-06-13 17:14:12.122261,2025-06-13 17:14:15.525401,0 days 00:00:03.403140,31,0.7353284399084947,0.09481244312128309,0.973150479320255,0.0024719638502141016,457,4497652.0,14.308333333333332,2.4454816612593016,0.7701666666666668,0.11896836647706908,450.0,6.0,10.77,"[0.604, 0.473]",4497652.0,"[6.04, 4.7299999999999995]",0.00567252688937717,2.5526371002197266,15.78,"[0.8560000000000001, 0.7220000000000001]",4498652.0,"[8.56, 7.220000000000001]",0.004930477672153049,2.218714952468872,14.589999999999998,"[0.8559999999999999, 0.6030000000000001]",4499652.0,"[8.559999999999999, 6.030000000000001]",0.004807110892401802,2.1631999015808105,14.43,"[0.858, 0.585]",4500652.0,"[8.58, 5.85]",0.0049972343444824215,2.24875545501709,11.999999999999998,"[0.6000000000000001, 0.6]",4501652.0,"[6.000000000000001, 6.0]",0.005355899598863389,2.4101548194885254,18.279999999999998,"[0.8470000000000001, 0.9810000000000001]",4502652.0,"[8.47, 9.81]",0.004636594984266493,2.086467742919922,7.701666666666667,1.189683664770691,0.005066640730257387,0.0003479514899237696,2.2799883286158242,0.15657817046569641,COMPLETE
450,13.978333333333332,2025-06-13 17:14:15.604834,2025-06-13 17:14:19.642983,0 days 00:00:04.038149,33,0.7816964267391711,0.09852709024149263,0.970325500361492,0.0714921914380166,447,4507655.0,13.978333333333332,4.002192801730349,0.7223333333333333,0.1967415111821149,440.0,6.0,9.229999999999999,"[0.46699999999999997, 0.45599999999999985]",4507655.0,"[4.67, 4.559999999999999]",0.007104893164201216,3.126152992248535,19.529999999999998,"[0.9789999999999999, 0.974]",4508655.0,"[9.79, 9.74]",0.004435651952570135,1.9516868591308594,18.349999999999998,"[0.9810000000000001, 0.8540000000000001]",4509655.0,"[9.81, 8.540000000000001]",0.0045316143469377,1.993910312652588,14.41,"[0.5879999999999999, 0.853]",4510655.0,"[5.879999999999999, 8.53]",0.005521133812991056,2.4292988777160645,9.209999999999999,"[0.595, 0.32599999999999996]",4511655.0,"[5.949999999999999, 3.26]",0.005219125205820257,2.296415090560913,13.139999999999999,"[0.724, 0.59]",4512655.0,"[7.24, 5.8999999999999995]",0.004638821970332753,2.041081666946411,7.223333333333333,1.9674151118211487,0.005241873408808853,0.0009190101987086706,2.306424299875895,0.4043644874318151,COMPLETE
451,17.866666666666664,2025-06-13 17:14:23.348392,2025-06-13 17:14:26.738921,0 days 00:00:03.390529,34,0.7153152694189133,0.12931793673067543,0.9431865337108339,0.09823050724239514,425,4517663.0,17.866666666666664,1.4087780362979672,0.8689999999999999,0.08666987173560749,420.0,6.0,19.5,"[0.9719999999999999, 0.9780000000000001]",4517663.0,"[9.719999999999999, 9.780000000000001]",0.004469104607899984,1.8770239353179932,17.05,"[0.7190000000000001, 0.9860000000000001]",4518663.0,"[7.190000000000001, 9.860000000000001]",0.005840952623458136,2.453200101852417,19.580000000000002,"[0.9729999999999999, 0.985]",4519663.0,"[9.729999999999999, 9.85]",0.004710430758340018,1.9783809185028076,15.759999999999998,"[0.8489999999999999, 0.727]",4520663.0,"[8.489999999999998, 7.27]",0.005732864992959159,2.4078032970428467,16.910000000000004,"[0.8450000000000001, 0.8459999999999999]",4521663.0,"[8.450000000000001, 8.459999999999999]",0.004831387883140927,2.0291829109191895,18.4,"[0.8560000000000001, 0.984]",4522663.0,"[8.56, 9.84]",0.004231250853765579,1.777125358581543,8.69,0.8666987173560746,0.004969331953260634,0.0006087904397406546,2.0871194203694663,0.25569198469107496,COMPLETE
452,14.761666666666668,2025-06-13 17:14:26.846608,2025-06-13 17:14:31.028290,0 days 00:00:04.181682,29,0.6936146251992026,0.12147414222421464,0.9439040267837983,0.09900503127299816,427,4527667.0,14.761666666666668,3.0662975321314736,0.7286666666666667,0.20797328888318542,420.0,6.0,9.529999999999998,"[0.351, 0.602]",4527667.0,"[3.51, 6.02]",0.005140057064238049,2.1588239669799805,11.919999999999998,"[0.595, 0.597]",4528667.0,"[5.949999999999999, 5.97]",0.004768848419189453,2.0029163360595703,15.77,"[0.7270000000000001, 0.85]",4529667.0,"[7.270000000000001, 8.5]",0.0079523347672962,3.3399806022644043,18.360000000000003,"[0.9860000000000001, 0.8499999999999999]",4530667.0,"[9.860000000000001, 8.499999999999998]",0.004914366063617524,2.0640337467193604,15.790000000000001,"[0.8489999999999999, 0.73]",4531667.0,"[8.489999999999998, 7.3]",0.00517700229372297,2.1743409633636475,17.2,"[0.8640000000000001, 0.8560000000000001]",4532667.0,"[8.64, 8.56]",0.0038084194773719423,1.5995361804962158,7.286666666666666,2.0797328888318543,0.0052935046809060235,0.0012735112060367937,2.22327196598053,0.5348747065354533,COMPLETE
453,15.74833333333333,2025-06-13 17:14:31.111605,2025-06-13 17:14:34.845970,0 days 00:00:03.734365,32,0.7135571508507735,0.12729880336923838,0.9001930364948635,0.03799014848836211,420,4537671.0,15.74833333333333,2.3322479618504453,0.6998333333333333,0.17030601542191307,420.0,6.0,17.119999999999997,"[0.724, 0.9879999999999999]",4537671.0,"[7.24, 9.879999999999999]",0.006750086943308513,2.835036516189575,16.95,"[0.843, 0.852]",4538671.0,"[8.43, 8.52]",0.005353995164235433,2.248677968978882,18.25,"[0.8460000000000001, 0.9789999999999999]",4539671.0,"[8.46, 9.79]",0.00481470369157337,2.0221755504608154,17.08,"[0.852, 0.8559999999999999]",4540671.0,"[8.52, 8.559999999999999]",0.005394782906486874,2.2658088207244873,13.159999999999998,"[0.46799999999999997, 0.8480000000000001]",4541671.0,"[4.68, 8.48]",0.00646081424894787,2.7135419845581055,11.93,"[0.4659999999999999, 0.727]",4542671.0,"[4.659999999999999, 7.27]",0.0057779993329729355,2.426759719848633,6.998333333333334,1.7030601542191308,0.005758730381254165,0.0006662751726349851,2.4186667601267495,0.2798355725066937,COMPLETE
454,15.773333333333333,2025-06-13 17:14:34.933756,2025-06-13 17:14:38.951515,0 days 00:00:04.017759,31,0.7055911001642473,0.1295659025939498,0.9449097825851662,0.0776406243568931,407,4547675.0,15.773333333333333,3.0584182549517696,0.8736666666666667,0.11694110578501572,400.0,6.0,18.37,"[0.9810000000000001, 0.8560000000000001]",4547675.0,"[9.81, 8.56]",0.004654437899589538,1.8617751598358154,11.889999999999999,"[0.7209999999999999, 0.46799999999999986]",4548675.0,"[7.209999999999999, 4.679999999999999]",0.006099789738655091,2.439915895462036,18.330000000000002,"[0.982, 0.851]",4549675.0,"[9.82, 8.51]",0.004833188652992248,1.9332754611968994,13.169999999999998,"[0.718, 0.599]",4550675.0,"[7.18, 5.99]",0.0077134472131729125,3.085378885269165,19.61,"[0.9790000000000001, 0.982]",4551675.0,"[9.790000000000001, 9.82]",0.004576766490936279,1.8307065963745117,13.27,"[0.861, 0.466]",4552675.0,"[8.61, 4.66]",0.006590861678123474,2.6363446712493896,8.736666666666666,1.1694110578501573,0.005744748612244925,0.0011620124029838132,2.2978994448979697,0.46480496119352527,COMPLETE
455,14.288333333333334,2025-06-13 17:14:39.048248,2025-06-13 17:14:43.801676,0 days 00:00:04.753428,30,0.7187418265414675,0.13362199648553708,0.9465187396243292,0.09937042008997862,433,4557679.0,14.288333333333334,3.5931018014461493,0.7878333333333334,0.12403684488444912,430.0,6.0,18.42,"[0.984, 0.858]",4557679.0,"[9.84, 8.58]",0.005393194043359091,2.319073438644409,15.649999999999999,"[0.713, 0.852]",4558679.0,"[7.13, 8.52]",0.006436779887177223,2.767815351486206,6.809999999999999,"[0.594, 0.08699999999999997]",4559679.0,"[5.9399999999999995, 0.8699999999999997]",0.006864383054334064,2.9516847133636475,15.88,"[0.7350000000000001, 0.8530000000000001]",4560679.0,"[7.350000000000001, 8.530000000000001]",0.005015456953714061,2.156646490097046,14.460000000000003,"[0.8530000000000001, 0.593]",4561679.0,"[8.530000000000001, 5.93]",0.009261603688084801,3.982489585876465,14.510000000000002,"[0.8479999999999999, 0.603]",4562679.0,"[8.479999999999999, 6.029999999999999]",0.006926943535028502,2.978585720062256,7.878333333333333,1.240368448844491,0.006649726860282958,0.0013686907485432893,2.8593825499216714,0.5885370218736145,COMPLETE
456,15.736666666666665,2025-06-13 17:14:47.708498,2025-06-13 17:14:51.301695,0 days 00:00:03.593197,34,0.7321563820313272,0.12398444242453248,0.9487286956346518,0.002979979113781365,423,4567687.0,15.736666666666665,2.0068936748672623,0.8095,0.12381807891687982,420.0,6.0,17.05,"[0.8550000000000001, 0.85]",4567687.0,"[8.55, 8.5]",0.005089879603612991,2.137749433517456,13.18,"[0.595, 0.7230000000000001]",4568687.0,"[5.949999999999999, 7.23]",0.005511244705745152,2.314722776412964,18.38,"[0.8560000000000001, 0.982]",4569687.0,"[8.56, 9.82]",0.0050973352931794665,2.140880823135376,13.049999999999997,"[0.7129999999999999, 0.592]",4570687.0,"[7.129999999999999, 5.92]",0.005638426826113746,2.3681392669677734,17.04,"[0.8540000000000001, 0.85]",4571687.0,"[8.540000000000001, 8.5]",0.006349002747308641,2.666581153869629,15.719999999999999,"[0.984, 0.588]",4572687.0,"[9.84, 5.88]",0.006429138637724377,2.7002382278442383,8.095,1.2381807891687981,0.0056858379689473946,0.0005364257954401671,2.3880519469579062,0.22529883408487011,COMPLETE
457,15.176666666666668,2025-06-13 17:14:51.376401,2025-06-13 17:14:54.560556,0 days 00:00:03.184155,14,0.7228021949124875,0.14387003168444457,0.941640579828703,0.05494931697556227,413,4577691.0,15.176666666666668,1.3296825017858802,0.7801666666666667,0.0757395023895868,410.0,6.0,14.0,"[0.765, 0.6350000000000001]",4577691.0,"[7.65, 6.350000000000001]",0.0059012186236497835,2.419499635696411,14.030000000000001,"[0.648, 0.7550000000000001]",4578691.0,"[6.48, 7.550000000000001]",0.00430837317210872,1.7664330005645752,17.470000000000002,"[0.8720000000000001, 0.875]",4579691.0,"[8.72, 8.75]",0.004544137163860042,1.8630962371826172,16.310000000000002,"[0.769, 0.8620000000000001]",4580691.0,"[7.69, 8.620000000000001]",0.003898372882749976,1.5983328819274902,14.010000000000002,"[0.868, 0.533]",4581691.0,"[8.68, 5.33]",0.004553592495801972,1.8669729232788086,15.239999999999998,"[0.7590000000000001, 0.765]",4582691.0,"[7.590000000000002, 7.65]",0.004544252302588486,1.8631434440612793,7.801666666666667,0.7573950238958677,0.004624991106793163,0.0006157829042637831,1.896246353785197,0.25247099074815105,COMPLETE
458,16.813333333333333,2025-06-13 17:14:54.640630,2025-06-13 17:14:57.962780,0 days 00:00:03.322150,32,0.7601440898532357,0.10421725123601107,0.9425705809917878,0.06411173390914048,350,4587694.0,16.813333333333333,1.1622057572659934,0.8961666666666668,0.0946245504906394,350.0,6.0,15.75,"[0.8549999999999999, 0.72]",4587694.0,"[8.549999999999999, 7.199999999999999]",0.0052273007801600865,1.8295552730560303,18.299999999999997,"[0.849, 0.9810000000000001]",4588694.0,"[8.49, 9.81]",0.007344928468976702,2.5707249641418457,15.670000000000002,"[0.974, 0.5929999999999999]",4589694.0,"[9.74, 5.929999999999999]",0.005554154941013881,1.9439542293548584,18.3,"[0.982, 0.8479999999999999]",4590694.0,"[9.82, 8.479999999999999]",0.005888212067740304,2.0608742237091064,15.739999999999998,"[0.7289999999999999, 0.845]",4591694.0,"[7.289999999999999, 8.45]",0.005220685686383929,1.827239990234375,17.12,"[0.9880000000000001, 0.724]",4592694.0,"[9.88, 7.24]",0.005600644520350865,1.9602255821228027,8.961666666666668,0.946245504906394,0.005805987744104294,0.0007255046628994072,2.032095710436503,0.25392663201479254,COMPLETE
459,15.643333333333333,2025-06-13 17:14:58.046548,2025-06-13 17:15:01.976915,0 days 00:00:03.930367,29,0.7101872138491835,0.13147291918478557,0.9528001593053373,0.08383424070780154,397,4597698.0,15.643333333333333,2.1780852957484367,0.7926666666666667,0.09634947961573127,390.0,6.0,17.03,"[0.8440000000000001, 0.859]",4597698.0,"[8.440000000000001, 8.59]",0.006105968279716296,2.3813276290893555,15.749999999999998,"[0.724, 0.851]",4598698.0,"[7.24, 8.51]",0.005166552005670009,2.0149552822113037,12.190000000000001,"[0.739, 0.48]",4599698.0,"[7.39, 4.8]",0.005475921508593437,2.1356093883514404,18.41,"[0.9869999999999999, 0.8539999999999999]",4600698.0,"[9.87, 8.54]",0.004220047363868127,1.6458184719085693,17.06,"[0.724, 0.982]",4601698.0,"[7.24, 9.82]",0.0074843895740998095,2.918911933898926,13.42,"[0.738, 0.604]",4602698.0,"[7.38, 6.04]",0.005468962131402431,2.1328952312469482,7.926666666666667,0.9634947961573129,0.005653640143891685,0.00099283912876383,2.2049196561177573,0.3872072602178937,COMPLETE
460,15.236666666666666,2025-06-13 17:15:02.054389,2025-06-13 17:15:05.623456,0 days 00:00:03.569067,35,0.7463056514871186,0.11939424998754203,0.945625116134393,0.05046059205368448,435,4607702.0,15.236666666666666,3.056973812267434,0.7856666666666666,0.1276736290529707,430.0,6.0,13.120000000000001,"[0.858, 0.4539999999999999]",4607702.0,"[8.58, 4.539999999999999]",0.006535879401273505,2.8104281425476074,15.770000000000003,"[0.7220000000000001, 0.8550000000000001]",4608702.0,"[7.220000000000001, 8.55]",0.0049990665080935455,2.1495985984802246,19.560000000000002,"[0.9870000000000001, 0.9690000000000001]",4609702.0,"[9.870000000000001, 9.690000000000001]",0.0044088452361350835,1.895803451538086,18.179999999999996,"[0.845, 0.9730000000000001]",4610702.0,"[8.45, 9.73]",0.005138521416242732,2.209564208984375,14.370000000000001,"[0.7150000000000001, 0.7220000000000001]",4611702.0,"[7.15, 7.220000000000001]",0.005990544585294502,2.5759341716766357,10.42,"[0.5869999999999999, 0.45499999999999996]",4612702.0,"[5.869999999999998, 4.55]",0.00585049030392669,2.5157108306884766,7.8566666666666665,1.2767362905297073,0.005487224575161011,0.0007080212045960783,2.3595065673192344,0.3044491179763136,COMPLETE
461,16.55666666666667,2025-06-13 17:15:09.881242,2025-06-13 17:15:14.117045,0 days 00:00:04.235803,33,0.8588506079794457,0.11539223021667966,0.9510422854210955,0.06223193362849446,429,4617710.0,16.55666666666667,1.4041209191360815,0.7838333333333334,0.125180425342339,420.0,6.0,18.31,"[0.845, 0.986]",4617710.0,"[8.45, 9.86]",0.004795977615174793,2.014310598373413,17.04,"[0.7149999999999999, 0.9890000000000001]",4618710.0,"[7.149999999999999, 9.89]",0.004990200769333613,2.095884323120117,14.49,"[0.86, 0.589]",4619710.0,"[8.6, 5.89]",0.005595497857956659,2.350109100341797,15.599999999999998,"[0.717, 0.843]",4620710.0,"[7.17, 8.43]",0.0063944356782095774,2.6856629848480225,15.720000000000002,"[0.5889999999999999, 0.983]",4621710.0,"[5.889999999999999, 9.83]",0.005426620301746187,2.2791805267333984,18.18,"[0.9770000000000001, 0.8409999999999999]",4622710.0,"[9.770000000000001, 8.409999999999998]",0.008030639943622407,3.372868776321411,7.838333333333334,1.25180425342339,0.005872228694340539,0.0010910908682202575,2.4663360516230264,0.45825816465250824,COMPLETE
462,13.576666666666663,2025-06-13 17:15:14.206744,2025-06-13 17:15:18.816167,0 days 00:00:04.609423,48,0.9328030410273082,0.1376999397699141,0.9840493283983065,0.07391969069899056,421,4627714.0,13.576666666666663,0.9462146808321155,0.6668333333333333,0.09847066681109773,420.0,6.0,12.5,"[0.5519999999999999, 0.698]",4627714.0,"[5.52, 6.9799999999999995]",0.005886001246316093,2.472120523452759,13.84,"[0.5459999999999999, 0.8380000000000001]",4628714.0,"[5.459999999999999, 8.38]",0.005929932707831973,2.4905717372894287,15.17,"[0.69, 0.8270000000000002]",4629714.0,"[6.8999999999999995, 8.270000000000001]",0.00898761578968593,3.774798631668091,13.809999999999999,"[0.6869999999999999, 0.694]",4630714.0,"[6.869999999999999, 6.9399999999999995]",0.006668923582349505,2.800947904586792,13.79,"[0.6889999999999998, 0.6900000000000001]",4631714.0,"[6.889999999999999, 6.9]",0.005489841529301234,2.3057334423065186,12.35,"[0.837, 0.3979999999999999]",4632714.0,"[8.37, 3.979999999999999]",0.006664533274514334,2.7991039752960205,6.668333333333333,0.9847066681109772,0.006604474688333179,0.0011475147241050048,2.773879369099935,0.48195618412410207,COMPLETE
463,15.448333333333336,2025-06-13 17:15:18.899182,2025-06-13 17:15:23.184273,0 days 00:00:04.285091,28,0.7708039279727836,0.1326714848544836,0.9793879209918821,0.09965082463818663,492,4637719.0,15.448333333333336,2.3261514472526414,0.7911666666666667,0.11881837212971559,490.0,6.0,14.66,"[0.7289999999999999, 0.737]",4637719.0,"[7.289999999999999, 7.37]",0.007141741927789182,3.499453544616699,10.91,"[0.6039999999999999, 0.487]",4638719.0,"[6.039999999999999, 4.87]",0.0050461243609992825,2.4726009368896484,18.32,"[0.9780000000000001, 0.8540000000000001]",4639719.0,"[9.780000000000001, 8.540000000000001]",0.004771132858432069,2.337855100631714,15.850000000000001,"[0.8510000000000002, 0.734]",4640719.0,"[8.510000000000002, 7.34]",0.005279503063279755,2.58695650100708,17.080000000000002,"[0.853, 0.8550000000000001]",4641719.0,"[8.53, 8.55]",0.004458680931402712,2.184753656387329,15.870000000000001,"[0.732, 0.8550000000000001]",4642719.0,"[7.32, 8.55]",0.004163080818799078,2.039909601211548,7.911666666666666,1.1881837212971558,0.005143377326783679,0.0009652120471408696,2.520254890124003,0.4729539030990261,COMPLETE
464,17.078333333333333,2025-06-13 17:15:23.261044,2025-06-13 17:15:26.202204,0 days 00:00:02.941160,21,0.7571786617068885,0.11117415313561996,0.9437862631331471,0.04611721274887006,437,4647723.0,17.078333333333333,1.583355263006029,0.8868333333333331,0.10552632636245597,430.0,6.0,16.1,"[0.9870000000000001, 0.623]",4647723.0,"[9.870000000000001, 6.23]",0.004733884057333303,2.0355701446533203,17.200000000000003,"[0.8639999999999999, 0.8560000000000001]",4648723.0,"[8.639999999999999, 8.56]",0.004439027919325718,1.9087820053100586,16.060000000000002,"[0.7489999999999999, 0.857]",4649723.0,"[7.489999999999998, 8.57]",0.005049718812454578,2.1713790893554688,18.540000000000003,"[0.986, 0.868]",4650723.0,"[9.86, 8.68]",0.004984639966210654,2.143395185470581,19.610000000000003,"[0.983, 0.9780000000000001]",4651723.0,"[9.83, 9.780000000000001]",0.004144704619119334,1.7822229862213135,14.96,"[0.7519999999999999, 0.744]",4652723.0,"[7.519999999999999, 7.4399999999999995]",0.004681025549422863,2.012840986251831,8.868333333333332,1.0552632636245598,0.0046721668206444085,0.00031001144842992986,2.0090317328770957,0.13330492282486986,COMPLETE
465,15.921666666666665,2025-06-13 17:15:26.279350,2025-06-13 17:15:30.437615,0 days 00:00:04.158265,32,0.7380383985395177,0.12754415037882008,0.9477653547960893,0.06881609551233162,406,4657726.0,15.921666666666665,1.6871614886811777,0.7636666666666666,0.1575157840415437,400.0,6.0,18.199999999999996,"[0.975, 0.845]",4657726.0,"[9.75, 8.45]",0.004977684617042542,1.9910738468170166,14.45,"[0.8469999999999999, 0.5979999999999999]",4658726.0,"[8.469999999999999, 5.979999999999999]",0.004686197638511658,1.874479055404663,15.739999999999998,"[0.724, 0.85]",4659726.0,"[7.24, 8.5]",0.006924496293067932,2.769798517227173,13.19,"[0.46799999999999986, 0.851]",4660726.0,"[4.679999999999999, 8.51]",0.005398896336555481,2.1595585346221924,16.91,"[0.845, 0.8459999999999999]",4661726.0,"[8.45, 8.459999999999999]",0.006054192781448364,2.4216771125793457,17.040000000000003,"[0.7229999999999999, 0.9810000000000001]",4662726.0,"[7.229999999999999, 9.81]",0.008337293863296508,3.3349175453186035,7.636666666666667,1.575157840415437,0.0060631269216537475,0.0012536077143539446,2.425250768661499,0.5014430857415779,COMPLETE
466,13.786666666666667,2025-06-13 17:15:34.342990,2025-06-13 17:15:37.732545,0 days 00:00:03.389555,34,0.6984139500348451,0.02380652329632007,0.9405389945918631,0.0018864579875914947,444,4667734.0,13.786666666666667,1.971079794314668,0.6786666666666666,0.09894892060497118,440.0,6.0,11.700000000000001,"[0.5880000000000001, 0.5820000000000001]",4667734.0,"[5.880000000000001, 5.82]",0.0060611838644201105,2.6669209003448486,15.75,"[0.853, 0.7220000000000001]",4668734.0,"[8.53, 7.220000000000001]",0.005309613184495405,2.3362298011779785,15.810000000000002,"[0.7270000000000001, 0.8540000000000001]",4669734.0,"[7.270000000000001, 8.540000000000001]",0.0048074240034276785,2.1152665615081787,11.870000000000001,"[0.724, 0.4629999999999999]",4670734.0,"[7.24, 4.629999999999999]",0.004832797158848156,2.1264307498931885,11.88,"[0.593, 0.595]",4671734.0,"[5.93, 5.949999999999999]",0.005683581395582719,2.5007758140563965,15.709999999999999,"[0.587, 0.9840000000000002]",4672734.0,"[5.869999999999999, 9.840000000000002]",0.005040438608689741,2.2177929878234863,6.786666666666666,0.9894892060497118,0.005289173035910636,0.0004572027923392778,2.3272361358006797,0.2011692286292822,COMPLETE
467,14.25,2025-06-13 17:15:37.808606,2025-06-13 17:15:42.287378,0 days 00:00:04.478772,49,0.7272965585826838,0.14144158470211393,0.9742134524852035,0.0853042321550064,483,4677737.0,14.25,4.671345273758585,0.6156666666666667,0.4201161215135116,480.0,6.0,16.68,"[0.837, 0.8310000000000001]",4677737.0,"[8.37, 8.31]",0.007022866110006968,3.3709757328033447,19.61,"[0.9760000000000002, 0.985]",4678737.0,"[9.760000000000002, 9.85]",0.005250365535418192,2.5201754570007324,16.72,"[0.984, 0.688]",4679737.0,"[9.84, 6.879999999999999]",0.006087517241636912,2.9220082759857178,16.64,"[0.836, 0.828]",4680737.0,"[8.36, 8.28]",0.0046382308006286625,2.226350784301758,6.429999999999998,"[-0.04400000000000019, 0.6869999999999999]",4681737.0,"[-0.44000000000000195, 6.869999999999999]",0.0059244682391484576,2.8437447547912598,9.419999999999998,"[0.10499999999999984, 0.837]",4682737.0,"[1.0499999999999985, 8.37]",0.007710455854733785,3.701018810272217,6.156666666666665,4.201161215135117,0.0061056506302621626,0.0010275110277811696,2.9307123025258384,0.4932052933349614,COMPLETE
468,15.37833333333333,2025-06-13 17:15:42.364789,2025-06-13 17:15:46.148684,0 days 00:00:03.783895,30,0.8328801782445576,0.12967998758883834,0.9501417667233257,0.056181261856975015,426,4687742.0,15.37833333333333,3.7058081289900713,0.7706666666666667,0.11792605969655544,420.0,6.0,17.189999999999998,"[0.7380000000000001, 0.9810000000000001]",4687742.0,"[7.380000000000001, 9.81]",0.005414822555723645,2.2742254734039307,17.02,"[0.7270000000000001, 0.975]",4688742.0,"[7.270000000000001, 9.75]",0.005711686043512253,2.3989081382751465,13.259999999999998,"[0.728, 0.5980000000000001]",4689742.0,"[7.279999999999999, 5.98]",0.007070385842096238,2.96956205368042,17.1,"[0.8539999999999999, 0.8560000000000001]",4690742.0,"[8.54, 8.56]",0.007057191644396101,2.9640204906463623,8.179999999999998,"[0.5999999999999999, 0.21799999999999997]",4691742.0,"[5.999999999999998, 2.1799999999999997]",0.007189580372401646,3.0196237564086914,19.52,"[0.977, 0.9750000000000002]",4692742.0,"[9.77, 9.750000000000002]",0.005400013923645019,2.268005847930908,7.706666666666666,1.1792605969655545,0.00630728006362915,0.0008059669277681212,2.649057626724243,0.33850610966261097,COMPLETE
469,16.105,2025-06-13 17:15:46.226364,2025-06-13 17:15:50.319573,0 days 00:00:04.093209,33,0.7767755040785613,0.13473549628450066,0.9055869702874755,0.07782563808536296,493,4697746.0,16.105,3.139313884699437,0.8281666666666666,0.13929036418774832,490.0,6.0,16.849999999999998,"[0.975, 0.71]",4697746.0,"[9.75, 7.1]",0.0053388133340952345,2.616018533706665,18.18,"[0.842, 0.9760000000000002]",4698746.0,"[8.42, 9.760000000000002]",0.005212013088926977,2.5538864135742188,18.459999999999997,"[0.99, 0.8560000000000001]",4699746.0,"[9.9, 8.56]",0.004554461946292799,2.2316863536834717,9.229999999999999,"[0.591, 0.33199999999999996]",4700746.0,"[5.91, 3.3199999999999994]",0.005286892092957789,2.5905771255493164,17.040000000000003,"[0.72, 0.984]",4701746.0,"[7.199999999999999, 9.84]",0.005633626665387835,2.760477066040039,16.87,"[0.851, 0.8360000000000001]",4702746.0,"[8.51, 8.360000000000001]",0.006779995256540727,3.322197675704956,8.281666666666668,1.3929036418774832,0.005467633730700226,0.0006706133117535407,2.6791405280431113,0.3286005227592349,COMPLETE
470,14.571666666666667,2025-06-13 17:15:50.394588,2025-06-13 17:15:53.936072,0 days 00:00:03.541484,20,0.7516341823136752,0.1383971160443277,0.9682140153888632,0.06303858822593808,415,4707750.0,14.571666666666667,1.0975794074031988,0.7281666666666666,0.12302359755573543,410.0,6.0,12.67,"[0.75, 0.517]",4707750.0,"[7.5, 5.17]",0.005284686204863757,2.1667213439941406,14.899999999999999,"[0.857, 0.6329999999999998]",4708750.0,"[8.57, 6.329999999999998]",0.005034697346571015,2.064225912094116,14.99,"[0.753, 0.7460000000000001]",4709750.0,"[7.53, 7.460000000000001]",0.0049005502607764265,2.009225606918335,15.010000000000002,"[0.519, 0.982]",4710750.0,"[5.19, 9.82]",0.004818811649229468,1.975712776184082,13.73,"[0.625, 0.7479999999999999]",4711750.0,"[6.25, 7.479999999999999]",0.006451014774601634,2.64491605758667,16.130000000000003,"[0.865, 0.748]",4712750.0,"[8.65, 7.48]",0.005108827497900986,2.0946192741394043,7.281666666666667,1.2302359755573544,0.005266431288990548,0.0005502034654074211,2.1592368284861245,0.2255834208170426,COMPLETE
471,15.780000000000001,2025-06-13 17:15:58.007466,2025-06-13 17:16:02.479625,0 days 00:00:04.472159,31,0.7854441869314566,0.1067331951646078,0.9572008723366677,0.04172691553161762,433,4717758.0,15.780000000000001,2.4337625192282015,0.7698333333333335,0.1598931066542756,430.0,6.0,19.61,"[0.9870000000000001, 0.974]",4717758.0,"[9.870000000000001, 9.74]",0.004576440744621809,1.967869520187378,14.509999999999998,"[0.6010000000000001, 0.8499999999999999]",4718758.0,"[6.010000000000001, 8.499999999999998]",0.005568140052085699,2.3943002223968506,17.03,"[0.982, 0.7210000000000001]",4719758.0,"[9.82, 7.210000000000001]",0.005485715422519417,2.3588576316833496,17.02,"[0.7219999999999999, 0.9800000000000001]",4720758.0,"[7.219999999999999, 9.8]",0.006199096524438193,2.665611505508423,11.95,"[0.726, 0.46900000000000003]",4721758.0,"[7.26, 4.69]",0.005064064402912938,2.1775476932525635,14.559999999999999,"[0.601, 0.8550000000000001]",4722758.0,"[6.01, 8.55]",0.0069422394730323965,2.9851629734039307,7.698333333333333,1.5989310665427563,0.0056392827699350756,0.0007637889288392022,2.4248915910720825,0.32842923940085694,COMPLETE
472,17.535,2025-06-13 17:16:02.554550,2025-06-13 17:16:06.370859,0 days 00:00:03.816309,31,0.7618099793254692,0.12671325617518187,0.9217163751399212,0.051980627872477245,449,4727762.0,17.535,1.9110620956246644,0.8561666666666667,0.14801398207226543,440.0,6.0,15.86,"[0.736, 0.85]",4727762.0,"[7.359999999999999, 8.5]",0.005173696171153676,2.276426315307617,19.65,"[0.984, 0.9810000000000001]",4728762.0,"[9.84, 9.81]",0.004344311627474698,1.9114971160888672,19.73,"[0.9880000000000002, 0.985]",4729762.0,"[9.880000000000003, 9.85]",0.004431060227480801,1.9496665000915527,18.34,"[0.9810000000000002, 0.8530000000000001]",4730762.0,"[9.810000000000002, 8.530000000000001]",0.00532502911307595,2.343012809753418,14.54,"[0.596, 0.858]",4731762.0,"[5.96, 8.58]",0.006601203029805964,2.904529333114624,17.09,"[0.852, 0.857]",4732762.0,"[8.52, 8.57]",0.004412351955067027,1.9414348602294922,8.561666666666667,1.4801398207226544,0.005047942020676353,0.0007942317812550708,2.221094489097595,0.34946198375223103,COMPLETE
473,16.64,2025-06-13 17:16:06.470281,2025-06-13 17:16:10.310656,0 days 00:00:03.840375,30,0.7441884377512966,0.12467881720174813,0.9119042584187944,0.04853077248572389,440,4737766.0,16.64,1.4607418206742304,0.8319999999999999,0.116689045472715,440.0,6.0,15.67,"[0.8469999999999999, 0.72]",4737766.0,"[8.469999999999999, 7.199999999999999]",0.006084780801426281,2.6773035526275635,18.49,"[0.9880000000000001, 0.861]",4738766.0,"[9.88, 8.61]",0.004186257449063388,1.8419532775878906,15.74,"[0.8530000000000001, 0.721]",4739766.0,"[8.530000000000001, 7.21]",0.005740835991772738,2.525967836380005,14.52,"[0.5959999999999999, 0.8560000000000001]",4740766.0,"[5.959999999999999, 8.56]",0.005585191466591575,2.457484245300293,17.06,"[0.858, 0.8480000000000001]",4741766.0,"[8.58, 8.48]",0.004763670401139693,2.096014976501465,18.36,"[0.85, 0.986]",4742766.0,"[8.5, 9.86]",0.005602291497317227,2.46500825881958,8.32,1.16689045472715,0.00532717126788515,0.0006463453464784397,2.3439553578694663,0.2843919524505134,COMPLETE
474,14.964999999999998,2025-06-13 17:16:10.397680,2025-06-13 17:16:13.894886,0 days 00:00:03.497206,31,0.756773335092717,0.12550983809375113,0.9082101303232216,0.04368114169654199,449,4747770.0,14.964999999999998,2.255901519718152,0.6833333333333332,0.15677762028498274,440.0,6.0,10.739999999999998,"[0.472, 0.6020000000000001]",4747770.0,"[4.72, 6.020000000000001]",0.005336081981658936,2.3478760719299316,14.639999999999999,"[0.732, 0.732]",4748770.0,"[7.32, 7.32]",0.005384341695091941,2.369110345840454,18.31,"[0.976, 0.8549999999999999]",4749770.0,"[9.76, 8.549999999999999]",0.005057603120803833,2.2253453731536865,15.739999999999998,"[0.718, 0.8560000000000001]",4750770.0,"[7.18, 8.56]",0.005171317403966731,2.2753796577453613,14.590000000000002,"[0.6049999999999999, 0.8539999999999999]",4751770.0,"[6.049999999999999, 8.54]",0.005444402586330067,2.3955371379852295,15.769999999999998,"[0.5969999999999999, 0.9800000000000001]",4752770.0,"[5.969999999999999, 9.8]",0.006050293012098832,2.6621289253234863,6.833333333333332,1.5677762028498272,0.00540733996665839,0.00031580357523496727,2.3792295853296914,0.13895357310338569,COMPLETE
475,17.088333333333335,2025-06-13 17:16:14.075402,2025-06-13 17:16:17.644511,0 days 00:00:03.569109,29,0.7635693991144822,0.1294410751859852,0.9463344991138519,0.052846110658451705,443,4757774.0,17.088333333333335,1.7408466969329106,0.8973333333333334,0.05900188320911646,440.0,6.0,18.330000000000002,"[0.982, 0.851]",4757774.0,"[9.82, 8.51]",0.005229270458221436,2.3008790016174316,18.349999999999998,"[0.852, 0.983]",4758774.0,"[8.52, 9.83]",0.005534464662725275,2.435164451599121,18.290000000000003,"[0.9789999999999999, 0.85]",4759774.0,"[9.79, 8.5]",0.005092543905431574,2.2407193183898926,13.399999999999999,"[0.8559999999999999, 0.4839999999999999]",4760774.0,"[8.559999999999999, 4.839999999999999]",0.0058505643497813835,2.5742483139038086,17.109999999999996,"[0.8649999999999999, 0.8460000000000001]",4761774.0,"[8.649999999999999, 8.46]",0.005243470452048562,2.307126998901367,17.049999999999997,"[0.8500000000000002, 0.8549999999999999]",4762774.0,"[8.500000000000002, 8.549999999999999]",0.005081170255487616,2.235714912414551,8.973333333333333,0.5900188320911649,0.005338580680615975,0.0002733394452401209,2.348975499471029,0.1202693559056532,COMPLETE
476,15.613333333333332,2025-06-13 17:16:21.921790,2025-06-13 17:16:25.404964,0 days 00:00:03.483174,18,0.7190244121567695,0.13503809612025958,0.9206113403936237,0.0338517482991726,432,4767782.0,15.613333333333332,3.079684327257513,0.7895,0.18272269517860482,430.0,6.0,16.139999999999997,"[0.866, 0.748]",4767782.0,"[8.66, 7.48]",0.0060076491777286975,2.58328914642334,9.309999999999999,"[0.406, 0.525]",4768782.0,"[4.0600000000000005, 5.25]",0.0062507202458936114,2.687809705734253,16.18,"[0.7530000000000001, 0.865]",4769782.0,"[7.530000000000001, 8.65]",0.005077322693758233,2.18324875831604,18.44,"[0.9710000000000001, 0.873]",4770782.0,"[9.71, 8.73]",0.004353477234064146,1.871995210647583,15.11,"[0.8720000000000001, 0.639]",4771782.0,"[8.72, 6.390000000000001]",0.005604409617046977,2.4098961353302,18.5,"[0.869, 0.9810000000000001]",4772782.0,"[8.69, 9.81]",0.005437225519224655,2.3380069732666016,7.895,1.8272269517860482,0.005455134081286054,0.0006214530597532979,2.345707654953003,0.26722481569391804,COMPLETE
477,16.705,2025-06-13 17:16:25.484427,2025-06-13 17:16:29.551921,0 days 00:00:04.067494,28,0.7342840810771636,0.13282706898454985,0.9233645822139648,0.054742955199843076,450,4777785.0,16.705,0.9193793196136905,0.7726666666666665,0.09206278051175487,450.0,6.0,15.940000000000001,"[0.607, 0.9870000000000001]",4777785.0,"[6.07, 9.870000000000001]",0.007332392268710667,3.2995765209198,17.0,"[0.853, 0.8469999999999999]",4778785.0,"[8.53, 8.469999999999999]",0.006839981079101562,3.077991485595703,18.36,"[0.8559999999999999, 0.9800000000000001]",4779785.0,"[8.559999999999999, 9.8]",0.005041515562269423,2.2686820030212402,15.91,"[0.7309999999999999, 0.86]",4780785.0,"[7.309999999999999, 8.6]",0.006362202432420519,2.8629910945892334,17.2,"[0.7339999999999999, 0.9860000000000001]",4781785.0,"[7.339999999999999, 9.860000000000001]",0.00508882310655382,2.2899703979492188,15.82,"[0.8549999999999999, 0.727]",4782785.0,"[8.549999999999999, 7.27]",0.007149438858032226,3.217247486114502,7.726666666666666,0.9206278051175485,0.006302392217848035,0.0009249799177465024,2.836076498031616,0.4162409629859261,COMPLETE
478,14.299999999999999,2025-06-13 17:16:29.632994,2025-06-13 17:16:33.221924,0 days 00:00:03.588930,31,0.7703995759970018,0.11959617525983204,0.9132027895735025,0.038796859970038115,426,4787789.0,14.299999999999999,3.0907819938218446,0.7494999999999999,0.2148214374777341,420.0,6.0,15.830000000000002,"[0.8560000000000001, 0.7270000000000001]",4787789.0,"[8.56, 7.270000000000001]",0.005279386043548584,2.2173421382904053,13.25,"[0.85, 0.475]",4788789.0,"[8.5, 4.75]",0.006128284477052235,2.5738794803619385,18.38,"[0.991, 0.8469999999999999]",4789789.0,"[9.91, 8.469999999999999]",0.006773073332650321,2.8446907997131348,9.409999999999998,"[0.34699999999999986, 0.594]",4790789.0,"[3.469999999999999, 5.9399999999999995]",0.006173302446092878,2.592787027359009,17.04,"[0.8569999999999999, 0.8470000000000001]",4791789.0,"[8.569999999999999, 8.47]",0.005149720963977632,2.1628828048706055,11.889999999999999,"[0.5959999999999999, 0.5929999999999999]",4792789.0,"[5.959999999999999, 5.929999999999999]",0.0063645885104224795,2.6731271743774414,7.495,2.148214374777341,0.005978059295624022,0.000579716647846472,2.510784904162089,0.24348099209551824,COMPLETE
479,15.566666666666665,2025-06-13 17:16:33.296909,2025-06-13 17:16:37.671319,0 days 00:00:04.374410,30,0.7450797361770819,0.12254918857893053,0.9426988888807187,0.06002096467001167,435,4797793.0,15.566666666666665,2.484429288365617,0.8104999999999999,0.11975356640479094,430.0,6.0,15.81,"[0.733, 0.8480000000000001]",4797793.0,"[7.33, 8.48]",0.00711698476658311,3.0603034496307373,15.799999999999999,"[0.853, 0.727]",4798793.0,"[8.53, 7.27]",0.006340022419774255,2.7262096405029297,11.95,"[0.8539999999999999, 0.34099999999999997]",4799793.0,"[8.54, 3.4099999999999997]",0.008373473965844442,3.6005938053131104,16.98,"[0.8460000000000001, 0.852]",4800793.0,"[8.46, 8.52]",0.007141744258791901,3.0709500312805176,19.619999999999997,"[0.9810000000000001, 0.9810000000000001]",4801793.0,"[9.81, 9.81]",0.005834215740824855,2.5087127685546875,13.24,"[0.596, 0.728]",4802793.0,"[5.96, 7.279999999999999]",0.007177964476651924,3.086524724960327,8.105,1.1975356640479091,0.006997400938078414,0.0007901963653547728,3.0088824033737183,0.33978443710255235,COMPLETE
480,17.033333333333328,2025-06-13 17:16:37.750525,2025-06-13 17:16:41.981266,0 days 00:00:04.230741,32,0.7632938799680035,0.12701043673224563,0.9071622285268552,0.06834542884522644,417,4807797.0,17.033333333333328,1.9637945128981518,0.8291666666666665,0.0912531582406269,410.0,6.0,17.16,"[0.858, 0.858]",4807797.0,"[8.58, 8.58]",0.007675081346093154,3.1467833518981934,18.159999999999997,"[0.8379999999999999, 0.978]",4808797.0,"[8.379999999999999, 9.78]",0.008442180912669113,3.461294174194336,17.02,"[0.849, 0.853]",4809797.0,"[8.49, 8.53]",0.00751977141310529,3.083106279373169,17.099999999999998,"[0.7249999999999999, 0.985]",4810797.0,"[7.249999999999998, 9.85]",0.007896436133035799,3.2375388145446777,19.619999999999997,"[0.9879999999999999, 0.974]",4811797.0,"[9.879999999999999, 9.74]",0.005577493876945682,2.2867724895477295,13.139999999999997,"[0.7169999999999999, 0.5969999999999999]",4812797.0,"[7.169999999999998, 5.969999999999999]",0.006294879680726586,2.5809006690979004,8.291666666666666,0.9125315824062692,0.007234307227095939,0.0009832513874866598,2.9660659631093345,0.4031330688695306,COMPLETE
481,15.784999999999997,2025-06-13 17:16:46.218978,2025-06-13 17:16:50.152480,0 days 00:00:03.933502,30,0.8056938870459502,0.15038267719467283,0.9538079731929192,0.045314188509376796,442,4817806.0,15.784999999999997,1.243097609468647,0.7713333333333333,0.09291513451651581,440.0,6.0,14.58,"[0.7340000000000001, 0.724]",4817806.0,"[7.340000000000001, 7.24]",0.005276356502012773,2.32159686088562,18.229999999999997,"[0.9790000000000001, 0.844]",4818806.0,"[9.790000000000001, 8.44]",0.007150139591910623,3.146061420440674,15.819999999999999,"[0.732, 0.8499999999999999]",4819806.0,"[7.32, 8.499999999999998]",0.0064318261363289575,2.830003499984741,14.429999999999998,"[0.7300000000000001, 0.713]",4820806.0,"[7.300000000000001, 7.13]",0.005367831208489158,2.3618457317352295,15.799999999999997,"[0.728, 0.852]",4821806.0,"[7.279999999999999, 8.52]",0.0048640868880532005,2.140198230743408,15.850000000000001,"[0.7249999999999999, 0.86]",4822806.0,"[7.249999999999998, 8.6]",0.0050764869559894905,2.233654260635376,7.713333333333334,0.9291513451651583,0.0056944545471307,0.0008180891336698572,2.5055600007375083,0.3599592188147371,COMPLETE
482,16.115,2025-06-13 17:16:50.234749,2025-06-13 17:16:53.671967,0 days 00:00:03.437218,22,0.9003992975364913,0.13162702441355334,0.9445828022153453,0.002307609113144635,409,4827810.0,16.115,1.7940619647418352,0.8073333333333333,0.11214078453245972,400.0,6.0,18.41,"[0.9800000000000001, 0.861]",4827810.0,"[9.8, 8.61]",0.004852955937385559,1.9411823749542236,14.92,"[0.751, 0.7410000000000001]",4828810.0,"[7.51, 7.410000000000001]",0.005146480798721313,2.0585923194885254,16.12,"[0.7450000000000001, 0.867]",4829810.0,"[7.450000000000001, 8.67]",0.004833638072013855,1.933455228805542,14.94,"[0.8699999999999999, 0.6239999999999999]",4830810.0,"[8.7, 6.239999999999998]",0.005281813144683838,2.112725257873535,18.52,"[0.867, 0.985]",4831810.0,"[8.67, 9.85]",0.006504093408584595,2.601637363433838,13.78,"[0.631, 0.7470000000000001]",4832810.0,"[6.3100000000000005, 7.470000000000001]",0.005291413068771362,2.116565227508545,8.073333333333336,1.121407845324597,0.005318399071693421,0.0005611185652502554,2.127359628677368,0.22444742610010215,COMPLETE
483,15.951666666666668,2025-06-13 17:16:53.758946,2025-06-13 17:16:57.253962,0 days 00:00:03.495016,27,0.8285134578286424,0.14474940952751925,0.9181963046817241,0.05083228093955899,452,4837813.0,15.951666666666668,3.128814560749094,0.7763333333333334,0.1701642996897084,450.0,6.0,18.459999999999997,"[0.857, 0.9890000000000001]",4837813.0,"[8.57, 9.89]",0.0048199780782063805,2.168990135192871,18.45,"[0.8660000000000002, 0.9790000000000001]",4838813.0,"[8.660000000000002, 9.790000000000001]",0.0047951783074273,2.157830238342285,19.68,"[0.9870000000000001, 0.9810000000000001]",4839813.0,"[9.870000000000001, 9.81]",0.00471054130130344,2.119743585586548,13.5,"[0.613, 0.737]",4840813.0,"[6.13, 7.37]",0.005372301207648383,2.4175355434417725,11.000000000000004,"[0.4880000000000001, 0.6119999999999999]",4841813.0,"[4.880000000000001, 6.119999999999999]",0.005698113971286349,2.5641512870788574,14.620000000000001,"[0.8469999999999999, 0.615]",4842813.0,"[8.469999999999999, 6.15]",0.00598073853386773,2.6913323402404785,7.7633333333333345,1.7016429968970839,0.00522947523328993,0.0004881960395339113,2.3532638549804688,0.2196882177902602,COMPLETE
484,16.838333333333335,2025-06-13 17:16:57.330043,2025-06-13 17:17:00.663911,0 days 00:00:03.333868,29,0.7917615628799999,0.13804573004078957,0.9220340236902846,0.059933601351828555,422,4847817.0,16.838333333333335,1.1176674619740687,0.8526666666666668,0.07028197176769836,420.0,6.0,14.579999999999998,"[0.861, 0.597]",4847817.0,"[8.61, 5.97]",0.005620905331202916,2.3607802391052246,16.959999999999997,"[0.9719999999999999, 0.724]",4848817.0,"[9.719999999999999, 7.24]",0.005932180086771647,2.491515636444092,16.95,"[0.8530000000000001, 0.842]",4849817.0,"[8.530000000000001, 8.42]",0.004900196052732922,2.058082342147827,17.12,"[0.729, 0.983]",4850817.0,"[7.29, 9.83]",0.004894891807011196,2.055854558944702,18.33,"[0.8539999999999999, 0.9789999999999999]",4851817.0,"[8.54, 9.79]",0.004609676769801549,1.9360642433166504,17.090000000000003,"[0.8470000000000001, 0.8620000000000001]",4852817.0,"[8.47, 8.620000000000001]",0.00433404388881865,1.820298433303833,8.526666666666666,0.7028197176769837,0.005048648989389813,0.0005563483809109925,2.1204325755437217,0.23366631998261694,COMPLETE
485,17.873333333333335,2025-06-13 17:17:00.773833,2025-06-13 17:17:04.195734,0 days 00:00:03.421901,35,0.7510951702977692,0.034112181243968434,0.9710697296193994,0.06976207542195978,437,4857820.0,17.873333333333335,1.4038360144815902,0.8728333333333333,0.0881389370381911,430.0,6.0,19.43,"[0.975, 0.968]",4857820.0,"[9.75, 9.68]",0.005082370514093443,2.1854193210601807,15.72,"[0.849, 0.723]",4858820.0,"[8.49, 7.2299999999999995]",0.0054948923199675806,2.3628036975860596,18.41,"[0.8520000000000001, 0.9890000000000001]",4859820.0,"[8.520000000000001, 9.89]",0.004553569194882415,1.9580347537994385,16.99,"[0.8560000000000001, 0.843]",4860820.0,"[8.56, 8.43]",0.0054091780684715094,2.325946569442749,17.07,"[0.7220000000000001, 0.985]",4861820.0,"[7.220000000000001, 9.85]",0.004951989373495412,2.1293554306030273,19.62,"[0.983, 0.9789999999999999]",4862820.0,"[9.83, 9.79]",0.0042544758597085645,1.8294246196746826,8.728333333333333,0.8813893703819111,0.004957745888436488,0.00044080027030040086,2.1318307320276895,0.18954411622917242,COMPLETE
486,15.903333333333336,2025-06-13 17:17:08.494734,2025-06-13 17:17:11.576569,0 days 00:00:03.081835,35,0.757625152017232,0.03401011779672751,0.9711289686824666,0.07064430738709114,446,4867828.0,15.903333333333336,1.2473527523875878,0.8300000000000001,0.12092697520955918,440.0,6.0,14.28,"[0.583, 0.845]",4867828.0,"[5.83, 8.45]",0.004897113279862838,2.1547298431396484,17.07,"[0.8540000000000001, 0.853]",4868828.0,"[8.540000000000001, 8.53]",0.004081312634728171,1.7957775592803955,17.03,"[0.8549999999999999, 0.8480000000000001]",4869828.0,"[8.549999999999999, 8.48]",0.004644010825590654,2.0433647632598877,17.080000000000002,"[0.9870000000000001, 0.7210000000000001]",4870828.0,"[9.870000000000001, 7.210000000000001]",0.004231547225605358,1.8618807792663574,15.68,"[0.8550000000000001, 0.713]",4871828.0,"[8.55, 7.13]",0.004540621692484075,1.9978735446929932,14.28,"[0.8460000000000001, 0.5820000000000001]",4872828.0,"[8.46, 5.82]",0.004971267960288308,2.1873579025268555,8.3,1.2092697520955917,0.004560978936426568,0.00032332571426180786,2.0068307320276895,0.14226331427519542,COMPLETE
487,15.903333333333336,2025-06-13 17:17:11.650547,2025-06-13 17:17:14.888322,0 days 00:00:03.237775,34,0.7706441404524769,0.0175701927870843,0.9759631310079812,0.07439010872973446,438,4877831.0,15.903333333333336,2.6707281570554677,0.7435,0.2045586712901705,430.0,6.0,11.67,"[0.45899999999999996, 0.708]",4877831.0,"[4.59, 7.08]",0.005612101111301156,2.413203477859497,17.15,"[0.857, 0.858]",4878831.0,"[8.57, 8.58]",0.004550598388494447,1.9567573070526123,16.930000000000003,"[0.8459999999999999, 0.8469999999999999]",4879831.0,"[8.459999999999999, 8.469999999999999]",0.004726235256638638,2.0322811603546143,19.490000000000002,"[0.9810000000000001, 0.9680000000000002]",4880831.0,"[9.81, 9.680000000000001]",0.004590696512266647,1.9739995002746582,13.079999999999998,"[0.46399999999999997, 0.8440000000000001]",4881831.0,"[4.64, 8.440000000000001]",0.005005835377892782,2.1525092124938965,17.1,"[0.8540000000000001, 0.8560000000000001]",4882831.0,"[8.540000000000001, 8.56]",0.004250657835672068,1.8277828693389893,7.435,2.0455867129017045,0.004789354080377623,0.0004309724602206383,2.059422254562378,0.1853181578948744,COMPLETE
488,15.521666666666668,2025-06-13 17:17:14.967268,2025-06-13 17:17:18.478311,0 days 00:00:03.511043,27,0.8208946126398914,0.027140478613269577,0.9689903563611502,0.0874398775418345,456,4887835.0,15.521666666666668,2.9980683596090487,0.7779999999999999,0.18362370943499284,450.0,6.0,14.770000000000001,"[0.6159999999999999, 0.861]",4887835.0,"[6.159999999999998, 8.61]",0.004920117590162489,2.21405291557312,14.710000000000003,"[0.7369999999999999, 0.734]",4888835.0,"[7.369999999999999, 7.34]",0.0060876772138807505,2.739454746246338,18.470000000000002,"[0.984, 0.8629999999999999]",4889835.0,"[9.84, 8.629999999999999]",0.005214065975613065,2.346329689025879,18.45,"[0.9880000000000001, 0.857]",4890835.0,"[9.88, 8.57]",0.004797645674811469,2.158940553665161,16.98,"[0.852, 0.8460000000000001]",4891835.0,"[8.52, 8.46]",0.005475365850660536,2.463914632797241,9.75,"[0.49099999999999994, 0.484]",4892835.0,"[4.909999999999999, 4.84]",0.0056543260150485565,2.5444467067718506,7.7799999999999985,1.8362370943499284,0.005358199720029477,0.00043978544488626877,2.411189874013265,0.19790345019882105,COMPLETE
489,15.673333333333332,2025-06-13 17:17:18.558311,2025-06-13 17:17:22.448328,0 days 00:00:03.890017,35,0.9985416403285287,0.03259792695697174,0.9731581437861482,0.06581144380124215,437,4897838.0,15.673333333333332,2.1262146855124695,0.7861666666666668,0.10092970601143926,430.0,6.0,18.32,"[0.9850000000000001, 0.8469999999999999]",4897838.0,"[9.850000000000001, 8.469999999999999]",0.005778579379236975,2.4847891330718994,16.95,"[0.851, 0.844]",4898838.0,"[8.51, 8.44]",0.0059122057848198465,2.542248487472534,11.759999999999998,"[0.721, 0.45499999999999996]",4899838.0,"[7.21, 4.55]",0.006946218290994333,2.9868738651275635,14.420000000000002,"[0.7200000000000001, 0.7220000000000001]",4900838.0,"[7.200000000000001, 7.220000000000001]",0.006280635124029115,2.7006731033325195,16.939999999999998,"[0.721, 0.9730000000000001]",4901838.0,"[7.21, 9.73]",0.006130304447440214,2.636030912399292,15.65,"[0.7190000000000001, 0.8459999999999999]",4902838.0,"[7.190000000000001, 8.459999999999999]",0.006074561629184457,2.6120615005493164,7.861666666666667,1.0092970601143927,0.006187084109284156,0.00037491242187536676,2.6604461669921875,0.16121234140640772,COMPLETE
490,15.436666666666667,2025-06-13 17:17:22.543578,2025-06-13 17:17:26.291857,0 days 00:00:03.748279,35,0.8403504962761166,0.030420154124040782,0.9672143239528407,0.07790830479511451,446,4907842.0,15.436666666666667,3.227055761664012,0.7601666666666667,0.18214958748847665,440.0,6.0,16.96,"[0.849, 0.8469999999999999]",4907842.0,"[8.49, 8.469999999999999]",0.005982818928631869,2.6324403285980225,18.360000000000003,"[0.9799999999999999, 0.8560000000000001]",4908842.0,"[9.799999999999999, 8.56]",0.0049028179862282495,2.1572399139404297,9.009999999999998,"[0.583, 0.31799999999999995]",4909842.0,"[5.83, 3.1799999999999997]",0.006032939390702681,2.6544933319091797,14.26,"[0.45099999999999996, 0.975]",4910842.0,"[4.51, 9.75]",0.0058145447210832075,2.5583996772766113,18.42,"[0.8559999999999999, 0.9860000000000001]",4911842.0,"[8.559999999999999, 9.860000000000001]",0.0048155221072110265,2.1188297271728516,15.61,"[0.842, 0.7190000000000001]",4912842.0,"[8.42, 7.190000000000001]",0.006236180392178622,2.7439193725585938,7.601666666666667,1.8214958748847667,0.005630803921005943,0.0005598387881321279,2.4775537252426147,0.2463290667781363,COMPLETE
491,16.82166666666667,2025-06-13 17:17:30.660997,2025-06-13 17:17:34.075800,0 days 00:00:03.414803,31,0.7528235709395976,0.03881340803495854,0.915905064180223,0.09983689975665921,494,4917850.0,16.82166666666667,1.1705898323305024,0.852,0.07408553615022753,490.0,6.0,17.04,"[0.8530000000000001, 0.851]",4917850.0,"[8.530000000000001, 8.51]",0.004887546811785016,2.394897937774658,14.38,"[0.722, 0.716]",4918850.0,"[7.22, 7.16]",0.00511395736616485,2.5058391094207764,17.040000000000003,"[0.8470000000000001, 0.857]",4919850.0,"[8.47, 8.57]",0.004649224086683623,2.2781198024749756,17.080000000000002,"[0.9780000000000001, 0.7299999999999999]",4920850.0,"[9.780000000000001, 7.299999999999999]",0.004934236954669563,2.417776107788086,17.16,"[0.8629999999999999, 0.8530000000000001]",4921850.0,"[8.629999999999999, 8.530000000000001]",0.005366279640976263,2.629477024078369,18.229999999999997,"[0.8489999999999999, 0.974]",4922850.0,"[8.489999999999998, 9.74]",0.004436687547333387,2.1739768981933594,8.519999999999998,0.7408553615022754,0.004897988734602118,0.00030056735946415496,2.4000144799550376,0.14727800613743597,COMPLETE
492,14.540000000000001,2025-06-13 17:17:34.157915,2025-06-13 17:17:37.716552,0 days 00:00:03.558637,29,0.7642218675317023,0.03563190672666708,0.9709390731607642,0.06970159897689375,458,4927854.0,14.540000000000001,2.913096863019377,0.7506666666666666,0.16887339110180216,450.0,6.0,17.03,"[0.983, 0.7199999999999998]",4927854.0,"[9.83, 7.1999999999999975]",0.0053891626993815105,2.4251232147216797,15.85,"[0.7289999999999999, 0.8559999999999999]",4928854.0,"[7.289999999999999, 8.559999999999999]",0.0048328314887152776,2.174774169921875,14.600000000000001,"[0.48199999999999993, 0.978]",4929854.0,"[4.819999999999999, 9.78]",0.005549600919087728,2.4973204135894775,15.89,"[0.8569999999999999, 0.732]",4930854.0,"[8.569999999999999, 7.32]",0.005475817256503635,2.4641177654266357,8.219999999999999,"[0.8530000000000001, -0.031000000000000073]",4931854.0,"[8.530000000000001, -0.3100000000000007]",0.0060601864920722115,2.727083921432495,15.649999999999999,"[0.5999999999999999, 0.9650000000000001]",4932854.0,"[5.999999999999998, 9.65]",0.00561240832010905,2.5255837440490723,7.506666666666667,1.6887339110180217,0.005486667862644903,0.0003618982009089485,2.469000538190206,0.16285419040902677,COMPLETE
493,16.323333333333334,2025-06-13 17:17:37.797678,2025-06-13 17:17:41.438388,0 days 00:00:03.640710,35,0.8867240395589345,0.026896422186691287,0.9106404542816111,0.08708563375649336,429,4937857.0,16.323333333333334,2.1192661203560275,0.7846666666666665,0.14881718837404367,420.0,6.0,16.99,"[0.8550000000000001, 0.844]",4937857.0,"[8.55, 8.44]",0.005699350152696882,2.3937270641326904,17.04,"[0.8540000000000001, 0.85]",4938857.0,"[8.540000000000001, 8.5]",0.0059994987079075406,2.519789457321167,13.04,"[0.5819999999999999, 0.722]",4939857.0,"[5.8199999999999985, 7.22]",0.006787389232998802,2.850703477859497,14.36,"[0.5879999999999999, 0.8480000000000001]",4940857.0,"[5.879999999999999, 8.48]",0.005779400893620082,2.4273483753204346,16.86,"[0.845, 0.841]",4941857.0,"[8.45, 8.41]",0.005387750126066662,2.262855052947998,19.65,"[0.9840000000000002, 0.9809999999999999]",4942857.0,"[9.840000000000002, 9.809999999999999]",0.005072442122868129,2.1304256916046143,7.846666666666668,1.4881718837404363,0.005787638539359682,0.0005359828255526243,2.430808186531067,0.22511278673210217,COMPLETE
494,14.656666666666666,2025-06-13 17:17:41.516379,2025-06-13 17:17:45.061076,0 days 00:00:03.544697,28,0.813529819354804,0.11518051201934527,0.9771598924290529,0.0015810393700219757,485,4947861.0,14.656666666666666,1.2688533756462521,0.7538333333333332,0.13357072616740875,480.0,6.0,13.400000000000002,"[0.61, 0.7300000000000001]",4947861.0,"[6.1, 7.300000000000001]",0.005290199319521586,2.5392956733703613,14.690000000000001,"[0.736, 0.733]",4948861.0,"[7.359999999999999, 7.33]",0.0057518213987350466,2.7608742713928223,13.41,"[0.7309999999999999, 0.61]",4949861.0,"[7.309999999999999, 6.1]",0.005335452159245809,2.5610170364379883,17.21,"[0.983, 0.738]",4950861.0,"[9.83, 7.38]",0.0057211235165596005,2.7461392879486084,14.65,"[0.858, 0.607]",4951861.0,"[8.58, 6.07]",0.0052330394585927325,2.5118589401245117,14.579999999999998,"[0.6049999999999999, 0.8530000000000001]",4952861.0,"[6.049999999999999, 8.530000000000001]",0.005521267155806224,2.6502082347869873,7.538333333333331,1.3357072616740877,0.0054754838347435,0.0002047420785174503,2.62823224067688,0.09827619768837614,COMPLETE
495,16.248333333333335,2025-06-13 17:17:45.147398,2025-06-13 17:17:49.103260,0 days 00:00:03.955862,36,0.8013872597389471,0.03576166537927282,0.9698149340692284,0.05890909948782113,451,4957865.0,16.248333333333335,1.2355756643047895,0.7583333333333333,0.09597163932931213,450.0,6.0,16.990000000000002,"[0.851, 0.8479999999999999]",4957865.0,"[8.51, 8.479999999999999]",0.0063092973497178816,2.839183807373047,14.38,"[0.5909999999999999, 0.8469999999999999]",4958865.0,"[5.909999999999998, 8.469999999999999]",0.006960683928595649,3.132307767868042,18.18,"[0.8370000000000001, 0.9810000000000001]",4959865.0,"[8.370000000000001, 9.81]",0.006135367817348904,2.760915517807007,16.85,"[0.8480000000000001, 0.837]",4960865.0,"[8.48, 8.37]",0.007024167908562555,3.1608755588531494,15.680000000000001,"[0.717, 0.8510000000000002]",4961865.0,"[7.17, 8.510000000000002]",0.006253205935160319,2.8139426708221436,15.41,"[0.7059999999999998, 0.835]",4962865.0,"[7.059999999999999, 8.35]",0.0068151818381415475,3.0668318271636963,7.583333333333333,0.9597163932931213,0.006582984129587809,0.0003594520169267819,2.962342858314514,0.1617534076170518,COMPLETE
496,14.901666666666669,2025-06-13 17:17:53.576999,2025-06-13 17:17:57.268050,0 days 00:00:03.691051,26,0.6855532052954378,0.1254022509012026,0.9650736381030913,0.0026961572837739573,438,4967873.0,14.901666666666669,3.325003341685872,0.7543333333333334,0.16003714846525127,430.0,6.0,12.21,"[0.6130000000000001, 0.608]",4967873.0,"[6.130000000000001, 6.08]",0.006070709228515625,2.6104049682617188,12.209999999999999,"[0.7290000000000001, 0.492]",4968873.0,"[7.290000000000001, 4.92]",0.005864185510679733,2.521599769592285,12.34,"[0.624, 0.61]",4969873.0,"[6.24, 6.1]",0.00543617703193842,2.3375561237335205,13.530000000000001,"[0.6130000000000001, 0.74]",4970873.0,"[6.130000000000001, 7.4]",0.005459991721219795,2.3477964401245117,19.56,"[0.97, 0.9860000000000001]",4971873.0,"[9.7, 9.860000000000001]",0.004655755397885345,2.0019748210906982,19.56,"[0.9770000000000001, 0.9790000000000001]",4972873.0,"[9.770000000000001, 9.790000000000001]",0.004628406014553336,1.9902145862579346,7.543333333333336,1.600371484652513,0.005352537484132042,0.0005486298092331157,2.3015911181767783,0.2359108179702396,COMPLETE
497,16.026666666666667,2025-06-13 17:17:57.404021,2025-06-13 17:18:01.019818,0 days 00:00:03.615797,23,0.7508329707602334,0.11036634315853079,0.9739587484973626,0.07467312131351238,383,4977877.0,16.026666666666667,3.1184166210149376,0.7826666666666667,0.18337999406211744,380.0,6.0,17.18,"[0.86, 0.858]",4977877.0,"[8.6, 8.58]",0.00507163687756187,1.9272220134735107,18.349999999999998,"[0.985, 0.85]",4978877.0,"[9.85, 8.5]",0.005944708146547017,2.258989095687866,15.96,"[0.737, 0.859]",4979877.0,"[7.37, 8.59]",0.005432523551740145,2.064358949661255,10.05,"[0.499, 0.5060000000000001]",4980877.0,"[4.99, 5.060000000000001]",0.00724961381209524,2.7548532485961914,14.799999999999999,"[0.619, 0.861]",4981877.0,"[6.1899999999999995, 8.61]",0.005315654528768439,2.019948720932007,19.82,"[0.9960000000000001, 0.9860000000000001]",4982877.0,"[9.96, 9.860000000000001]",0.0042592638417294154,1.6185202598571777,7.826666666666667,1.8337999406211742,0.005545566793073688,0.000913593028854747,2.1073153813680015,0.34716535096480394,COMPLETE
498,11.6,2025-06-13 17:18:01.109014,2025-06-13 17:18:05.912771,0 days 00:00:04.803757,34,0.7763440025177247,0.03825827715812604,0.9711737470809314,0.0004996449446310861,431,4987881.0,11.6,5.16471360935596,0.5271666666666667,0.2501835437345062,430.0,6.0,3.949999999999999,"[0.32999999999999996, 0.06499999999999992]",4987881.0,"[3.3, 0.6499999999999992]",0.008996029787285384,3.868292808532715,19.73,"[0.991, 0.982]",4988881.0,"[9.91, 9.82]",0.00714312098747076,3.0715420246124268,7.869999999999999,"[0.19799999999999993, 0.589]",4989881.0,"[1.9799999999999993, 5.89]",0.008399054061534792,3.611593246459961,14.430000000000001,"[0.593, 0.85]",4990881.0,"[5.93, 8.5]",0.008329364310863407,3.5816266536712646,9.22,"[0.45899999999999996, 0.46299999999999997]",4991881.0,"[4.59, 4.63]",0.009309042886246082,4.002888441085815,14.400000000000002,"[0.592, 0.8479999999999999]",4992881.0,"[5.92, 8.479999999999999]",0.008932312699251396,3.8408944606781006,5.271666666666666,2.5018354373450618,0.008518154122108637,0.0007030813198863339,3.662806272506714,0.3023249675511237,COMPLETE
499,15.113333333333332,2025-06-13 17:18:06.001216,2025-06-13 17:18:09.799599,0 days 00:00:03.798383,31,0.7889765162630166,0.02916162693981763,0.9668958128341444,0.050451180284822136,446,4997886.0,15.113333333333332,3.0109116375092935,0.7258333333333332,0.18220630858696663,440.0,6.0,9.389999999999999,"[0.3389999999999999, 0.6000000000000001]",4997886.0,"[3.3899999999999992, 6.000000000000001]",0.006455288691954179,2.840327024459839,18.360000000000003,"[0.8540000000000001, 0.9820000000000002]",4998886.0,"[8.540000000000001, 9.820000000000002]",0.006310183893550526,2.7764809131622314,13.239999999999998,"[0.7249999999999999, 0.599]",4999886.0,"[7.249999999999998, 5.99]",0.0065812804482199925,2.895763397216797,17.01,"[0.857, 0.8439999999999998]",5000886.0,"[8.57, 8.439999999999998]",0.005469794706864791,2.406709671020508,17.04,"[0.852, 0.852]",5001886.0,"[8.52, 8.52]",0.0052711318839680065,2.319298028945923,15.639999999999999,"[0.7279999999999999, 0.836]",5002886.0,"[7.2799999999999985, 8.36]",0.006147960099306973,2.7051024436950684,7.258333333333333,1.8220630858696663,0.006039273287310745,0.0004943671085621735,2.6572802464167276,0.2175215277673564,COMPLETE
500,15.623333333333335,2025-06-13 17:18:09.885237,2025-06-13 17:18:13.743458,0 days 00:00:03.858221,30,0.9376511396731958,0.1296025960918682,0.9723726873792309,0.06354577430872363,481,5007890.0,15.623333333333335,2.6737780178782398,0.7706666666666666,0.15981412814753132,480.0,6.0,18.330000000000002,"[0.9790000000000001, 0.8539999999999999]",5007890.0,"[9.790000000000001, 8.54]",0.005765074988206228,2.7672359943389893,14.58,"[0.73, 0.728]",5008890.0,"[7.3, 7.279999999999999]",0.0057041898369789125,2.738011121749878,10.74,"[0.46799999999999997, 0.6060000000000001]",5009890.0,"[4.68, 6.0600000000000005]",0.006325727701187134,3.036349296569824,17.14,"[0.732, 0.982]",5010890.0,"[7.32, 9.82]",0.006071768701076508,2.9144489765167236,14.620000000000001,"[0.8560000000000001, 0.6060000000000001]",5011890.0,"[8.56, 6.0600000000000005]",0.006472626328468322,3.106860637664795,18.33,"[0.8589999999999998, 0.9740000000000002]",5012890.0,"[8.589999999999998, 9.740000000000002]",0.005413212378819783,2.598341941833496,7.706666666666666,1.598141281475313,0.005958766655789482,0.00036774921757696405,2.860207994778951,0.17651962443694277,COMPLETE
501,16.741666666666664,2025-06-13 17:18:18.070097,2025-06-13 17:18:21.761563,0 days 00:00:03.691466,34,0.9165077900906661,0.12184181658649386,0.9399480750416899,0.08662976742585392,459,5017898.0,16.741666666666664,0.874974602806023,0.8931666666666667,0.09526352339111173,450.0,6.0,17.0,"[0.857, 0.843]",5017898.0,"[8.57, 8.43]",0.005511584811740452,2.480213165283203,15.709999999999999,"[0.982, 0.589]",5018898.0,"[9.82, 5.89]",0.00539139641655816,2.426128387451172,18.180000000000003,"[0.9730000000000001, 0.845]",5019898.0,"[9.73, 8.45]",0.005871411959330241,2.6421353816986084,15.61,"[0.72, 0.841]",5020898.0,"[7.199999999999999, 8.41]",0.0059595961040920685,2.6818182468414307,17.02,"[0.85, 0.852]",5021898.0,"[8.5, 8.52]",0.005520322587754992,2.484145164489746,16.93,"[0.977, 0.716]",5022898.0,"[9.77, 7.16]",0.005743295351664225,2.5844829082489014,8.931666666666667,0.9526352339111174,0.00566626787185669,0.00020609058407796045,2.5498205423355103,0.09274076283508222,COMPLETE
502,15.678333333333335,2025-06-13 17:18:21.891470,2025-06-13 17:18:25.367064,0 days 00:00:03.475594,28,0.8217102919076482,0.10531757386147068,0.91686470118427,0.013267415853335773,430,5027902.0,15.678333333333335,1.8054493131135576,0.7115,0.13252641246181834,430.0,6.0,15.89,"[0.732, 0.8569999999999999]",5027902.0,"[7.32, 8.569999999999999]",0.0049469448799310724,2.1271862983703613,18.299999999999997,"[0.8560000000000001, 0.974]",5028902.0,"[8.56, 9.74]",0.005108316000117812,2.196575880050659,13.430000000000003,"[0.6059999999999999, 0.7369999999999999]",5029902.0,"[6.059999999999999, 7.369999999999999]",0.00549098391865575,2.3611230850219727,15.95,"[0.736, 0.859]",5030902.0,"[7.359999999999999, 8.59]",0.004892566037732501,2.1038033962249756,17.14,"[0.8549999999999999, 0.859]",5031902.0,"[8.549999999999999, 8.59]",0.005066137535627498,2.178439140319824,13.360000000000001,"[0.484, 0.852]",5032902.0,"[4.84, 8.52]",0.006119718662528105,2.631479024887085,7.114999999999999,1.3252641246181835,0.00527077783909879,0.0004253184481900291,2.2664344708124795,0.18288693272171244,COMPLETE
503,14.604999999999999,2025-06-13 17:18:25.446755,2025-06-13 17:18:29.065002,0 days 00:00:03.618247,33,0.7646198853541065,0.10120709369401532,0.9694257163272325,0.07893683630413358,499,5037905.0,14.604999999999999,3.2539501635192063,0.8275,0.1347624453127305,490.0,6.0,16.86,"[0.968, 0.7179999999999997]",5037905.0,"[9.68, 7.179999999999998]",0.005262231826782227,2.578493595123291,14.420000000000002,"[0.8550000000000001, 0.587]",5038905.0,"[8.55, 5.869999999999999]",0.0050007343292236325,2.45035982131958,18.25,"[0.9780000000000001, 0.8470000000000001]",5039905.0,"[9.780000000000001, 8.47]",0.005054061753409249,2.4764902591705322,7.979999999999999,"[0.595, 0.20299999999999993]",5040905.0,"[5.949999999999999, 2.0299999999999994]",0.00544536357023278,2.6682281494140625,15.7,"[0.8480000000000001, 0.7219999999999999]",5041905.0,"[8.48, 7.219999999999999]",0.004905188813501475,2.4035425186157227,14.42,"[0.7209999999999999, 0.721]",5042905.0,"[7.209999999999999, 7.21]",0.0057461359062973335,2.8156065940856934,8.275,1.347624453127305,0.005235619366574449,0.00028943810202150186,2.5654534896214805,0.14182466999053592,COMPLETE
504,14.968333333333334,2025-06-13 17:18:29.142072,2025-06-13 17:18:32.914861,0 days 00:00:03.772789,35,0.8076003287177274,0.020922777316096795,0.9630657516535007,0.039104762678389096,439,5047909.0,14.968333333333334,2.4867208439138393,0.7595000000000001,0.16385435606049661,430.0,6.0,16.880000000000003,"[0.8460000000000001, 0.842]",5047909.0,"[8.46, 8.42]",0.005465473685153695,2.350153684616089,10.33,"[0.7140000000000001, 0.3189999999999999]",5048909.0,"[7.140000000000001, 3.189999999999999]",0.0061477694400521215,2.643540859222412,16.990000000000002,"[0.983, 0.716]",5049909.0,"[9.83, 7.16]",0.0056711884432060775,2.4386110305786133,15.709999999999999,"[0.716, 0.8550000000000001]",5050909.0,"[7.16, 8.55]",0.005230033120443654,2.2489142417907715,13.040000000000001,"[0.45499999999999996, 0.8489999999999999]",5051909.0,"[4.55, 8.489999999999998]",0.006499689124351324,2.7948663234710693,16.86,"[0.8430000000000002, 0.843]",5052909.0,"[8.430000000000001, 8.43]",0.0050504002460213596,2.1716721057891846,7.595,1.638543560604966,0.005677425676538038,0.0005059024894484941,2.4412930409113565,0.21753807046285248,COMPLETE
505,6.569999999999998,2025-06-13 17:18:33.023720,2025-06-13 17:18:35.316167,0 days 00:00:02.292447,32,0.8306982146867855,0.12820643218523395,0.9420295711145785,0.0001550508521996189,114,5057913.0,6.569999999999998,2.382176875604888,0.3816666666666666,0.17605365343806104,110.0,6.0,5.549999999999998,"[0.21199999999999997, 0.34299999999999997]",5057913.0,"[2.1199999999999997, 3.4299999999999997]",0.013454881581393156,1.480036973953247,10.569999999999999,"[0.7220000000000001, 0.3349999999999999]",5058913.0,"[7.220000000000001, 3.349999999999999]",0.013021174344149502,1.4323291778564453,6.799999999999999,"[0.469, 0.21099999999999994]",5059913.0,"[4.6899999999999995, 2.1099999999999994]",0.013406944274902344,1.4747638702392578,5.52,"[0.3419999999999999, 0.20999999999999996]",5060913.0,"[3.419999999999999, 2.0999999999999996]",0.012740388783541593,1.4014427661895752,2.889999999999999,"[0.2079999999999999, 0.08099999999999993]",5061913.0,"[2.079999999999999, 0.8099999999999994]",0.013630162585865368,1.4993178844451904,8.089999999999998,"[0.3369999999999999, 0.4719999999999998]",5062913.0,"[3.369999999999999, 4.719999999999998]",0.012435787374323064,1.367936611175537,3.8166666666666664,1.7605365343806105,0.01311488982402917,0.00042359768140158154,1.4426378806432087,0.04659574495417392,COMPLETE
506,14.709999999999999,2025-06-13 17:18:39.604698,2025-06-13 17:18:43.052583,0 days 00:00:03.447885,30,0.7786854003046032,0.032066347345681506,0.9452212357145615,0.06804659215241173,455,5067919.0,14.709999999999999,2.4842101360392195,0.7909999999999999,0.14270131977899395,450.0,6.0,13.169999999999998,"[0.849, 0.46799999999999997]",5067919.0,"[8.49, 4.68]",0.004952678150600858,2.2287051677703857,17.029999999999998,"[0.9810000000000001, 0.7220000000000001]",5068919.0,"[9.81, 7.220000000000001]",0.005339872572157118,2.402942657470703,11.849999999999998,"[0.595, 0.5899999999999999]",5069919.0,"[5.949999999999999, 5.899999999999999]",0.005811797247992622,2.6153087615966797,15.899999999999999,"[0.8690000000000001, 0.7209999999999999]",5070919.0,"[8.690000000000001, 7.209999999999999]",0.005303351084391276,2.386507987976074,12.05,"[0.6039999999999999, 0.601]",5071919.0,"[6.039999999999999, 6.01]",0.005769969092475043,2.5964860916137695,18.259999999999998,"[0.8480000000000001, 0.9780000000000001]",5072919.0,"[8.48, 9.780000000000001]",0.005147998068067762,2.316599130630493,7.909999999999999,1.4270131977899392,0.005387611035947446,0.00031147266208934063,2.424424966176351,0.1401626979402033,COMPLETE
507,13.87,2025-06-13 17:18:43.132644,2025-06-13 17:18:46.667276,0 days 00:00:03.534632,36,0.9714754882063652,0.1356223607170235,0.942912796078715,0.05565113123198006,374,5077923.0,13.87,2.538037299436976,0.6713333333333332,0.19831008267077319,370.0,6.0,16.950000000000003,"[0.8479999999999999, 0.8469999999999999]",5077923.0,"[8.479999999999999, 8.469999999999999]",0.0065589086429492845,2.4267961978912354,11.6,"[0.44799999999999995, 0.712]",5078923.0,"[4.4799999999999995, 7.119999999999999]",0.006768859399331583,2.5044779777526855,14.29,"[0.585, 0.844]",5079923.0,"[5.85, 8.44]",0.00726616704786146,2.6884818077087402,10.309999999999997,"[0.4509999999999998, 0.5799999999999998]",5080923.0,"[4.509999999999998, 5.799999999999999]",0.00701131111866719,2.5941851139068604,17.09,"[0.983, 0.726]",5081923.0,"[9.83, 7.26]",0.005687091157243059,2.1042237281799316,12.98,"[0.7129999999999999, 0.585]",5082923.0,"[7.129999999999999, 5.85]",0.006315837035308013,2.336859703063965,6.713333333333331,1.983100826707732,0.006601362400226764,0.0005094600699503168,2.442504088083903,0.18850022588161724,COMPLETE
508,17.533333333333335,2025-06-13 17:18:46.789134,2025-06-13 17:18:50.433166,0 days 00:00:03.644032,29,0.8476764654997062,0.13277217453917614,0.9390740081959739,0.044698485106919594,490,5087927.0,17.533333333333335,1.593587845781407,0.8559999999999999,0.1463773661920905,490.0,6.0,15.809999999999999,"[0.727, 0.8539999999999999]",5087927.0,"[7.27, 8.54]",0.005176784067737813,2.5366241931915283,19.68,"[0.9870000000000001, 0.9810000000000001]",5088927.0,"[9.870000000000001, 9.81]",0.004413178502296915,2.1624574661254883,15.859999999999998,"[0.6039999999999999, 0.982]",5089927.0,"[6.039999999999999, 9.82]",0.005194764721150301,2.5454347133636475,17.139999999999997,"[0.9800000000000001, 0.734]",5090927.0,"[9.8, 7.34]",0.005132089828958316,2.514724016189575,19.650000000000002,"[0.982, 0.983]",5091927.0,"[9.82, 9.83]",0.005217711779536033,2.5566787719726562,17.060000000000002,"[0.8559999999999999, 0.85]",5092927.0,"[8.559999999999999, 8.5]",0.005306799557744241,2.6003317832946777,8.56,1.4637736619209047,0.005073554742903936,0.000300015467004129,2.4860418240229287,0.14700757883202328,COMPLETE
509,16.50166666666667,2025-06-13 17:18:50.524727,2025-06-13 17:18:53.986571,0 days 00:00:03.461844,27,0.8525278782335457,0.13216007194895474,0.9395734995770126,0.03725553853452108,495,5097930.0,16.50166666666667,1.57699520889852,0.836,0.08521345746613818,490.0,6.0,14.750000000000002,"[0.735, 0.74]",5097930.0,"[7.35, 7.4]",0.00521103995186942,2.5534095764160156,18.47,"[0.8630000000000001, 0.984]",5098930.0,"[8.63, 9.84]",0.0044438318330414445,2.1774775981903076,17.099999999999998,"[0.857, 0.853]",5099930.0,"[8.57, 8.53]",0.004629367225024165,2.268389940261841,14.62,"[0.73, 0.732]",5100930.0,"[7.3, 7.32]",0.005146862536060567,2.5219626426696777,15.71,"[0.851, 0.72]",5101930.0,"[8.51, 7.199999999999999]",0.005388976116569675,2.6405982971191406,18.36,"[0.9800000000000001, 0.8559999999999999]",5102930.0,"[9.8, 8.559999999999999]",0.004462083018555933,2.1864206790924072,8.36,0.8521345746613816,0.0048803601135202004,0.00038025715710416345,2.3913764556248984,0.18632600698104004,COMPLETE
510,16.69666666666667,2025-06-13 17:18:54.064309,2025-06-13 17:18:57.423333,0 days 00:00:03.359024,28,0.8361240634843652,0.11806010370831449,0.9022592714993435,0.05134100473140161,487,5107934.0,16.69666666666667,2.526794192032444,0.835,0.08445511628472646,480.0,6.0,14.629999999999999,"[0.728, 0.7349999999999999]",5107934.0,"[7.279999999999999, 7.349999999999999]",0.0051280811429023744,2.4614789485931396,17.1,"[0.853, 0.857]",5108934.0,"[8.53, 8.57]",0.00491644541422526,2.359893798828125,18.38,"[0.8580000000000002, 0.9800000000000001]",5109934.0,"[8.580000000000002, 9.8]",0.0049453611175219216,2.3737733364105225,19.46,"[0.977, 0.969]",5110934.0,"[9.77, 9.69]",0.0048513675729433695,2.3286564350128174,12.18,"[0.736, 0.48199999999999993]",5111934.0,"[7.359999999999999, 4.819999999999999]",0.005288654565811157,2.5385541915893555,18.430000000000003,"[0.8579999999999999, 0.985]",5112934.0,"[8.579999999999998, 9.85]",0.0049708987275759375,2.38603138923645,8.35,0.8445511628472646,0.00501680142349667,0.00014772596773170074,2.408064683278402,0.07090846451121637,COMPLETE
511,16.688333333333333,2025-06-13 17:19:01.811767,2025-06-13 17:19:05.365983,0 days 00:00:03.554216,29,0.8179546370968955,0.12536439732669247,0.9283235778272821,0.042278411458247345,487,5117941.0,16.688333333333333,1.1607097924210956,0.8336666666666667,0.11610005263660406,480.0,6.0,18.28,"[0.849, 0.9789999999999999]",5117941.0,"[8.49, 9.79]",0.005147777001063029,2.470932960510254,17.21,"[0.86, 0.861]",5118941.0,"[8.6, 8.61]",0.004572737216949463,2.194913864135742,15.879999999999997,"[0.857, 0.7309999999999999]",5119941.0,"[8.57, 7.309999999999999]",0.0047017147143681845,2.2568230628967285,17.13,"[0.9890000000000001, 0.724]",5120941.0,"[9.89, 7.24]",0.00545108566681544,2.616521120071411,14.610000000000001,"[0.599, 0.8620000000000001]",5121941.0,"[5.99, 8.620000000000001]",0.005465351541837056,2.623368740081787,17.02,"[0.8480000000000001, 0.8540000000000001]",5122941.0,"[8.48, 8.540000000000001]",0.005771896243095398,2.770510196685791,8.336666666666666,1.1610005263660401,0.005185093730688095,0.000428886475074067,2.4888449907302856,0.20586550803555215,COMPLETE
512,15.003333333333332,2025-06-13 17:19:05.442427,2025-06-13 17:19:09.490170,0 days 00:00:04.047743,29,0.8503439319667305,0.12933791055824886,0.926436591362865,0.04463978794276614,478,5127945.0,15.003333333333332,2.589849845497268,0.7931666666666667,0.1560079235879455,470.0,6.0,14.67,"[0.736, 0.7310000000000001]",5127945.0,"[7.359999999999999, 7.3100000000000005]",0.005703138797841173,2.6804752349853516,15.810000000000002,"[0.8530000000000001, 0.728]",5128945.0,"[8.530000000000001, 7.279999999999999]",0.006155627331835159,2.8931448459625244,17.08,"[0.9800000000000001, 0.728]",5129945.0,"[9.8, 7.279999999999999]",0.006013605949726511,2.82639479637146,17.05,"[0.849, 0.8560000000000001]",5130945.0,"[8.49, 8.56]",0.006862833144816946,3.225531578063965,15.899999999999999,"[0.859, 0.731]",5131945.0,"[8.59, 7.31]",0.005809280720162899,2.7303619384765625,9.51,"[0.48199999999999993, 0.469]",5132945.0,"[4.819999999999999, 4.6899999999999995]",0.006877234134268253,3.232300043106079,7.931666666666666,1.5600792358794549,0.006236953346441823,0.0004701143189181147,2.931368072827657,0.22095372989151396,COMPLETE
513,14.085,2025-06-13 17:19:09.572319,2025-06-13 17:19:13.794576,0 days 00:00:04.222257,27,0.8268435687971663,0.1320534266474095,0.9393535360336356,0.002097835777948239,499,5137949.0,14.085,4.192766588622204,0.7561666666666668,0.1711854906883823,490.0,6.0,8.459999999999999,"[0.607, 0.23899999999999996]",5137949.0,"[6.07, 2.3899999999999997]",0.006693106281514071,3.2796220779418945,12.180000000000001,"[0.6020000000000001, 0.616]",5138949.0,"[6.020000000000001, 6.16]",0.006562352180480957,3.215552568435669,19.67,"[0.9860000000000001, 0.9810000000000001]",5139949.0,"[9.860000000000001, 9.81]",0.004999737350308165,2.449871301651001,12.190000000000001,"[0.6110000000000001, 0.608]",5140949.0,"[6.110000000000001, 6.08]",0.005948718226685816,2.91487193107605,19.75,"[0.992, 0.983]",5141949.0,"[9.92, 9.83]",0.004825852355178521,2.3646676540374756,12.260000000000002,"[0.7390000000000001, 0.487]",5142949.0,"[7.390000000000001, 4.87]",0.007007031538048569,3.433445453643799,7.561666666666667,1.7118549068838227,0.006006132988702683,0.0008358928370481524,2.943005164464315,0.4095874901535947,COMPLETE
514,15.621666666666664,2025-06-13 17:19:13.877301,2025-06-13 17:19:17.555259,0 days 00:00:03.677958,22,0.7998581996009788,0.03910655182951328,0.942982302244645,0.029865022771544774,492,5147954.0,15.621666666666664,3.1637236324025237,0.7426666666666667,0.19317579788599007,490.0,6.0,17.27,"[0.8639999999999999, 0.8629999999999999]",5147954.0,"[8.639999999999999, 8.629999999999999]",0.004750389955481704,2.327691078186035,13.7,"[0.6279999999999999, 0.742]",5148954.0,"[6.279999999999999, 7.42]",0.004688456593727579,2.2973437309265137,19.529999999999998,"[0.978, 0.9750000000000002]",5149954.0,"[9.78, 9.750000000000002]",0.004352800213560766,2.1328721046447754,14.89,"[0.75, 0.739]",5150954.0,"[7.5, 7.39]",0.005942970879223882,2.912055730819702,18.27,"[0.852, 0.9750000000000002]",5151954.0,"[8.52, 9.750000000000002]",0.004967290041398029,2.433972120285034,10.07,"[0.384, 0.623]",5152954.0,"[3.84, 6.23]",0.005486398813675861,2.688335418701172,7.426666666666667,1.9317579788599006,0.00503138441617797,0.0005321606851336562,2.4653783639272056,0.2607587357154916,COMPLETE
515,14.635,2025-06-13 17:19:17.640323,2025-06-13 17:19:21.537509,0 days 00:00:03.897186,28,0.8100657092810614,0.0915938098393624,0.940162754444939,0.034716307367295106,475,5157957.0,14.635,2.940299021074786,0.7121666666666666,0.13280991010546705,470.0,6.0,14.54,"[0.7289999999999999, 0.7249999999999999]",5157957.0,"[7.289999999999999, 7.249999999999998]",0.0055118504990922645,2.5905697345733643,14.629999999999999,"[0.6049999999999999, 0.8579999999999999]",5158957.0,"[6.049999999999999, 8.579999999999998]",0.00528934712105609,2.4859931468963623,17.17,"[0.7319999999999999, 0.985]",5159957.0,"[7.3199999999999985, 9.85]",0.004998417103544195,2.3492560386657715,15.86,"[0.861, 0.7249999999999999]",5160957.0,"[8.61, 7.249999999999998]",0.0064155137285273126,3.015291452407837,17.12,"[0.858, 0.8540000000000001]",5161957.0,"[8.58, 8.540000000000001]",0.004609466106333632,2.1664490699768066,8.489999999999997,"[0.4879999999999998, 0.36100000000000004]",5162957.0,"[4.879999999999998, 3.6100000000000003]",0.006680757948692809,3.13995623588562,7.121666666666665,1.3280991010546703,0.0055842254178743835,0.0007392498767836912,2.6245859464009604,0.3474474420883349,COMPLETE
516,16.028333333333332,2025-06-13 17:19:25.790923,2025-06-13 17:19:30.216474,0 days 00:00:04.425551,29,0.8377136153565073,0.02469174490020877,0.9604229712168751,0.09936647373696787,482,5167965.0,16.028333333333332,2.8559669504779333,0.7703333333333333,0.2585528099935399,480.0,6.0,15.76,"[0.852, 0.7239999999999999]",5167965.0,"[8.52, 7.239999999999998]",0.005744257072607676,2.7572433948516846,17.14,"[0.9870000000000001, 0.727]",5168965.0,"[9.870000000000001, 7.27]",0.006243298451105754,2.9967832565307617,19.58,"[0.9800000000000001, 0.978]",5169965.0,"[9.8, 9.78]",0.005446333189805349,2.6142399311065674,14.529999999999998,"[0.726, 0.727]",5170965.0,"[7.26, 7.27]",0.00659770667552948,3.1668992042541504,18.360000000000003,"[0.85, 0.9860000000000001]",5171965.0,"[8.5, 9.860000000000001]",0.005330956975618998,2.558859348297119,10.799999999999999,"[0.22699999999999995, 0.8530000000000001]",5172965.0,"[2.2699999999999996, 8.530000000000001]",0.0069503352046012875,3.336160898208618,7.703333333333333,2.5855280999353996,0.006052147928211425,0.0005948162067650621,2.9050310055414834,0.28551177924722987,COMPLETE
517,16.386666666666667,2025-06-13 17:19:30.299335,2025-06-13 17:19:34.173802,0 days 00:00:03.874467,26,0.8617938922254637,0.12265529935710608,0.9413602736091272,0.04939370935949001,491,5177970.0,16.386666666666667,2.074910975332569,0.819,0.08746808941932288,490.0,6.0,18.45,"[0.861, 0.984]",5177970.0,"[8.61, 9.84]",0.004803658991443868,2.353792905807495,13.560000000000002,"[0.743, 0.6129999999999999]",5178970.0,"[7.43, 6.129999999999999]",0.005300353984443509,2.5971734523773193,16.000000000000004,"[0.738, 0.8620000000000001]",5179970.0,"[7.38, 8.620000000000001]",0.0064087390899658205,3.140282154083252,14.77,"[0.7420000000000001, 0.7350000000000001]",5180970.0,"[7.420000000000001, 7.350000000000001]",0.005799522205274932,2.841765880584717,15.900000000000002,"[0.8540000000000001, 0.736]",5181970.0,"[8.540000000000001, 7.359999999999999]",0.005182299808580048,2.5393269062042236,19.64,"[0.976, 0.9879999999999999]",5182970.0,"[9.76, 9.879999999999999]",0.005412662759119151,2.652204751968384,8.19,0.8746808941932289,0.0054845394731378875,0.0005078380080854277,2.687424341837565,0.24884062396185955,COMPLETE
518,16.37333333333333,2025-06-13 17:19:34.249111,2025-06-13 17:19:38.377528,0 days 00:00:04.128417,34,0.843481185173096,0.03528822012915443,0.9727357728939757,0.0879385118306117,466,5187974.0,16.37333333333333,1.6084637252843326,0.8530000000000001,0.10639235561511616,460.0,6.0,18.36,"[0.849, 0.9870000000000001]",5187974.0,"[8.49, 9.870000000000001]",0.005459487438201904,2.511364221572876,14.46,"[0.728, 0.718]",5188974.0,"[7.279999999999999, 7.18]",0.005360755194788394,2.465947389602661,15.75,"[0.9850000000000001, 0.59]",5189974.0,"[9.850000000000001, 5.8999999999999995]",0.007287166429602581,3.3520965576171875,14.45,"[0.72, 0.725]",5190974.0,"[7.199999999999999, 7.25]",0.005933838823567266,2.7295658588409424,18.229999999999997,"[0.984, 0.8390000000000001]",5191974.0,"[9.84, 8.39]",0.005900290219680123,2.7141335010528564,16.99,"[0.852, 0.8469999999999999]",5192974.0,"[8.52, 8.469999999999999]",0.005906436236008354,2.7169606685638428,8.53,1.0639235561511617,0.005974662390308104,0.0006293921301076558,2.7483446995417276,0.2895203798495217,COMPLETE
519,15.418333333333331,2025-06-13 17:19:38.454934,2025-06-13 17:19:42.904523,0 days 00:00:04.449589,30,0.9068130212402659,0.1334963326768436,0.9386334634601745,0.04284026019588727,479,5197978.0,15.418333333333331,0.9322627788820529,0.7515,0.04868863659349409,470.0,6.0,14.58,"[0.734, 0.724]",5197978.0,"[7.34, 7.24]",0.006451001573116222,3.031970739364624,17.13,"[0.733, 0.9799999999999999]",5198978.0,"[7.33, 9.799999999999999]",0.007865077891248337,3.6965866088867188,14.630000000000003,"[0.732, 0.731]",5199978.0,"[7.32, 7.31]",0.006133050614214958,2.8825337886810303,15.890000000000002,"[0.86, 0.729]",5200978.0,"[8.6, 7.29]",0.0074196211835171316,3.4872219562530518,15.68,"[0.7220000000000001, 0.8459999999999999]",5201978.0,"[7.220000000000001, 8.459999999999999]",0.006529458532942102,3.068845510482788,14.600000000000001,"[0.7280000000000001, 0.732]",5202978.0,"[7.280000000000001, 7.32]",0.006517998715664478,3.0634593963623047,7.515000000000001,0.4868863659349407,0.006819368085117204,0.0006103836749801517,3.2051030000050864,0.2868803272406713,COMPLETE
520,16.24333333333333,2025-06-13 17:19:42.979307,2025-06-13 17:19:46.607042,0 days 00:00:03.627735,35,0.8170254211954421,0.19163841437454857,0.9750831180606467,0.07574420289621323,294,5207983.0,16.24333333333333,1.6719316838781275,0.801,0.061275334896405624,290.0,6.0,18.2,"[0.844, 0.9760000000000002]",5207983.0,"[8.44, 9.760000000000002]",0.007112521960817534,2.062631368637085,17.009999999999998,"[0.7190000000000001, 0.982]",5208983.0,"[7.190000000000001, 9.82]",0.00749764031377332,2.1743156909942627,16.88,"[0.844, 0.844]",5209983.0,"[8.44, 8.44]",0.007223791089551202,2.0948994159698486,15.68,"[0.849, 0.7190000000000001]",5210983.0,"[8.49, 7.190000000000001]",0.00937833621584136,2.719717502593994,12.880000000000003,"[0.71, 0.578]",5211983.0,"[7.1, 5.779999999999999]",0.008318042755126953,2.4122323989868164,16.81,"[0.8400000000000001, 0.841]",5212983.0,"[8.4, 8.41]",0.009819379346124058,2.8476200103759766,8.01,0.6127533489640562,0.008224951946872403,0.0010527713941242854,2.385236064592997,0.30530370429604264,COMPLETE
521,14.628333333333332,2025-06-13 17:19:52.030655,2025-06-13 17:19:56.783724,0 days 00:00:04.753069,28,0.7963395188093328,0.03008318119584876,0.967532669603201,0.06399714702255868,489,5217992.0,14.628333333333332,1.8732984872203962,0.7920000000000001,0.11602873207385607,480.0,6.0,17.0,"[0.9700000000000001, 0.7299999999999999]",5217992.0,"[9.700000000000001, 7.299999999999999]",0.006170910596847534,2.9620370864868164,14.719999999999999,"[0.74, 0.732]",5218992.0,"[7.4, 7.32]",0.006354920566082001,3.0503618717193604,12.119999999999997,"[0.6039999999999999, 0.6079999999999999]",5219992.0,"[6.039999999999999, 6.079999999999998]",0.008111044764518738,3.893301486968994,17.11,"[0.8539999999999999, 0.857]",5220992.0,"[8.54, 8.57]",0.005305596192677816,2.5466861724853516,13.37,"[0.852, 0.485]",5221992.0,"[8.52, 4.85]",0.007679647207260132,3.6862306594848633,13.45,"[0.732, 0.6129999999999999]",5222992.0,"[7.32, 6.129999999999999]",0.007131018737951914,3.422888994216919,7.920000000000001,1.1602873207385607,0.006792189677556355,0.0009512199974122978,3.260251045227051,0.45658559875790294,COMPLETE
522,15.918333333333335,2025-06-13 17:19:56.865649,2025-06-13 17:20:01.493172,0 days 00:00:04.627523,19,0.8261458061429433,0.12853989197685786,0.9811221939834,0.08024806729591796,464,5227997.0,15.918333333333335,2.257206360870791,0.8248333333333333,0.12484579377064423,460.0,6.0,13.7,"[0.7449999999999999, 0.625]",5227997.0,"[7.449999999999999, 6.25]",0.007306361198425293,3.3609261512756348,18.450000000000003,"[0.9730000000000001, 0.8719999999999999]",5228997.0,"[9.73, 8.719999999999999]",0.005830025672912598,2.681811809539795,15.0,"[0.8710000000000001, 0.629]",5229997.0,"[8.71, 6.29]",0.007882595580557119,3.6259939670562744,15.06,"[0.638, 0.868]",5230997.0,"[6.38, 8.68]",0.0073275835617728855,3.3706884384155273,13.77,"[0.748, 0.6290000000000001]",5231997.0,"[7.48, 6.290000000000001]",0.008011674362680186,3.6853702068328857,19.53,"[0.974, 0.9790000000000001]",5232997.0,"[9.74, 9.790000000000001]",0.007244799448096234,3.3326077461242676,8.248333333333333,1.2484579377064422,0.007267173304074053,0.0007075904415856761,3.342899719874064,0.32549160312941106,COMPLETE
523,17.683333333333334,2025-06-13 17:20:01.576712,2025-06-13 17:20:06.647681,0 days 00:00:05.070969,46,0.8697969679651896,0.1252837055111248,0.9412421241324374,0.04659620641381826,449,5238001.0,17.683333333333334,2.0473207423904594,0.886,0.10583477689304213,440.0,6.0,19.71,"[0.984, 0.9870000000000001]",5238001.0,"[9.84, 9.870000000000001]",0.0068888068199157715,3.0310750007629395,16.78,"[0.701, 0.977]",5239001.0,"[7.01, 9.77]",0.007346269217404452,3.232358455657959,18.169999999999998,"[0.836, 0.9810000000000001]",5240001.0,"[8.36, 9.81]",0.007527836886319248,3.3122482299804688,19.59,"[0.9780000000000001, 0.9809999999999999]",5241001.0,"[9.780000000000001, 9.809999999999999]",0.006887889992107044,3.0306715965270996,13.67,"[0.833, 0.534]",5242001.0,"[8.33, 5.34]",0.009757626598531549,4.293355703353882,18.18,"[0.984, 0.834]",5243001.0,"[9.84, 8.34]",0.007650892301039262,3.3663926124572754,8.86,1.0583477689304213,0.0076765536358862204,0.0009751293108902503,3.3776835997899375,0.4290568967917102,COMPLETE
524,15.063333333333333,2025-06-13 17:20:06.722594,2025-06-13 17:20:12.193492,0 days 00:00:05.470898,47,0.8801323553918932,0.12104275432388822,0.941139664715053,0.041433658006205916,456,5248006.0,15.063333333333333,2.232850694117773,0.7896666666666667,0.19579808193363105,450.0,6.0,16.75,"[0.836, 0.8389999999999999]",5248006.0,"[8.36, 8.389999999999999]",0.008846560584174263,3.980952262878418,15.259999999999998,"[0.8310000000000001, 0.6949999999999998]",5249006.0,"[8.31, 6.949999999999998]",0.00834667682647705,3.756004571914673,13.909999999999998,"[0.9800000000000001, 0.41099999999999987]",5250006.0,"[9.8, 4.1099999999999985]",0.010424863497416179,4.69118857383728,18.139999999999997,"[0.9819999999999999, 0.8320000000000001]",5251006.0,"[9.819999999999999, 8.32]",0.009111466937594943,4.100160121917725,11.04,"[0.4089999999999999, 0.6950000000000001]",5252006.0,"[4.089999999999999, 6.950000000000001]",0.009574945237901476,4.308725357055664,15.279999999999998,"[0.7, 0.828]",5253006.0,"[7.0, 8.28]",0.008761357201470268,3.942610740661621,7.896666666666666,1.9579808193363104,0.009177645047505697,0.0006697265016772122,4.1299402713775635,0.30137692575474534,COMPLETE
525,16.724999999999998,2025-06-13 17:20:12.273135,2025-06-13 17:20:16.309577,0 days 00:00:04.036442,46,0.8542272471026461,0.11846248093041253,0.9384476370647595,0.03424807194988418,448,5258012.0,16.724999999999998,3.270019113093991,0.8618333333333333,0.15345077024534254,440.0,6.0,16.73,"[0.8390000000000001, 0.834]",5258012.0,"[8.39, 8.34]",0.006448485634543679,2.8373336791992188,14.029999999999996,"[0.8470000000000001, 0.5559999999999999]",5259012.0,"[8.47, 5.56]",0.006967934153296731,3.0658910274505615,10.969999999999997,"[0.5469999999999999, 0.55]",5260012.0,"[5.469999999999999, 5.5]",0.006701978228308938,2.9488704204559326,19.52,"[0.9800000000000001, 0.9720000000000001]",5261012.0,"[9.8, 9.72]",0.005594362453980879,2.461519479751587,19.52,"[0.9800000000000001, 0.9719999999999999]",5262012.0,"[9.8, 9.719999999999999]",0.005510241876948964,2.424506425857544,19.580000000000002,"[0.978, 0.9800000000000001]",5263012.0,"[9.78, 9.8]",0.005825722759420221,2.5633180141448975,8.618333333333332,1.5345077024534253,0.006174787517749902,0.0005601015769158925,2.716906507809957,0.24644469384299275,COMPLETE
526,15.786666666666667,2025-06-13 17:20:21.025692,2025-06-13 17:20:25.400307,0 days 00:00:04.374615,45,0.8399819309887485,0.12631595666285825,0.94114889588107,0.051451083338565656,444,5268021.0,15.786666666666667,2.2687196585054057,0.7186666666666666,0.14831910044075772,440.0,6.0,19.54,"[0.9740000000000002, 0.9800000000000001]",5268021.0,"[9.740000000000002, 9.8]",0.0055934564633802935,2.461120843887329,13.91,"[0.5539999999999999, 0.837]",5269021.0,"[5.539999999999999, 8.37]",0.007010200890627774,3.0844883918762207,12.47,"[0.5569999999999999, 0.6899999999999998]",5270021.0,"[5.569999999999999, 6.899999999999999]",0.008216908845034513,3.6154398918151855,16.9,"[0.704, 0.9860000000000001]",5271021.0,"[7.039999999999999, 9.860000000000001]",0.006876140832901001,3.0255019664764404,16.649999999999995,"[0.8309999999999998, 0.834]",5272021.0,"[8.309999999999999, 8.34]",0.006449549848383123,2.837801933288574,15.249999999999998,"[0.6919999999999998, 0.833]",5273021.0,"[6.919999999999998, 8.33]",0.00623161413452842,2.741910219192505,7.186666666666667,1.4831910044075773,0.00672964516914252,0.0008092732139845867,2.961043874422709,0.3560802141532181,COMPLETE
527,16.291666666666668,2025-06-13 17:20:25.476322,2025-06-13 17:20:29.918984,0 days 00:00:04.442662,48,0.8583261121716051,0.12451706097018192,0.9382201949457906,0.04397124833321269,500,5278025.0,16.291666666666668,1.6473556251021075,0.91,0.07411702458499894,500.0,6.0,15.370000000000001,"[0.842, 0.695]",5278025.0,"[8.42, 6.949999999999999]",0.006582043647766113,3.2910218238830566,18.25,"[0.9810000000000001, 0.844]",5279025.0,"[9.81, 8.44]",0.005300178050994873,2.6500890254974365,18.259999999999998,"[0.984, 0.842]",5280025.0,"[9.84, 8.42]",0.005092570781707764,2.546285390853882,15.32,"[0.837, 0.6950000000000001]",5281025.0,"[8.37, 6.950000000000001]",0.006111263275146484,3.055631637573242,16.810000000000002,"[0.9870000000000001, 0.694]",5282025.0,"[9.870000000000001, 6.9399999999999995]",0.007322803497314453,3.6614017486572266,13.739999999999998,"[0.8290000000000001, 0.5449999999999999]",5283025.0,"[8.290000000000001, 5.449999999999999]",0.0064229264259338375,3.211463212966919,9.1,0.7411702458499893,0.006138630946477254,0.0007613253234934503,3.069315473238627,0.38066266174672525,COMPLETE
528,14.668333333333331,2025-06-13 17:20:29.998006,2025-06-13 17:20:34.440512,0 days 00:00:04.442506,27,0.8806756326250342,0.12774770755372705,0.9429341307106609,0.03779417555744268,451,5288030.0,14.668333333333331,1.768798242373116,0.7563333333333334,0.13380167745170043,450.0,6.0,14.730000000000002,"[0.7380000000000001, 0.7350000000000001]",5288030.0,"[7.380000000000001, 7.350000000000001]",0.005711665153503418,2.570249319076538,13.350000000000001,"[0.611, 0.724]",5289030.0,"[6.109999999999999, 7.24]",0.00752595583597819,3.3866801261901855,18.42,"[0.9869999999999999, 0.8550000000000001]",5290030.0,"[9.87, 8.55]",0.006511848237779405,2.9303317070007324,13.510000000000002,"[0.736, 0.615]",5291030.0,"[7.359999999999999, 6.15]",0.006085129313998752,2.7383081912994385,14.6,"[0.858, 0.6020000000000001]",5292030.0,"[8.58, 6.020000000000001]",0.008112682236565484,3.6507070064544678,13.399999999999999,"[0.608, 0.732]",5293030.0,"[6.08, 7.32]",0.007562278111775716,3.4030251502990723,7.563333333333333,1.3380167745170044,0.006918259814933494,0.0008685089157652659,3.1132169167200723,0.39082901209436965,COMPLETE
529,17.435,2025-06-13 17:20:34.526018,2025-06-13 17:20:38.784324,0 days 00:00:04.258306,47,0.8759832532124753,0.1148830656197645,0.985485592317052,0.046103409857601675,472,5298034.0,17.435,1.1499094167223196,0.8381666666666666,0.11945210569745333,470.0,6.0,18.089999999999996,"[0.984, 0.825]",5298034.0,"[9.84, 8.25]",0.007394347799585221,3.4753434658050537,15.129999999999999,"[0.6899999999999998, 0.8229999999999998]",5299034.0,"[6.899999999999999, 8.229999999999999]",0.007340769057578229,3.4501614570617676,18.2,"[0.834, 0.986]",5300034.0,"[8.34, 9.86]",0.006942350306409471,3.262904644012451,18.299999999999997,"[0.844, 0.9860000000000001]",5301034.0,"[8.44, 9.860000000000001]",0.006923987510356497,3.2542741298675537,18.1,"[0.984, 0.826]",5302034.0,"[9.84, 8.26]",0.006932773995906748,3.258403778076172,16.790000000000003,"[0.693, 0.9860000000000001]",5303034.0,"[6.93, 9.860000000000001]",0.007201554927420109,3.384730815887451,8.381666666666666,1.1945210569745333,0.007122630599542713,0.00019817890239284054,3.3476363817850747,0.09314408412463496,COMPLETE
530,16.035,2025-06-13 17:20:38.906086,2025-06-13 17:20:42.874162,0 days 00:00:03.968076,45,0.8507183581426203,0.11242273903966664,0.9394787705440543,0.032275047831963916,461,5308039.0,16.035,1.9731763732621566,0.8365,0.14287377879326452,460.0,6.0,13.839999999999998,"[0.8329999999999999, 0.5509999999999998]",5308039.0,"[8.329999999999998, 5.509999999999998]",0.006255142585090969,2.8773655891418457,15.229999999999999,"[0.5519999999999998, 0.9709999999999999]",5309039.0,"[5.519999999999998, 9.709999999999999]",0.0067184370496998665,3.0904810428619385,16.669999999999998,"[0.8320000000000001, 0.835]",5310039.0,"[8.32, 8.35]",0.005815998885942542,2.6753594875335693,19.639999999999997,"[0.983, 0.9810000000000001]",5311039.0,"[9.83, 9.81]",0.005263370534648066,2.4211504459381104,16.78,"[0.978, 0.7]",5312039.0,"[9.78, 7.0]",0.005571995610776155,2.5631179809570312,14.05,"[0.841, 0.5639999999999998]",5313039.0,"[8.41, 5.639999999999999]",0.006155320872431216,2.8314476013183594,8.365,1.4287377879326453,0.005963377589764803,0.00047556878880740844,2.743153691291809,0.21876164285140787,COMPLETE
531,15.066666666666668,2025-06-13 17:20:47.785446,2025-06-13 17:20:51.484745,0 days 00:00:03.699299,46,0.8677504484998008,0.12394515377525342,0.9141027088057959,0.05505578552859067,440,5318047.0,15.066666666666668,1.5240917149422324,0.7431666666666666,0.06816992657241819,440.0,6.0,15.269999999999998,"[0.692, 0.835]",5318047.0,"[6.92, 8.35]",0.00622524077242071,2.7391059398651123,13.94,"[0.696, 0.698]",5319047.0,"[6.959999999999999, 6.9799999999999995]",0.006334038756110451,2.7869770526885986,15.299999999999999,"[0.693, 0.837]",5320047.0,"[6.93, 8.37]",0.006474554538726807,2.848803997039795,12.42,"[0.6990000000000001, 0.5429999999999999]",5321047.0,"[6.99, 5.43]",0.006207319281317971,2.7312204837799072,16.72,"[0.837, 0.8350000000000002]",5322047.0,"[8.37, 8.350000000000001]",0.005240370468659834,2.305763006210327,16.75,"[0.842, 0.833]",5323047.0,"[8.42, 8.33]",0.005421485142274337,2.385453462600708,7.431666666666666,0.6816992657241818,0.005983834826585019,0.0004726956701164632,2.632887323697408,0.20798609485124384,COMPLETE
532,16.511666666666667,2025-06-13 17:20:51.566831,2025-06-13 17:20:55.265041,0 days 00:00:03.698210,36,0.8452199286334853,0.19915889309087964,0.9694910507116721,0.049657649662535795,455,5328051.0,16.511666666666667,2.273891060617363,0.8278333333333333,0.11955949239697461,450.0,6.0,15.569999999999999,"[0.7169999999999999, 0.8399999999999999]",5328051.0,"[7.169999999999998, 8.399999999999999]",0.006143329408433702,2.764498233795166,14.38,"[0.717, 0.721]",5329051.0,"[7.17, 7.21]",0.006346730656094021,2.8560287952423096,15.609999999999998,"[0.851, 0.71]",5330051.0,"[8.51, 7.1]",0.006147350735134549,2.766307830810547,14.229999999999997,"[0.716, 0.707]",5331051.0,"[7.16, 7.069999999999999]",0.0059859704971313476,2.6936867237091064,19.66,"[0.984, 0.982]",5332051.0,"[9.84, 9.82]",0.005582464006212023,2.51210880279541,19.619999999999997,"[0.982, 0.9799999999999999]",5333051.0,"[9.82, 9.799999999999999]",0.005489272011650934,2.47017240524292,8.278333333333332,1.195594923969746,0.00594918621910943,0.0003115449875256133,2.677133798599243,0.14019524438652603,COMPLETE
533,16.598333333333333,2025-06-13 17:20:55.343498,2025-06-13 17:20:59.980380,0 days 00:00:04.636882,33,0.8320467940099038,0.10210693396914937,0.9413034194088022,0.06199484619442276,448,5338055.0,16.598333333333333,2.652831296725989,0.8314999999999998,0.2154172308180879,440.0,6.0,18.28,"[0.9759999999999998, 0.852]",5338055.0,"[9.759999999999998, 8.52]",0.006864928115497936,3.020568370819092,11.889999999999999,"[0.4669999999999998, 0.7219999999999999]",5339055.0,"[4.669999999999998, 7.219999999999999]",0.006795809485695579,2.9901561737060547,19.59,"[0.9799999999999999, 0.9789999999999999]",5340055.0,"[9.799999999999999, 9.79]",0.006323276866566051,2.7822418212890625,14.36,"[0.5959999999999999, 0.8400000000000001]",5341055.0,"[5.959999999999999, 8.4]",0.008397764509374446,3.695016384124756,18.32,"[0.9800000000000001, 0.852]",5342055.0,"[9.8, 8.52]",0.007819823243401268,3.4407222270965576,17.150000000000002,"[0.99, 0.725]",5343055.0,"[9.9, 7.25]",0.006171515313061801,2.7154667377471924,8.315,2.1541723081808786,0.007062186255599513,0.0007965479947566899,3.1073619524637857,0.35048111769294343,COMPLETE
534,16.086666666666666,2025-06-13 17:21:00.126888,2025-06-13 17:21:03.557896,0 days 00:00:03.431008,21,0.9826804408074358,0.13121811859561017,0.9427517230152349,0.056995795480624556,481,5348060.0,16.086666666666666,1.5059400902942839,0.8238333333333333,0.052416335452053736,480.0,6.0,18.31,"[0.8530000000000001, 0.9780000000000001]",5348060.0,"[8.530000000000001, 9.780000000000001]",0.005046310524145762,2.422229051589966,15.979999999999999,"[0.861, 0.737]",5349060.0,"[8.61, 7.37]",0.005021605889002482,2.4103708267211914,15.0,"[0.751, 0.749]",5350060.0,"[7.51, 7.49]",0.0047178452213605246,2.2645657062530518,17.38,"[0.869, 0.8690000000000001]",5351060.0,"[8.69, 8.690000000000001]",0.004874601463476817,2.339808702468872,16.17,"[0.7489999999999999, 0.868]",5352060.0,"[7.489999999999998, 8.68]",0.0047685171167055765,2.2888882160186768,13.679999999999998,"[0.86, 0.5079999999999999]",5353060.0,"[8.6, 5.079999999999999]",0.005191418528556824,2.4918808937072754,8.238333333333333,0.5241633545205374,0.004936716457207997,0.0001654005888546584,2.369623899459839,0.079392282650236,COMPLETE
535,16.006666666666664,2025-06-13 17:21:03.651446,2025-06-13 17:21:07.612826,0 days 00:00:03.961380,48,0.8929952002733165,0.16243675614579173,0.9371395383939473,0.04645478235894905,464,5358063.0,16.006666666666664,2.2122587752993303,0.8140000000000001,0.13113606165607794,460.0,6.0,13.789999999999997,"[0.843, 0.5359999999999999]",5358063.0,"[8.43, 5.359999999999999]",0.006414585528166397,2.950709342956543,18.24,"[0.8370000000000001, 0.9870000000000001]",5359063.0,"[8.370000000000001, 9.870000000000001]",0.00535782471947048,2.464599370956421,12.33,"[0.5469999999999999, 0.6859999999999999]",5360063.0,"[5.469999999999999, 6.859999999999999]",0.006752465082251508,3.1061339378356934,16.73,"[0.8379999999999999, 0.835]",5361063.0,"[8.379999999999999, 8.35]",0.0053756034892538315,2.4727776050567627,16.73,"[0.833, 0.8400000000000001]",5362063.0,"[8.33, 8.4]",0.005815424608147663,2.675095319747925,18.220000000000002,"[0.9860000000000001, 0.836]",5363063.0,"[9.860000000000001, 8.36]",0.00565351040466972,2.6006147861480713,8.139999999999999,1.3113606165607796,0.0058949023053266,0.000520927844671336,2.711655060450236,0.23962680854881455,COMPLETE
536,15.668333333333335,2025-06-13 17:21:12.019524,2025-06-13 17:21:15.559916,0 days 00:00:03.540392,35,0.8155923978664618,0.03366915189533047,0.9648957354502273,0.026518633463310955,440,5368072.0,15.668333333333335,1.4804550726794181,0.7613333333333334,0.09518695055287547,440.0,6.0,13.120000000000001,"[0.591, 0.7210000000000001]",5368072.0,"[5.91, 7.210000000000001]",0.006216597557067871,2.7353029251098633,16.97,"[0.7200000000000001, 0.977]",5369072.0,"[7.200000000000001, 9.77]",0.005719482898712158,2.5165724754333496,16.86,"[0.8389999999999999, 0.8470000000000001]",5370072.0,"[8.389999999999999, 8.47]",0.005401575565338134,2.3766932487487793,17.04,"[0.8480000000000001, 0.8560000000000001]",5371072.0,"[8.48, 8.56]",0.005365886471488259,2.360990047454834,14.379999999999999,"[0.718, 0.72]",5372072.0,"[7.18, 7.199999999999999]",0.00618920542977073,2.723250389099121,15.64,"[0.8520000000000001, 0.712]",5373072.0,"[8.520000000000001, 7.119999999999999]",0.005566657673228871,2.449329376220703,7.613333333333333,0.9518695055287545,0.005743234265934337,0.0003449223416387031,2.5270230770111084,0.1517658303210294,COMPLETE
537,16.985,2025-06-13 17:21:15.650047,2025-06-13 17:21:19.537341,0 days 00:00:03.887294,46,0.8062977092059853,0.0979400503320067,0.9709440616125801,0.038586472596505064,472,5378075.0,16.985,1.5441799333842767,0.7895,0.13793084015790907,470.0,6.0,15.239999999999998,"[0.6859999999999999, 0.8379999999999999]",5378075.0,"[6.859999999999999, 8.379999999999999]",0.006472209159364092,3.041938304901123,15.299999999999997,"[0.6930000000000002, 0.8370000000000001]",5379075.0,"[6.9300000000000015, 8.370000000000001]",0.0063420569643061215,2.980766773223877,19.61,"[0.9879999999999999, 0.9730000000000001]",5380075.0,"[9.879999999999999, 9.73]",0.005558058048816437,2.6122872829437256,18.19,"[0.9810000000000001, 0.8379999999999999]",5381075.0,"[9.81, 8.379999999999999]",0.00548914594853178,2.5798985958099365,16.79,"[0.6950000000000001, 0.984]",5382075.0,"[6.950000000000001, 9.84]",0.005973367995404183,2.807482957839966,16.78,"[0.694, 0.984]",5383075.0,"[6.9399999999999995, 9.84]",0.005949595633973467,2.7963099479675293,7.8950000000000005,1.3793084015790906,0.0059640722917326805,0.00036326621771330214,2.8031139771143594,0.17073512232525193,COMPLETE
538,16.296666666666667,2025-06-13 17:21:19.628100,2025-06-13 17:21:23.571259,0 days 00:00:03.943159,44,0.8665520629833708,0.10851747105687706,0.9445099575036254,0.06750756217740754,488,5388079.0,16.296666666666667,2.6793262005379064,0.7916666666666666,0.19552038825202409,480.0,6.0,13.94,"[0.7, 0.6939999999999998]",5388079.0,"[7.0, 6.939999999999999]",0.006410486996173859,3.077033758163452,19.73,"[0.9940000000000001, 0.9790000000000001]",5389079.0,"[9.940000000000001, 9.790000000000001]",0.005585081875324249,2.6808393001556396,16.71,"[0.836, 0.835]",5390079.0,"[8.36, 8.35]",0.006258093814055125,3.00388503074646,19.55,"[0.9730000000000001, 0.982]",5391079.0,"[9.73, 9.82]",0.0053025826811790465,2.5452396869659424,15.289999999999997,"[0.834, 0.695]",5392079.0,"[8.34, 6.949999999999999]",0.006003466745217641,2.8816640377044678,12.559999999999999,"[0.413, 0.843]",5393079.0,"[4.13, 8.43]",0.006219809254010518,2.985508441925049,7.916666666666668,1.955203882520241,0.005963253560993406,0.00039452213276534116,2.862361709276835,0.18937062372736374,COMPLETE
539,15.405000000000001,2025-06-13 17:21:23.686170,2025-06-13 17:21:27.350436,0 days 00:00:03.664266,24,0.9934146246497152,0.1225712473742045,0.9392474060194632,0.05773971757737936,445,5398083.0,15.405000000000001,2.0794770977339487,0.8005,0.13532029904391038,440.0,6.0,16.01,"[0.984, 0.6169999999999998]",5398083.0,"[9.84, 6.169999999999998]",0.005898277867924084,2.5952422618865967,17.26,"[0.737, 0.9889999999999999]",5399083.0,"[7.37, 9.889999999999999]",0.00528181791305542,2.3239998817443848,17.23,"[0.746, 0.9770000000000001]",5400083.0,"[7.46, 9.770000000000001]",0.005552894960750233,2.4432737827301025,11.169999999999996,"[0.619, 0.4979999999999999]",5401083.0,"[6.1899999999999995, 4.979999999999999]",0.005594500628384677,2.461580276489258,14.720000000000002,"[0.9799999999999999, 0.492]",5402083.0,"[9.799999999999999, 4.92]",0.00576800595630299,2.5379226207733154,16.04,"[0.7369999999999999, 0.867]",5403083.0,"[7.369999999999999, 8.67]",0.005451490662314675,2.398655891418457,8.004999999999999,1.3532029904391036,0.005591164664788681,0.00020094414671738538,2.460112452507019,0.0884154245556495,COMPLETE
540,14.82333333333333,2025-06-13 17:21:27.461577,2025-06-13 17:21:31.415308,0 days 00:00:03.953731,33,0.6669425219552297,0.12879182302882825,0.9748867330385411,0.05012696617891852,454,5408087.0,14.82333333333333,1.9741890036727034,0.7210000000000001,0.10721473779289865,450.0,6.0,14.43,"[0.72, 0.7229999999999999]",5408087.0,"[7.199999999999999, 7.229999999999999]",0.005717834896511502,2.573025703430176,18.299999999999997,"[0.849, 0.9810000000000001]",5409087.0,"[8.49, 9.81]",0.005698543654547797,2.564344644546509,14.369999999999997,"[0.5929999999999999, 0.844]",5410087.0,"[5.929999999999999, 8.44]",0.005756353272332085,2.5903589725494385,14.399999999999999,"[0.725, 0.7150000000000001]",5411087.0,"[7.25, 7.15]",0.005355142487419976,2.4098141193389893,15.76,"[0.8540000000000001, 0.722]",5412087.0,"[8.540000000000001, 7.22]",0.005282644695705838,2.377190113067627,11.679999999999998,"[0.585, 0.5829999999999999]",5413087.0,"[5.85, 5.829999999999998]",0.006495720545450847,2.923074245452881,7.21,1.0721473779289867,0.005717706591994675,0.00039325523854017466,2.5729679663976035,0.17696485734307857,COMPLETE
541,15.988333333333335,2025-06-13 17:21:36.142780,2025-06-13 17:21:40.209181,0 days 00:00:04.066401,47,0.8254985031635901,0.1342883765201844,0.9409100048016884,0.06630758973362427,434,5418096.0,15.988333333333335,2.36592065707106,0.8831666666666665,0.07151553832715114,430.0,6.0,16.709999999999997,"[0.8370000000000001, 0.834]",5418096.0,"[8.370000000000001, 8.34]",0.007122335877529411,3.0626044273376465,13.820000000000002,"[0.837, 0.5449999999999999]",5419096.0,"[8.37, 5.449999999999999]",0.007495523053546284,3.2230749130249023,12.369999999999997,"[0.833, 0.4039999999999998]",5420096.0,"[8.33, 4.039999999999998]",0.00601687375889268,2.5872557163238525,16.52,"[0.8240000000000001, 0.828]",5421096.0,"[8.24, 8.28]",0.006305874225705169,2.7115259170532227,16.72,"[0.9780000000000001, 0.6939999999999997]",5422096.0,"[9.780000000000001, 6.939999999999998]",0.006644428053567576,2.8571040630340576,19.79,"[0.99, 0.9890000000000001]",5423096.0,"[9.9, 9.89]",0.005308002649351608,2.2824411392211914,8.831666666666667,0.7151553832715115,0.0064821729364321215,0.0007175507179672458,2.787334362665812,0.3085468087259157,COMPLETE
542,16.13,2025-06-13 17:21:40.292267,2025-06-13 17:21:44.500955,0 days 00:00:04.208688,34,0.7902535365161673,0.038901518254015735,0.9374938077976572,0.0032047209416507095,465,5428100.0,16.13,2.08072903890279,0.7853333333333333,0.12604981378627877,460.0,6.0,16.919999999999998,"[0.85, 0.842]",5428100.0,"[8.5, 8.42]",0.006123077869415283,2.8166158199310303,13.030000000000001,"[0.586, 0.717]",5429100.0,"[5.859999999999999, 7.17]",0.006020069122314453,2.7692317962646484,15.719999999999999,"[0.719, 0.8530000000000001]",5430100.0,"[7.1899999999999995, 8.530000000000001]",0.007429931993069856,3.417768716812134,14.489999999999998,"[0.724, 0.725]",5431100.0,"[7.24, 7.25]",0.005480270800383194,2.5209245681762695,19.609999999999996,"[0.983, 0.9780000000000001]",5432100.0,"[9.83, 9.780000000000001]",0.0052654556606126866,2.422109603881836,17.009999999999998,"[0.85, 0.851]",5433100.0,"[8.5, 8.51]",0.006133868901625924,2.821579694747925,7.853333333333333,1.260498137862788,0.006075445724570233,0.0006896495248267106,2.794705033302307,0.3172387814202868,COMPLETE
543,15.775,2025-06-13 17:21:44.582056,2025-06-13 17:21:48.913258,0 days 00:00:04.331202,25,0.9603405395082791,0.028732867423943778,0.9769288280705063,0.0024175041057877553,474,5438104.0,15.775,2.5241219595468567,0.6980000000000001,0.1796830542928298,470.0,6.0,19.59,"[0.9790000000000001, 0.9800000000000001]",5438104.0,"[9.790000000000001, 9.8]",0.005048295792112959,2.372699022293091,12.39,"[0.496, 0.743]",5439104.0,"[4.96, 7.43]",0.007586278306676986,3.5655508041381836,14.75,"[0.617, 0.858]",5440104.0,"[6.17, 8.58]",0.006940161420943889,3.261875867843628,18.31,"[0.8560000000000001, 0.975]",5441104.0,"[8.56, 9.75]",0.005400117407453821,2.538055181503296,15.999999999999998,"[0.743, 0.8569999999999999]",5442104.0,"[7.43, 8.569999999999999]",0.005074867796390614,2.385187864303589,13.61,"[0.4969999999999999, 0.8640000000000001]",5443104.0,"[4.969999999999999, 8.64]",0.005193278637338192,2.44084095954895,6.98,1.7968305429282978,0.00587383322681941,0.0010063914919997033,2.760701616605123,0.4730040012398605,COMPLETE
544,13.93833333333333,2025-06-13 17:21:48.993302,2025-06-13 17:21:53.681775,0 days 00:00:04.688473,46,0.8327167124294302,0.13108210951128932,0.9726072733903997,0.06962304882914186,483,5448109.0,13.93833333333333,3.0668518965798723,0.7208333333333332,0.17282786876607095,480.0,6.0,15.349999999999998,"[0.8390000000000001, 0.696]",5448109.0,"[8.39, 6.959999999999999]",0.007885030408700307,3.7848145961761475,9.679999999999998,"[0.5559999999999999, 0.4119999999999999]",5449109.0,"[5.56, 4.119999999999999]",0.006505134701728821,3.122464656829834,18.2,"[0.982, 0.8379999999999999]",5450109.0,"[9.82, 8.379999999999999]",0.005633164942264557,2.7039191722869873,16.77,"[0.8400000000000001, 0.837]",5451109.0,"[8.4, 8.37]",0.004880844553311666,2.3428053855895996,12.559999999999999,"[0.5519999999999999, 0.704]",5452109.0,"[5.52, 7.039999999999999]",0.005617181956768036,2.6962473392486572,11.069999999999997,"[0.5559999999999998, 0.5509999999999999]",5453109.0,"[5.559999999999999, 5.51]",0.008114523192246755,3.8949711322784424,7.208333333333333,1.7282786876607095,0.006439313292503357,0.0012010660926168855,3.0908703804016113,0.5765117244561051,COMPLETE
545,16.479999999999997,2025-06-13 17:21:53.763839,2025-06-13 17:21:56.535382,0 days 00:00:02.771543,36,0.8130713260278457,0.12069679548597685,0.9432109473730749,0.056044427626250705,174,5458113.0,16.479999999999997,1.626827177873134,0.827,0.12103580737396133,170.0,6.0,17.04,"[0.99, 0.7139999999999999]",5458113.0,"[9.9, 7.139999999999999]",0.00920261495253619,1.5644445419311523,14.26,"[0.583, 0.843]",5459113.0,"[5.83, 8.43]",0.010020205553840188,1.703434944152832,18.39,"[0.853, 0.986]",5460113.0,"[8.53, 9.86]",0.011528124528772691,1.9597811698913574,14.33,"[0.851, 0.582]",5461113.0,"[8.51, 5.819999999999999]",0.01076374474693747,1.8298366069793701,16.9,"[0.8480000000000001, 0.842]",5462113.0,"[8.48, 8.42]",0.011759401770199046,1.999098300933838,17.959999999999997,"[0.8370000000000001, 0.959]",5463113.0,"[8.370000000000001, 9.59]",0.009971904754638671,1.6952238082885742,8.270000000000001,1.2103580737396131,0.010540999384487377,0.0009032260440529567,1.791969895362854,0.15354842748900263,COMPLETE
546,16.433333333333334,2025-06-13 17:22:00.962306,2025-06-13 17:22:04.143773,0 days 00:00:03.181467,32,0.9820857187032342,0.18868300187888748,0.9619840377346237,0.04340839717265893,278,5468121.0,16.433333333333334,2.487613760659444,0.8123333333333332,0.18055162388881715,270.0,6.0,18.369999999999997,"[0.9850000000000001, 0.852]",5468121.0,"[9.850000000000001, 8.52]",0.00898122610869231,2.424931049346924,18.49,"[0.993, 0.8559999999999999]",5469121.0,"[9.93, 8.559999999999999]",0.008876163871199997,2.396564245223999,14.459999999999999,"[0.722, 0.724]",5470121.0,"[7.22, 7.24]",0.007326677993491844,1.9782030582427979,11.84,"[0.4640000000000001, 0.72]",5471121.0,"[4.640000000000001, 7.199999999999999]",0.008944361298172563,2.414977550506592,17.07,"[0.8559999999999999, 0.851]",5472121.0,"[8.559999999999999, 8.51]",0.007631474954110605,2.0604982376098633,18.37,"[0.8539999999999999, 0.983]",5473121.0,"[8.54, 9.83]",0.006813071392200611,1.839529275894165,8.123333333333333,1.8055162388881714,0.008095495936311321,0.0008723093848952979,2.1857839028040567,0.23552353392173037,COMPLETE
547,13.463333333333336,2025-06-13 17:22:04.221996,2025-06-13 17:22:07.133064,0 days 00:00:02.911068,35,0.7840898664256314,0.03604090626056285,0.9688506948206743,0.002829712069656249,191,5478124.0,13.463333333333336,2.764680009613329,0.6751666666666667,0.12279171615200908,190.0,6.0,16.89,"[0.8460000000000001, 0.843]",5478124.0,"[8.46, 8.43]",0.00883638482344778,1.6789131164550781,13.080000000000002,"[0.725, 0.583]",5479124.0,"[7.25, 5.83]",0.011327501347190455,2.1522252559661865,9.15,"[0.4579999999999999, 0.45699999999999996]",5480124.0,"[4.579999999999999, 4.569999999999999]",0.00953803438889353,1.8122265338897705,13.010000000000002,"[0.721, 0.58]",5481124.0,"[7.21, 5.8]",0.008877532105696829,1.6867311000823975,11.709999999999999,"[0.586, 0.585]",5482124.0,"[5.859999999999999, 5.85]",0.011307764053344726,2.148475170135498,16.94,"[0.7150000000000001, 0.9790000000000001]",5483124.0,"[7.15, 9.790000000000001]",0.00850288240533126,1.6155476570129395,6.751666666666666,1.2279171615200908,0.00973168318731743,0.0011625583100186158,1.8490198055903118,0.220886078903537,COMPLETE
548,15.704999999999998,2025-06-13 17:22:07.220319,2025-06-13 17:22:11.652950,0 days 00:00:04.432631,27,0.9698706793041892,0.10536891318161773,0.966059022237555,0.07505149803887606,492,5488127.0,15.704999999999998,3.0591815354219616,0.7931666666666666,0.15508537075502066,490.0,6.0,14.740000000000002,"[0.8630000000000001, 0.611]",5488127.0,"[8.63, 6.109999999999999]",0.0066776898442482465,3.2720680236816406,15.86,"[0.7289999999999999, 0.857]",5489127.0,"[7.289999999999999, 8.57]",0.005787512234279087,2.835880994796753,17.15,"[0.8520000000000001, 0.8630000000000001]",5490127.0,"[8.520000000000001, 8.63]",0.0072951929909842355,3.5746445655822754,9.719999999999999,"[0.48500000000000004, 0.487]",5491127.0,"[4.8500000000000005, 4.87]",0.007376521947432537,3.6144957542419434,19.6,"[0.975, 0.985]",5492127.0,"[9.75, 9.85]",0.005537852462457151,2.713547706604004,17.16,"[0.8549999999999999, 0.8610000000000001]",5493127.0,"[8.549999999999999, 8.610000000000001]",0.005476745294064891,2.683605194091797,7.9316666666666675,1.5508537075502067,0.006358585795577691,0.0007950498232014638,3.115707039833069,0.38957441336871723,COMPLETE
549,16.12,2025-06-13 17:22:11.731760,2025-06-13 17:22:16.143338,0 days 00:00:04.411578,34,0.8004954324756842,0.0909021529406353,0.9400968019567505,0.060852552330598914,435,5498131.0,16.12,3.138895771870527,0.8718333333333335,0.08980982994948583,430.0,6.0,19.540000000000003,"[0.9810000000000001, 0.9730000000000001]",5498131.0,"[9.81, 9.73]",0.006486546716024709,2.789215087890625,18.31,"[0.8510000000000002, 0.9800000000000001]",5499131.0,"[8.510000000000002, 9.8]",0.005501411127489667,2.3656067848205566,11.81,"[0.9830000000000002, 0.1979999999999999]",5500131.0,"[9.830000000000002, 1.979999999999999]",0.00607161189234534,2.610793113708496,17.04,"[0.8480000000000001, 0.8559999999999999]",5501131.0,"[8.48, 8.559999999999999]",0.005999196407406829,2.5796544551849365,18.23,"[0.8459999999999999, 0.977]",5502131.0,"[8.459999999999999, 9.77]",0.005767805077308832,2.480156183242798,11.79,"[0.7220000000000001, 0.45699999999999996]",5503131.0,"[7.220000000000001, 4.569999999999999]",0.00845585867416027,3.636019229888916,8.718333333333334,0.8980982994948582,0.006380404982455942,0.0009753081636983474,2.7435741424560547,0.4193825103902895,COMPLETE
550,15.704999999999998,2025-06-13 17:22:16.227234,2025-06-13 17:22:19.353171,0 days 00:00:03.125937,26,0.8231160895650189,0.194385587278153,0.943514720340583,0.04910373361261386,261,5508136.0,15.704999999999998,2.667206716148312,0.7753333333333333,0.18283021875195815,260.0,6.0,18.33,"[0.969, 0.8640000000000001]",5508136.0,"[9.69, 8.64]",0.006813355592580942,1.771472454071045,18.43,"[0.9869999999999999, 0.8560000000000001]",5509136.0,"[9.87, 8.56]",0.008639835394345798,2.2463572025299072,18.269999999999996,"[0.857, 0.9700000000000001]",5510136.0,"[8.57, 9.700000000000001]",0.009262655331538274,2.408290386199951,12.290000000000001,"[0.742, 0.487]",5511136.0,"[7.42, 4.87]",0.0077020204984224756,2.0025253295898438,13.48,"[0.61, 0.738]",5512136.0,"[6.1, 7.38]",0.0074878124090341424,1.946831226348877,13.43,"[0.487, 0.8559999999999999]",5513136.0,"[4.87, 8.559999999999999]",0.007554199145390437,1.9640917778015137,7.753333333333333,1.8283021875195817,0.007909979728552013,0.000807574267567138,2.056594729423523,0.20996930956745583,COMPLETE
551,16.351666666666667,2025-06-13 17:22:23.926926,2025-06-13 17:22:29.017839,0 days 00:00:05.090913,49,0.9995564031343809,0.12635274012524092,0.9374197716382265,0.08991551158973828,450,5518144.0,16.351666666666667,2.716980043275172,0.8315,0.11785973301627095,450.0,6.0,18.1,"[0.8389999999999999, 0.9710000000000001]",5518144.0,"[8.389999999999999, 9.71]",0.0067542971505059135,3.039433717727661,18.099999999999998,"[0.835, 0.975]",5519144.0,"[8.35, 9.75]",0.008676640722486709,3.9044883251190186,17.96,"[0.974, 0.8219999999999998]",5520144.0,"[9.74, 8.219999999999999]",0.007025812996758355,3.1616158485412598,18.029999999999998,"[0.9720000000000001, 0.8310000000000001]",5521144.0,"[9.72, 8.31]",0.0069387695524427626,3.122446298599243,15.170000000000002,"[0.682, 0.835]",5522144.0,"[6.82, 8.35]",0.009441203541225858,4.248541593551636,10.75,"[0.6869999999999999, 0.3879999999999999]",5523144.0,"[6.869999999999999, 3.879999999999999]",0.008219914966159397,3.6989617347717285,8.315,1.1785973301627097,0.007842773154929832,0.00100515149698864,3.5292479197184243,0.4523181736448879,COMPLETE
552,16.048333333333332,2025-06-13 17:22:29.098799,2025-06-13 17:22:32.941091,0 days 00:00:03.842292,22,0.8456701928639059,0.11678203799004011,0.9442746012939283,0.0727797676673221,459,5528149.0,16.048333333333332,1.6626426421680505,0.7615,0.1273953819152536,450.0,6.0,19.59,"[0.9809999999999999, 0.978]",5528149.0,"[9.809999999999999, 9.78]",0.005299657185872396,2.384845733642578,14.85,"[0.625, 0.86]",5529149.0,"[6.25, 8.6]",0.0067497793833414714,3.037400722503662,14.939999999999998,"[0.746, 0.748]",5530149.0,"[7.46, 7.48]",0.005265597767300076,2.369518995285034,14.88,"[0.618, 0.8700000000000001]",5531149.0,"[6.18, 8.700000000000001]",0.005295110278659396,2.3827996253967285,16.09,"[0.7410000000000001, 0.868]",5532149.0,"[7.410000000000001, 8.68]",0.005417792532179091,2.438006639480591,15.94,"[0.8579999999999999, 0.736]",5533149.0,"[8.579999999999998, 7.359999999999999]",0.006813832918802897,3.0662248134613037,7.614999999999999,1.273953819152536,0.005806961677692554,0.0006912033144775367,2.6131327549616494,0.31104149151489147,COMPLETE
553,16.278333333333332,2025-06-13 17:22:33.023171,2025-06-13 17:22:37.195256,0 days 00:00:04.172085,45,0.9276407534853746,0.0410572289826004,0.9871904284949758,0.03634932031277196,441,5538153.0,16.278333333333332,2.1263616552432683,0.8130000000000001,0.09888208465979395,440.0,6.0,16.65,"[0.825, 0.8399999999999999]",5538153.0,"[8.25, 8.399999999999999]",0.006544354828921232,2.879516124725342,14.010000000000002,"[0.6980000000000002, 0.703]",5539153.0,"[6.980000000000002, 7.029999999999999]",0.006735486334020441,2.963613986968994,19.610000000000003,"[0.983, 0.9780000000000001]",5540153.0,"[9.83, 9.780000000000001]",0.005185037851333618,2.281416654586792,18.23,"[0.8400000000000001, 0.983]",5541153.0,"[8.4, 9.83]",0.007721640305085616,3.397521734237671,15.36,"[0.8409999999999999, 0.695]",5542153.0,"[8.409999999999998, 6.949999999999999]",0.007070453600449995,3.110999584197998,13.809999999999999,"[0.691, 0.6900000000000001]",5543153.0,"[6.909999999999999, 6.9]",0.007578648762269454,3.3346054553985596,8.129999999999999,0.9888208465979397,0.006805936947013393,0.0008372840638157138,2.9946122566858926,0.3684049880789141,COMPLETE
554,15.646666666666667,2025-06-13 17:22:37.281721,2025-06-13 17:22:41.487710,0 days 00:00:04.205989,28,0.6335866003515532,0.024052057968728446,0.9417237111032772,0.05658160156198822,500,5548157.0,15.646666666666667,2.21155802295325,0.7516666666666666,0.11075297838984839,500.0,6.0,18.37,"[0.858, 0.9789999999999999]",5548157.0,"[8.58, 9.79]",0.0049998598098754884,2.499929904937744,12.16,"[0.607, 0.609]",5549157.0,"[6.07, 6.09]",0.00537814474105835,2.689072370529175,17.099999999999998,"[0.852, 0.858]",5550157.0,"[8.52, 8.58]",0.0063298091888427735,3.1649045944213867,15.850000000000001,"[0.732, 0.8530000000000001]",5551157.0,"[7.32, 8.530000000000001]",0.006870010852813721,3.4350054264068604,17.099999999999998,"[0.8530000000000001, 0.857]",5552157.0,"[8.530000000000001, 8.57]",0.004919707775115967,2.4598538875579834,13.299999999999999,"[0.608, 0.7219999999999999]",5553157.0,"[6.08, 7.219999999999999]",0.00559024715423584,2.79512357711792,7.516666666666667,1.1075297838984839,0.005681296586990357,0.0007045299663614052,2.8406482934951782,0.35226498318070265,COMPLETE
555,17.396666666666665,2025-06-13 17:22:41.565236,2025-06-13 17:22:45.127092,0 days 00:00:03.561856,17,0.766598847211921,0.0315672015329161,0.971349686918292,0.09912730404708224,468,5558161.0,17.396666666666665,1.622083707937279,0.8890000000000001,0.07887754221999223,460.0,6.0,16.310000000000002,"[0.8720000000000001, 0.759]",5558161.0,"[8.72, 7.59]",0.0045304137727488645,2.0839903354644775,19.729999999999997,"[0.9869999999999999, 0.986]",5559161.0,"[9.87, 9.86]",0.004205516628597094,1.934537649154663,16.28,"[0.982, 0.6460000000000001]",5560161.0,"[9.82, 6.460000000000001]",0.006078254139941672,2.795996904373169,15.06,"[0.7550000000000001, 0.751]",5561161.0,"[7.550000000000001, 7.51]",0.005012016711027726,2.305527687072754,18.599999999999998,"[0.873, 0.9870000000000001]",5562161.0,"[8.73, 9.870000000000001]",0.005598692790321682,2.5753986835479736,18.400000000000002,"[0.865, 0.975]",5563161.0,"[8.65, 9.75]",0.004604001148887303,2.117840528488159,8.889999999999999,0.7887754221999226,0.005004815865254057,0.0006493073791641146,2.302215298016866,0.2986813944154927,COMPLETE
556,17.415000000000003,2025-06-13 17:22:49.658730,2025-06-13 17:22:54.383695,0 days 00:00:04.724965,50,0.7737688464735303,0.13421919594464735,0.9174099844681495,0.07916789424462385,480,5568169.0,17.415000000000003,1.6064012574696276,0.8593333333333333,0.09879552396518555,480.0,6.0,16.619999999999997,"[0.8300000000000001, 0.8320000000000001]",5568169.0,"[8.3, 8.32]",0.006534890830516815,3.1367475986480713,19.54,"[0.974, 0.9800000000000001]",5569169.0,"[9.74, 9.8]",0.006712072590986887,3.221794843673706,19.62,"[0.985, 0.977]",5570169.0,"[9.85, 9.77]",0.00492435743411382,2.363691568374634,16.799999999999997,"[0.8440000000000001, 0.836]",5571169.0,"[8.440000000000001, 8.36]",0.00489728848139445,2.350698471069336,15.31,"[0.693, 0.8379999999999999]",5572169.0,"[6.93, 8.379999999999999]",0.008116258680820465,3.8958041667938232,16.6,"[0.8300000000000001, 0.8299999999999998]",5573169.0,"[8.3, 8.299999999999999]",0.0064176415403683984,3.080467939376831,8.593333333333334,0.9879552396518556,0.006267084926366805,0.0011098877053747676,3.008200764656067,0.5327460985798884,COMPLETE
557,15.87,2025-06-13 17:22:54.473365,2025-06-13 17:22:58.060331,0 days 00:00:03.586966,23,0.808212576732609,0.12882953347413634,0.9592807476429837,0.0017699666063694056,430,5578174.0,15.87,1.4509307357692853,0.8834999999999998,0.0814509054584416,430.0,6.0,18.43,"[0.976, 0.867]",5578174.0,"[9.76, 8.67]",0.006167027562163597,2.6518218517303467,13.63,"[0.7450000000000001, 0.618]",5579174.0,"[7.450000000000001, 6.18]",0.00575554093649221,2.4748826026916504,16.11,"[0.8629999999999999, 0.748]",5580174.0,"[8.629999999999999, 7.48]",0.005647438071494879,2.428398370742798,16.09,"[0.9879999999999999, 0.6209999999999999]",5581174.0,"[9.879999999999999, 6.209999999999999]",0.005264000005500261,2.2635200023651123,14.91,"[0.866, 0.6249999999999999]",5582174.0,"[8.66, 6.249999999999999]",0.006450162377468375,2.7735698223114014,16.05,"[0.8629999999999999, 0.7420000000000001]",5583174.0,"[8.629999999999999, 7.420000000000001]",0.005652435990267022,2.4305474758148193,8.834999999999999,0.8145090545844161,0.005822767490564391,0.0003848447908211116,2.503790020942688,0.16548326005307804,COMPLETE
558,16.354999999999997,2025-06-13 17:22:58.146164,2025-06-13 17:23:02.174397,0 days 00:00:04.028233,33,0.8681609016138767,0.09600345601475348,0.9789160373336309,0.06466914206554897,445,5588178.0,16.354999999999997,0.9975428144529273,0.8286666666666666,0.050568984785362474,440.0,6.0,17.04,"[0.852, 0.852]",5588178.0,"[8.52, 8.52]",0.005439805442636663,2.393514394760132,16.95,"[0.8479999999999999, 0.8470000000000001]",5589178.0,"[8.479999999999999, 8.47]",0.00651071234182878,2.864713430404663,17.0,"[0.859, 0.841]",5590178.0,"[8.59, 8.41]",0.006708669120615179,2.9518144130706787,16.990000000000002,"[0.716, 0.9830000000000002]",5591178.0,"[7.16, 9.830000000000002]",0.0071912635456432,3.164155960083008,15.799999999999999,"[0.852, 0.728]",5592178.0,"[8.52, 7.279999999999999]",0.00656822377985174,2.8900184631347656,14.35,"[0.845, 0.5899999999999999]",5593178.0,"[8.45, 5.899999999999999]",0.007312785495411266,3.217625617980957,8.286666666666667,0.5056898478536246,0.00662190995433114,0.0006084978593583128,2.9136403799057007,0.2677390581176576,COMPLETE
559,14.19,2025-06-13 17:23:02.261285,2025-06-13 17:23:06.372361,0 days 00:00:04.111076,29,0.9483272927585606,0.13638314387187306,0.9387617547125636,0.04658747890705471,453,5598182.0,14.19,2.809068647553253,0.7301666666666667,0.16525779524394274,450.0,6.0,12.09,"[0.599, 0.61]",5598182.0,"[5.99, 6.1]",0.006919910642835829,3.113959789276123,9.56,"[0.477, 0.4789999999999999]",5599182.0,"[4.77, 4.789999999999999]",0.006686848004659017,3.0090816020965576,15.92,"[0.729, 0.8629999999999999]",5600182.0,"[7.29, 8.629999999999999]",0.007336281140645345,3.3013265132904053,14.610000000000001,"[0.859, 0.602]",5601182.0,"[8.59, 6.02]",0.006326601240370009,2.846970558166504,14.5,"[0.73, 0.72]",5602182.0,"[7.3, 7.199999999999999]",0.007109381357828776,3.199221611022949,18.459999999999997,"[0.9870000000000001, 0.859]",5603182.0,"[9.870000000000001, 8.59]",0.006651066144307455,2.9929797649383545,7.301666666666667,1.6525779524394273,0.0068383480884410715,0.00032862350452733235,3.0772566397984824,0.14788057703729957,COMPLETE
560,14.726666666666667,2025-06-13 17:23:06.483608,2025-06-13 17:23:09.961189,0 days 00:00:03.477581,36,0.7896918841792548,0.1266471271904463,0.9360715971423396,0.054219441917617434,461,5608186.0,14.726666666666667,2.1049201621175295,0.8246666666666668,0.11769971207365898,460.0,6.0,15.65,"[0.8480000000000001, 0.7169999999999999]",5608186.0,"[8.48, 7.169999999999998]",0.005406828030295994,2.4871408939361572,10.35,"[0.585, 0.4499999999999999]",5609186.0,"[5.85, 4.499999999999999]",0.005528350498365319,2.543041229248047,16.9,"[0.8439999999999998, 0.8459999999999999]",5610186.0,"[8.439999999999998, 8.459999999999999]",0.005366247114927872,2.4684736728668213,14.22,"[0.842, 0.5799999999999998]",5611186.0,"[8.42, 5.799999999999999]",0.0055571473163107165,2.5562877655029297,15.629999999999997,"[0.85, 0.7129999999999999]",5612186.0,"[8.5, 7.129999999999999]",0.0054947044538414995,2.52756404876709,15.61,"[0.9790000000000001, 0.582]",5613186.0,"[9.790000000000001, 5.819999999999999]",0.005825520080068837,2.679739236831665,8.246666666666666,1.17699712073659,0.005529799582301705,0.00014793224317668932,2.543707807858785,0.0680488318612771,COMPLETE
561,16.185,2025-06-13 17:23:14.612860,2025-06-13 17:23:18.395445,0 days 00:00:03.782585,32,0.8308669240454196,0.13104879789099247,0.967122912738524,0.08752163356458818,489,5618194.0,16.185,2.6184648810578555,0.8731666666666666,0.11478300784039815,480.0,6.0,15.709999999999999,"[0.9770000000000001, 0.5939999999999998]",5618194.0,"[9.770000000000001, 5.939999999999998]",0.005239456395308177,2.514939069747925,19.56,"[0.9799999999999999, 0.976]",5619194.0,"[9.799999999999999, 9.76]",0.005004309117794037,2.4020683765411377,13.190000000000001,"[0.8480000000000001, 0.4709999999999999]",5620194.0,"[8.48, 4.709999999999999]",0.006118462979793548,2.9368622303009033,19.609999999999996,"[0.984, 0.9770000000000001]",5621194.0,"[9.84, 9.770000000000001]",0.004717934628327688,2.26460862159729,15.799999999999997,"[0.7209999999999999, 0.859]",5622194.0,"[7.209999999999999, 8.59]",0.0046610280871391295,2.2372934818267822,13.239999999999998,"[0.7289999999999999, 0.595]",5623194.0,"[7.289999999999999, 5.949999999999999]",0.006192112962404887,2.9722142219543457,8.731666666666667,1.1478300784039812,0.0053222173617945776,0.000619269643505775,2.5546643336613974,0.297249428882772,COMPLETE
562,16.421666666666667,2025-06-13 17:23:18.472799,2025-06-13 17:23:21.792055,0 days 00:00:03.319256,31,0.8151687568563155,0.03441487043433712,0.9564952267845306,0.031275890363016014,437,5628198.0,16.421666666666667,2.710980245020035,0.8328333333333333,0.1871803200719088,430.0,6.0,18.45,"[0.991, 0.8540000000000001]",5628198.0,"[9.91, 8.540000000000001]",0.004910464619481286,2.111499786376953,15.709999999999999,"[0.7190000000000001, 0.852]",5629198.0,"[7.190000000000001, 8.52]",0.005634064452592717,2.422647714614868,18.18,"[0.977, 0.841]",5630198.0,"[9.77, 8.41]",0.00511155738386997,2.197969675064087,18.37,"[0.982, 0.8550000000000001]",5631198.0,"[9.82, 8.55]",0.0047449222830838935,2.040316581726074,17.07,"[0.8539999999999999, 0.853]",5632198.0,"[8.54, 8.53]",0.005318177578061126,2.286816358566284,10.75,"[0.4739999999999999, 0.601]",5633198.0,"[4.739999999999999, 6.01]",0.00583275695179784,2.5080854892730713,8.328333333333333,1.871803200719088,0.005258657211481138,0.0003831587572644574,2.2612226009368896,0.1647582656237167,COMPLETE
563,13.773333333333333,2025-06-13 17:23:21.876939,2025-06-13 17:23:25.747485,0 days 00:00:03.870546,34,0.9895713735718361,0.12360988457619627,0.9449657087615768,0.0009604279280163951,445,5638202.0,13.773333333333333,3.3546766693014636,0.7004999999999999,0.19026976463256934,440.0,6.0,13.099999999999998,"[0.8479999999999999, 0.462]",5638202.0,"[8.479999999999999, 4.62]",0.006628135659477927,2.916379690170288,11.88,"[0.592, 0.596]",5639202.0,"[5.92, 5.96]",0.006088442694057118,2.678914785385132,15.660000000000002,"[0.722, 0.844]",5640202.0,"[7.22, 8.44]",0.006010632623325695,2.6446783542633057,7.869999999999999,"[0.332, 0.45499999999999996]",5641202.0,"[3.3200000000000003, 4.55]",0.006490080464969981,2.855635404586792,18.37,"[0.8550000000000001, 0.982]",5642202.0,"[8.55, 9.82]",0.005802484534003518,2.553093194961548,15.760000000000002,"[0.8540000000000001, 0.7220000000000001]",5643202.0,"[8.540000000000001, 7.220000000000001]",0.0055403286760503595,2.437744617462158,7.004999999999999,1.9026976463256933,0.006093350775314099,0.0003743198973967749,2.681074341138204,0.164700754854581,COMPLETE
564,16.811666666666667,2025-06-13 17:23:25.828530,2025-06-13 17:23:29.235107,0 days 00:00:03.406577,33,0.7776672263556089,0.01559811881271857,0.9401116026188969,0.07397812604246519,475,5648206.0,16.811666666666667,1.1342459560822282,0.8533333333333332,0.1050026454693193,470.0,6.0,18.31,"[0.982, 0.849]",5648206.0,"[9.82, 8.49]",0.005037855594716174,2.3677921295166016,15.82,"[0.726, 0.8560000000000001]",5649206.0,"[7.26, 8.56]",0.005464048081255973,2.5681025981903076,16.85,"[0.9810000000000001, 0.704]",5650206.0,"[9.81, 7.039999999999999]",0.0052753935468957775,2.4794349670410156,15.82,"[0.861, 0.721]",5651206.0,"[8.61, 7.21]",0.004857982980444076,2.283252000808716,15.73,"[0.723, 0.85]",5652206.0,"[7.2299999999999995, 8.5]",0.005494849225308033,2.5825791358947754,18.34,"[0.8469999999999999, 0.9870000000000001]",5653206.0,"[8.469999999999999, 9.870000000000001]",0.0048972226203756125,2.301694631576538,8.533333333333333,1.050026454693193,0.005171225341499274,0.0002557063248485155,2.430475910504659,0.12018197267880226,COMPLETE
565,16.19333333333333,2025-06-13 17:23:29.315525,2025-06-13 17:23:32.739669,0 days 00:00:03.424144,24,0.9769194130573575,0.11950694715627856,0.9207692363292965,0.009485390727526013,425,5658209.0,16.19333333333333,1.888426740849524,0.8798333333333335,0.11060804170081356,420.0,6.0,18.48,"[0.9850000000000001, 0.8629999999999999]",5658209.0,"[9.850000000000001, 8.629999999999999]",0.005358510925656273,2.2505745887756348,18.23,"[0.9740000000000002, 0.8489999999999999]",5659209.0,"[9.740000000000002, 8.489999999999998]",0.005566950071425665,2.3381190299987793,14.81,"[0.86, 0.6209999999999999]",5660209.0,"[8.6, 6.209999999999999]",0.0059681069283258345,2.5066049098968506,14.79,"[0.7379999999999998, 0.741]",5661209.0,"[7.379999999999997, 7.41]",0.005794576236179897,2.4337220191955566,13.56,"[0.734, 0.6219999999999999]",5662209.0,"[7.34, 6.219999999999999]",0.005471466268811907,2.298015832901001,17.29,"[0.9880000000000001, 0.7409999999999999]",5663209.0,"[9.88, 7.409999999999998]",0.0051196472985403875,2.150251865386963,8.798333333333334,1.1060804170081358,0.005546542954823327,0.00027775456700479604,2.3295480410257974,0.1166569181420143,COMPLETE
566,14.545,2025-06-13 17:23:37.334893,2025-06-13 17:23:40.658913,0 days 00:00:03.324020,20,0.8027807368274794,0.11234692993072512,0.9419885379445979,0.06303202604970178,434,5668217.0,14.545,3.5991561510998658,0.6683333333333333,0.26572333147258426,430.0,6.0,13.709999999999999,"[0.627, 0.744]",5668217.0,"[6.27, 7.4399999999999995]",0.00518320826596992,2.2287795543670654,13.79,"[0.397, 0.982]",5669217.0,"[3.97, 9.82]",0.005290973463723826,2.275118589401245,14.939999999999998,"[0.9790000000000001, 0.515]",5670217.0,"[9.790000000000001, 5.15]",0.005005823734194733,2.1525042057037354,17.33,"[0.7489999999999999, 0.9840000000000002]",5671217.0,"[7.489999999999998, 9.840000000000002]",0.004677455924278082,2.011306047439575,7.95,"[0.281, 0.5139999999999999]",5672217.0,"[2.8100000000000005, 5.139999999999999]",0.00549528765123944,2.362973690032959,19.55,"[0.9770000000000001, 0.9780000000000001]",5673217.0,"[9.770000000000001, 9.780000000000001]",0.00461170562477999,1.9830334186553955,6.683333333333334,2.657233314725843,0.005044075777364331,0.00031799521913874253,2.1689525842666626,0.13673794422965924,COMPLETE
567,16.253333333333334,2025-06-13 17:23:40.743739,2025-06-13 17:23:44.435118,0 days 00:00:03.691379,29,0.8228410364887395,0.10036295555761333,0.9630118681415394,0.03891066869461778,485,5678220.0,16.253333333333334,1.3610616771068424,0.8346666666666667,0.13256277339015238,480.0,6.0,18.330000000000002,"[0.9790000000000001, 0.8539999999999999]",5678220.0,"[9.790000000000001, 8.54]",0.005130676925182343,2.4627249240875244,15.899999999999999,"[0.859, 0.731]",5679220.0,"[8.59, 7.31]",0.004863639175891876,2.3345468044281006,14.559999999999999,"[0.7280000000000001, 0.728]",5680220.0,"[7.280000000000001, 7.279999999999999]",0.005371420582135519,2.578281879425049,17.009999999999998,"[0.977, 0.724]",5681220.0,"[9.77, 7.24]",0.005771506329377492,2.7703230381011963,14.65,"[0.607, 0.858]",5682220.0,"[6.07, 8.58]",0.005563264588514963,2.6703670024871826,17.07,"[0.858, 0.849]",5683220.0,"[8.58, 8.49]",0.005268782873948415,2.5290157794952393,8.346666666666668,1.3256277339015234,0.005328215079175101,0.0002921205227999138,2.557543238004049,0.14021785094395864,COMPLETE
568,17.638333333333335,2025-06-13 17:23:44.525094,2025-06-13 17:23:48.082556,0 days 00:00:03.557462,35,0.841576554705434,0.03846372766488439,0.9737724150672884,0.06714122737143056,451,5688224.0,17.638333333333335,2.266924617675281,0.9133333333333334,0.06650229737050867,450.0,6.0,19.59,"[0.974, 0.985]",5688224.0,"[9.74, 9.85]",0.005300733248392741,2.3853299617767334,12.960000000000003,"[0.844, 0.45199999999999996]",5689224.0,"[8.44, 4.52]",0.005671238369411892,2.5520572662353516,19.62,"[0.9880000000000001, 0.9740000000000002]",5690224.0,"[9.88, 9.740000000000002]",0.004818871286180284,2.168492078781128,17.060000000000002,"[0.851, 0.8550000000000001]",5691224.0,"[8.51, 8.55]",0.0052521334754096136,2.363460063934326,18.32,"[0.8459999999999999, 0.986]",5692224.0,"[8.459999999999999, 9.86]",0.005082245402865939,2.287010431289673,18.28,"[0.9770000000000001, 0.851]",5693224.0,"[9.770000000000001, 8.51]",0.005448388523525662,2.451774835586548,9.133333333333335,0.6650229737050867,0.005262268384297689,0.0002684798805500714,2.36802077293396,0.12081594624753211,COMPLETE
569,17.133333333333333,2025-06-13 17:23:48.233042,2025-06-13 17:23:51.936376,0 days 00:00:03.703334,37,0.8389647631818087,0.030828197460949114,0.9746508775105314,0.08095153041670088,452,5698228.0,17.133333333333333,2.315971118607101,0.8236666666666667,0.23498486948926936,450.0,6.0,18.28,"[0.9840000000000002, 0.8440000000000001]",5698228.0,"[9.840000000000002, 8.440000000000001]",0.005249899758232965,2.362454891204834,19.51,"[0.9730000000000001, 0.978]",5699228.0,"[9.73, 9.78]",0.004768872790866428,2.1459927558898926,19.52,"[0.9770000000000001, 0.975]",5700228.0,"[9.770000000000001, 9.75]",0.005230645603603787,2.353790521621704,13.009999999999998,"[0.31499999999999984, 0.9860000000000001]",5701228.0,"[3.1499999999999986, 9.860000000000001]",0.005525850719875759,2.486632823944092,15.56,"[0.8480000000000001, 0.708]",5702228.0,"[8.48, 7.08]",0.005724592208862305,2.576066493988037,16.919999999999998,"[0.845, 0.8469999999999999]",5703228.0,"[8.45, 8.469999999999999]",0.004919517834981283,2.213783025741577,8.236666666666666,2.349848694892693,0.005236563152737087,0.0003269364226306003,2.3564534187316895,0.1471213901837702,COMPLETE
570,15.88,2025-06-13 17:23:52.070992,2025-06-13 17:23:55.998523,0 days 00:00:03.927531,36,0.8172418375501909,0.04224635930635403,0.9728084937231866,0.07173046773710519,457,5708232.0,15.88,2.3307438011644837,0.8291666666666667,0.19478314152467674,450.0,6.0,15.77,"[0.9870000000000001, 0.59]",5708232.0,"[9.870000000000001, 5.8999999999999995]",0.0052709759606255424,2.371939182281494,18.27,"[0.9840000000000002, 0.843]",5709232.0,"[9.840000000000002, 8.43]",0.005183078447977702,2.332385301589966,16.990000000000002,"[0.851, 0.8480000000000001]",5710232.0,"[8.51, 8.48]",0.005267824596828885,2.370521068572998,18.249999999999996,"[0.984, 0.841]",5711232.0,"[9.84, 8.41]",0.00528218322330051,2.3769824504852295,11.69,"[0.716, 0.45299999999999996]",5712232.0,"[7.16, 4.529999999999999]",0.005691502888997396,2.561176300048828,14.309999999999999,"[0.45299999999999996, 0.9780000000000001]",5713232.0,"[4.529999999999999, 9.780000000000001]",0.006372341050042046,2.867553472518921,8.291666666666666,1.9478314152467673,0.005511317694628679,0.00041855397294526646,2.4800929625829062,0.18834928782536997,COMPLETE
571,14.79,2025-06-13 17:24:00.878097,2025-06-13 17:24:04.437310,0 days 00:00:03.559213,35,0.8549080375619601,0.03809810937499486,0.9770631279196689,0.09061062058123394,467,5718241.0,14.79,2.40065268902716,0.7633333333333333,0.1264590403604618,460.0,6.0,17.01,"[0.8540000000000001, 0.8469999999999999]",5718241.0,"[8.540000000000001, 8.469999999999999]",0.005503608351168425,2.5316598415374756,13.01,"[0.7180000000000001, 0.583]",5719241.0,"[7.180000000000001, 5.83]",0.0058157407719156015,2.6752407550811768,11.7,"[0.586, 0.584]",5720241.0,"[5.859999999999999, 5.84]",0.005723135885985001,2.6326425075531006,13.02,"[0.717, 0.585]",5721241.0,"[7.17, 5.85]",0.005484369526738706,2.5228099822998047,15.579999999999998,"[0.7179999999999999, 0.8400000000000001]",5722241.0,"[7.179999999999999, 8.4]",0.005491235981816831,2.525968551635742,18.419999999999998,"[0.9870000000000001, 0.8550000000000001]",5723241.0,"[9.870000000000001, 8.55]",0.004603885049405306,2.1177871227264404,7.633333333333333,1.264590403604618,0.0054369959278383105,0.0003934931012942525,2.5010181268056235,0.18100682659535622,COMPLETE
572,16.536666666666665,2025-06-13 17:24:04.512791,2025-06-13 17:24:08.290488,0 days 00:00:03.777697,34,0.8333198526885073,0.03673508797730879,0.9747358075277371,0.06634299037492593,449,5728244.0,16.536666666666665,2.6128315844862433,0.8063333333333333,0.1669028326768469,440.0,6.0,18.34,"[0.8540000000000001, 0.9800000000000001]",5728244.0,"[8.540000000000001, 9.8]",0.0051832984794269905,2.280651330947876,14.229999999999999,"[0.5770000000000001, 0.8460000000000001]",5729244.0,"[5.7700000000000005, 8.46]",0.00558461763642051,2.4572317600250244,18.330000000000002,"[0.85, 0.983]",5730244.0,"[8.5, 9.83]",0.005386257171630859,2.369953155517578,11.74,"[0.589, 0.5849999999999999]",5731244.0,"[5.89, 5.849999999999999]",0.0062888145446777345,2.767078399658203,18.200000000000003,"[0.985, 0.835]",5732244.0,"[9.85, 8.35]",0.005286918986927379,2.326244354248047,18.38,"[0.983, 0.8550000000000001]",5733244.0,"[9.83, 8.55]",0.004921244491230358,2.1653475761413574,8.063333333333334,1.6690283267684691,0.0054418585517189725,0.0004287004982971159,2.3944177627563477,0.18862821925073092,COMPLETE
573,16.10833333333333,2025-06-13 17:24:08.432162,2025-06-13 17:24:11.717765,0 days 00:00:03.285603,36,0.8453851329599902,0.040286136848016255,0.9708605031598556,0.07987260105551822,459,5738248.0,16.10833333333333,2.2440916251842804,0.8474999999999998,0.10823854827802035,450.0,6.0,13.059999999999999,"[0.7209999999999999, 0.5849999999999999]",5738248.0,"[7.209999999999999, 5.849999999999999]",0.005190740161471897,2.3358330726623535,18.32,"[0.845, 0.9870000000000001]",5739248.0,"[8.45, 9.870000000000001]",0.004855800734625922,2.185110330581665,13.0,"[0.71, 0.59]",5740248.0,"[7.1, 5.8999999999999995]",0.005443087153964572,2.4493892192840576,16.94,"[0.9810000000000001, 0.713]",5741248.0,"[9.81, 7.13]",0.005318727493286133,2.3934273719787598,17.02,"[0.9799999999999999, 0.722]",5742248.0,"[9.799999999999999, 7.22]",0.004703680674235026,2.1166563034057617,18.310000000000002,"[0.8480000000000001, 0.983]",5743248.0,"[8.48, 9.83]",0.005078033341301812,2.2851150035858154,8.475,1.0823854827802033,0.005098344926480894,0.0002552621776745674,2.2942552169164023,0.11486797995355541,COMPLETE
574,14.341666666666663,2025-06-13 17:24:11.801171,2025-06-13 17:24:15.109614,0 days 00:00:03.308443,35,0.8405633596618179,0.0353345368517162,0.9741036735894699,0.002093906061854185,443,5748251.0,14.341666666666663,2.0148731694299995,0.7388333333333333,0.0925660424897933,440.0,6.0,14.339999999999998,"[0.85, 0.5839999999999999]",5748251.0,"[8.5, 5.839999999999998]",0.005089476975527677,2.2393698692321777,11.729999999999999,"[0.7169999999999999, 0.45599999999999996]",5749251.0,"[7.169999999999998, 4.56]",0.005659761212088845,2.490294933319092,15.55,"[0.7070000000000001, 0.8480000000000001]",5750251.0,"[7.07, 8.48]",0.005167819695039229,2.2738406658172607,11.699999999999998,"[0.586, 0.5839999999999999]",5751251.0,"[5.859999999999999, 5.839999999999998]",0.005639386177062988,2.481329917907715,17.04,"[0.8559999999999999, 0.8480000000000001]",5752251.0,"[8.559999999999999, 8.48]",0.004720833084800027,2.0771665573120117,15.69,"[0.717, 0.852]",5753251.0,"[7.17, 8.52]",0.0050247604196721855,2.2108945846557617,7.388333333333333,0.9256604248979331,0.005217006260698491,0.0003357246047530042,2.2954827547073364,0.14771882609132192,COMPLETE
575,17.161666666666665,2025-06-13 17:24:15.193818,2025-06-13 17:24:18.727579,0 days 00:00:03.533761,26,0.8592571252164609,0.04381228182238019,0.9707404396583569,0.06924701744377255,471,5758255.0,17.161666666666665,1.9986780353245701,0.8580000000000001,0.12374166638606413,470.0,6.0,18.43,"[0.8600000000000001, 0.9830000000000002]",5758255.0,"[8.600000000000001, 9.830000000000002]",0.005016074789331314,2.3575551509857178,18.379999999999995,"[0.985, 0.8530000000000001]",5759255.0,"[9.85, 8.530000000000001]",0.004669318807886002,2.194579839706421,15.8,"[0.851, 0.7289999999999999]",5760255.0,"[8.51, 7.289999999999999]",0.005229365064742717,2.457801580429077,13.580000000000004,"[0.6140000000000001, 0.744]",5761255.0,"[6.140000000000001, 7.4399999999999995]",0.005716417190876413,2.686716079711914,19.650000000000002,"[0.985, 0.9800000000000001]",5762255.0,"[9.85, 9.8]",0.0044603383287470395,2.0963590145111084,17.13,"[0.8530000000000001, 0.8600000000000001]",5763255.0,"[8.530000000000001, 8.600000000000001]",0.004516182554529068,2.122605800628662,8.58,1.2374166638606412,0.004934616122685426,0.00044255585437755684,2.31926957766215,0.20800125155745172,COMPLETE
576,17.03,2025-06-13 17:24:23.457685,2025-06-13 17:24:26.866526,0 days 00:00:03.408841,35,0.8335102361195035,0.03230045166552065,0.9722021277078007,0.09994199950451392,462,5768263.0,17.03,1.277471460868435,0.8308333333333331,0.08730295273102484,460.0,6.0,18.25,"[0.977, 0.8480000000000001]",5768263.0,"[9.77, 8.48]",0.00467971718829611,2.152669906616211,18.37,"[0.8559999999999999, 0.9810000000000001]",5769263.0,"[8.559999999999999, 9.81]",0.004919814545175304,2.2631146907806396,16.98,"[0.8539999999999999, 0.844]",5770263.0,"[8.54, 8.44]",0.004792963940164317,2.204763412475586,14.48,"[0.7229999999999999, 0.725]",5771263.0,"[7.229999999999999, 7.25]",0.005093821235325025,2.3431577682495117,17.08,"[0.725, 0.9829999999999999]",5772263.0,"[7.25, 9.829999999999998]",0.005143590077109959,2.366051435470581,17.02,"[0.85, 0.852]",5773263.0,"[8.5, 8.52]",0.004530024528503418,2.0838112831115723,8.308333333333332,0.8730295273102483,0.004859988585762356,0.00021777397237369682,2.2355947494506836,0.10017602729190049,COMPLETE
577,16.008333333333333,2025-06-13 17:24:27.006357,2025-06-13 17:24:30.609938,0 days 00:00:03.603581,37,0.8222946498860557,0.02507104246151296,0.9767893180914772,0.08625125125649943,494,5778267.0,16.008333333333333,2.687603744767612,0.8006666666666665,0.09648776548811203,490.0,6.0,18.259999999999998,"[0.8460000000000001, 0.9799999999999999]",5778267.0,"[8.46, 9.799999999999999]",0.005061885775352011,2.4803240299224854,12.999999999999996,"[0.717, 0.583]",5779267.0,"[7.17, 5.83]",0.0057117082634750675,2.798737049102783,19.38,"[0.9720000000000001, 0.966]",5780267.0,"[9.72, 9.66]",0.005056817190987723,2.4778404235839844,18.27,"[0.844, 0.9830000000000002]",5781267.0,"[8.44, 9.830000000000002]",0.005017841105558435,2.458742141723633,12.919999999999998,"[0.716, 0.5759999999999998]",5782267.0,"[7.16, 5.759999999999998]",0.005431458414817343,2.661414623260498,14.219999999999999,"[0.7089999999999999, 0.7130000000000001]",5783267.0,"[7.089999999999998, 7.130000000000001]",0.005346973088322854,2.6200168132781982,8.006666666666666,0.96487765488112,0.005271113973085572,0.00025147397779638666,2.58284584681193,0.12322224912022953,COMPLETE
578,14.6,2025-06-13 17:24:30.719682,2025-06-13 17:24:34.792409,0 days 00:00:04.072727,46,0.8479278735747923,0.027176920514825398,0.93631413108311,0.011675647342072559,451,5788270.0,14.6,1.0625441167311613,0.8136666666666666,0.05199893161295615,450.0,6.0,13.949999999999998,"[0.698, 0.6969999999999998]",5788270.0,"[6.9799999999999995, 6.969999999999999]",0.006004335085550944,2.701950788497925,16.630000000000003,"[0.829, 0.834]",5789270.0,"[8.29, 8.34]",0.00584051767985026,2.628232955932617,15.4,"[0.841, 0.6990000000000001]",5790270.0,"[8.41, 6.99]",0.005174258550008138,2.328416347503662,13.919999999999998,"[0.8450000000000001, 0.5469999999999999]",5791270.0,"[8.450000000000001, 5.469999999999999]",0.005357502831353082,2.4108762741088867,13.809999999999997,"[0.8319999999999999, 0.549]",5792270.0,"[8.319999999999999, 5.49]",0.006634452607896593,2.985503673553467,13.889999999999999,"[0.8370000000000001, 0.5519999999999998]",5793270.0,"[8.370000000000001, 5.519999999999998]",0.0058967632717556425,2.653543472290039,8.136666666666668,0.5199893161295617,0.005817971671069111,0.00047160842088293987,2.6180872519810996,0.21222378939732292,COMPLETE
579,15.231666666666664,2025-06-13 17:24:34.934321,2025-06-13 17:24:38.575716,0 days 00:00:03.641395,28,0.9633187183504085,0.17075660209088675,0.9033633157519221,0.06234307894135935,439,5798275.0,15.231666666666664,2.8337455582477573,0.7505000000000001,0.13147211364645614,430.0,6.0,16.95,"[0.8469999999999999, 0.8480000000000001]",5798275.0,"[8.469999999999999, 8.48]",0.006039320036422375,2.596907615661621,14.57,"[0.729, 0.728]",5799275.0,"[7.29, 7.279999999999999]",0.005382352651551713,2.3144116401672363,17.14,"[0.8550000000000001, 0.859]",5800275.0,"[8.55, 8.59]",0.0050868550012278,2.187347650527954,9.669999999999998,"[0.4819999999999999, 0.485]",5801275.0,"[4.8199999999999985, 4.85]",0.0063586196234059885,2.734206438064575,14.68,"[0.736, 0.732]",5802275.0,"[7.359999999999999, 7.32]",0.005614359434260878,2.4141745567321777,18.380000000000003,"[0.8540000000000001, 0.984]",5803275.0,"[8.540000000000001, 9.84]",0.005284119206805562,2.2721712589263916,7.504999999999999,1.3147211364645615,0.0056276043256123865,0.00044245693982138785,2.419869860013326,0.19025648412319685,COMPLETE
580,16.069999999999997,2025-06-13 17:24:38.655361,2025-06-13 17:24:41.897454,0 days 00:00:03.242093,36,0.8263784697301346,0.08588944629768314,0.9675163640526008,0.04911110911573899,354,5808278.0,16.069999999999997,2.3451083841335216,0.717,0.20231905496022862,350.0,6.0,11.7,"[0.3189999999999999, 0.851]",5808278.0,"[3.189999999999999, 8.51]",0.006408250672476632,2.2428877353668213,16.94,"[0.851, 0.843]",5809278.0,"[8.51, 8.43]",0.006209497451782227,2.1733241081237793,17.049999999999997,"[0.853, 0.8520000000000001]",5810278.0,"[8.53, 8.520000000000001]",0.0051184449877057754,1.7914557456970215,18.16,"[0.8419999999999999, 0.974]",5811278.0,"[8.419999999999998, 9.74]",0.006306850569588797,2.207397699356079,18.250000000000004,"[0.851, 0.974]",5812278.0,"[8.51, 9.74]",0.005375189781188965,1.8813164234161377,14.319999999999999,"[0.586, 0.8460000000000001]",5813278.0,"[5.859999999999999, 8.46]",0.007042986324855259,2.465045213699341,7.169999999999999,2.023190549602286,0.00607686996459961,0.0006486664063368026,2.1269044876098633,0.2270332422178809,COMPLETE
581,15.475000000000001,2025-06-13 17:24:46.607060,2025-06-13 17:24:50.209324,0 days 00:00:03.602264,27,0.808424764988478,0.04018429717893375,0.9730505179194195,0.07818490729441104,473,5818286.0,15.475000000000001,1.3382420060163507,0.7936666666666667,0.09258989625703704,470.0,6.0,16.95,"[0.851, 0.8440000000000001]",5818286.0,"[8.51, 8.440000000000001]",0.005265173506229482,2.4746315479278564,13.370000000000001,"[0.7270000000000001, 0.61]",5819286.0,"[7.270000000000001, 6.1]",0.005471648053920015,2.5716745853424072,14.74,"[0.735, 0.7390000000000001]",5820286.0,"[7.35, 7.390000000000001]",0.004948029619582156,2.3255739212036133,14.7,"[0.7370000000000001, 0.7329999999999999]",5821286.0,"[7.370000000000001, 7.329999999999998]",0.005069568309378117,2.382697105407715,15.95,"[0.7350000000000001, 0.86]",5822286.0,"[7.350000000000001, 8.6]",0.004755274792934986,2.2349791526794434,17.14,"[0.977, 0.7370000000000001]",5823286.0,"[9.77, 7.370000000000001]",0.005121293981024559,2.407008171081543,7.936666666666667,0.9258989625703703,0.005105164710511552,0.00022677246454945663,2.3994274139404297,0.1065830583382447,COMPLETE
582,16.253333333333334,2025-06-13 17:24:50.354891,2025-06-13 17:24:54.506975,0 days 00:00:04.152084,47,0.8648435459627382,0.10592862597808411,0.9696680088349148,0.023205586619051935,480,5828290.0,16.253333333333334,2.5144824959069063,0.7651666666666667,0.13504001464586543,480.0,6.0,12.419999999999998,"[0.5509999999999999, 0.691]",5828290.0,"[5.51, 6.909999999999999]",0.006843701998392741,3.2849769592285156,15.360000000000001,"[0.694, 0.842]",5829290.0,"[6.9399999999999995, 8.42]",0.0057978009184201556,2.782944440841675,14.0,"[0.6970000000000001, 0.7030000000000001]",5830290.0,"[6.970000000000001, 7.030000000000001]",0.006200839579105377,2.976402997970581,19.44,"[0.9729999999999999, 0.9709999999999999]",5831290.0,"[9.729999999999999, 9.709999999999999]",0.00545759250720342,2.6196444034576416,18.240000000000002,"[0.842, 0.982]",5832290.0,"[8.42, 9.82]",0.0052209973335266115,2.5060787200927734,18.06,"[0.834, 0.9719999999999999]",5833290.0,"[8.34, 9.719999999999999]",0.0053898250063260395,2.587116003036499,7.651666666666666,1.3504001464586544,0.005818459557162391,0.0005580736269263447,2.7928605874379477,0.26787534092464543,COMPLETE
583,15.418333333333331,2025-06-13 17:24:54.590039,2025-06-13 17:24:58.275445,0 days 00:00:03.685406,34,0.8376182239682882,0.03817345714216928,0.9108395782911825,0.06913446006519433,441,5838294.0,15.418333333333331,0.8999521592223038,0.8244999999999999,0.08793700396685492,440.0,6.0,15.659999999999997,"[0.8479999999999999, 0.718]",5838294.0,"[8.479999999999999, 7.18]",0.005162096023559571,2.271322250366211,16.869999999999997,"[0.843, 0.844]",5839294.0,"[8.43, 8.44]",0.005710762739181518,2.512735605239868,14.33,"[0.718, 0.715]",5840294.0,"[7.18, 7.1499999999999995]",0.005566980080171065,2.4494712352752686,15.61,"[0.8480000000000001, 0.7129999999999999]",5841294.0,"[8.48, 7.129999999999999]",0.0057284718210046945,2.5205276012420654,14.260000000000002,"[0.9729999999999999, 0.45299999999999996]",5842294.0,"[9.729999999999999, 4.529999999999999]",0.0064619925889101894,2.8432767391204834,15.780000000000001,"[0.7170000000000001, 0.861]",5843294.0,"[7.170000000000001, 8.61]",0.00521501898765564,2.2946083545684814,8.245,0.8793700396685492,0.005640887040080447,0.00042872576778823,2.4819902976353965,0.18863933782682127,COMPLETE
584,17.645,2025-06-13 17:24:58.366373,2025-06-13 17:25:02.164965,0 days 00:00:03.798592,35,0.9055777499083582,0.032170936851055085,0.9687893447026943,0.05710790347977598,452,5848298.0,17.645,1.2916881718639883,0.8688333333333333,0.09373796219011565,450.0,6.0,16.91,"[0.8400000000000001, 0.851]",5848298.0,"[8.4, 8.51]",0.005755965974595811,2.5901846885681152,16.950000000000003,"[0.8489999999999999, 0.8459999999999999]",5849298.0,"[8.489999999999998, 8.459999999999999]",0.0057988595962524415,2.6094868183135986,18.41,"[0.9869999999999999, 0.8539999999999999]",5850298.0,"[9.87, 8.54]",0.004669830534193251,2.101423740386963,15.65,"[0.7129999999999999, 0.852]",5851298.0,"[7.129999999999999, 8.52]",0.005557394557529026,2.5008275508880615,18.31,"[0.843, 0.9879999999999999]",5852298.0,"[8.43, 9.879999999999999]",0.005284163686964247,2.377873659133911,19.64,"[0.9809999999999999, 0.983]",5853298.0,"[9.809999999999999, 9.83]",0.004717195828755696,2.1227381229400635,8.688333333333333,0.9373796219011566,0.005297235029715079,0.0004582570241522491,2.3837557633717856,0.20621566086851212,COMPLETE
585,17.408333333333335,2025-06-13 17:25:02.306005,2025-06-13 17:25:05.854998,0 days 00:00:03.548993,35,0.9205485520365968,0.028259377628644288,0.9390319182437357,0.0580948630397028,462,5858302.0,17.408333333333335,1.2514979912977184,0.8298333333333333,0.1403904278155111,460.0,6.0,18.29,"[0.984, 0.8450000000000001]",5858302.0,"[9.84, 8.450000000000001]",0.004952299076577892,2.27805757522583,17.07,"[0.724, 0.9830000000000002]",5859302.0,"[7.24, 9.830000000000002]",0.005269765335580577,2.4240920543670654,16.93,"[0.852, 0.841]",5860302.0,"[8.52, 8.41]",0.005546057224273681,2.5511863231658936,15.639999999999997,"[0.586, 0.978]",5861302.0,"[5.859999999999999, 9.78]",0.005783846067345661,2.660569190979004,16.900000000000002,"[0.852, 0.8379999999999999]",5862302.0,"[8.52, 8.379999999999999]",0.005577747718147609,2.5657639503479004,19.62,"[0.9810000000000001, 0.9810000000000001]",5863302.0,"[9.81, 9.81]",0.00497819185256958,2.289968252182007,8.298333333333334,1.4039042781551108,0.0053513178790825,0.00031127811037503594,2.46160622437795,0.1431879307725166,COMPLETE
586,17.005,2025-06-13 17:25:10.637610,2025-06-13 17:25:13.781784,0 days 00:00:03.144174,35,0.9003403781347641,0.03280447618389277,0.974998502786016,0.0636340844026,452,5868310.0,17.005,1.4750790939245708,0.8276666666666667,0.08854314704644783,450.0,6.0,14.41,"[0.7210000000000001, 0.72]",5868310.0,"[7.210000000000001, 7.199999999999999]",0.004975255330403646,2.2388648986816406,18.22,"[0.9809999999999999, 0.841]",5869310.0,"[9.809999999999999, 8.41]",0.0047995169957478845,2.159782648086548,15.730000000000002,"[0.8540000000000001, 0.7190000000000001]",5870310.0,"[8.540000000000001, 7.190000000000001]",0.0051703903410169815,2.3266756534576416,18.310000000000002,"[0.843, 0.9880000000000001]",5871310.0,"[8.43, 9.88]",0.005193461312188043,2.337057590484619,18.23,"[0.844, 0.9790000000000001]",5872310.0,"[8.44, 9.790000000000001]",0.005024035241868761,2.2608158588409424,17.13,"[0.7229999999999999, 0.99]",5873310.0,"[7.229999999999999, 9.9]",0.005222483740912543,2.3501176834106445,8.276666666666666,0.8854314704644785,0.0050641904936896435,0.00014867193875229553,2.2788857221603394,0.06690237243853304,COMPLETE
587,13.955,2025-06-13 17:25:13.867535,2025-06-13 17:25:17.541135,0 days 00:00:03.673600,36,0.890429444678687,0.02151054516292035,0.9797121935969066,0.0003500003741725052,459,5878314.0,13.955,1.461514625311701,0.6539999999999999,0.12726743495490117,450.0,6.0,13.079999999999997,"[0.724, 0.584]",5878314.0,"[7.24, 5.84]",0.005658230251736111,2.54620361328125,14.410000000000002,"[0.7209999999999999, 0.72]",5879314.0,"[7.209999999999999, 7.199999999999999]",0.00519700633154975,2.3386528491973877,15.760000000000002,"[0.586, 0.99]",5880314.0,"[5.859999999999999, 9.9]",0.005410449239942762,2.434702157974243,12.990000000000002,"[0.585, 0.714]",5881314.0,"[5.85, 7.14]",0.005895152621799045,2.6528186798095703,15.690000000000001,"[0.852, 0.7169999999999999]",5882314.0,"[8.52, 7.169999999999998]",0.005517013867696126,2.482656240463257,11.8,"[0.45599999999999996, 0.724]",5883314.0,"[4.56, 7.24]",0.005691547923617893,2.5611965656280518,6.539999999999999,1.2726743495490116,0.005561566706056949,0.00022182734720009654,2.5027050177256265,0.09982230624004335,COMPLETE
588,16.073333333333334,2025-06-13 17:25:17.618142,2025-06-13 17:25:21.291143,0 days 00:00:03.673001,34,0.9354066497615505,0.033322333901086944,0.9415879381003786,0.07820232432634859,465,5888317.0,16.073333333333334,1.978515155924317,0.7616666666666667,0.12706516263537998,460.0,6.0,15.63,"[0.719, 0.8440000000000001]",5888317.0,"[7.1899999999999995, 8.440000000000001]",0.006040086953536324,2.778439998626709,12.979999999999999,"[0.5820000000000001, 0.716]",5889317.0,"[5.82, 7.16]",0.006236240656479545,2.868670701980591,15.65,"[0.8480000000000001, 0.717]",5890317.0,"[8.48, 7.17]",0.005457043129464855,2.510239839553833,15.66,"[0.719, 0.8470000000000001]",5891317.0,"[7.1899999999999995, 8.47]",0.00534687560537587,2.4595627784729004,19.64,"[0.9880000000000001, 0.976]",5892317.0,"[9.88, 9.76]",0.00451247847598532,2.075740098953247,16.880000000000003,"[0.714, 0.9739999999999999]",5893317.0,"[7.14, 9.739999999999998]",0.005624540992405103,2.5872888565063477,7.616666666666667,1.2706516263537997,0.005536210968874504,0.0005540575193018172,2.5466570456822715,0.25486645887883597,COMPLETE
589,15.688333333333333,2025-06-13 17:25:21.371643,2025-06-13 17:25:25.182788,0 days 00:00:03.811145,36,0.8736214567574256,0.03662067134176017,0.9824798768492514,0.05334625190274977,451,5898321.0,15.688333333333333,4.845738391159345,0.7391666666666664,0.25801641851289664,450.0,6.0,18.27,"[0.9789999999999999, 0.8479999999999999]",5898321.0,"[9.79, 8.479999999999999]",0.005065847502814399,2.2796313762664795,18.41,"[0.8539999999999999, 0.9870000000000001]",5899321.0,"[8.54, 9.870000000000001]",0.004673176341586643,2.1029293537139893,5.079999999999998,"[0.1879999999999999, 0.31999999999999995]",5900321.0,"[1.879999999999999, 3.1999999999999993]",0.00667230765024821,3.0025384426116943,18.34,"[0.8470000000000001, 0.9870000000000001]",5901321.0,"[8.47, 9.870000000000001]",0.004696974754333496,2.1136386394500732,18.38,"[0.852, 0.986]",5902321.0,"[8.52, 9.86]",0.004681430922614203,2.1066439151763916,15.650000000000002,"[0.7149999999999999, 0.85]",5903321.0,"[7.149999999999999, 8.5]",0.005292026731703017,2.3814120292663574,7.391666666666667,2.5801641851289663,0.005180293983883329,0.0007060827523815192,2.3311322927474976,0.31773723857168357,COMPLETE
590,15.42,2025-06-13 17:25:25.274544,2025-06-13 17:25:29.061264,0 days 00:00:03.786720,37,0.9476215227140941,0.029021629659348094,0.9716844502407228,0.08993221844008116,480,5908325.0,15.42,2.6435834265884877,0.7598333333333334,0.14844911211889716,480.0,6.0,11.6,"[0.581, 0.5789999999999998]",5908325.0,"[5.81, 5.789999999999998]",0.0059755350152651465,2.8682568073272705,12.889999999999999,"[0.707, 0.5819999999999999]",5909325.0,"[7.069999999999999, 5.8199999999999985]",0.006122751037279764,2.938920497894287,16.97,"[0.85, 0.8469999999999999]",5910325.0,"[8.5, 8.469999999999999]",0.005625506738821665,2.7002432346343994,18.39,"[0.849, 0.99]",5911325.0,"[8.49, 9.9]",0.004915077984333038,2.3592374324798584,18.339999999999996,"[0.9860000000000001, 0.8480000000000001]",5912325.0,"[9.860000000000001, 8.48]",0.005383506417274475,2.584083080291748,14.33,"[0.586, 0.8470000000000001]",5913325.0,"[5.859999999999999, 8.47]",0.005799306929111481,2.7836673259735107,7.598333333333333,1.4844911211889718,0.005636947353680928,0.00040051342832813047,2.7057347297668457,0.19224644559750265,COMPLETE
591,17.173333333333332,2025-06-13 17:25:33.868292,2025-06-13 17:25:37.516180,0 days 00:00:03.647888,35,0.9076601394775604,0.030148131030670315,0.9762654078198159,0.07101227066590164,491,5918334.0,17.173333333333332,2.756360321551271,0.9144999999999999,0.10037886563747703,490.0,6.0,19.58,"[0.975, 0.983]",5918334.0,"[9.75, 9.83]",0.005123188544292839,2.510362386703491,18.32,"[0.853, 0.9789999999999999]",5919334.0,"[8.53, 9.79]",0.005324621103247817,2.6090643405914307,11.669999999999998,"[0.716, 0.45099999999999996]",5920334.0,"[7.16, 4.51]",0.0056304936506310285,2.758941888809204,19.42,"[0.969, 0.9730000000000001]",5921334.0,"[9.69, 9.73]",0.005417045768426389,2.6543524265289307,15.780000000000001,"[0.9950000000000001, 0.583]",5922334.0,"[9.950000000000001, 5.83]",0.00516603236295739,2.531355857849121,18.27,"[0.9789999999999999, 0.8479999999999999]",5923334.0,"[9.79, 8.479999999999999]",0.005111226743581344,2.5045011043548584,9.145000000000001,1.0037886563747702,0.005295434695522801,0.00018630256425692778,2.594763000806173,0.09128825648589467,COMPLETE
592,14.985000000000001,2025-06-13 17:25:37.598603,2025-06-13 17:25:41.332996,0 days 00:00:03.734393,35,0.916184339251116,0.043394349586229154,0.9697053636781581,0.059897103000750025,500,5928337.0,14.985000000000001,0.6418657699758311,0.6965,0.093049717893178,500.0,6.0,15.64,"[0.584, 0.9800000000000001]",5928337.0,"[5.84, 9.8]",0.005742661952972412,2.871330976486206,14.420000000000002,"[0.8540000000000001, 0.5879999999999999]",5929337.0,"[8.540000000000001, 5.879999999999999]",0.0054987802505493165,2.749390125274658,15.580000000000002,"[0.583, 0.975]",5930337.0,"[5.83, 9.75]",0.005663537979125976,2.8317689895629883,14.4,"[0.724, 0.716]",5931337.0,"[7.24, 7.16]",0.00550394344329834,2.75197172164917,14.220000000000002,"[0.715, 0.7070000000000001]",5932337.0,"[7.1499999999999995, 7.07]",0.005678738594055176,2.839369297027588,15.650000000000002,"[0.719, 0.8460000000000001]",5933337.0,"[7.1899999999999995, 8.46]",0.0054623885154724125,2.731194257736206,6.965,0.9304971789317797,0.005591675122578938,0.00010691326137323679,2.7958375612894693,0.05345663068661842,COMPLETE
593,13.106666666666664,2025-06-13 17:25:41.426063,2025-06-13 17:25:45.372068,0 days 00:00:03.946005,38,0.8824493007664357,0.036334845667461306,0.9458897008806723,0.015436926013318551,468,5938341.0,13.106666666666664,2.5870360560988632,0.6225,0.2402177831330007,460.0,6.0,11.599999999999998,"[0.44799999999999995, 0.712]",5938341.0,"[4.4799999999999995, 7.119999999999999]",0.006061709963757059,2.788386583328247,14.189999999999998,"[0.4379999999999999, 0.9810000000000001]",5939341.0,"[4.379999999999999, 9.81]",0.0061598487522291105,2.8335304260253906,11.45,"[0.8460000000000001, 0.29899999999999993]",5940341.0,"[8.46, 2.9899999999999993]",0.006737514164136804,3.0992565155029297,10.26,"[0.31099999999999994, 0.715]",5941341.0,"[3.1099999999999994, 7.1499999999999995]",0.006047572778618854,2.781883478164673,12.95,"[0.7139999999999999, 0.581]",5942341.0,"[7.139999999999999, 5.81]",0.005232041815052862,2.4067392349243164,18.19,"[0.978, 0.841]",5943341.0,"[9.78, 8.41]",0.005220783275106678,2.4015603065490723,6.2250000000000005,2.4021778313300066,0.005909911791483562,0.0005360026774004332,2.718559424082438,0.2465612316041992,COMPLETE
594,17.41666666666667,2025-06-13 17:25:45.461372,2025-06-13 17:25:49.012007,0 days 00:00:03.550635,34,0.9762426559181955,0.025871390351204976,0.9336758471848703,0.07663068271818904,458,5948345.0,17.41666666666667,2.2319772002021496,0.9158333333333334,0.06493950176039927,450.0,6.0,15.719999999999999,"[0.8560000000000001, 0.716]",5948345.0,"[8.56, 7.16]",0.005391204622056749,2.426042079925537,19.570000000000004,"[0.983, 0.974]",5949345.0,"[9.83, 9.74]",0.005029138988918728,2.2631125450134277,15.59,"[0.8459999999999999, 0.713]",5950345.0,"[8.459999999999999, 7.13]",0.005637373924255371,2.536818265914917,19.660000000000004,"[0.9830000000000002, 0.983]",5951345.0,"[9.830000000000002, 9.83]",0.0048705169889662,2.19173264503479,14.370000000000001,"[0.851, 0.586]",5952345.0,"[8.51, 5.859999999999999]",0.00600475894080268,2.702141523361206,19.59,"[0.9760000000000002, 0.983]",5953345.0,"[9.760000000000002, 9.83]",0.005173921585083008,2.3282647132873535,9.158333333333333,0.6493950176039925,0.005351152508347123,0.00038228310814340506,2.408018628756205,0.1720273986645322,COMPLETE
595,14.935,2025-06-13 17:25:49.131799,2025-06-13 17:25:52.728113,0 days 00:00:03.596314,25,0.8559178126997079,0.039849342718877426,0.9892850272582621,0.05075904046443982,446,5958349.0,14.935,2.332171734671356,0.7368333333333333,0.18446536862571858,440.0,6.0,19.51,"[0.9710000000000001, 0.9800000000000001]",5958349.0,"[9.71, 9.8]",0.0049343656409870495,2.1711208820343018,12.32,"[0.37299999999999994, 0.859]",5959349.0,"[3.7299999999999995, 8.59]",0.005657322298396717,2.4892218112945557,13.6,"[0.867, 0.4929999999999999]",5960349.0,"[8.67, 4.929999999999999]",0.005610665408047763,2.4686927795410156,14.71,"[0.7389999999999999, 0.732]",5961349.0,"[7.389999999999999, 7.32]",0.0052822313525459985,2.3241817951202393,13.520000000000001,"[0.7369999999999999, 0.615]",5962349.0,"[7.369999999999999, 6.15]",0.005457146059383046,2.40114426612854,15.950000000000001,"[0.7340000000000001, 0.861]",5963349.0,"[7.340000000000001, 8.61]",0.005076300014149059,2.233572006225586,7.368333333333333,1.8446536862571856,0.005336338462251605,0.000266148484443244,2.3479889233907065,0.11710533315502737,COMPLETE
596,15.518333333333333,2025-06-13 17:25:57.764692,2025-06-13 17:26:01.468838,0 days 00:00:03.704146,33,0.9858736215551084,0.18424772196768507,0.9300079499543399,0.06598894753669639,475,5968357.0,15.518333333333333,4.203246430505302,0.7666666666666667,0.1831034922902589,470.0,6.0,10.479999999999999,"[0.586, 0.4619999999999999]",5968357.0,"[5.859999999999999, 4.619999999999999]",0.00609568585740759,2.8649723529815674,18.33,"[0.853, 0.9800000000000001]",5969357.0,"[8.53, 9.8]",0.005081791066108866,2.388441801071167,15.719999999999999,"[0.591, 0.9810000000000001]",5970357.0,"[5.91, 9.81]",0.005648046351493673,2.6545817852020264,19.52,"[0.9850000000000001, 0.967]",5971357.0,"[9.850000000000001, 9.67]",0.005636790965465789,2.649291753768921,19.76,"[0.994, 0.982]",5972357.0,"[9.94, 9.82]",0.00480352817697728,2.2576582431793213,9.299999999999999,"[0.591, 0.33899999999999986]",5973357.0,"[5.91, 3.389999999999999]",0.005960632385091579,2.801497220993042,7.666666666666667,1.8310349229025888,0.005537745800424129,0.00045808961373789884,2.602740526199341,0.21530211845681252,COMPLETE
597,15.228333333333332,2025-06-13 17:26:01.567651,2025-06-13 17:26:06.247719,0 days 00:00:04.680068,34,0.8867767527290469,0.09129075436085171,0.9372442366073436,0.0847529817057419,486,5978361.0,15.228333333333332,2.1880464396859183,0.7186666666666667,0.2490519802950559,480.0,6.0,18.29,"[0.9790000000000001, 0.85]",5978361.0,"[9.790000000000001, 8.5]",0.006415017942587534,3.0792086124420166,11.85,"[0.4629999999999999, 0.722]",5979361.0,"[4.629999999999999, 7.22]",0.0076981102426846824,3.6950929164886475,13.069999999999999,"[0.32399999999999995, 0.983]",5980361.0,"[3.2399999999999993, 9.83]",0.007419511179129283,3.5613653659820557,15.649999999999999,"[0.843, 0.722]",5981361.0,"[8.43, 7.22]",0.007102407515048981,3.4091556072235107,16.96,"[0.7240000000000001, 0.9720000000000001]",5982361.0,"[7.240000000000001, 9.72]",0.007810331384340922,3.7489590644836426,15.550000000000002,"[0.9790000000000001, 0.5759999999999998]",5983361.0,"[9.790000000000001, 5.759999999999998]",0.007038678228855133,3.378565549850464,7.1866666666666665,2.4905198029505593,0.007247342748774424,0.00046674425413286346,3.4787245194117227,0.22403724198377442,COMPLETE
598,18.246666666666666,2025-06-13 17:26:06.368660,2025-06-13 17:26:10.086520,0 days 00:00:03.717860,37,0.9558765783977174,0.1957429125849433,0.9440732091635642,0.05587515349015916,443,5988366.0,18.246666666666666,1.064341215128976,0.8903333333333334,0.09750840419619677,440.0,6.0,18.25,"[0.851, 0.974]",5988366.0,"[8.51, 9.74]",0.005689916285601529,2.503563165664673,18.349999999999998,"[0.853, 0.9820000000000002]",5989366.0,"[8.53, 9.820000000000002]",0.0055548044768246735,2.4441139698028564,17.009999999999998,"[0.7110000000000001, 0.99]",5990366.0,"[7.110000000000001, 9.9]",0.006091214851899581,2.6801345348358154,19.46,"[0.968, 0.9780000000000001]",5991366.0,"[9.68, 9.780000000000001]",0.0055729795585979115,2.452111005783081,16.83,"[0.977, 0.7059999999999998]",5992366.0,"[9.77, 7.059999999999999]",0.006537918611006303,2.8766841888427734,19.580000000000002,"[0.982, 0.976]",5993366.0,"[9.82, 9.76]",0.005740534717386419,2.5258352756500244,8.903333333333332,0.9750840419619676,0.005864561416886069,0.00034919778935584234,2.5804070234298706,0.15364702731657065,COMPLETE
599,14.87,2025-06-13 17:26:10.169596,2025-06-13 17:26:13.927373,0 days 00:00:03.757777,37,0.9504660298283185,0.03300084765873329,0.9446799504120805,0.060160201527146344,448,5998370.0,14.87,3.366353120712879,0.6869999999999999,0.16201131647717293,440.0,6.0,18.28,"[0.849, 0.9789999999999999]",5998370.0,"[8.49, 9.79]",0.005644829164851796,2.48372483253479,8.799999999999999,"[0.44399999999999995, 0.43599999999999983]",5999370.0,"[4.4399999999999995, 4.3599999999999985]",0.006325546177950773,2.78324031829834,18.21,"[0.8390000000000001, 0.982]",6000370.0,"[8.39, 9.82]",0.005702893842350353,2.5092732906341553,16.9,"[0.841, 0.849]",6001370.0,"[8.41, 8.49]",0.0064407169818878176,2.8339154720306396,12.979999999999999,"[0.5799999999999998, 0.7179999999999999]",6002370.0,"[5.799999999999999, 7.179999999999999]",0.0059938799251209604,2.6373071670532227,14.049999999999997,"[0.5689999999999998, 0.836]",6003370.0,"[5.689999999999999, 8.36]",0.006652078845284202,2.926914691925049,6.87,1.6201131647717293,0.006126657489574317,0.00037497149246041943,2.6957292954126992,0.16498745668258463,COMPLETE
600,17.53333333333333,2025-06-13 17:26:14.010354,2025-06-13 17:26:17.682143,0 days 00:00:03.671789,38,0.9577724880721459,0.15414318612964,0.9459195588084333,0.0691349876084976,457,6008374.0,17.53333333333333,2.1466226703565963,0.9081666666666668,0.10050939701783558,450.0,6.0,18.19,"[0.9710000000000001, 0.8479999999999999]",6008374.0,"[9.71, 8.479999999999999]",0.005902923478020562,2.656315565109253,18.239999999999995,"[0.976, 0.8480000000000001]",6009374.0,"[9.76, 8.48]",0.005754134390089247,2.589360475540161,19.54,"[0.9720000000000002, 0.982]",6010374.0,"[9.720000000000002, 9.82]",0.005646337403191461,2.5408518314361572,18.209999999999997,"[0.844, 0.9770000000000001]",6011374.0,"[8.44, 9.770000000000001]",0.006073219511244032,2.7329487800598145,12.860000000000001,"[0.71, 0.576]",6012374.0,"[7.1, 5.76]",0.006112617916531033,2.750678062438965,18.16,"[0.976, 0.8400000000000001]",6013374.0,"[9.76, 8.4]",0.005670183499654134,2.5515825748443604,9.081666666666667,1.0050939701783559,0.005859902699788411,0.0001843955333557527,2.636956214904785,0.08297799001008868,COMPLETE
