number,value,datetime_start,datetime_complete,duration,params_episode_length,params_epsilon_max,params_epsilon_min,params_gamma,params_learning_rate,params_num_episodes,user_attrs_base_seed,user_attrs_collective_reward_mean,user_attrs_collective_reward_std,user_attrs_individual_reward_agent0_mean,user_attrs_individual_reward_agent0_std,user_attrs_num_episodes_mean,user_attrs_num_parallel_runs,user_attrs_run_0_collective_reward,user_attrs_run_0_individual_rewards,user_attrs_run_0_seed,user_attrs_run_0_total_individual_rewards,user_attrs_run_0_training_time_per_episode,user_attrs_run_0_training_time_total,user_attrs_run_1_collective_reward,user_attrs_run_1_individual_rewards,user_attrs_run_1_seed,user_attrs_run_1_total_individual_rewards,user_attrs_run_1_training_time_per_episode,user_attrs_run_1_training_time_total,user_attrs_run_2_collective_reward,user_attrs_run_2_individual_rewards,user_attrs_run_2_seed,user_attrs_run_2_total_individual_rewards,user_attrs_run_2_training_time_per_episode,user_attrs_run_2_training_time_total,user_attrs_run_3_collective_reward,user_attrs_run_3_individual_rewards,user_attrs_run_3_seed,user_attrs_run_3_total_individual_rewards,user_attrs_run_3_training_time_per_episode,user_attrs_run_3_training_time_total,user_attrs_solution_concept,user_attrs_total_individual_reward_agent0_mean,user_attrs_total_individual_reward_agent0_std,user_attrs_training_time_per_episode_mean,user_attrs_training_time_per_episode_std,user_attrs_training_time_total_mean,user_attrs_training_time_total_std,state
0,3.827499999999997,2025-06-12 21:27:48.107755,2025-06-12 21:27:54.485670,0 days 00:00:06.377915,48,0.7292663878562673,0.16859393028588257,0.995289046077519,0.000545295135148064,388,6468,3.827499999999997,2.8670400677353642,0.60775,0.15517308883952793,380.0,4,6.209999999999997,"[0.6609999999999999, -0.04000000000000013]",6468,"[6.609999999999999, -0.40000000000000135]",0.01536170432442113,5.837447643280029,-0.7100000000000033,"[0.39899999999999985, -0.4700000000000003]",7468,"[3.9899999999999984, -4.700000000000003]",0.01607999927119205,6.1103997230529785,6.369999999999997,"[0.8230000000000001, -0.18600000000000017]",8468,"[8.23, -1.8600000000000017]",0.014141086528175755,5.373612880706787,3.439999999999997,"[0.5479999999999998, -0.20400000000000024]",9468,"[5.479999999999999, -2.0400000000000023]",0.01253701134731895,4.764064311981201,NashSolutionConcept,6.077499999999999,1.5517308883952792,0.014529950367776972,0.0013432690788134254,5.521381139755249,0.5104422499491016,COMPLETE
1,4.4725,2025-06-12 21:27:54.749902,2025-06-12 21:27:57.440832,0 days 00:00:02.690930,19,0.5051024781479005,0.012316549980194772,0.9621169459242962,0.00040571441450833765,270,16474,4.4725,1.7190313406101707,0.5394999999999999,0.1328993980422786,270.0,4,6.88,"[0.75, -0.06200000000000002]",16474,"[7.5, -0.6200000000000002]",0.00862739262757478,2.3293960094451904,4.56,"[0.5209999999999999, -0.06500000000000003]",17474,"[5.209999999999999, -0.6500000000000004]",0.009103551617375126,2.457958936691284,2.019999999999999,"[0.38199999999999995, -0.18]",18474,"[3.8199999999999994, -1.7999999999999998]",0.009097041024102106,2.4562010765075684,4.43,"[0.5049999999999999, -0.061999999999999986]",19474,"[5.049999999999999, -0.6199999999999999]",0.008689268430074056,2.346102476119995,NashSolutionConcept,5.395,1.3289939804227862,0.008879313424781517,0.00022207502257243634,2.3974146246910095,0.0599602560945578,COMPLETE
2,7.579999999999998,2025-06-12 21:27:57.456620,2025-06-12 21:28:01.199481,0 days 00:00:03.742861,23,0.7085292581107523,0.19596167060970196,0.9360588039447556,0.03577729836501726,364,26477,7.579999999999998,1.8854044658905418,0.68125,0.1356859885913059,360.0,4,6.449999999999998,"[0.5040000000000001, 0.14099999999999996]",26477,"[5.040000000000001, 1.4099999999999997]",0.008699349562327067,3.131765842437744,8.809999999999999,"[0.741, 0.13999999999999996]",27477,"[7.41, 1.3999999999999995]",0.00850258403354221,3.0609302520751953,9.919999999999998,"[0.866, 0.12599999999999995]",28477,"[8.66, 1.2599999999999993]",0.008172606759601169,2.942138433456421,5.139999999999999,"[0.614, -0.10000000000000006]",29477,"[6.14, -1.0000000000000007]",0.009961252080069647,3.5860507488250732,NashSolutionConcept,6.8125,1.356859885913059,0.008833948108885024,0.0006775148601478282,3.1802213191986084,0.24390534965321825,COMPLETE
3,6.3925,2025-06-12 21:28:01.212311,2025-06-12 21:28:06.063589,0 days 00:00:04.851278,20,0.8570550711499179,0.13119336702155063,0.9417321704771165,0.09143423649338987,273,36481,6.3925,2.8027430759882366,0.6295000000000001,0.18668757323399968,270.0,4,8.009999999999998,"[0.754, 0.046999999999999965]",36481,"[7.54, 0.46999999999999964]",0.008552393206843624,2.3091461658477783,3.2799999999999994,"[0.518, -0.19]",37481,"[5.18, -1.9]",0.008257619539896647,2.2295572757720947,10.14,"[0.859, 0.15499999999999997]",38481,"[8.59, 1.5499999999999998]",0.008391497753284596,2.265704393386841,4.14,"[0.38700000000000007, 0.026999999999999958]",39481,"[3.8700000000000006, 0.2699999999999996]",0.008626755078633625,2.329223871231079,NashSolutionConcept,6.295,1.8668757323399967,0.008457066394664623,0.00014314306235075033,2.2834079265594482,0.03864862683470264,COMPLETE
4,-1.1200000000000032,2025-06-12 21:28:06.075445,2025-06-12 21:28:09.663757,0 days 00:00:03.588312,45,0.8732486538251159,0.18750042629027694,0.9667089928951256,0.0008450490654596755,225,46486,-1.1200000000000032,1.6505150711217396,0.1574999999999999,0.18644771385029105,220.0,4,-0.36000000000000315,"[0.2599999999999999, -0.2960000000000002]",46486,"[2.5999999999999988, -2.960000000000002]",0.014635765552520752,3.2198684215545654,1.1599999999999975,"[0.4119999999999999, -0.2960000000000002]",47486,"[4.119999999999999, -2.960000000000002]",0.015090925043279474,3.3200035095214844,-2.1400000000000037,"[-0.02600000000000017, -0.18800000000000017]",48486,"[-0.2600000000000017, -1.8800000000000017]",0.014580601995641535,3.2077324390411377,-3.1400000000000032,"[-0.01600000000000016, -0.2980000000000002]",49486,"[-0.16000000000000159, -2.980000000000002]",0.014550166780298407,3.2010366916656494,NashSolutionConcept,1.5749999999999986,1.8644771385029106,0.014714364842935042,0.00021956145838167884,3.2371602654457092,0.048303520843969446,COMPLETE
5,5.187500000000001,2025-06-12 21:28:09.676124,2025-06-12 21:28:11.522051,0 days 00:00:01.845927,14,0.6677573938329675,0.09221420812673659,0.9669746421713289,0.06153438161700208,264,56489,5.187500000000001,1.696752412699036,0.5667500000000001,0.14415681565572955,260.0,4,4.12,"[0.4290000000000001, -0.01699999999999998]",56489,"[4.290000000000001, -0.16999999999999982]",0.006254064119779147,1.6260566711425781,7.240000000000001,"[0.639, 0.08500000000000003]",57489,"[6.390000000000001, 0.8500000000000003]",0.006334555149078369,1.646984338760376,3.010000000000001,"[0.43100000000000005, -0.12999999999999995]",58489,"[4.3100000000000005, -1.2999999999999994]",0.0064966825338510364,1.6891374588012695,6.380000000000001,"[0.768, -0.12999999999999995]",59489,"[7.68, -1.2999999999999994]",0.006268010689662053,1.6296827793121338,NashSolutionConcept,5.6675,1.4415681565572953,0.006338328123092651,9.63526315652986e-05,1.6479653120040894,0.025051684206977676,COMPLETE
6,4.1525,2025-06-12 21:28:11.594319,2025-06-12 21:28:16.111155,0 days 00:00:04.516836,29,0.7725138073401048,0.14912295914962084,0.9175788035235398,0.04106624430303748,399,66491,4.1525,2.838242193682562,0.63225,0.2365474318186524,390.0,4,5.55,"[0.835, -0.28000000000000014]",66491,"[8.35, -2.8000000000000016]",0.011119594329442734,4.336641788482666,-0.5100000000000011,"[0.22899999999999993, -0.28000000000000014]",67491,"[2.289999999999999, -2.8000000000000016]",0.01119082279694386,4.3644208908081055,7.049999999999999,"[0.733, -0.02800000000000007]",68491,"[7.33, -0.2800000000000007]",0.009020340748322316,3.517932891845703,4.52,"[0.732, -0.28000000000000014]",69491,"[7.32, -2.8000000000000016]",0.011156187302026993,4.350913047790527,NashSolutionConcept,6.3225,2.365474318186524,0.010621736294183975,0.0009249091367514389,4.1424771547317505,0.3607145633330612,COMPLETE
7,4.2025,2025-06-12 21:28:16.124182,2025-06-12 21:28:17.941206,0 days 00:00:01.817024,11,0.5927954892411363,0.11994855682486852,0.9254877565787275,0.019988323646810514,300,76496,4.2025,0.4466752175798427,0.38425,0.05330279073369424,300.0,4,4.4799999999999995,"[0.328, 0.11999999999999997]",76496,"[3.2800000000000002, 1.1999999999999997]",0.005496172110239664,1.6488516330718994,4.42,"[0.43600000000000005, 0.006000000000000015]",77496,"[4.36, 0.06000000000000015]",0.005472770531972249,1.6418311595916748,3.43,"[0.33399999999999996, 0.009000000000000011]",78496,"[3.34, 0.09000000000000011]",0.005550171534220378,1.6650514602661133,4.4799999999999995,"[0.43899999999999995, 0.009000000000000006]",79496,"[4.39, 0.09000000000000007]",0.005331177711486817,1.599353313446045,NashSolutionConcept,3.8425000000000002,0.5330279073369423,0.005462572971979778,8.0887444804865e-05,1.638771891593933,0.02426623344145957,COMPLETE
8,2.567499999999998,2025-06-12 21:28:17.953225,2025-06-12 21:28:20.141954,0 days 00:00:02.188729,38,0.9211304790336935,0.0673211069273661,0.9254392932493081,0.020104005893229106,146,86497,2.567499999999998,2.2440741409320686,0.45799999999999996,0.128807996646171,140.0,4,3.449999999999999,"[0.578, -0.23300000000000015]",86497,"[5.779999999999999, -2.3300000000000014]",0.014603977543967112,2.0445568561553955,4.7799999999999985,"[0.44699999999999995, 0.030999999999999896]",87497,"[4.47, 0.30999999999999894]",0.013994903223855154,1.9592864513397217,3.219999999999999,"[0.5549999999999999, -0.23300000000000015]",88497,"[5.549999999999999, -2.3300000000000014]",0.013587718350546701,1.902280569076538,-1.1800000000000024,"[0.25199999999999995, -0.37000000000000016]",89497,"[2.5199999999999996, -3.7000000000000015]",0.01461172103881836,2.0456409454345703,NashSolutionConcept,4.58,1.28807996646171,0.014199580039296831,0.0004329159474452462,1.9879412055015564,0.060608232642334475,COMPLETE
9,4.807499999999997,2025-06-12 21:28:20.154039,2025-06-12 21:28:27.770607,0 days 00:00:07.616568,47,0.9810597952469883,0.04453020974098678,0.9541820542302323,0.03398256875196783,456,96500,4.807499999999997,3.810953784815555,0.766,0.16326052799130597,450.0,4,5.189999999999998,"[0.8360000000000001, -0.3170000000000003]",96500,"[8.360000000000001, -3.1700000000000026]",0.015353087849087186,6.908889532089233,0.899999999999997,"[0.5499999999999999, -0.46000000000000024]",97500,"[5.499999999999999, -4.600000000000002]",0.016548866695827908,7.446990013122559,10.839999999999998,"[0.9879999999999999, 0.09599999999999986]",98500,"[9.879999999999999, 0.9599999999999986]",0.013198394775390625,5.939277648925781,2.299999999999997,"[0.69, -0.46000000000000024]",99500,"[6.8999999999999995, -4.600000000000002]",0.015933000246683756,7.16985011100769,NashSolutionConcept,7.659999999999999,1.63260527991306,0.015258337391747371,0.0012622378029090128,6.866251826286316,0.5680070113090558,COMPLETE
10,6.66,2025-06-12 21:28:27.782755,2025-06-12 21:28:33.762351,0 days 00:00:05.979596,29,0.6185183530655619,0.19225402871331054,0.9904244107411435,0.004426699650577379,495,106507,6.66,3.172987551188943,0.7290000000000001,0.2371803111558799,490.0,4,7.06,"[0.861, -0.15500000000000008]",106507,"[8.61, -1.5500000000000007]",0.010836639209669463,5.309953212738037,1.9299999999999997,"[0.3529999999999999, -0.16000000000000006]",107507,"[3.5299999999999994, -1.6000000000000005]",0.011862618582589286,5.81268310546875,6.779999999999999,"[0.7160000000000001, -0.03800000000000007]",108507,"[7.160000000000001, -0.38000000000000067]",0.011648731815571687,5.707878589630127,10.870000000000001,"[0.986, 0.10099999999999998]",109507,"[9.86, 1.0099999999999998]",0.010633007360964406,5.210173606872559,NashSolutionConcept,7.29,2.371803111558799,0.01124524924219871,0.0005209955300410089,5.510172128677368,0.25528780972009435,COMPLETE
11,4.557499999999999,2025-06-12 21:28:33.850269,2025-06-12 21:28:39.771183,0 days 00:00:05.920914,29,0.6277485404206798,0.19588816011161103,0.9988722549495888,0.004370235044711389,493,116513,4.557499999999999,0.9512458935522397,0.5615,0.10424130659196477,490.0,4,4.31,"[0.711, -0.28000000000000014]",116513,"[7.109999999999999, -2.8000000000000016]",0.010991508620125906,5.385839223861694,5.519999999999999,"[0.607, -0.05500000000000007]",117513,"[6.07, -0.5500000000000007]",0.010247846038974062,5.02144455909729,3.1100000000000003,"[0.46799999999999997, -0.15700000000000008]",118513,"[4.68, -1.5700000000000007]",0.011730167330527792,5.747781991958618,5.289999999999999,"[0.45999999999999996, 0.06899999999999992]",119513,"[4.6, 0.6899999999999993]",0.01062585820957106,5.206670522689819,NashSolutionConcept,5.615,1.0424130659196478,0.010898845049799703,0.0005472670277694732,5.3404340744018555,0.2681608436070419,COMPLETE
12,4.374999999999999,2025-06-12 21:28:39.784898,2025-06-12 21:28:45.872564,0 days 00:00:06.087666,35,0.5370595584400869,0.16489949092598455,0.9022562551254106,0.004490536460123056,406,126519,4.374999999999999,3.536173779666379,0.61775,0.3300896658485388,400.0,4,7.77,"[0.8540000000000001, -0.0770000000000001]",126519,"[8.540000000000001, -0.7700000000000009]",0.012125163674354553,4.850065469741821,5.0699999999999985,"[0.8469999999999999, -0.3400000000000002]",127519,"[8.469999999999999, -3.400000000000002]",0.014797713160514831,5.919085264205933,-1.5200000000000018,"[0.053999999999999895, -0.2060000000000001]",128519,"[0.5399999999999989, -2.060000000000001]",0.014212557077407838,5.685022830963135,6.179999999999999,"[0.716, -0.09800000000000011]",129519,"[7.16, -0.9800000000000011]",0.014022541642189025,5.60901665687561,NashSolutionConcept,6.177499999999999,3.3008966584853883,0.013789493888616562,0.0010024713062586775,5.515797555446625,0.4009885225034709,COMPLETE
13,4.834999999999999,2025-06-12 21:28:45.886100,2025-06-12 21:28:49.787628,0 days 00:00:03.901528,23,0.7329844830004234,0.19864482890370494,0.9806636529747853,0.001673259695625231,370,136525,4.834999999999999,4.584465617713803,0.5547499999999999,0.30576246908343735,370.0,4,0.17999999999999894,"[0.12399999999999996, -0.10600000000000005]",136525,"[1.2399999999999995, -1.0600000000000005]",0.009662025039260452,3.574949264526367,12.409999999999998,"[0.9799999999999999, 0.26099999999999984]",137525,"[9.799999999999999, 2.6099999999999985]",0.00829969225703059,3.0708861351013184,2.759999999999999,"[0.4959999999999999, -0.22000000000000003]",138525,"[4.959999999999999, -2.2]",0.009709965216146933,3.5926871299743652,3.989999999999999,"[0.619, -0.22000000000000003]",139525,"[6.1899999999999995, -2.2]",0.010113363652615934,3.7419445514678955,NashSolutionConcept,5.547499999999999,3.057624690834374,0.009446261541263478,0.0006847882639422476,3.4951167702674866,0.2533716576586317,COMPLETE
14,6.414999999999999,2025-06-12 21:28:49.801485,2025-06-12 21:28:53.624993,0 days 00:00:03.823508,25,0.6713340775469574,0.15401655407312392,0.9464201120533869,0.00011323785146336058,343,146529,6.414999999999999,2.2134193005393263,0.6105,0.12604066804012112,340.0,4,6.1099999999999985,"[0.485, 0.12599999999999997]",146529,"[4.85, 1.2599999999999998]",0.010718425582436955,3.6442646980285645,9.799999999999999,"[0.741, 0.23899999999999996]",147529,"[7.41, 2.3899999999999997]",0.00964748368543737,3.280144453048706,3.5899999999999985,"[0.4839999999999999, -0.12500000000000006]",148529,"[4.839999999999999, -1.2500000000000004]",0.010580065671135397,3.597222328186035,6.159999999999998,"[0.732, -0.11600000000000006]",149529,"[7.32, -1.1600000000000006]",0.010288428559022792,3.498065710067749,NashSolutionConcept,6.1049999999999995,1.2604066804012113,0.010308600874508128,0.0004120474144542387,3.5049242973327637,0.14009612091444107,COMPLETE
15,5.614999999999998,2025-06-12 21:28:53.638528,2025-06-12 21:29:00.401559,0 days 00:00:06.763031,36,0.7870341018650768,0.17663675120764719,0.9332569645541081,0.00951715332829281,497,156533,5.614999999999998,2.1015767889848807,0.7157499999999999,0.16720851503437265,490.0,4,3.3999999999999986,"[0.5759999999999998, -0.23600000000000013]",156533,"[5.759999999999998, -2.360000000000001]",0.013437039511544364,6.584149360656738,7.709999999999999,"[0.7209999999999999, 0.049999999999999906]",157533,"[7.209999999999999, 0.49999999999999906]",0.011319865012655453,5.546733856201172,3.629999999999998,"[0.579, -0.21600000000000014]",158533,"[5.789999999999999, -2.1600000000000015]",0.011510076328199738,5.639937400817871,7.719999999999998,"[0.9870000000000001, -0.21500000000000014]",159533,"[9.870000000000001, -2.1500000000000012]",0.012272026100937201,6.0132927894592285,NashSolutionConcept,7.1575,1.6720851503437268,0.01213475173833419,0.0008320242542430532,5.946028351783752,0.40769188457909616,COMPLETE
16,7.899999999999999,2025-06-12 21:29:00.519428,2025-06-12 21:29:04.061162,0 days 00:00:03.541734,17,0.576300373660068,0.09125144428703699,0.9788272401368984,0.010339253622411686,429,166540,7.899999999999999,1.2437041448833395,0.7774999999999999,0.09181911565681737,420.0,4,9.359999999999998,"[0.6379999999999999, 0.29799999999999993]",166540,"[6.379999999999999, 2.9799999999999995]",0.0072022733234223865,3.0249547958374023,8.16,"[0.86, -0.044000000000000004]",167540,"[8.6, -0.44000000000000006]",0.007889540990193684,3.3136072158813477,8.16,"[0.86, -0.04400000000000002]",168540,"[8.6, -0.44000000000000017]",0.007572300661177862,3.180366277694702,5.92,"[0.752, -0.15999999999999998]",169540,"[7.52, -1.5999999999999996]",0.008017711980002267,3.367439031600952,NashSolutionConcept,7.7749999999999995,0.9181911565681736,0.00767045673869905,0.0003152040758619668,3.221591830253601,0.13238571186202605,COMPLETE
17,7.455,2025-06-12 21:29:04.075811,2025-06-12 21:29:07.646019,0 days 00:00:03.570208,16,0.565334340769497,0.0896448258493275,0.9792310296046443,0.015606584507633168,436,176544,7.455,1.4353483897646588,0.7557499999999999,0.14029856556643763,430.0,4,6.109999999999999,"[0.6459999999999999, -0.03499999999999999]",176544,"[6.459999999999999, -0.34999999999999987]",0.007730497315872547,3.3241138458251953,8.22,"[0.7489999999999999, 0.07299999999999998]",177544,"[7.489999999999998, 0.7299999999999998]",0.007405480673146802,3.184356689453125,6.06,"[0.6409999999999999, -0.03500000000000001]",178544,"[6.409999999999999, -0.3500000000000001]",0.007659400895584461,3.2935423851013184,9.429999999999998,"[0.9869999999999999, -0.044]",179544,"[9.87, -0.43999999999999995]",0.007589352962582611,3.2634217739105225,NashSolutionConcept,7.557499999999999,1.4029856556643763,0.007596182961796606,0.00012088306813691817,3.2663586735725403,0.05197971929887481,COMPLETE
18,5.452499999999999,2025-06-12 21:29:07.660176,2025-06-12 21:29:11.499442,0 days 00:00:03.839266,23,0.6795002539007323,0.059061849042444596,0.9065487113554521,0.011729850261624857,353,186547,5.452499999999999,1.8939030466209192,0.7057500000000001,0.14798036187278366,350.0,4,8.639999999999999,"[0.9620000000000001, -0.09800000000000006]",186547,"[9.620000000000001, -0.9800000000000006]",0.010248494148254395,3.586972951889038,5.119999999999998,"[0.6160000000000001, -0.10400000000000006]",187547,"[6.160000000000001, -1.0400000000000007]",0.010351552282060895,3.6230432987213135,4.049999999999999,"[0.6250000000000001, -0.22000000000000003]",188547,"[6.250000000000001, -2.2]",0.010192828859601702,3.5674901008605957,3.9999999999999996,"[0.62, -0.22000000000000003]",189547,"[6.2, -2.2]",0.010456785474504742,3.65987491607666,NashSolutionConcept,7.0575,1.4798036187278367,0.010312415191105434,0.00010094711612886426,3.609345316886902,0.035331490645102596,COMPLETE
19,5.8725000000000005,2025-06-12 21:29:11.513325,2025-06-12 21:29:13.582132,0 days 00:00:02.068807,11,0.8206439775580273,0.12061615546582101,0.9762085944477442,0.008017822516595871,326,196551,5.8725000000000005,3.232146152326656,0.526,0.2376930794112441,320.0,4,2.3699999999999997,"[0.22999999999999998, 0.0070000000000000045]",196551,"[2.3, 0.07000000000000005]",0.005661511421203613,1.8116836547851562,11.120000000000003,"[0.8859999999999999, 0.22599999999999998]",197551,"[8.86, 2.26]",0.005135947465896606,1.643503189086914,4.5200000000000005,"[0.552, -0.09999999999999999]",198551,"[5.5200000000000005, -0.9999999999999999]",0.00559261292219162,1.7896361351013184,5.4799999999999995,"[0.4360000000000001, 0.11199999999999995]",199551,"[4.360000000000001, 1.1199999999999994]",0.005711490660905838,1.8276770114898682,NashSolutionConcept,5.26,2.376930794112441,0.005525390617549419,0.00022877221527941801,1.7681249976158142,0.0732071088894137,COMPLETE
20,3.56,2025-06-12 21:29:13.595904,2025-06-12 21:29:15.459991,0 days 00:00:01.864087,17,0.7074555132441934,0.09392134363660357,0.9551418101548214,0.001871250764916326,187,206553,3.56,1.7932651783827174,0.32025000000000003,0.12039388481148036,180.0,4,5.859999999999999,"[0.29500000000000004, 0.29100000000000004]",206553,"[2.95, 2.91]",0.008030736446380615,1.4455325603485107,4.659999999999999,"[0.513, -0.04700000000000001]",207553,"[5.13, -0.4700000000000001]",0.008812563949161106,1.586261510848999,2.4,"[0.181, 0.05899999999999998]",208553,"[1.81, 0.5899999999999999]",0.008442433675130208,1.5196380615234375,1.3199999999999998,"[0.292, -0.15999999999999998]",209553,"[2.92, -1.5999999999999996]",0.00874788761138916,1.5746197700500488,NashSolutionConcept,3.2025,1.2039388481148035,0.008508405420515272,0.00030918604849417285,1.531512975692749,0.05565348872895103,COMPLETE
21,5.4750000000000005,2025-06-12 21:29:15.585822,2025-06-12 21:29:19.112426,0 days 00:00:03.526604,16,0.5636346032198151,0.08946545262760588,0.9801367637091617,0.02668865387416902,438,216555,5.4750000000000005,0.9917787051555402,0.583,0.09946607461843461,430.0,4,4.9799999999999995,"[0.6479999999999999, -0.14999999999999997]",216555,"[6.479999999999999, -1.4999999999999996]",0.007535945537478425,3.2404565811157227,7.19,"[0.641, 0.078]",217555,"[6.41, 0.78]",0.007327740691428961,3.150928497314453,4.820000000000001,"[0.6319999999999999, -0.14999999999999997]",218555,"[6.3199999999999985, -1.4999999999999996]",0.007574402454287507,3.256993055343628,4.91,"[0.4109999999999999, 0.08]",219555,"[4.109999999999999, 0.8]",0.007817578315734864,3.361558675765991,NashSolutionConcept,5.829999999999999,0.9946607461843459,0.00756391674973244,0.00017393652527398153,3.2524842023849487,0.074792705867812,COMPLETE
22,6.489999999999999,2025-06-12 21:29:19.126563,2025-06-12 21:29:23.735199,0 days 00:00:04.608636,21,0.5666788124327375,0.07771511101579787,0.9869953360303648,0.014206164307630064,437,226559,6.489999999999999,1.3895502869633758,0.6225,0.08403124418928953,430.0,4,7.54,"[0.6120000000000001, 0.14199999999999996]",226559,"[6.120000000000001, 1.4199999999999995]",0.010200196643208348,4.38608455657959,6.469999999999999,"[0.5089999999999999, 0.13799999999999996]",227559,"[5.089999999999999, 1.3799999999999994]",0.010049233880153921,4.3211705684661865,4.2299999999999995,"[0.623, -0.2]",228559,"[6.23, -2.0]",0.010259820694147154,4.411722898483276,7.719999999999999,"[0.746, 0.025999999999999978]",229559,"[7.46, 0.2599999999999998]",0.010080161760019702,4.334469556808472,NashSolutionConcept,6.2250000000000005,0.8403124418928952,0.010147353244382281,8.59992111352324e-05,4.363361895084381,0.03697966078815001,COMPLETE
23,6.532500000000001,2025-06-12 21:29:23.748279,2025-06-12 21:29:27.353855,0 days 00:00:03.605576,14,0.5060513093741117,0.107477504354693,0.9378201005763604,0.04949797199186147,452,236563,6.532500000000001,2.1102295491249277,0.6455,0.20698127934670804,450.0,4,3.9800000000000013,"[0.31000000000000005, 0.08800000000000005]",236563,"[3.1000000000000005, 0.8800000000000006]",0.007397135628594293,3.3287110328674316,9.479999999999999,"[0.857, 0.091]",237563,"[8.57, 0.9099999999999999]",0.006563258700900607,2.9534664154052734,5.21,"[0.651, -0.12999999999999995]",238563,"[6.51, -1.2999999999999994]",0.006708954175313314,3.019029378890991,7.460000000000001,"[0.764, -0.017999999999999995]",239563,"[7.640000000000001, -0.17999999999999994]",0.007192031012641059,3.2364139556884766,NashSolutionConcept,6.455,2.0698127934670807,0.006965344879362318,0.00034104227823536195,3.134405195713043,0.15346902520591277,COMPLETE
24,4.277499999999999,2025-06-12 21:29:27.369801,2025-06-12 21:29:35.391274,0 days 00:00:08.021473,25,0.6320787718023271,0.043231263044945935,0.971444243777577,0.008498879176996687,417,246567,4.277499999999999,1.4000781228202945,0.5169999999999999,0.1618749517374445,410.0,4,2.4699999999999993,"[0.3629999999999999, -0.11600000000000006]",246567,"[3.629999999999999, -1.1600000000000006]",0.01242816215608178,5.09554648399353,3.5599999999999987,"[0.36099999999999993, -0.005000000000000076]",247567,"[3.6099999999999994, -0.050000000000000766]",0.012785082328610304,5.241883754730225,6.199999999999999,"[0.7379999999999999, -0.11800000000000004]",248567,"[7.379999999999999, -1.1800000000000004]",0.012471852651456507,5.113459587097168,4.879999999999998,"[0.6059999999999999, -0.11800000000000006]",249567,"[6.059999999999999, -1.1800000000000006]",0.011974574298393435,4.909575462341309,NashSolutionConcept,5.169999999999999,1.6187495173744453,0.012414917858635507,0.00028911121040475107,5.090116322040558,0.1185355962659479,COMPLETE
25,6.192499999999999,2025-06-12 21:29:35.406285,2025-06-12 21:29:38.584493,0 days 00:00:03.178208,17,0.5736525415913211,0.13888858745356314,0.9570428745366798,0.01719726635373521,321,256575,6.192499999999999,0.9076446165763343,0.55275,0.049307073529058734,320.0,4,4.829999999999999,"[0.5289999999999999, -0.046000000000000006]",256575,"[5.289999999999999, -0.4600000000000001]",0.009130113571882249,2.9216363430023193,6.96,"[0.5209999999999999, 0.175]",257575,"[5.209999999999999, 1.75]",0.008869446814060211,2.8382229804992676,5.909999999999998,"[0.5229999999999999, 0.06799999999999998]",258575,"[5.229999999999999, 0.6799999999999997]",0.00937105193734169,2.998736619949341,7.07,"[0.638, 0.06899999999999999]",259575,"[6.38, 0.69]",0.008631759136915208,2.762162923812866,NashSolutionConcept,5.527499999999999,0.49307073529058726,0.009000592865049839,0.00027715209878403024,2.8801897168159485,0.08868867161088968,COMPLETE
26,7.835000000000001,2025-06-12 21:29:38.740588,2025-06-12 21:29:41.905960,0 days 00:00:03.165372,10,0.6135538347590419,0.10761406002547126,0.9875922865448684,0.09984417800165961,371,266578,7.835000000000001,4.185430085427303,0.63475,0.26782865324681004,370.0,4,13.110000000000001,"[0.877, 0.434]",266578,"[8.77, 4.34]",0.0051658263077607024,1.91135573387146,7.86,"[0.55, 0.23600000000000004]",267578,"[5.5, 2.3600000000000003]",0.005561085649438807,2.0576016902923584,1.4300000000000004,"[0.23299999999999996, -0.08999999999999998]",268578,"[2.3299999999999996, -0.8999999999999998]",0.005591324857763342,2.0687901973724365,8.940000000000001,"[0.8790000000000001, 0.015000000000000019]",269578,"[8.790000000000001, 0.1500000000000002]",0.0054027570260537635,1.9990200996398926,NashSolutionConcept,6.3475,2.6782865324681002,0.005430248460254154,0.0001686259392797733,2.009191930294037,0.06239159753351606,COMPLETE
27,5.42,2025-06-12 21:29:41.987203,2025-06-12 21:29:44.738260,0 days 00:00:02.751057,10,0.6502752183081122,0.025381180788506055,0.9878719952338735,0.09388461040110706,373,276582,5.42,2.0743312175253017,0.57925,0.19223081828884775,370.0,4,6.78,"[0.768, -0.08999999999999998]",276582,"[7.68, -0.8999999999999998]",0.00603776622462917,2.233973503112793,7.870000000000001,"[0.768, 0.019000000000000013]",277582,"[7.68, 0.19000000000000014]",0.00584119075053447,2.161240577697754,4.539999999999999,"[0.442, 0.012000000000000007]",278582,"[4.42, 0.12000000000000008]",0.006423683424253722,2.376762866973877,2.49,"[0.3390000000000001, -0.08999999999999998]",279582,"[3.3900000000000006, -0.8999999999999998]",0.0063908396540461355,2.3646106719970703,NashSolutionConcept,5.7925,1.9223081828884772,0.0061733700133658745,0.00024427510027777807,2.2841469049453735,0.0903817871027779,COMPLETE
28,4.580000000000001,2025-06-12 21:29:44.752684,2025-06-12 21:29:47.379188,0 days 00:00:02.626504,14,0.6990800882759657,0.10476954040918972,0.9502904801542528,0.05400205756733074,358,286584,4.580000000000001,1.2122087279012643,0.4507500000000001,0.04635393726535,350.0,4,2.96,"[0.42600000000000005, -0.12999999999999995]",286584,"[4.260000000000001, -1.2999999999999994]",0.006640252385820661,2.3240883350372314,5.160000000000001,"[0.4240000000000001, 0.09200000000000003]",287584,"[4.240000000000001, 0.9200000000000003]",0.006544750077383859,2.2906625270843506,4.010000000000001,"[0.5310000000000001, -0.12999999999999995]",288584,"[5.310000000000001, -1.2999999999999994]",0.006602216448102678,2.3107757568359375,6.190000000000001,"[0.42200000000000004, 0.19700000000000006]",289584,"[4.220000000000001, 1.9700000000000006]",0.006515350341796875,2.2803726196289062,NashSolutionConcept,4.5075,0.46353937265349987,0.0065756423132760184,4.8657214725228936e-05,2.3014748096466064,0.017030025153830182,COMPLETE
29,5.952500000000001,2025-06-12 21:29:47.399540,2025-06-12 21:29:52.144889,0 days 00:00:04.745349,26,0.6078960816246192,0.07124999524563769,0.9951693465609452,0.028343550857037637,398,296587,5.952500000000001,0.7830509242699354,0.66725,0.18177922736110416,390.0,4,7.12,"[0.841, -0.12900000000000006]",296587,"[8.41, -1.2900000000000005]",0.011508478873815292,4.488306760787964,5.97,"[0.7240000000000001, -0.12700000000000003]",297587,"[7.240000000000001, -1.2700000000000002]",0.011432794424203726,4.458789825439453,5.799999999999999,"[0.362, 0.21799999999999997]",298587,"[3.62, 2.1799999999999997]",0.01054080938681578,4.110915660858154,4.92,"[0.742, -0.25000000000000006]",299587,"[7.42, -2.5000000000000004]",0.011031159376486754,4.302152156829834,NashSolutionConcept,6.672500000000001,1.8177922736110417,0.011128310515330388,0.00038465385456941853,4.340041100978851,0.15001500328207334,COMPLETE
30,4.932499999999998,2025-06-12 21:29:52.157414,2025-06-12 21:29:56.152838,0 days 00:00:03.995424,32,0.7563418661276032,0.17650713511811658,0.9116539179107307,0.06810460709133455,297,306592,4.932499999999998,3.411776480076032,0.58275,0.2484888075950304,290.0,4,8.689999999999998,"[0.8160000000000001, 0.052999999999999915]",306592,"[8.16, 0.5299999999999991]",0.012843648318586679,3.7246580123901367,1.5499999999999985,"[0.33799999999999997, -0.1830000000000001]",307592,"[3.38, -1.830000000000001]",0.012805670705334893,3.713644504547119,1.5099999999999985,"[0.3309999999999999, -0.18000000000000008]",308592,"[3.309999999999999, -1.8000000000000007]",0.012850180987654062,3.7265524864196777,7.979999999999998,"[0.8460000000000001, -0.04800000000000006]",309592,"[8.46, -0.48000000000000065]",0.01090894238702182,3.163593292236328,NashSolutionConcept,5.8275,2.484888075950304,0.012352110599649364,0.0008333868699399601,3.5821120738983154,0.24168219228258833,COMPLETE
31,6.604999999999999,2025-06-12 21:29:56.317592,2025-06-12 21:30:00.891520,0 days 00:00:04.573928,13,0.5334525289302421,0.10836033659293619,0.9826327806055121,0.032383808668524396,466,316596,6.604999999999999,1.512952411677247,0.59475,0.11977557138248182,460.0,4,7.39,"[0.7529999999999999, -0.01399999999999999]",316596,"[7.529999999999999, -0.1399999999999999]",0.007186391042626423,3.3057398796081543,6.43,"[0.6530000000000001, -0.009999999999999995]",317596,"[6.530000000000001, -0.09999999999999995]",0.0071793784265932825,3.30251407623291,4.26,"[0.434, -0.007999999999999985]",318596,"[4.34, -0.07999999999999985]",0.007339130795520285,3.376000165939331,8.339999999999998,"[0.5389999999999999, 0.29500000000000004]",319596,"[5.389999999999999, 2.95]",0.007303134773088538,3.3594419956207275,NashSolutionConcept,5.9475,1.1977557138248185,0.007252008759457132,7.032952518611366e-05,3.3359240293502808,0.03235158158561225,COMPLETE
32,6.295,2025-06-12 21:30:00.907274,2025-06-12 21:30:05.378765,0 days 00:00:04.471491,18,0.5402784912845858,0.08185779191266074,0.9724808265626903,0.007762137855565032,416,326600,6.295,0.5734326464372254,0.60425,0.09362258007553514,410.0,4,5.810000000000001,"[0.518, 0.06299999999999997]",326600,"[5.18, 0.6299999999999997]",0.009584202999021948,3.929523229598999,5.639999999999999,"[0.627, -0.06299999999999997]",327600,"[6.27, -0.6299999999999997]",0.010074157249636766,4.130404472351074,6.839999999999999,"[0.7479999999999999, -0.06400000000000002]",328600,"[7.479999999999999, -0.6400000000000001]",0.010179232388007931,4.173485279083252,6.890000000000001,"[0.524, 0.16499999999999998]",329600,"[5.24, 1.65]",0.010328834812815596,4.2348222732543945,NashSolutionConcept,6.0425,0.9362258007553514,0.01004160686237056,0.000279158782210606,4.11705881357193,0.11445510070634844,COMPLETE
33,6.2924999999999995,2025-06-12 21:30:05.393604,2025-06-12 21:30:09.569555,0 days 00:00:04.175951,21,0.5896469172662284,0.05759054787988538,0.9619627241621671,0.08815953195891252,374,336605,6.2924999999999995,1.7067421451408533,0.7395,0.16233068101871564,370.0,4,8.92,"[0.9730000000000001, -0.08100000000000004]",336605,"[9.73, -0.8100000000000005]",0.009888065827859414,3.6585843563079834,4.339999999999999,"[0.514, -0.08000000000000004]",337605,"[5.140000000000001, -0.8000000000000005]",0.009755656525895402,3.609592914581299,6.55,"[0.7350000000000001, -0.08000000000000004]",338605,"[7.350000000000001, -0.8000000000000005]",0.010399866748500514,3.8479506969451904,5.359999999999999,"[0.736, -0.2]",339605,"[7.359999999999999, -2.0]",0.010778281495377824,3.987964153289795,NashSolutionConcept,7.3950000000000005,1.6233068101871562,0.010205467649408289,0.00040895619417632897,3.776023030281067,0.15131379184524163,COMPLETE
34,6.664999999999999,2025-06-12 21:30:09.584842,2025-06-12 21:30:13.641953,0 days 00:00:04.057111,20,0.6451757976697132,0.12305941511115473,0.9906930082969139,0.022103132760637995,385,346609,6.664999999999999,3.285806598082121,0.6255000000000001,0.247394927191323,380.0,4,7.699999999999998,"[0.8420000000000002, -0.07200000000000004]",346609,"[8.420000000000002, -0.7200000000000004]",0.010158164877640574,3.860102653503418,4.1499999999999995,"[0.273, 0.14200000000000004]",347609,"[2.7300000000000004, 1.4200000000000004]",0.009608326460185803,3.6511640548706055,11.57,"[0.873, 0.284]",348609,"[8.73, 2.84]",0.00812786064649883,3.0885870456695557,3.2399999999999993,"[0.514, -0.19]",349609,"[5.140000000000001, -1.9]",0.009931703617698268,3.774047374725342,NashSolutionConcept,6.255000000000001,2.47394927191323,0.009456513900505868,0.0007915942590272404,3.5934752821922302,0.30080581843035137,COMPLETE
35,7.8175,2025-06-12 21:30:13.656769,2025-06-12 21:30:17.665965,0 days 00:00:04.009196,15,0.5049929674981959,0.14147816357174714,0.9657434662728996,0.005995101860958595,471,356613,7.8175,3.2101431042867854,0.6445000000000001,0.07460730527233911,470.0,4,7.18,"[0.6460000000000001, 0.07200000000000004]",356613,"[6.460000000000001, 0.7200000000000004]",0.007451923350070385,3.502403974533081,7.22,"[0.749, -0.026999999999999996]",357613,"[7.49, -0.26999999999999996]",0.008082832174098237,3.798931121826172,12.89,"[0.645, 0.644]",358613,"[6.45, 6.44]",0.006995708891685973,3.2879831790924072,3.980000000000001,"[0.538, -0.13999999999999996]",359613,"[5.380000000000001, -1.3999999999999995]",0.007928435345913502,3.7263646125793457,NashSolutionConcept,6.445,0.746073052723391,0.007614724940442024,0.0004263870973503538,3.5789207220077515,0.20040193575466636,COMPLETE
36,5.117500000000001,2025-06-12 21:30:17.867743,2025-06-12 21:30:21.373410,0 days 00:00:03.505667,12,0.50676778565048,0.13793841218787384,0.969514806090943,0.0017087546597704644,471,366617,5.117500000000001,0.9322117516959327,0.5407500000000001,0.07791782530332837,470.0,4,4.2700000000000005,"[0.43100000000000005, -0.003999999999999992]",366617,"[4.3100000000000005, -0.039999999999999925]",0.006876937379228308,3.2321605682373047,4.240000000000001,"[0.534, -0.10999999999999999]",367617,"[5.34, -1.0999999999999999]",0.00660530759933147,3.104494571685791,6.4799999999999995,"[0.651, -0.0029999999999999914]",368617,"[6.51, -0.029999999999999916]",0.006599875206642962,3.1019413471221924,5.480000000000001,"[0.5469999999999999, 0.001000000000000012]",369617,"[5.469999999999999, 0.01000000000000012]",0.006651611531034429,3.1262574195861816,NashSolutionConcept,5.4075,0.7791782530332835,0.006683432929059293,0.00011351435341836213,3.1412134766578674,0.05335174610663012,COMPLETE
37,5.502499999999999,2025-06-12 21:30:21.388926,2025-06-12 21:30:24.149829,0 days 00:00:02.760903,19,0.5003001141327164,0.16402034234738114,0.9649918711660288,0.0026404415435232983,235,376621,5.502499999999999,2.8601256528341543,0.6477499999999999,0.26985401145804744,230.0,4,6.77,"[0.8569999999999999, -0.18]",376621,"[8.569999999999999, -1.7999999999999998]",0.009935539701710577,2.2851741313934326,8.679999999999998,"[0.9460000000000001, -0.07800000000000004]",377621,"[9.46, -0.7800000000000005]",0.00986683057702106,2.2693710327148438,5.64,"[0.5160000000000001, 0.047999999999999966]",378621,"[5.160000000000001, 0.47999999999999965]",0.009842302488244099,2.2637295722961426,0.9199999999999995,"[0.27199999999999996, -0.18]",379621,"[2.7199999999999998, -1.7999999999999998]",0.010428847437319548,2.398634910583496,NashSolutionConcept,6.4775,2.6985401145804744,0.01001838005107382,0.00023943503809579903,2.3042274117469788,0.05507005876203378,COMPLETE
38,5.325,2025-06-12 21:30:24.164302,2025-06-12 21:30:27.856077,0 days 00:00:03.691775,15,0.7089878418965653,0.1460334116276906,0.9608697422960738,0.0010210017878892902,427,386624,5.325,3.1491387711563306,0.506,0.15109268678529747,420.0,4,2.7500000000000004,"[0.41500000000000004, -0.13999999999999996]",386624,"[4.15, -1.3999999999999995]",0.008305331638881138,3.488239288330078,8.430000000000001,"[0.653, 0.19]",387624,"[6.53, 1.9]",0.007987341994330996,3.3546836376190186,8.47,"[0.651, 0.196]",388624,"[6.51, 1.96]",0.007876747562771751,3.3082339763641357,1.65,"[0.305, -0.13999999999999996]",389624,"[3.05, -1.3999999999999995]",0.008101761908758255,3.402740001678467,NashSolutionConcept,5.06,1.5109268678529746,0.008067795776185535,0.00015854748113088116,3.388474225997925,0.06658994207497,COMPLETE
39,4.635000000000001,2025-06-12 21:30:27.871461,2025-06-12 21:30:30.088654,0 days 00:00:02.217193,10,0.5945518608664271,0.13243317398353632,0.9421186405169916,0.006066466596780925,336,396627,4.635000000000001,2.5967431524892874,0.47225000000000006,0.20364475809605315,330.0,4,4.68,"[0.558, -0.08999999999999998]",396627,"[5.58, -0.8999999999999998]",0.006058278950777921,1.9992320537567139,6.78,"[0.659, 0.019000000000000013]",397627,"[6.59, 0.19000000000000014]",0.006130753863941539,2.023148775100708,0.3800000000000003,"[0.128, -0.08999999999999998]",398627,"[1.28, -0.8999999999999998]",0.006090462569034461,2.009852647781372,6.700000000000001,"[0.544, 0.126]",399627,"[5.44, 1.26]",0.005903500499147357,1.948155164718628,NashSolutionConcept,4.7225,2.036447580960531,0.00604574897072532,8.604761154563954e-05,1.9950971603393555,0.028395711810061033,COMPLETE
40,0.7424999999999976,2025-06-12 21:30:30.105656,2025-06-12 21:30:32.248227,0 days 00:00:02.142571,41,0.8225822477388888,0.18340671946857237,0.9311188962687572,0.0002893598032267997,107,406630,0.7424999999999976,1.916172943656183,0.27049999999999996,0.20853117272964256,100.0,4,1.4799999999999978,"[0.4079999999999999, -0.2600000000000002]",406630,"[4.079999999999999, -2.600000000000002]",0.018701825141906738,1.8701825141906738,2.729999999999998,"[0.534, -0.2610000000000002]",407630,"[5.34, -2.6100000000000017]",0.01939007043838501,1.939007043838501,-2.4200000000000026,"[0.0189999999999999, -0.2610000000000002]",408630,"[0.189999999999999, -2.6100000000000017]",0.01890599250793457,1.890599250793457,1.1799999999999975,"[0.12099999999999989, -0.0030000000000001414]",409630,"[1.2099999999999989, -0.030000000000001414]",0.019180562496185303,1.9180562496185303,NashSolutionConcept,2.704999999999999,2.085311727296425,0.019044612646102903,0.0002619839039543741,1.9044612646102905,0.026198390395437345,COMPLETE
41,8.26,2025-06-12 21:30:32.482263,2025-06-12 21:30:36.553156,0 days 00:00:04.070893,16,0.5514841802486223,0.10058021279055274,0.9747737415655487,0.013099606275421186,476,416632,8.26,1.5108441349126651,0.669,0.09418333185866805,470.0,4,8.36,"[0.76, 0.07599999999999998]",416632,"[7.6, 0.7599999999999998]",0.007689574931530242,3.614100217819214,8.25,"[0.635, 0.19000000000000003]",417632,"[6.35, 1.9000000000000004]",0.007544922828674317,3.5461137294769287,6.08,"[0.53, 0.07799999999999999]",418632,"[5.300000000000001, 0.7799999999999998]",0.008272437339133404,3.8880455493927,10.35,"[0.7509999999999999, 0.284]",419632,"[7.509999999999999, 2.84]",0.007763038290307877,3.648627996444702,NashSolutionConcept,6.6899999999999995,0.9418333185866802,0.007817493347411459,0.0002741337254216665,3.6742218732833862,0.12884285094818337,COMPLETE
42,8.065,2025-06-12 21:30:36.568569,2025-06-12 21:30:39.974027,0 days 00:00:03.405458,13,0.5436466443394694,0.10094914009053058,0.9749649021676616,0.04116719123644737,469,426636,8.065,2.9473250584216184,0.7625000000000001,0.19081994130593377,460.0,4,10.739999999999998,"[0.8720000000000002, 0.202]",426636,"[8.720000000000002, 2.02]",0.006432547776595406,2.9589719772338867,8.669999999999998,"[0.875, -0.007999999999999983]",427636,"[8.75, -0.07999999999999982]",0.006567847728729248,3.021209955215454,9.73,"[0.8710000000000001, 0.10200000000000002]",428636,"[8.71, 1.0200000000000002]",0.0061853657598080845,2.8452682495117188,3.12,"[0.43200000000000005, -0.11999999999999997]",429636,"[4.32, -1.1999999999999997]",0.006981716466986615,3.2115895748138428,NashSolutionConcept,7.625000000000001,1.9081994130593378,0.006541869433029838,0.0002886114943631797,3.0092599391937256,0.13276128740706267,COMPLETE
43,8.365,2025-06-12 21:30:39.987980,2025-06-12 21:30:43.262879,0 days 00:00:03.274899,12,0.5324506564652054,0.10150594162555533,0.9747064043242374,0.005511490278444487,470,436640,8.365,0.8587636461797854,0.5700000000000001,0.18800132978253103,470.0,4,7.610000000000001,"[0.33100000000000007, 0.43000000000000005]",436640,"[3.3100000000000005, 4.300000000000001]",0.006395452073279848,3.0058624744415283,9.59,"[0.858, 0.10100000000000006]",437640,"[8.58, 1.0100000000000007]",0.00613105094179194,2.881593942642212,7.51,"[0.538, 0.213]",438640,"[5.380000000000001, 2.13]",0.006566224199660281,3.086125373840332,8.75,"[0.553, 0.322]",439640,"[5.53, 3.22]",0.006257398077782164,2.940977096557617,NashSolutionConcept,5.700000000000001,1.8800132978253103,0.006337531323128558,0.00016179518685756887,2.9786397218704224,0.07604373782305733,COMPLETE
44,7.607500000000001,2025-06-12 21:30:43.277064,2025-06-12 21:30:46.678940,0 days 00:00:03.401876,12,0.5392046896569841,0.0994667036233556,0.9751987155783628,0.050099593602354074,483,446643,7.607500000000001,3.2808487849945176,0.655,0.13370676871422782,480.0,4,4.340000000000001,"[0.5439999999999999, -0.10999999999999999]",446643,"[5.4399999999999995, -1.0999999999999999]",0.00670758585135142,3.2196412086486816,6.51,"[0.656, -0.004999999999999993]",447643,"[6.5600000000000005, -0.04999999999999993]",0.006440677245457967,3.091525077819824,6.5,"[0.5469999999999999, 0.10300000000000002]",448643,"[5.469999999999999, 1.0300000000000002]",0.006665057440598806,3.1992275714874268,13.080000000000002,"[0.873, 0.43500000000000005]",449643,"[8.73, 4.3500000000000005]",0.00601115475098292,2.8853542804718018,NashSolutionConcept,6.55,1.3370676871422782,0.006456118822097778,0.0002761894639441382,3.0989370346069336,0.13257094269318628,COMPLETE
45,8.2625,2025-06-12 21:30:46.693852,2025-06-12 21:30:50.088749,0 days 00:00:03.394897,13,0.5318880171047682,0.1161367336348631,0.9835072420394596,0.0028476806387759787,452,456646,8.2625,0.5683473849680315,0.70125,0.05495623258557667,450.0,4,8.54,"[0.639, 0.215]",456646,"[6.390000000000001, 2.15]",0.007023694780137804,3.1606626510620117,8.59,"[0.655, 0.20400000000000004]",457646,"[6.550000000000001, 2.0400000000000005]",0.006796961360507541,3.0586326122283936,8.64,"[0.765, 0.099]",458646,"[7.65, 0.99]",0.0068026097615559895,3.0611743927001953,7.28,"[0.746, -0.017999999999999988]",459646,"[7.46, -0.17999999999999988]",0.006827631526523166,3.072434186935425,NashSolutionConcept,7.012500000000001,0.5495623258557666,0.0068627243571811256,9.365030721933538e-05,3.0882259607315063,0.04214263824870091,COMPLETE
46,7.49,2025-06-12 21:30:50.320100,2025-06-12 21:30:53.728065,0 days 00:00:03.407965,13,0.5286896392981337,0.11421316130773446,0.9839025002532926,0.0031283178448193202,452,466650,7.49,1.5036123170551643,0.62425,0.09253479075461293,450.0,4,7.54,"[0.547, 0.20700000000000002]",466650,"[5.470000000000001, 2.0700000000000003]",0.006582824389139811,2.962270975112915,9.56,"[0.643, 0.31299999999999994]",467650,"[6.43, 3.1299999999999994]",0.006821445888943142,3.069650650024414,5.3100000000000005,"[0.539, -0.007999999999999993]",468650,"[5.390000000000001, -0.07999999999999993]",0.006910956170823839,3.1099302768707275,7.549999999999999,"[0.768, -0.012999999999999994]",469650,"[7.68, -0.12999999999999995]",0.006816797786288791,3.067559003829956,NashSolutionConcept,6.2425,0.925347907546129,0.006783006058798896,0.0001215148482932892,3.052352726459503,0.0546816817319801,COMPLETE
47,5.4975000000000005,2025-06-12 21:30:53.742449,2025-06-12 21:30:58.485588,0 days 00:00:04.743139,18,0.5556961782226375,0.09968092747875942,0.9762308316559508,0.011344215641722076,481,476653,5.4975000000000005,2.195009965808812,0.6345000000000001,0.16444832014952296,480.0,4,4.59,"[0.629, -0.16999999999999998]",476653,"[6.29, -1.6999999999999997]",0.00888258715470632,4.263641834259033,4.7,"[0.64, -0.16999999999999998]",477653,"[6.4, -1.6999999999999997]",0.009051805237929027,4.344866514205933,3.4899999999999998,"[0.40199999999999997, -0.053000000000000026]",478653,"[4.02, -0.5300000000000002]",0.009245156745115916,4.43767523765564,9.21,"[0.867, 0.05399999999999999]",479653,"[8.67, 0.5399999999999999]",0.00854487121105194,4.101538181304932,NashSolutionConcept,6.345000000000001,1.6444832014952298,0.008931105087200802,0.0002572584143830679,4.286930441856384,0.12348403890387251,COMPLETE
48,5.432500000000001,2025-06-12 21:30:58.499807,2025-06-12 21:31:01.626814,0 days 00:00:03.127007,12,0.5867698033359534,0.12791049167080648,0.9969829522952456,0.0024019475575917854,461,486658,5.432500000000001,1.4105916311959321,0.48924999999999996,0.09945193562721642,460.0,4,3.12,"[0.317, -0.004999999999999993]",486658,"[3.17, -0.04999999999999993]",0.006353051247804061,2.922403573989868,5.460000000000001,"[0.548, -0.0019999999999999905]",487658,"[5.48, -0.019999999999999907]",0.006271616272304369,2.8849434852600098,6.58,"[0.546, 0.11200000000000002]",488658,"[5.460000000000001, 1.12]",0.006370669344197149,2.9305078983306885,6.57,"[0.5459999999999999, 0.11100000000000007]",489658,"[5.459999999999999, 1.1100000000000008]",0.006272303539773693,2.8852596282958984,NashSolutionConcept,4.8925,0.9945193562721644,0.006316910101019818,4.538037831427914e-05,2.905778646469116,0.020874974024568428,COMPLETE
49,5.2875,2025-06-12 21:31:01.641923,2025-06-12 21:31:07.093652,0 days 00:00:05.451729,22,0.5521207102613431,0.08020060933999054,0.9920822163256425,0.0009894002401625327,497,496661,5.2875,2.1923089996622287,0.61975,0.1875198322844813,490.0,4,1.8099999999999992,"[0.391, -0.21000000000000002]",496661,"[3.91, -2.1]",0.010607644489833286,5.1977458000183105,6.47,"[0.742, -0.09500000000000006]",497661,"[7.42, -0.9500000000000006]",0.010742618599716498,5.263883113861084,5.1899999999999995,"[0.489, 0.02999999999999995]",498661,"[4.89, 0.2999999999999995]",0.01065722047066202,5.22203803062439,7.68,"[0.857, -0.08900000000000005]",499661,"[8.57, -0.8900000000000006]",0.010006996076934192,4.903428077697754,NashSolutionConcept,6.1975,1.8751983228448132,0.010503619909286499,0.00029076186592311094,5.1467737555503845,0.14247331430232454,COMPLETE
50,7.675000000000001,2025-06-12 21:31:07.108043,2025-06-12 21:31:10.502745,0 days 00:00:03.394702,16,0.9646125980454938,0.11577446141859739,0.9709189703439303,0.00513738238934949,445,506667,7.675000000000001,1.6750298504802834,0.723,0.09567392539244952,440.0,4,10.48,"[0.8739999999999999, 0.17400000000000002]",506667,"[8.739999999999998, 1.7400000000000002]",0.007031236995350231,3.0937442779541016,7.18,"[0.639, 0.07900000000000003]",507667,"[6.390000000000001, 0.7900000000000003]",0.0070173930038105355,3.0876529216766357,6.990000000000001,"[0.7369999999999999, -0.038]",508667,"[7.369999999999999, -0.38]",0.007298868352716619,3.2115020751953125,6.05,"[0.6419999999999998, -0.037]",509667,"[6.419999999999998, -0.37]",0.00717351111498746,3.1563448905944824,NashSolutionConcept,7.2299999999999995,0.956739253924495,0.007130252366716211,0.00011493905950448593,3.137311041355133,0.050573186181973824,COMPLETE
51,4.3775,2025-06-12 21:31:10.758425,2025-06-12 21:31:13.347163,0 days 00:00:02.588738,10,0.6084869963651092,0.09732202964304532,0.986830743995163,0.042715621965250604,421,516670,4.3775,1.9279182425611312,0.44675,0.17062000908451508,420.0,4,6.79,"[0.5519999999999999, 0.12699999999999995]",516670,"[5.52, 1.2699999999999996]",0.005613695439838228,2.3577520847320557,2.4999999999999996,"[0.23300000000000004, 0.01700000000000001]",517670,"[2.3300000000000005, 0.17000000000000012]",0.005579622586568197,2.3434414863586426,2.47,"[0.337, -0.08999999999999998]",518670,"[3.37, -0.8999999999999998]",0.005698127973647345,2.3932137489318848,5.750000000000001,"[0.6650000000000001, -0.08999999999999998]",519670,"[6.650000000000001, -0.8999999999999998]",0.005665204070863269,2.3793857097625732,NashSolutionConcept,4.4675,1.706200090845151,0.00563916251772926,4.5685509027018284e-05,2.368448257446289,0.01918791379134771,COMPLETE
52,6.237500000000001,2025-06-12 21:31:13.361836,2025-06-12 21:31:16.565030,0 days 00:00:03.203194,14,0.5219109045354783,0.08574988570472955,0.983355134999505,0.0036525276120272913,399,526673,6.237500000000001,0.850187479324414,0.6732500000000001,0.053067763284314125,390.0,4,6.15,"[0.643, -0.027999999999999987]",526673,"[6.43, -0.27999999999999986]",0.007765392156747672,3.028502941131592,7.480000000000001,"[0.765, -0.01699999999999998]",527673,"[7.65, -0.16999999999999982]",0.007667117852431077,2.99017596244812,5.08,"[0.6380000000000001, -0.12999999999999995]",528673,"[6.380000000000001, -1.2999999999999994]",0.007684642229324732,2.9970104694366455,6.24,"[0.647, -0.022999999999999986]",529673,"[6.470000000000001, -0.22999999999999987]",0.007526979079613319,2.9355218410491943,NashSolutionConcept,6.7325,0.5306776328431414,0.0076610328295292,8.581332691724408e-05,2.987802803516388,0.033467197497725185,COMPLETE
53,7.309999999999997,2025-06-12 21:31:16.580427,2025-06-12 21:31:26.828686,0 days 00:00:10.248259,50,0.5846722406442939,0.11235678643515543,0.9777294781612821,0.06509626022832622,473,536676,7.309999999999997,3.771398944688828,0.82975,0.10917274156125238,470.0,4,12.059999999999999,"[0.977, 0.22899999999999981]",536676,"[9.77, 2.2899999999999983]",0.01730235333138324,8.132106065750122,6.359999999999997,"[0.8310000000000001, -0.1950000000000002]",537676,"[8.31, -1.950000000000002]",0.019683221553234344,9.251114130020142,1.789999999999997,"[0.6689999999999999, -0.4900000000000003]",538676,"[6.6899999999999995, -4.900000000000003]",0.021211283257667055,9.969303131103516,9.03,"[0.842, 0.06099999999999983]",539676,"[8.42, 0.6099999999999983]",0.017567680237141062,8.256809711456299,NashSolutionConcept,8.2975,1.0917274156125236,0.018941134594856423,0.0016028294440842397,8.90233325958252,0.7533298387195928,COMPLETE
54,5.1825,2025-06-12 21:31:26.847821,2025-06-12 21:31:30.110029,0 days 00:00:03.262208,12,0.5518849304174276,0.07110994333162099,0.9740989957456893,0.01195108093684731,453,546686,5.1825,1.4151391274358858,0.54575,0.13248089484903092,450.0,4,3.2600000000000007,"[0.43599999999999994, -0.10999999999999999]",546686,"[4.359999999999999, -1.0999999999999999]",0.006635762850443522,2.986093282699585,4.390000000000001,"[0.43900000000000006, 1.1102230246251566e-17]",547686,"[4.390000000000001, 1.1102230246251565e-16]",0.006599122683207194,2.9696052074432373,6.5600000000000005,"[0.546, 0.11000000000000001]",548686,"[5.460000000000001, 1.1]",0.006380219989352756,2.8710989952087402,6.5200000000000005,"[0.7619999999999999, -0.10999999999999999]",549686,"[7.619999999999999, -1.0999999999999999]",0.006791998015509711,3.05639910697937,NashSolutionConcept,5.4575,1.3248089484903094,0.006601775884628296,0.0001469979822408444,2.970799148082733,0.06614909200838005,COMPLETE
55,3.5275,2025-06-12 21:31:30.125038,2025-06-12 21:31:33.067080,0 days 00:00:02.942042,10,0.525457367837123,0.10143023966709738,0.9948780916557126,0.02217478415522486,483,556690,3.5275,1.6651933070968064,0.3115,0.20384123724114317,480.0,4,5.6,"[0.546, 0.014000000000000009]",556690,"[5.460000000000001, 0.1400000000000001]",0.005658736328283945,2.716193437576294,4.619999999999999,"[0.44800000000000006, 0.014000000000000007]",557690,"[4.48, 0.14000000000000007]",0.005734395484129588,2.752509832382202,1.4000000000000004,"[0.017000000000000022, 0.12300000000000003]",558690,"[0.1700000000000002, 1.2300000000000002]",0.0056756233175595605,2.724299192428589,2.49,"[0.23499999999999996, 0.014000000000000007]",559690,"[2.3499999999999996, 0.14000000000000007]",0.005745186408360799,2.7576894760131836,NashSolutionConcept,3.115,2.0384123724114316,0.005703485384583473,3.699048004747692e-05,2.737672984600067,0.017755430422788872,COMPLETE
56,6.6425,2025-06-12 21:31:33.336627,2025-06-12 21:31:37.461419,0 days 00:00:04.124792,18,0.6088142820019775,0.12623889721855053,0.9686110758272031,0.006641830437922537,434,566693,6.6425,1.5608391172699387,0.5455,0.1034613454387676,430.0,4,5.8999999999999995,"[0.6439999999999999, -0.05399999999999998]",566693,"[6.4399999999999995, -0.5399999999999998]",0.008765725202338641,3.7692618370056152,5.720000000000001,"[0.395, 0.177]",567693,"[3.95, 1.77]",0.008678894264753476,3.731924533843994,5.61,"[0.504, 0.056999999999999974]",568693,"[5.04, 0.5699999999999997]",0.008442610918089401,3.6303226947784424,9.340000000000002,"[0.639, 0.29500000000000004]",569693,"[6.390000000000001, 2.95]",0.007992365748383278,3.4367172718048096,NashSolutionConcept,5.455,1.034613454387676,0.008469899033391199,0.0002999895033553141,3.6420565843582153,0.128995486442785,COMPLETE
57,7.542499999999999,2025-06-12 21:31:37.476394,2025-06-12 21:31:41.573217,0 days 00:00:04.096823,15,0.6312481264493284,0.09271804001279299,0.9856192451907756,0.010223858983093493,499,576697,7.542499999999999,1.9622611319597596,0.7829999999999999,0.14247982313296156,490.0,4,6.25,"[0.652, -0.02699999999999999]",576697,"[6.5200000000000005, -0.2699999999999999]",0.007607190949576241,3.7275235652923584,9.489999999999998,"[0.9770000000000001, -0.02799999999999999]",577697,"[9.770000000000001, -0.2799999999999999]",0.007641563123586227,3.744365930557251,9.419999999999998,"[0.8619999999999999, 0.08]",578697,"[8.62, 0.8]",0.007352614402770996,3.602781057357788,5.01,"[0.6409999999999999, -0.13999999999999996]",579697,"[6.409999999999999, -1.3999999999999995]",0.007948792710596201,3.8949084281921387,NashSolutionConcept,7.830000000000001,1.4247982313296157,0.0076375402966324165,0.00021154083305265756,3.742394745349884,0.10365500819580215,COMPLETE
58,6.932500000000001,2025-06-12 21:31:41.588994,2025-06-12 21:31:44.663183,0 days 00:00:03.074189,13,0.5715460524058958,0.1178060666685305,0.9803183695572735,0.07730419431268086,409,586701,6.932500000000001,1.8702055368327832,0.6775,0.09156008955871549,400.0,4,7.52,"[0.76, -0.007999999999999993]",586701,"[7.6, -0.07999999999999993]",0.006807226538658142,2.722890615463257,5.220000000000001,"[0.542, -0.019999999999999983]",587701,"[5.42, -0.19999999999999984]",0.006966349482536316,2.7865397930145264,5.250000000000001,"[0.6449999999999999, -0.11999999999999997]",588701,"[6.449999999999999, -1.1999999999999997]",0.007190414667129517,2.8761658668518066,9.74,"[0.763, 0.21100000000000002]",589701,"[7.63, 2.1100000000000003]",0.006478655338287354,2.5914621353149414,NashSolutionConcept,6.7749999999999995,0.9156008955871549,0.006860661506652832,0.00025917711297709987,2.744264602661133,0.10367084519084,COMPLETE
59,6.5649999999999995,2025-06-12 21:31:44.786431,2025-06-12 21:31:48.182539,0 days 00:00:03.396108,16,0.5210617753759715,0.06317518451900492,0.9896405010158836,0.001302502425550819,385,596704,6.5649999999999995,1.696061614446834,0.613,0.21758101939277696,380.0,4,9.41,"[0.8719999999999999, 0.06899999999999999]",596704,"[8.719999999999999, 0.69]",0.008221879758332905,3.124314308166504,6.02,"[0.752, -0.14999999999999997]",597704,"[7.52, -1.4999999999999996]",0.00843503286964015,3.205312490463257,4.93,"[0.30500000000000005, 0.18800000000000008]",598704,"[3.0500000000000007, 1.8800000000000008]",0.008097462905080694,3.077035903930664,5.8999999999999995,"[0.5229999999999999, 0.06699999999999998]",599704,"[5.229999999999999, 0.6699999999999997]",0.008377380747544138,3.1834046840667725,NashSolutionConcept,6.129999999999999,2.1758101939277696,0.008282939070149473,0.00013245886308658442,3.1475168466567993,0.05033436797290192,COMPLETE
60,5.594999999999999,2025-06-12 21:31:48.196508,2025-06-12 21:31:51.127148,0 days 00:00:02.930640,11,0.6514222657541169,0.10686642468758996,0.9587830266919265,0.035484001754768055,443,606708,5.594999999999999,2.2805098114237525,0.55125,0.13068927844318376,440.0,4,5.630000000000001,"[0.557, 0.006000000000000004]",606708,"[5.57, 0.06000000000000004]",0.005978127501227639,2.630376100540161,2.359999999999999,"[0.33599999999999997, -0.09999999999999999]",607708,"[3.3599999999999994, -0.9999999999999999]",0.005799951336600564,2.551978588104248,8.809999999999999,"[0.6540000000000001, 0.227]",608708,"[6.540000000000001, 2.27]",0.005731947313655506,2.522056818008423,5.579999999999999,"[0.6580000000000001, -0.09999999999999999]",609708,"[6.580000000000002, -0.9999999999999999]",0.0059595216404307975,2.622189521789551,NashSolutionConcept,5.512500000000001,1.3068927844318379,0.005867386947978627,0.0001044554066511963,2.5816502571105957,0.04596037892652631,COMPLETE
61,6.1075,2025-06-12 21:31:51.410341,2025-06-12 21:31:55.257340,0 days 00:00:03.846999,15,0.5152475694496458,0.15806421798635548,0.9650758598682558,0.0057949800858634725,466,616711,6.1075,1.5182452865067624,0.5052500000000001,0.0911355446573948,460.0,4,3.9399999999999995,"[0.42400000000000004, -0.029999999999999992]",616711,"[4.24, -0.29999999999999993]",0.0076506013455598255,3.5192766189575195,6.040000000000001,"[0.5320000000000001, 0.07200000000000001]",617711,"[5.320000000000001, 0.7200000000000001]",0.007623057261757229,3.506606340408325,8.23,"[0.643, 0.18]",618711,"[6.43, 1.7999999999999998]",0.0077566291974938435,3.568049430847168,6.22,"[0.422, 0.19999999999999998]",619711,"[4.22, 1.9999999999999998]",0.00748778426128885,3.444380760192871,NashSolutionConcept,5.0525,0.911355446573948,0.007629518016524936,9.5827915838751e-05,3.509578287601471,0.04408084128582539,COMPLETE
62,6.159999999999999,2025-06-12 21:31:55.271875,2025-06-12 21:31:59.610037,0 days 00:00:04.338162,17,0.5453514542115526,0.13313767040694674,0.9666803748351739,0.003516610486294254,483,626715,6.159999999999999,1.6231450951778772,0.6365,0.07781227409605758,480.0,4,8.04,"[0.7459999999999999, 0.05799999999999998]",626715,"[7.459999999999999, 0.5799999999999998]",0.008639868597189586,4.147136926651001,5.9399999999999995,"[0.6399999999999999, -0.046000000000000006]",627715,"[6.399999999999999, -0.4600000000000001]",0.008484187225500742,4.0724098682403564,3.6599999999999997,"[0.526, -0.15999999999999998]",628715,"[5.26, -1.5999999999999996]",0.008410025636355083,4.0368123054504395,6.999999999999999,"[0.634, 0.06599999999999999]",629715,"[6.34, 0.6599999999999999]",0.00781666139761607,3.751997470855713,NashSolutionConcept,6.364999999999999,0.778122740960576,0.00833768571416537,0.0003120402980363493,4.002089142799377,0.14977934305744775,COMPLETE
63,6.812500000000001,2025-06-12 21:31:59.624183,2025-06-12 21:32:03.349618,0 days 00:00:03.725435,14,0.5735005509822179,0.08722283689073052,0.9793049881254513,0.01609341931416872,463,636719,6.812500000000001,2.372144335827818,0.50725,0.23779967935218074,460.0,4,10.64,"[0.8619999999999999, 0.20200000000000004]",636719,"[8.62, 2.0200000000000005]",0.007014407282290251,3.2266273498535156,6.1800000000000015,"[0.41400000000000003, 0.20400000000000001]",637719,"[4.140000000000001, 2.04]",0.0074830951897994335,3.4422237873077393,4.130000000000001,"[0.20700000000000002, 0.20600000000000004]",638719,"[2.0700000000000003, 2.0600000000000005]",0.007339736689691958,3.376278877258301,6.300000000000002,"[0.546, 0.08400000000000005]",639719,"[5.460000000000001, 0.8400000000000005]",0.007068821658258853,3.2516579627990723,NashSolutionConcept,5.0725,2.377996793521808,0.0072265152050101245,0.00019268459899248296,3.324196994304657,0.08863491553654214,COMPLETE
64,4.265,2025-06-12 21:32:03.364817,2025-06-12 21:32:07.608451,0 days 00:00:04.243634,19,0.5600224364933927,0.11050274885287865,0.9725976442203057,0.0048403338167971885,425,646723,4.265,2.088845374842283,0.49100000000000005,0.17279467584390448,420.0,4,5.709999999999999,"[0.5210000000000001, 0.04999999999999997]",646723,"[5.210000000000001, 0.49999999999999967]",0.009235871973491851,3.879066228866577,2.2700000000000005,"[0.2909999999999999, -0.06400000000000003]",647723,"[2.9099999999999993, -0.6400000000000003]",0.009514632111503964,3.996145486831665,2.169999999999999,"[0.3969999999999999, -0.18]",648723,"[3.969999999999999, -1.7999999999999998]",0.009444929304577056,3.9668703079223633,6.909999999999999,"[0.7550000000000001, -0.06400000000000002]",649723,"[7.550000000000001, -0.6400000000000001]",0.009160302934192475,3.84732723236084,NashSolutionConcept,4.91,1.7279467584390447,0.009338934080941337,0.00014546105145185314,3.9223523139953613,0.0610936416097783,COMPLETE
65,9.09,2025-06-12 21:32:07.622183,2025-06-12 21:32:10.538679,0 days 00:00:02.916496,11,0.5051274770419,0.14716924364611977,0.9828506930420948,0.0074040389687762154,449,656727,9.09,1.164688799637053,0.71225,0.05584521017956685,440.0,4,10.979999999999999,"[0.7649999999999999, 0.333]",656727,"[7.649999999999999, 3.33]",0.005924463813955134,2.606764078140259,8.719999999999999,"[0.653, 0.21899999999999994]",657727,"[6.53, 2.1899999999999995]",0.006075234846635298,2.6731033325195312,7.8,"[0.6600000000000001, 0.11999999999999997]",658727,"[6.600000000000001, 1.1999999999999997]",0.005684823339635676,2.5013222694396973,8.86,"[0.7710000000000001, 0.11499999999999999]",659727,"[7.710000000000001, 1.15]",0.005505176024003462,2.4222774505615234,NashSolutionConcept,7.1225000000000005,0.5584521017956683,0.005797424506057393,0.0002187497251572597,2.5508667826652527,0.09624987906919426,COMPLETE
66,5.1925,2025-06-12 21:32:10.911210,2025-06-12 21:32:14.123468,0 days 00:00:03.212258,12,0.5449753062456759,0.09460114629514563,0.9932587158710203,0.012907975831509343,434,666730,5.1925,3.3043181974501183,0.54675,0.24317316360980298,430.0,4,6.57,"[0.656, 0.001000000000000012]",666730,"[6.5600000000000005, 0.01000000000000012]",0.006175236923750057,2.6553518772125244,9.82,"[0.873, 0.10900000000000001]",667730,"[8.73, 1.09]",0.006341873213302257,2.7270054817199707,3.2700000000000005,"[0.43699999999999994, -0.10999999999999999]",668730,"[4.369999999999999, -1.0999999999999999]",0.0067092341046000635,2.8849706649780273,1.1100000000000003,"[0.22100000000000003, -0.10999999999999999]",669730,"[2.2100000000000004, -1.0999999999999999]",0.006759511038314465,2.9065897464752197,NashSolutionConcept,5.4675,2.4317316360980294,0.006496463819991711,0.000245738686222437,2.7934794425964355,0.10566763507564793,COMPLETE
67,5.285,2025-06-12 21:32:14.139129,2025-06-12 21:32:16.886630,0 days 00:00:02.747501,11,0.8882834239002326,0.07592839434853522,0.9823730133128922,0.0005514430767900014,455,676734,5.285,1.8996381234329869,0.41350000000000003,0.15610333116240666,450.0,4,2.34,"[0.22800000000000004, 0.006000000000000004]",676734,"[2.2800000000000002, 0.06000000000000004]",0.005439562267727322,2.447803020477295,5.58,"[0.43899999999999995, 0.119]",677734,"[4.39, 1.19]",0.0050425444708930124,2.2691450119018555,5.57,"[0.33599999999999997, 0.22099999999999995]",678734,"[3.3599999999999994, 2.2099999999999995]",0.005048323737250434,2.2717456817626953,7.6499999999999995,"[0.651, 0.11399999999999996]",679734,"[6.51, 1.1399999999999997]",0.0053678332434760195,2.415524959564209,NashSolutionConcept,4.135,1.5610333116240664,0.005224565929836697,0.00018092959295497297,2.3510546684265137,0.08141831682973787,COMPLETE
68,8.03,2025-06-12 21:32:16.902172,2025-06-12 21:32:19.916756,0 days 00:00:03.014584,13,0.5950750361208292,0.10357358675768893,0.9885178210955197,0.007960371879675408,411,686736,8.03,1.851526397327351,0.7055,0.12702460391593431,410.0,4,5.26,"[0.5359999999999999, -0.009999999999999985]",686736,"[5.359999999999999, -0.09999999999999984]",0.006776546268928342,2.77838397026062,9.69,"[0.7589999999999999, 0.21000000000000002]",687736,"[7.589999999999999, 2.1]",0.00641680112699183,2.6308884620666504,9.74,"[0.8779999999999999, 0.096]",688736,"[8.78, 0.96]",0.0065164374142158326,2.671739339828491,7.43,"[0.6489999999999999, 0.09400000000000003]",689736,"[6.489999999999999, 0.9400000000000003]",0.00677254723339546,2.7767443656921387,NashSolutionConcept,7.054999999999999,1.2702460391593433,0.006620583010882866,0.00015794858680226383,2.714439034461975,0.06475892058892813,COMPLETE
69,8.129999999999999,2025-06-12 21:32:19.931441,2025-06-12 21:32:27.346155,0 days 00:00:07.414714,43,0.579695374281424,0.08578090185487716,0.9767554792934416,0.008672937708969358,408,696739,8.129999999999999,1.9401417473988862,0.78975,0.11729743177069142,400.0,4,7.869999999999999,"[0.6629999999999999, 0.12399999999999989]",696739,"[6.629999999999999, 1.2399999999999989]",0.016706035733222963,6.682414293289185,8.28,"[0.825, 0.0029999999999998582]",697739,"[8.25, 0.029999999999998583]",0.01582463026046753,6.329852104187012,10.92,"[0.7060000000000001, 0.3859999999999999]",698739,"[7.0600000000000005, 3.859999999999999]",0.016781357526779176,6.71254301071167,5.4499999999999975,"[0.9650000000000001, -0.42000000000000026]",699739,"[9.65, -4.200000000000003]",0.018082927465438842,7.233170986175537,NashSolutionConcept,7.897499999999999,1.1729743177069143,0.016848737746477126,0.0008057487765868828,6.739495098590851,0.32229951063475315,COMPLETE
70,5.209999999999999,2025-06-12 21:32:27.362371,2025-06-12 21:32:33.345937,0 days 00:00:05.983566,33,0.5962398751775981,0.12371249370390666,0.997949418351768,0.007624669723291202,396,706747,5.209999999999999,2.4744393304342704,0.6227499999999999,0.14213088158454518,390.0,4,2.649999999999999,"[0.46399999999999997, -0.1990000000000001]",706747,"[4.64, -1.9900000000000009]",0.01419827938079834,5.5373289585113525,3.849999999999999,"[0.583, -0.1980000000000001]",707747,"[5.83, -1.9800000000000009]",0.014880055036300268,5.8032214641571045,9.219999999999999,"[0.853, 0.06899999999999998]",708747,"[8.53, 0.6899999999999997]",0.012988918255536984,5.065678119659424,5.119999999999999,"[0.5909999999999999, -0.07900000000000008]",709747,"[5.909999999999998, -0.7900000000000008]",0.014042308391668857,5.4765002727508545,NashSolutionConcept,6.227499999999999,1.4213088158454514,0.014027390266076113,0.0006772899982755427,5.470682203769684,0.26414309932746166,COMPLETE
71,4.859999999999998,2025-06-12 21:32:33.672848,2025-06-12 21:32:41.656739,0 days 00:00:07.983891,42,0.5742439779071019,0.08585969343844621,0.9779533754555768,0.010047660331774812,414,716753,4.859999999999998,2.831969279494395,0.66275,0.22986667331303165,410.0,4,1.5099999999999973,"[0.2799999999999999, -0.12900000000000014]",716753,"[2.799999999999999, -1.2900000000000014]",0.016257066842986317,6.66539740562439,2.769999999999998,"[0.687, -0.41000000000000025]",717753,"[6.870000000000001, -4.100000000000002]",0.01875691762784632,7.690336227416992,8.499999999999998,"[0.8440000000000001, 0.0059999999999998666]",718753,"[8.440000000000001, 0.059999999999998666]",0.016126419858234684,6.611832141876221,6.659999999999998,"[0.8399999999999999, -0.17400000000000015]",719753,"[8.399999999999999, -1.7400000000000015]",0.017359989445383955,7.117595672607422,NashSolutionConcept,6.6274999999999995,2.2986667331303163,0.01712509844361282,0.0010569821911135284,7.021290361881256,0.4333626983565468,COMPLETE
72,2.7849999999999975,2025-06-12 21:32:41.697915,2025-06-12 21:32:50.761895,0 days 00:00:09.063980,46,0.5309948813651341,0.10465944899573504,0.9815631021212419,0.00389977280448948,443,726761,2.7849999999999975,3.086296324075185,0.55075,0.22377709333173498,440.0,4,2.349999999999998,"[0.6849999999999999, -0.4500000000000003]",726761,"[6.85, -4.500000000000003]",0.019968269629911942,8.786038637161255,-1.8100000000000034,"[0.26899999999999985, -0.4500000000000003]",727761,"[2.6899999999999986, -4.500000000000003]",0.020109454610131004,8.848160028457642,3.8599999999999977,"[0.40999999999999986, -0.024000000000000177]",728761,"[4.099999999999999, -0.24000000000000177]",0.016530017961155285,7.273207902908325,6.739999999999997,"[0.8390000000000001, -0.16500000000000017]",729761,"[8.39, -1.6500000000000017]",0.0188895583152771,8.311405658721924,NashSolutionConcept,5.507499999999999,2.23777093331735,0.01887432512911883,0.0014333760456878267,8.304703056812286,0.6306854601026439,COMPLETE
73,5.9899999999999975,2025-06-12 21:32:50.776942,2025-06-12 21:32:59.176420,0 days 00:00:08.399478,37,0.5121460168758304,0.09352970635393026,0.9859504948132377,0.008160004880982678,487,736770,5.9899999999999975,1.6301073584276582,0.60425,0.11186682931056911,480.0,4,7.399999999999997,"[0.708, 0.03199999999999989]",736770,"[7.08, 0.3199999999999989]",0.014744766056537628,7.0774877071380615,5.629999999999998,"[0.43299999999999994, 0.12999999999999992]",737770,"[4.329999999999999, 1.2999999999999992]",0.015570820868015289,7.473994016647339,7.459999999999997,"[0.7, 0.045999999999999916]",738770,"[7.0, 0.4599999999999992]",0.013507385551929475,6.4835450649261475,3.469999999999999,"[0.5759999999999998, -0.22900000000000018]",739770,"[5.759999999999998, -2.290000000000002]",0.0171113058924675,8.2134268283844,NashSolutionConcept,6.0424999999999995,1.1186682931056913,0.015233569592237473,0.0013094151627484336,7.312113404273987,0.6285192781192481,COMPLETE
74,5.517499999999998,2025-06-12 21:32:59.191032,2025-06-12 21:33:06.750787,0 days 00:00:07.559755,43,0.5602969620210579,0.07522106395035184,0.974096425413211,0.0026611187363633384,423,746779,5.517499999999998,3.7521618768384717,0.5584999999999999,0.21933137030529865,420.0,4,9.799999999999999,"[0.8400000000000001, 0.1399999999999999]",746779,"[8.4, 1.399999999999999]",0.01327032759076073,5.573537588119507,0.03999999999999759,"[0.2829999999999998, -0.27900000000000025]",747779,"[2.8299999999999983, -2.7900000000000027]",0.017539888336544945,7.366753101348877,4.209999999999997,"[0.4189999999999999, 0.0019999999999998686]",748779,"[4.189999999999999, 0.019999999999998685]",0.01633453255607968,6.860503673553467,8.019999999999998,"[0.692, 0.1099999999999999]",749779,"[6.92, 1.099999999999999]",0.014309124151865641,6.009832143783569,NashSolutionConcept,5.584999999999999,2.1933137030529863,0.01536346815881275,0.0016712756786575965,6.452656626701355,0.7019357850361908,COMPLETE
75,6.489999999999999,2025-06-12 21:33:06.765701,2025-06-12 21:33:12.569671,0 days 00:00:05.803970,27,0.5818919154046025,0.08233661876818639,0.9893582055147484,0.01787055402868518,408,756786,6.489999999999999,3.43261562077667,0.6655,0.1980511297619885,400.0,4,0.739999999999999,"[0.33399999999999996, -0.2600000000000001]",756786,"[3.34, -2.6000000000000014]",0.013726251125335693,5.490500450134277,7.27,"[0.7390000000000001, -0.012000000000000061]",757786,"[7.390000000000001, -0.1200000000000006]",0.011815028190612793,4.726011276245117,9.719999999999999,"[0.859, 0.11299999999999999]",758786,"[8.59, 1.13]",0.011687493324279786,4.674997329711914,8.23,"[0.73, 0.09299999999999993]",759786,"[7.3, 0.9299999999999993]",0.012453203797340393,4.981281518936157,NashSolutionConcept,6.655,1.9805112976198849,0.012420494109392166,0.0008077670515300392,4.9681976437568665,0.32310682061201573,COMPLETE
76,6.1025,2025-06-12 21:33:12.911061,2025-06-12 21:33:16.516462,0 days 00:00:03.605401,13,0.5395176058502917,0.10218730097203214,0.9780145574144657,0.002160345758535253,474,766792,6.1025,1.5671530716557325,0.539,0.15141499265264322,470.0,4,5.4,"[0.548, -0.007999999999999993]",766792,"[5.48, -0.07999999999999993]",0.006765131240195416,3.1796116828918457,6.27,"[0.534, 0.093]",767792,"[5.34, 0.9299999999999999]",0.006858090136913543,3.2233023643493652,8.509999999999998,"[0.751, 0.10000000000000002]",768792,"[7.51, 1.0000000000000002]",0.007009960235433376,3.2946813106536865,4.23,"[0.32300000000000006, 0.10000000000000002]",769792,"[3.2300000000000004, 1.0000000000000002]",0.00707352212134828,3.3245553970336914,NashSolutionConcept,5.39,1.514149926526432,0.006926675933472654,0.00012175875457474604,3.255537688732147,0.05722661465013052,COMPLETE
77,5.704999999999999,2025-06-12 21:33:16.531663,2025-06-12 21:33:23.021206,0 days 00:00:06.489543,31,0.6251702954708208,0.11929032461619027,0.9691108485167671,0.006840924618260468,448,776796,5.704999999999999,3.357450669779081,0.713,0.3062825492906836,440.0,4,7.819999999999999,"[0.952, -0.1700000000000001]",776796,"[9.52, -1.700000000000001]",0.01410169926556674,6.204747676849365,0.33999999999999864,"[0.2099999999999999, -0.1760000000000001]",777796,"[2.099999999999999, -1.7600000000000011]",0.01355226148258556,5.9629950523376465,9.139999999999999,"[0.968, -0.05400000000000009]",778796,"[9.68, -0.5400000000000009]",0.013130857185883955,5.77757716178894,5.52,"[0.722, -0.17000000000000007]",779796,"[7.22, -1.7000000000000006]",0.013375094803896818,5.8850417137146,NashSolutionConcept,7.129999999999999,3.0628254929068355,0.013539978184483267,0.00035715821880308475,5.957590401172638,0.15714961627335725,COMPLETE
78,6.3999999999999995,2025-06-12 21:33:23.037354,2025-06-12 21:33:27.089903,0 days 00:00:04.052549,17,0.5177073188939987,0.08945977756220773,0.984548406645875,0.009303616357396051,431,786803,6.3999999999999995,1.781824907222929,0.6615,0.22737688976674833,430.0,4,8.09,"[0.75, 0.05899999999999998]",786803,"[7.5, 0.5899999999999999]",0.008338528455689897,3.5855672359466553,8.27,"[0.9870000000000001, -0.15999999999999998]",787803,"[9.870000000000001, -1.5999999999999996]",0.00872885127400243,3.753406047821045,4.6899999999999995,"[0.5149999999999999, -0.046000000000000006]",788803,"[5.149999999999999, -0.4600000000000001]",0.008985637509545615,3.8638241291046143,4.55,"[0.394, 0.060999999999999985]",789803,"[3.9400000000000004, 0.6099999999999999]",0.008795310175696085,3.7819833755493164,NashSolutionConcept,6.615,2.2737688976674835,0.008712081853733507,0.00023536302016756092,3.7461951971054077,0.10120609867205126,COMPLETE
79,4.805,2025-06-12 21:33:27.104594,2025-06-12 21:33:29.740120,0 days 00:00:02.635526,14,0.6021838128458694,0.09615544713158744,0.975581878869314,0.014522157689366443,289,796807,4.805,3.44919193435216,0.44625000000000004,0.16106578624897344,280.0,4,10.669999999999998,"[0.652, 0.41500000000000004]",796807,"[6.5200000000000005, 4.15]",0.007171102932521275,2.007908821105957,3.7300000000000004,"[0.503, -0.12999999999999995]",797807,"[5.03, -1.2999999999999994]",0.008126734835760934,2.2754857540130615,1.8800000000000006,"[0.20600000000000004, -0.017999999999999995]",798807,"[2.0600000000000005, -0.17999999999999994]",0.007946269001279559,2.2249553203582764,2.94,"[0.42400000000000004, -0.12999999999999995]",799807,"[4.24, -1.2999999999999994]",0.00801991479737418,2.2455761432647705,NashSolutionConcept,4.4625,1.6106578624897343,0.007816005391733986,0.0003778225850065999,2.1884815096855164,0.10579032380184793,COMPLETE
80,5.457499999999998,2025-06-12 21:33:29.753882,2025-06-12 21:33:38.058616,0 days 00:00:08.304734,39,0.5588746902976326,0.06640120665685179,0.9635090914654761,0.004380541040329541,460,806809,5.457499999999998,2.9366935063094344,0.6947499999999999,0.14575042881583578,460.0,4,1.6899999999999984,"[0.5489999999999998, -0.3800000000000002]",806809,"[5.489999999999998, -3.8000000000000025]",0.017624223750570545,8.107142925262451,5.969999999999997,"[0.8400000000000001, -0.2430000000000002]",807809,"[8.4, -2.430000000000002]",0.0166311528371728,7.650330305099487,9.799999999999999,"[0.841, 0.13899999999999993]",808809,"[8.41, 1.3899999999999992]",0.01459882518519526,6.715459585189819,4.369999999999998,"[0.549, -0.11200000000000013]",809809,"[5.49, -1.1200000000000012]",0.016711293614428975,7.687195062637329,NashSolutionConcept,6.9475,1.4575042881583578,0.016391373846841896,0.0011060054488328669,7.540031969547272,0.5087625064631189,COMPLETE
81,6.4025,2025-06-12 21:33:38.419804,2025-06-12 21:33:40.928550,0 days 00:00:02.508746,11,0.6183494405421871,0.10991744684920553,0.9887497161775249,0.027123672582933637,379,816818,6.4025,0.930574419377623,0.5780000000000001,0.048181946826586435,370.0,4,5.51,"[0.544, 0.0070000000000000045]",816818,"[5.44, 0.07000000000000005]",0.006001362929473052,2.2205042839050293,5.579999999999999,"[0.5490000000000002, 0.009000000000000018]",817818,"[5.490000000000002, 0.09000000000000019]",0.005823735933046083,2.154782295227051,6.75,"[0.558, 0.11699999999999997]",818818,"[5.58, 1.1699999999999997]",0.005494561066498627,2.032987594604492,7.77,"[0.6610000000000001, 0.11599999999999992]",819818,"[6.610000000000001, 1.1599999999999993]",0.005907621254792084,2.1858198642730713,NashSolutionConcept,5.780000000000001,0.4818194682658642,0.005806820295952462,0.00019091859175935405,2.148523509502411,0.07063987895096098,COMPLETE
82,7.850000000000001,2025-06-12 21:33:40.943236,2025-06-12 21:33:43.397987,0 days 00:00:02.454751,10,0.502873526075894,0.10172691583353322,0.992870447309524,0.042631569538019325,366,826821,7.850000000000001,0.774499838605535,0.6612499999999999,0.07391676061624994,360.0,4,7.8500000000000005,"[0.767, 0.018000000000000013]",826821,"[7.67, 0.18000000000000013]",0.005682377682791816,2.0456559658050537,8.93,"[0.658, 0.23500000000000001]",827821,"[6.58, 2.35]",0.005475137631098429,1.9710495471954346,6.74,"[0.6619999999999999, 0.012000000000000016]",828821,"[6.619999999999999, 0.12000000000000016]",0.005862116151385837,2.1103618144989014,7.880000000000001,"[0.558, 0.22999999999999998]",829821,"[5.58, 2.3]",0.005716111262639364,2.057800054550171,NashSolutionConcept,6.612499999999999,0.7391676061624995,0.005683935681978862,0.00013818701194564641,2.04621684551239,0.04974732430043275,COMPLETE
83,3.8125,2025-06-12 21:33:43.412637,2025-06-12 21:33:46.116806,0 days 00:00:02.704169,12,0.5035755841467155,0.09765454196647999,0.9923615773080107,0.005314545353636654,360,836823,3.8125,1.6262437547920054,0.32975000000000004,0.23264068324349463,360.0,4,4.32,"[0.33100000000000007, 0.10100000000000006]",836823,"[3.3100000000000005, 1.0100000000000007]",0.00690011117193434,2.4840400218963623,1.1200000000000003,"[0.001000000000000012, 0.11100000000000003]",837823,"[0.01000000000000012, 1.1100000000000003]",0.007014926274617513,2.5253734588623047,5.49,"[0.659, -0.10999999999999999]",838823,"[6.59, -1.0999999999999999]",0.0068596601486206055,2.469477653503418,4.320000000000001,"[0.32800000000000007, 0.10400000000000005]",839823,"[3.2800000000000007, 1.0400000000000005]",0.006852246655358209,2.466808795928955,NashSolutionConcept,3.2975000000000003,2.3264068324349463,0.0069067360626326665,6.506582884141931e-05,2.48642498254776,0.02342369838291097,COMPLETE
84,5.825,2025-06-12 21:33:46.131972,2025-06-12 21:33:49.111820,0 days 00:00:02.979848,13,0.5365984764365553,0.10277780603272177,0.9808625002107613,0.02078245563582576,392,846826,5.825,1.9512624118759625,0.5665,0.16334090118522063,390.0,4,3.0500000000000007,"[0.31899999999999995, -0.013999999999999985]",846826,"[3.1899999999999995, -0.13999999999999985]",0.007129527972294734,2.7805159091949463,8.45,"[0.638, 0.20700000000000002]",847826,"[6.38, 2.0700000000000003]",0.006957145837637095,2.713286876678467,5.339999999999999,"[0.5429999999999999, -0.008999999999999984]",848826,"[5.43, -0.08999999999999983]",0.006774375377557216,2.6420063972473145,6.46,"[0.766, -0.11999999999999997]",849826,"[7.66, -1.1999999999999997]",0.006829117505978316,2.663355827331543,NashSolutionConcept,5.665,1.6334090118522062,0.0069225416733668405,0.00013667671930041187,2.6997912526130676,0.053303920527160584,COMPLETE
85,6.9175,2025-06-12 21:33:49.126538,2025-06-12 21:33:52.882254,0 days 00:00:03.755716,16,0.5009338782593997,0.08341962683487913,0.984776485489415,0.006930918414517506,406,856829,6.9175,2.4294173684239606,0.617,0.12526970902816056,400.0,4,7.1899999999999995,"[0.6459999999999999, 0.07299999999999998]",856829,"[6.459999999999999, 0.7299999999999998]",0.008442741632461549,3.377096652984619,10.55,"[0.7590000000000001, 0.29599999999999993]",857829,"[7.590000000000002, 2.959999999999999]",0.007720825672149659,3.0883302688598633,6.13,"[0.648, -0.034999999999999996]",858829,"[6.48, -0.35]",0.007906481027603149,3.1625924110412598,3.8,"[0.4149999999999999, -0.034999999999999996]",859829,"[4.1499999999999995, -0.35]",0.008478293418884278,3.391317367553711,NashSolutionConcept,6.17,1.2526970902816057,0.008137085437774659,0.0003302647355501726,3.2548341751098633,0.132105894220069,COMPLETE
86,5.602499999999999,2025-06-12 21:33:53.330930,2025-06-12 21:33:58.888623,0 days 00:00:05.557693,34,0.5478776975716902,0.11385100242018213,0.9947523640254581,0.0029555919414739427,341,866833,5.602499999999999,3.424853099039433,0.521,0.15077964053545162,340.0,4,3.7299999999999986,"[0.46099999999999997, -0.08800000000000012]",866833,"[4.609999999999999, -0.8800000000000012]",0.015309108706081615,5.205096960067749,10.08,"[0.5880000000000001, 0.41999999999999993]",867833,"[5.880000000000001, 4.199999999999999]",0.013246295031379252,4.503740310668945,7.460000000000001,"[0.721, 0.024999999999999904]",868833,"[7.21, 0.24999999999999906]",0.014625190286075368,4.972564697265625,1.1399999999999988,"[0.31399999999999995, -0.2000000000000001]",869833,"[3.1399999999999997, -2.000000000000001]",0.014839376421535716,5.0453879833221436,NashSolutionConcept,5.21,1.507796405354516,0.014504992611267987,0.0007676558970584321,4.931697487831116,0.261003004999867,COMPLETE
87,5.875000000000001,2025-06-12 21:33:58.902399,2025-06-12 21:34:00.861540,0 days 00:00:01.959141,10,0.5237382119168565,0.15172753385166612,0.9724476439273759,0.013173488788987501,311,876838,5.875000000000001,2.672943134449366,0.524,0.24500204080782675,310.0,4,7.78,"[0.766, 0.012000000000000005]",876838,"[7.66, 0.12000000000000005]",0.005498393120304231,1.7045018672943115,1.3100000000000003,"[0.12, 0.011000000000000015]",877838,"[1.2, 0.11000000000000015]",0.005746154631337812,1.7813079357147217,6.670000000000001,"[0.554, 0.11300000000000002]",878838,"[5.540000000000001, 1.1300000000000001]",0.00553200860177317,1.7149226665496826,7.740000000000001,"[0.656, 0.11799999999999997]",879838,"[6.5600000000000005, 1.1799999999999997]",0.005484243362180648,1.700115442276001,NashSolutionConcept,5.24,2.4500204080782675,0.0055651999288989645,0.00010590489117662819,1.7252119779586792,0.03283051626475476,COMPLETE
88,6.6325,2025-06-12 21:34:00.876819,2025-06-12 21:34:04.132974,0 days 00:00:03.256155,11,0.5788738514994972,0.14437237131043273,0.990996957838992,0.008883160337240582,475,886840,6.6325,1.8904414167066907,0.6035,0.22608681960698201,470.0,4,7.769999999999999,"[0.7670000000000001, 0.01000000000000002]",886840,"[7.670000000000002, 0.1000000000000002]",0.00615977277147009,2.8950932025909424,3.3599999999999994,"[0.221, 0.11499999999999995]",887840,"[2.21, 1.1499999999999995]",0.005982418263212164,2.811736583709717,7.62,"[0.6519999999999999, 0.10999999999999992]",888840,"[6.52, 1.0999999999999992]",0.006277336465551498,2.950348138809204,7.779999999999999,"[0.774, 0.004000000000000002]",889840,"[7.74, 0.04000000000000002]",0.0061358177915532535,2.8838343620300293,NashSolutionConcept,6.035,2.26086819606982,0.006138836322946751,0.0001049956491017749,2.885253071784973,0.049347955077834245,COMPLETE
89,5.4175,2025-06-12 21:34:04.146887,2025-06-12 21:34:06.364287,0 days 00:00:02.217400,14,0.5294118776033877,0.05297980956193426,0.952216058507046,0.04564265821736365,244,896844,5.4175,3.2793091879235785,0.50825,0.25594274262029776,240.0,4,0.6200000000000003,"[0.08500000000000002, -0.023]",896844,"[0.8500000000000002, -0.22999999999999998]",0.008370863397916158,2.009007215499878,8.47,"[0.76, 0.08700000000000005]",897844,"[7.6, 0.8700000000000006]",0.007935382922490438,1.904491901397705,8.43,"[0.643, 0.20000000000000004]",898844,"[6.43, 2.0000000000000004]",0.008012340466181437,1.922961711883545,4.15,"[0.545, -0.12999999999999995]",899844,"[5.45, -1.2999999999999994]",0.008289161324501037,1.989398717880249,NashSolutionConcept,5.0825,2.5594274262029777,0.008151937027772267,0.00018244324026905003,1.9564648866653442,0.04378637766457206,COMPLETE
90,8.065,2025-06-12 21:34:06.380057,2025-06-12 21:34:09.161551,0 days 00:00:02.781494,15,0.7922027697969093,0.09032514122745647,0.9777112415633498,0.023364807446495783,351,906846,8.065,2.192732313803945,0.66925,0.09827353407708513,350.0,4,6.1899999999999995,"[0.7590000000000001, -0.13999999999999996]",906846,"[7.590000000000002, -1.3999999999999995]",0.007194130080086844,2.5179455280303955,8.47,"[0.76, 0.08700000000000002]",907846,"[7.6, 0.8700000000000002]",0.007283028875078474,2.549060106277466,11.49,"[0.634, 0.515]",908846,"[6.34, 5.15]",0.007371634755815778,2.5800721645355225,6.109999999999999,"[0.5239999999999999, 0.08700000000000005]",909846,"[5.239999999999999, 0.8700000000000006]",0.007416816438947405,2.595885753631592,NashSolutionConcept,6.6925,0.9827353407708511,0.007316402537482126,8.543697198702816e-05,2.560740888118744,0.02990294019545987,COMPLETE
91,4.1675,2025-06-12 21:34:09.562833,2025-06-12 21:34:11.337379,0 days 00:00:01.774546,15,0.753934782367654,0.09384554630134176,0.9770532039936758,0.0243772144073925,180,916849,4.1675,1.687503703699639,0.47674999999999995,0.1200778393376563,180.0,4,2.8500000000000005,"[0.425, -0.13999999999999996]",916849,"[4.25, -1.3999999999999995]",0.00866338676876492,1.5594096183776855,2.8600000000000003,"[0.31199999999999994, -0.02599999999999999]",917849,"[3.119999999999999, -0.2599999999999999]",0.008778938982221816,1.5802090167999268,6.9799999999999995,"[0.6319999999999999, 0.066]",918849,"[6.3199999999999985, 0.66]",0.008700248930189345,1.566044807434082,3.98,"[0.538, -0.13999999999999996]",919849,"[5.380000000000001, -1.3999999999999995]",0.00873031218846639,1.5714561939239502,NashSolutionConcept,4.7675,1.2007783933765628,0.008718221717410619,4.2316245137007115e-05,1.5692799091339111,0.007616924124661251,COMPLETE
92,5.5275,2025-06-12 21:34:11.352095,2025-06-12 21:34:13.847616,0 days 00:00:02.495521,13,0.7846559359554034,0.09160806345669575,0.9831364105680637,0.031139206051953854,330,926851,5.5275,2.851222325600022,0.5095000000000001,0.20785632056783845,330.0,4,6.359999999999999,"[0.648, -0.011999999999999985]",926851,"[6.48, -0.11999999999999984]",0.006893759062795928,2.2749404907226562,4.18,"[0.42700000000000005, -0.008999999999999984]",927851,"[4.2700000000000005, -0.08999999999999983]",0.0064840352896488075,2.1397316455841064,9.65,"[0.7510000000000001, 0.21400000000000005]",928851,"[7.510000000000002, 2.1400000000000006]",0.006305265426635742,2.080737590789795,1.9200000000000015,"[0.21199999999999997, -0.01999999999999999]",929851,"[2.1199999999999997, -0.1999999999999999]",0.007004616477272727,2.3115234375,NashSolutionConcept,5.095000000000001,2.0785632056783845,0.006671919064088301,0.00028706957184671797,2.2017332911491394,0.0947329587094169,COMPLETE
93,8.5075,2025-06-12 21:34:13.863970,2025-06-12 21:34:17.553301,0 days 00:00:03.689331,20,0.7857923657574009,0.0786931844543114,0.9797366297114289,0.017464308042146447,368,936853,8.5075,3.0981557013810654,0.63025,0.2506106292638044,360.0,4,10.219999999999999,"[0.741, 0.281]",936853,"[7.41, 2.8100000000000005]",0.008009768194622464,2.883516550064087,12.73,"[0.9890000000000001, 0.28400000000000003]",937853,"[9.89, 2.8400000000000003]",0.00851748718155755,3.0662953853607178,5.4399999999999995,"[0.391, 0.15299999999999997]",938853,"[3.91, 1.5299999999999998]",0.009687450859281752,3.4874823093414307,5.639999999999999,"[0.39999999999999997, 0.164]",939853,"[3.9999999999999996, 1.6400000000000001]",0.009417330556445652,3.3902390003204346,NashSolutionConcept,6.3025,2.506106292638044,0.008908009197976855,0.0006756999879727578,3.2068833112716675,0.24325199567019293,COMPLETE
94,6.994999999999999,2025-06-12 21:34:17.568020,2025-06-12 21:34:21.612262,0 days 00:00:04.044242,20,0.8239243946120208,0.07101501181751203,0.9793356673712775,0.010210706963004907,352,946857,6.994999999999999,0.46826808560908734,0.717,0.0930134398890827,350.0,4,6.8,"[0.6369999999999998, 0.04299999999999995]",946857,"[6.369999999999997, 0.4299999999999995]",0.008589334487915039,3.0062670707702637,6.739999999999999,"[0.626, 0.04799999999999997]",947857,"[6.26, 0.47999999999999976]",0.009499502182006837,3.3248257637023926,6.639999999999999,"[0.8539999999999999, -0.19]",948857,"[8.54, -1.9]",0.009258970533098492,3.2406396865844727,7.799999999999998,"[0.751, 0.02899999999999996]",949857,"[7.51, 0.2899999999999996]",0.008883023943219865,3.109058380126953,NashSolutionConcept,7.169999999999998,0.9301343988908272,0.009057707786560058,0.0003484167666029062,3.1701977252960205,0.12194586831101707,COMPLETE
95,4.757499999999999,2025-06-12 21:34:21.627143,2025-06-12 21:34:25.987445,0 days 00:00:04.360302,19,0.8001064852296416,0.07928105720926158,0.9747685674951521,0.01712102672589511,440,956861,4.757499999999999,1.5546603326772057,0.51225,0.08769656492702556,440.0,4,6.739999999999999,"[0.516, 0.158]",956861,"[5.16, 1.58]",0.008911671421744607,3.921135425567627,5.81,"[0.643, -0.06200000000000002]",957861,"[6.43, -0.6200000000000002]",0.009049469774419611,3.981766700744629,3.1299999999999994,"[0.493, -0.18]",958861,"[4.93, -1.7999999999999998]",0.009466037425127896,4.165056467056274,3.349999999999999,"[0.39699999999999985, -0.061999999999999986]",959861,"[3.9699999999999984, -0.6199999999999999]",0.009369385784322564,4.122529745101929,NashSolutionConcept,5.1225,0.8769656492702556,0.00919914110140367,0.00022652661130875726,4.047622084617615,0.09967170897585334,COMPLETE
96,5.225,2025-06-12 21:34:26.403885,2025-06-12 21:34:30.032526,0 days 00:00:03.628641,17,0.7324113286284122,0.07332196591562115,0.9700993721858248,0.01937575211442695,417,966866,5.225,2.969718000080142,0.5195000000000001,0.15594951106047117,410.0,4,2.5400000000000005,"[0.30099999999999993, -0.04700000000000001]",966866,"[3.0099999999999993, -0.4700000000000001]",0.007871977875872356,3.227510929107666,10.209999999999999,"[0.7420000000000001, 0.27899999999999997]",967866,"[7.420000000000001, 2.7899999999999996]",0.008390505720929402,3.4401073455810547,3.54,"[0.514, -0.15999999999999998]",968866,"[5.140000000000001, -1.5999999999999996]",0.008302345508482398,3.403961658477783,4.609999999999999,"[0.5209999999999999, -0.06000000000000002]",969866,"[5.209999999999999, -0.6000000000000002]",0.00811295451187506,3.3263113498687744,NashSolutionConcept,5.195,1.5594951106047117,0.008169445904289804,0.00019887700512804464,3.3494728207588196,0.08153957210249824,COMPLETE
97,7.7575,2025-06-12 21:34:30.047115,2025-06-12 21:34:34.493995,0 days 00:00:04.446880,18,0.7736597104266797,0.012793193898416627,0.9205359575165498,0.01126131353969534,488,976870,7.7575,2.7620497370612282,0.72125,0.15080015749328643,480.0,4,5.700000000000001,"[0.521, 0.048999999999999974]",976870,"[5.21, 0.48999999999999977]",0.008850615719954174,4.248295545578003,4.6,"[0.63, -0.16999999999999998]",977870,"[6.3, -1.6999999999999997]",0.008767458796501159,4.208380222320557,11.530000000000001,"[0.8720000000000001, 0.281]",978870,"[8.72, 2.8100000000000005]",0.007310105860233307,3.5088508129119873,9.2,"[0.8619999999999999, 0.05799999999999996]",979870,"[8.62, 0.5799999999999996]",0.007911832133928935,3.7976794242858887,NashSolutionConcept,7.2125,1.5080015749328646,0.008210003127654394,0.0006363690653924035,3.940801501274109,0.3054571513883537,COMPLETE
98,3.0599999999999996,2025-06-12 21:34:34.507431,2025-06-12 21:34:38.480945,0 days 00:00:03.973514,23,0.8095440842828547,0.10701754781315709,0.9871737519322351,0.01487866994700109,350,986874,3.0599999999999996,1.7550641013934514,0.49574999999999997,0.14624358960310027,350.0,4,0.3999999999999988,"[0.25999999999999995, -0.22000000000000003]",986874,"[2.5999999999999996, -2.2]",0.010828757286071777,3.790065050125122,2.679999999999999,"[0.4879999999999999, -0.22000000000000003]",987874,"[4.879999999999999, -2.2]",0.010096767289297922,3.5338685512542725,4.09,"[0.6290000000000001, -0.22000000000000003]",988874,"[6.290000000000001, -2.2]",0.01030390671321324,3.606367349624634,5.07,"[0.6060000000000001, -0.09900000000000006]",989874,"[6.0600000000000005, -0.9900000000000007]",0.010605948311941964,3.7120819091796875,NashSolutionConcept,4.9575,1.4624358960310027,0.010458844900131225,0.0002799913503444245,3.660595715045929,0.09799697262054874,COMPLETE
99,5.8675,2025-06-12 21:34:38.496033,2025-06-12 21:34:41.573224,0 days 00:00:03.077191,15,0.7419907156737638,0.09019885102997427,0.9736261161939462,0.03705215364660283,379,996878,5.8675,1.8517204837663808,0.6164999999999999,0.18300068305883452,370.0,4,7.2299999999999995,"[0.7489999999999999, -0.026000000000000002]",996878,"[7.489999999999998, -0.26]",0.007375053457311682,2.7287697792053223,2.74,"[0.30999999999999994, -0.036]",997878,"[3.0999999999999996, -0.36]",0.007760827605788772,2.8715062141418457,6.24,"[0.764, -0.13999999999999996]",998878,"[7.640000000000001, -1.3999999999999995]",0.0076698612522434545,2.837848663330078,7.26,"[0.643, 0.08299999999999999]",999878,"[6.43, 0.8299999999999998]",0.007611112336854677,2.8161115646362305,NashSolutionConcept,6.164999999999999,1.830006830588345,0.007604213663049646,0.0001426530096259693,2.813559055328369,0.05278161356160866,COMPLETE
100,8.585,2025-06-12 21:34:41.587196,2025-06-12 21:34:45.063468,0 days 00:00:03.476272,16,0.7645193518632108,0.17163159758345717,0.9810142136670826,0.005711927467374263,429,1006881,8.585,0.4100304866714177,0.754,0.11073165762328316,420.0,4,8.27,"[0.6379999999999999, 0.189]",1006881,"[6.379999999999999, 1.8900000000000001]",0.007518721762157622,3.157863140106201,8.4,"[0.649, 0.19100000000000006]",1007881,"[6.49, 1.9100000000000006]",0.007168552989051455,3.0107922554016113,8.38,"[0.8729999999999999, -0.034999999999999996]",1008881,"[8.729999999999999, -0.35]",0.0074085269655500136,3.111581325531006,9.29,"[0.8560000000000001, 0.073]",1009881,"[8.56, 0.73]",0.007462263674963088,3.134150743484497,NashSolutionConcept,7.539999999999999,1.1073165762328314,0.007389516347930545,0.00013339080010009433,3.103596866130829,0.0560241360420396,COMPLETE
101,5.1499999999999995,2025-06-12 21:34:45.568521,2025-06-12 21:34:49.316615,0 days 00:00:03.748094,16,0.8426825638311333,0.17313384113713923,0.9819435095842407,0.005866133729809596,456,1016885,5.1499999999999995,2.1136579666540185,0.5545,0.09075378779973865,450.0,4,3.85,"[0.5349999999999999, -0.14999999999999997]",1016885,"[5.35, -1.4999999999999996]",0.0071461656358506945,3.2157745361328125,5.91,"[0.631, -0.040000000000000015]",1017885,"[6.3100000000000005, -0.40000000000000013]",0.007735983000861274,3.4811923503875732,2.6399999999999997,"[0.41400000000000003, -0.14999999999999997]",1018885,"[4.140000000000001, -1.4999999999999996]",0.00789771768781874,3.5539729595184326,8.2,"[0.6379999999999999, 0.182]",1019885,"[6.379999999999999, 1.8199999999999998]",0.007652640872531467,3.44368839263916,NashSolutionConcept,5.545,0.9075378779973866,0.007608126799265544,0.00028089130915793863,3.4236570596694946,0.1264010891210723,COMPLETE
102,6.3100000000000005,2025-06-12 21:34:49.330837,2025-06-12 21:34:52.410928,0 days 00:00:03.080091,14,0.7625074496117946,0.15898566828925753,0.9770132710216476,0.007491692207025972,429,1026889,6.3100000000000005,2.75581204003466,0.6497499999999999,0.11281483723340648,420.0,4,4.040000000000001,"[0.534, -0.12999999999999995]",1026889,"[5.34, -1.2999999999999994]",0.006855961822328113,2.8795039653778076,4.1000000000000005,"[0.5399999999999999, -0.12999999999999995]",1027889,"[5.3999999999999995, -1.2999999999999994]",0.006418374038877941,2.6957170963287354,10.819999999999999,"[0.7669999999999999, 0.31500000000000006]",1028889,"[7.669999999999999, 3.1500000000000004]",0.006301661900111607,2.646697998046875,6.280000000000001,"[0.758, -0.12999999999999995]",1029889,"[7.58, -1.2999999999999994]",0.006441638583228702,2.7054882049560547,NashSolutionConcept,6.497499999999999,1.1281483723340648,0.00650440908613659,0.0002097843614029077,2.731851816177368,0.08810943178922119,COMPLETE
103,4.0975,2025-06-12 21:34:52.426362,2025-06-12 21:34:56.315194,0 days 00:00:03.888832,18,0.7208183856436196,0.19043506417194056,0.9792425399864261,0.012266004283187824,401,1036892,4.0975,1.8978194724472615,0.49275,0.18817860531952083,400.0,4,3.52,"[0.522, -0.16999999999999998]",1036892,"[5.220000000000001, -1.6999999999999997]",0.008399423360824585,3.359769344329834,5.75,"[0.631, -0.05600000000000001]",1037892,"[6.3100000000000005, -0.56]",0.008203590512275696,3.2814362049102783,5.880000000000001,"[0.641, -0.05300000000000001]",1038892,"[6.41, -0.5300000000000001]",0.00887476146221161,3.5499045848846436,1.2399999999999993,"[0.17700000000000005, -0.053000000000000026]",1039892,"[1.7700000000000005, -0.5300000000000002]",0.008789169192314148,3.515667676925659,NashSolutionConcept,4.9275,1.8817860531952084,0.00856673613190651,0.00027578269293777034,3.4266944527626038,0.11031307717510809,COMPLETE
104,7.329999999999999,2025-06-12 21:34:56.331047,2025-06-12 21:35:00.024984,0 days 00:00:03.693937,16,0.7909190417192434,0.17895096373123273,0.971200880988751,0.004033161718278709,451,1046896,7.329999999999999,2.2199887387101755,0.745,0.08262868751226776,450.0,4,4.67,"[0.617, -0.14999999999999997]",1046896,"[6.17, -1.4999999999999996]",0.007782669597201877,3.5022013187408447,8.009999999999998,"[0.8479999999999999, -0.047]",1047896,"[8.479999999999999, -0.47]",0.007610315746731228,3.4246420860290527,6.0600000000000005,"[0.756, -0.14999999999999997]",1048896,"[7.5600000000000005, -1.4999999999999996]",0.007373451656765408,3.3180532455444336,10.579999999999998,"[0.759, 0.29900000000000004]",1049896,"[7.59, 2.99]",0.0072436375088161895,3.259636878967285,NashSolutionConcept,7.45,0.8262868751226776,0.0075025186273786765,0.00020843614207056256,3.376133382320404,0.0937962639317532,COMPLETE
105,8.192499999999999,2025-06-12 21:35:00.040512,2025-06-12 21:35:05.897150,0 days 00:00:05.856638,28,0.8087234883809112,0.08856954342564188,0.9676456116509874,0.004951519755383862,465,1056900,8.192499999999999,0.9770203426746045,0.7815000000000001,0.06441467224165624,460.0,4,9.620000000000001,"[0.86, 0.10199999999999995]",1056900,"[8.6, 1.0199999999999996]",0.011570822155993917,5.322578191757202,6.8599999999999985,"[0.8300000000000001, -0.14400000000000004]",1057900,"[8.3, -1.4400000000000004]",0.012182265779246455,5.603842258453369,8.129999999999999,"[0.7150000000000001, 0.09799999999999995]",1058900,"[7.15, 0.9799999999999995]",0.011584551956342615,5.3288938999176025,8.16,"[0.721, 0.09499999999999995]",1059900,"[7.21, 0.9499999999999995]",0.012211777334627898,5.617417573928833,NashSolutionConcept,7.8149999999999995,0.6441467224165625,0.01188735430655272,0.0003098810027663843,5.468182981014252,0.14254526127253667,COMPLETE
106,5.909999999999999,2025-06-12 21:35:06.357964,2025-06-12 21:35:11.650980,0 days 00:00:05.293016,24,0.8459251294764071,0.08560477292935596,0.9674173357684048,0.003533881166947446,478,1066906,5.909999999999999,0.5247856705360774,0.73175,0.0882762000768044,470.0,4,6.289999999999999,"[0.859, -0.23000000000000004]",1066906,"[8.59, -2.3000000000000003]",0.010875052594124003,5.111274719238281,6.329999999999999,"[0.748, -0.11500000000000006]",1067906,"[7.48, -1.1500000000000006]",0.010835463949974547,5.092668056488037,5.99,"[0.707, -0.10800000000000007]",1068906,"[7.069999999999999, -1.0800000000000007]",0.010302766333235071,4.842300176620483,5.0299999999999985,"[0.613, -0.11000000000000006]",1069906,"[6.13, -1.1000000000000005]",0.010531979926089024,4.950030565261841,NashSolutionConcept,7.3175,0.882762000768044,0.01063631570085566,0.00023387842133830322,4.999068379402161,0.10992285802900251,COMPLETE
107,6.234999999999999,2025-06-12 21:35:11.666910,2025-06-12 21:35:16.466864,0 days 00:00:04.799954,21,0.814241965112387,0.17031593633857825,0.9454433872327802,0.004886496570277298,467,1076911,6.234999999999999,0.9332068366659128,0.71,0.09985990186255944,460.0,4,5.3999999999999995,"[0.628, -0.08800000000000004]",1076911,"[6.28, -0.8800000000000003]",0.009405066656029743,4.326330661773682,7.719999999999999,"[0.8560000000000001, -0.08400000000000005]",1077911,"[8.56, -0.8400000000000005]",0.009422043095464292,4.334139823913574,6.339999999999999,"[0.6080000000000001, 0.025999999999999968]",1078911,"[6.080000000000001, 0.2599999999999997]",0.009143011984617814,4.205785512924194,5.4799999999999995,"[0.748, -0.2]",1079911,"[7.48, -2.0]",0.009469278480695642,4.355868101119995,NashSolutionConcept,7.1000000000000005,0.9985990186255942,0.009359850054201873,0.0001273831272266589,4.305531024932861,0.058596238524262996,COMPLETE
108,5.185,2025-06-12 21:35:16.481013,2025-06-12 21:35:22.793889,0 days 00:00:06.312876,29,0.784433553344996,0.09826422398066977,0.9759527618937208,0.002064187926053955,489,1086916,5.185,2.812298881698032,0.6822499999999999,0.24209747520368738,480.0,4,3.0999999999999988,"[0.59, -0.28000000000000014]",1086916,"[5.8999999999999995, -2.8000000000000016]",0.011956088244915009,5.738922357559204,8.01,"[0.96, -0.15900000000000006]",1087916,"[9.6, -1.5900000000000005]",0.012741742531458537,6.116036415100098,1.729999999999999,"[0.33299999999999985, -0.16000000000000006]",1088916,"[3.3299999999999983, -1.6000000000000005]",0.012155591448148092,5.834683895111084,7.8999999999999995,"[0.8460000000000001, -0.05600000000000007]",1089916,"[8.46, -0.5600000000000007]",0.012323203186194101,5.915137529373169,NashSolutionConcept,6.8225,2.420974752036874,0.012294156352678933,0.00028925221875834736,5.901195049285889,0.13884106500400667,COMPLETE
109,6.282500000000001,2025-06-12 21:35:22.808135,2025-06-12 21:35:25.879030,0 days 00:00:03.070895,12,0.7734088311360133,0.1358698388333055,0.981580165312214,0.05615400102238086,437,1096922,6.282500000000001,2.3540005841120775,0.5222500000000001,0.12164780104876537,430.0,4,3.24,"[0.327, -0.0029999999999999914]",1096922,"[3.27, -0.029999999999999916]",0.006491503050160962,2.791346311569214,5.5200000000000005,"[0.662, -0.10999999999999999]",1097922,"[6.62, -1.0999999999999999]",0.0063169324120809865,2.716280937194824,9.780000000000001,"[0.55, 0.42800000000000005]",1098922,"[5.5, 4.28]",0.006030871701795002,2.5932748317718506,6.59,"[0.55, 0.10900000000000003]",1099922,"[5.5, 1.0900000000000003]",0.0062656413677126864,2.694225788116455,NashSolutionConcept,5.2225,1.2164780104876538,0.006276237132937409,0.00016455393181497388,2.698781967163086,0.07075819068043884,COMPLETE
110,4.222499999999997,2025-06-12 21:35:25.893776,2025-06-12 21:35:35.040225,0 days 00:00:09.146449,49,0.768210021491873,0.1293928317227494,0.9856293755126223,0.006706081257360276,500,1106925,4.222499999999997,2.1827319464377664,0.793,0.19014599653950132,500.0,4,4.979999999999997,"[0.9780000000000001, -0.4800000000000003]",1106925,"[9.780000000000001, -4.800000000000003]",0.01648932456970215,8.244662284851074,0.5699999999999965,"[0.5369999999999998, -0.4800000000000003]",1107925,"[5.369999999999998, -4.800000000000003]",0.01706200647354126,8.53100323677063,4.979999999999997,"[0.683, -0.18500000000000025]",1108925,"[6.83, -1.8500000000000025]",0.01698460531234741,8.492302656173706,6.359999999999998,"[0.9740000000000002, -0.33800000000000024]",1109925,"[9.740000000000002, -3.3800000000000026]",0.017914172649383546,8.957086324691772,NashSolutionConcept,7.93,1.9014599653950133,0.01711252725124359,0.0005123312644349396,8.556263625621796,0.2561656322174698,COMPLETE
111,5.964999999999998,2025-06-12 21:35:35.515609,2025-06-12 21:35:41.366310,0 days 00:00:05.850701,27,0.7976010975253742,0.07902109781499868,0.9785116986970704,0.010788093914063086,462,1116935,5.964999999999998,4.0733063965285,0.57575,0.1846312202743621,460.0,4,4.619999999999999,"[0.597, -0.13500000000000006]",1116935,"[5.97, -1.3500000000000005]",0.012296988653100055,5.656614780426025,12.29,"[0.8610000000000001, 0.368]",1117935,"[8.610000000000001, 3.6799999999999997]",0.010116470896679422,4.653576612472534,1.0099999999999993,"[0.36099999999999993, -0.2600000000000001]",1118935,"[3.6099999999999994, -2.6000000000000014]",0.011942759804103685,5.493669509887695,5.9399999999999995,"[0.484, 0.10999999999999996]",1119935,"[4.84, 1.0999999999999996]",0.011248976251353389,5.174529075622559,NashSolutionConcept,5.7575,1.8463122027436212,0.011401298901309137,0.0008320795082034948,5.244597494602203,0.38275657377360767,COMPLETE
112,5.32,2025-06-12 21:35:41.380240,2025-06-12 21:35:44.620000,0 days 00:00:03.239760,13,0.7441411289091576,0.08723540371107068,0.9731014738840617,0.005682680386414592,445,1126941,5.32,4.032846389338428,0.48525,0.28372907411825105,440.0,4,3.1400000000000006,"[0.323, -0.008999999999999984]",1126941,"[3.23, -0.08999999999999983]",0.0068990057164972475,3.035562515258789,-0.17999999999999988,"[0.10200000000000006, -0.11999999999999997]",1127941,"[1.0200000000000007, -1.1999999999999997]",0.006938575072722002,3.0529730319976807,9.69,"[0.7550000000000001, 0.21400000000000005]",1128941,"[7.550000000000001, 2.1400000000000006]",0.006610824303193526,2.9087626934051514,8.63,"[0.7609999999999999, 0.10200000000000001]",1129941,"[7.609999999999999, 1.02]",0.006692865219983188,2.9448606967926025,NashSolutionConcept,4.8525,2.8372907411825103,0.0067853175780989905,0.00013730276215265127,2.985539734363556,0.06041321534716664,COMPLETE
113,7.225,2025-06-12 21:35:44.635883,2025-06-12 21:35:48.218681,0 days 00:00:03.582798,15,0.6856544765015493,0.19919426867148693,0.983722806178485,0.008795718559047138,416,1136944,7.225,1.3773253065271107,0.7232500000000002,0.15137928358926792,410.0,4,5.03,"[0.529, -0.026000000000000002]",1136944,"[5.29, -0.26]",0.007496881484985352,3.073721408843994,8.32,"[0.8680000000000001, -0.03599999999999999]",1137944,"[8.680000000000001, -0.3599999999999999]",0.007445169658195682,3.0525195598602295,8.469999999999999,"[0.874, -0.026999999999999996]",1138944,"[8.74, -0.26999999999999996]",0.006939936847221561,2.84537410736084,7.08,"[0.6220000000000001, 0.08600000000000005]",1139944,"[6.220000000000001, 0.8600000000000005]",0.008185341881542671,3.355990171432495,NashSolutionConcept,7.2325,1.5137928358926795,0.007516832467986317,0.00044307081637724884,3.0819013118743896,0.1816590347146721,COMPLETE
114,6.15,2025-06-12 21:35:48.234786,2025-06-12 21:35:52.352652,0 days 00:00:04.117866,17,0.8351454941741836,0.16377904906924545,0.9805550823045732,0.0044215273317944415,426,1146948,6.15,1.9968725547715853,0.6385000000000001,0.16441487159013324,420.0,4,4.800000000000001,"[0.6399999999999999, -0.15999999999999998]",1146948,"[6.399999999999999, -1.5999999999999996]",0.008829674266633534,3.708463191986084,7.999999999999999,"[0.641, 0.15899999999999997]",1147948,"[6.41, 1.5899999999999999]",0.008464145092737107,3.554940938949585,3.6000000000000005,"[0.404, -0.04400000000000002]",1148948,"[4.04, -0.44000000000000017]",0.008411706629253569,3.532916784286499,8.2,"[0.869, -0.049]",1149948,"[8.69, -0.49]",0.008205796423412504,3.446434497833252,NashSolutionConcept,6.385,1.6441487159013322,0.00847783060300918,0.00022492011448405611,3.560688853263855,0.09446644808330343,COMPLETE
115,6.75,2025-06-12 21:35:52.367830,2025-06-12 21:35:56.383869,0 days 00:00:04.016039,19,0.5669558488850089,0.10524286424834421,0.9758552370038595,0.0247545834052088,390,1156952,6.75,2.3883781107688966,0.6815,0.12461239906205167,390.0,4,8.059999999999999,"[0.751, 0.05499999999999998]",1156952,"[7.51, 0.5499999999999998]",0.009152927154149764,3.569641590118408,4.339999999999999,"[0.502, -0.06799999999999999]",1157952,"[5.02, -0.6799999999999999]",0.009740046354440542,3.7986180782318115,10.010000000000002,"[0.8340000000000002, 0.16699999999999995]",1158952,"[8.340000000000002, 1.6699999999999995]",0.00922081715021378,3.596118688583374,4.589999999999999,"[0.639, -0.18]",1159952,"[6.390000000000001, -1.7999999999999998]",0.009095202348171136,3.547128915786743,NashSolutionConcept,6.815,1.2461239906205166,0.009302248251743805,0.00025664323456608376,3.6278768181800842,0.10009086148077276,COMPLETE
116,8.467500000000001,2025-06-12 21:35:56.882683,2025-06-12 21:36:00.295630,0 days 00:00:03.412947,14,0.8629199610510453,0.09018757820205513,0.9681079874868129,0.00798561861010564,455,1166956,8.467500000000001,0.7788894337452522,0.673,0.11890962955118474,450.0,4,8.510000000000002,"[0.5410000000000001, 0.31000000000000005]",1166956,"[5.410000000000002, 3.1000000000000005]",0.006535767979092068,2.9410955905914307,8.4,"[0.639, 0.201]",1167956,"[6.390000000000001, 2.0100000000000002]",0.0067616473303900824,3.042741298675537,7.380000000000001,"[0.6460000000000001, 0.09200000000000003]",1168956,"[6.460000000000001, 0.9200000000000003]",0.006920879681905111,3.1143958568573,9.58,"[0.866, 0.09200000000000003]",1169956,"[8.66, 0.9200000000000003]",0.0071591467327541776,3.22161602973938,NashSolutionConcept,6.730000000000001,1.1890962955118474,0.00684436043103536,0.00022749525814739905,3.079962193965912,0.10237286616632958,COMPLETE
117,5.9625,2025-06-12 21:36:00.310192,2025-06-12 21:36:03.500172,0 days 00:00:03.189980,12,0.8829990376740275,0.09784309685147823,0.9639204115654516,0.007903642100141575,470,1176960,5.9625,3.6066769677918202,0.572,0.16063156601365744,470.0,4,2.1799999999999997,"[0.32800000000000007, -0.10999999999999999]",1176960,"[3.2800000000000007, -1.0999999999999999]",0.006362551831184549,2.9903993606567383,5.5,"[0.6599999999999999, -0.10999999999999999]",1177960,"[6.6, -1.0999999999999999]",0.006300743082736401,2.9613492488861084,4.3100000000000005,"[0.5409999999999999, -0.10999999999999999]",1178960,"[5.409999999999999, -1.0999999999999999]",0.0061028576911763945,2.8683431148529053,11.86,"[0.759, 0.42699999999999994]",1179960,"[7.59, 4.27]",0.006212920330940409,2.920072555541992,NashSolutionConcept,5.72,1.6063156601365745,0.006244768234009438,9.76717084812417e-05,2.935041069984436,0.04590570298618366,COMPLETE
118,4.7250000000000005,2025-06-12 21:36:03.515125,2025-06-12 21:36:06.362696,0 days 00:00:02.847571,11,0.9672812618879684,0.08335968373232744,0.9695745895048398,0.005001508572421617,457,1186963,4.7250000000000005,2.330584690587322,0.545,0.2540324782385119,450.0,4,3.2799999999999994,"[0.31799999999999995, 0.01000000000000002]",1186963,"[3.1799999999999997, 0.1000000000000002]",0.005838966899447971,2.627535104751587,3.47,"[0.44700000000000006, -0.09999999999999999]",1187963,"[4.470000000000001, -0.9999999999999999]",0.00574289321899414,2.5843019485473633,8.760000000000002,"[0.976, -0.09999999999999999]",1188963,"[9.76, -0.9999999999999999]",0.005748001204596625,2.5866005420684814,3.39,"[0.43899999999999995, -0.09999999999999999]",1189963,"[4.39, -0.9999999999999999]",0.0058525721232096355,2.633657455444336,NashSolutionConcept,5.45,2.5403247823851185,0.0057956083615620935,5.0423607067854205e-05,2.608023762702942,0.022690623180534303,COMPLETE
119,6.982500000000001,2025-06-12 21:36:06.378310,2025-06-12 21:36:09.373086,0 days 00:00:02.994776,13,0.870540240300288,0.11162783683535378,0.9573992420516574,0.009388077561997861,447,1196966,6.982500000000001,2.474099583686962,0.6527499999999999,0.2027466090961819,440.0,4,6.47,"[0.657, -0.009999999999999985]",1196966,"[6.57, -0.09999999999999984]",0.006278617815537887,2.76259183883667,9.67,"[0.756, 0.21100000000000002]",1197966,"[7.5600000000000005, 2.1100000000000003]",0.006126453117890791,2.6956393718719482,8.6,"[0.8709999999999999, -0.010999999999999996]",1198966,"[8.709999999999999, -0.10999999999999996]",0.0062474976886402475,2.748898983001709,3.1900000000000004,"[0.327, -0.007999999999999993]",1199966,"[3.27, -0.07999999999999993]",0.006342457099394364,2.7906811237335205,NashSolutionConcept,6.5275,2.027466090961819,0.006248756430365822,7.847165471348165e-05,2.749452829360962,0.03452752807393193,COMPLETE
120,6.317499999999999,2025-06-12 21:36:09.387218,2025-06-12 21:36:12.858353,0 days 00:00:03.471135,14,0.8689743516144588,0.08918453949633873,0.968074035209813,0.0001414708419551974,479,1206969,6.317499999999999,2.048650470431693,0.5395,0.2235055927711877,470.0,4,6.3500000000000005,"[0.7649999999999999, -0.12999999999999995]",1206969,"[7.649999999999999, -1.2999999999999994]",0.006838531189776481,3.2141096591949463,9.589999999999998,"[0.761, 0.19800000000000004]",1207969,"[7.61, 1.9800000000000004]",0.0068780959920680266,3.2327051162719727,4.11,"[0.317, 0.09400000000000003]",1208969,"[3.17, 0.9400000000000003]",0.006990780221655014,3.2856667041778564,5.220000000000001,"[0.31500000000000006, 0.20700000000000002]",1209969,"[3.1500000000000004, 2.0700000000000003]",0.006699026899134859,3.148542642593384,NashSolutionConcept,5.395,2.235055927711877,0.006851608575658596,0.00010431025394190995,3.22025603055954,0.04902581935269759,COMPLETE
121,6.3275,2025-06-12 21:36:13.381971,2025-06-12 21:36:17.091435,0 days 00:00:03.709464,15,0.5489333070867118,0.09442585334860536,0.9717763693173357,0.006535911546808242,435,1216973,6.3275,1.624505694049732,0.6055,0.14999416655323633,430.0,4,9.05,"[0.8230000000000001, 0.082]",1216973,"[8.23, 0.8200000000000001]",0.007780397215554881,3.3455708026885986,5.09,"[0.535, -0.02599999999999999]",1217973,"[5.3500000000000005, -0.2599999999999999]",0.008190508221471032,3.521918535232544,5.079999999999999,"[0.648, -0.13999999999999996]",1218973,"[6.48, -1.3999999999999995]",0.00808198840119118,3.475255012512207,6.09,"[0.4160000000000001, 0.19300000000000003]",1219973,"[4.160000000000001, 1.9300000000000004]",0.007664010136626488,3.2955243587493896,NashSolutionConcept,6.055000000000001,1.4999416655323632,0.007929225993710895,0.00021453100693075882,3.409567177295685,0.09224833298022643,COMPLETE
122,4.922499999999999,2025-06-12 21:36:17.107729,2025-06-12 21:36:22.511458,0 days 00:00:05.403729,30,0.9344448996258304,0.10043773439425223,0.9615045817825322,0.013912628330465703,406,1226977,4.922499999999999,1.42797715317858,0.68775,0.1640341046855806,400.0,4,6.880000000000001,"[0.85, -0.1620000000000001]",1226977,"[8.5, -1.620000000000001]",0.012059786319732667,4.823914527893066,3.0999999999999988,"[0.4779999999999999, -0.16800000000000007]",1227977,"[4.779999999999999, -1.6800000000000006]",0.012995227575302123,5.19809103012085,4.149999999999999,"[0.577, -0.16200000000000006]",1228977,"[5.77, -1.6200000000000006]",0.012911447882652282,5.164579153060913,5.559999999999999,"[0.8460000000000001, -0.2900000000000001]",1229977,"[8.46, -2.900000000000001]",0.011898401975631714,4.7593607902526855,NashSolutionConcept,6.8774999999999995,1.640341046855806,0.012466215938329698,0.0004913457355582803,4.986486375331879,0.1965382942233123,COMPLETE
123,5.847499999999999,2025-06-12 21:36:22.525839,2025-06-12 21:36:26.470034,0 days 00:00:03.944195,17,0.919569158962541,0.0914465251073642,0.9784912494898039,0.0030556967516677924,460,1236982,5.847499999999999,1.2629207219774323,0.63225,0.16829642747248086,460.0,4,7.939999999999999,"[0.8460000000000001, -0.052000000000000005]",1236982,"[8.46, -0.52]",0.007968601973160454,3.6655569076538086,4.819999999999999,"[0.41500000000000004, 0.06699999999999998]",1237982,"[4.15, 0.6699999999999997]",0.008160258376080056,3.753718852996826,5.75,"[0.735, -0.15999999999999998]",1238982,"[7.35, -1.5999999999999996]",0.008056498610455057,3.705989360809326,4.88,"[0.533, -0.04500000000000002]",1239982,"[5.33, -0.4500000000000002]",0.008084348492000414,3.7188003063201904,NashSolutionConcept,6.3225,1.6829642747248084,0.008067426862923995,6.853797652441454e-05,3.711016356945038,0.031527469201230854,COMPLETE
124,7.155,2025-06-12 21:36:26.484785,2025-06-12 21:36:30.425777,0 days 00:00:03.940992,16,0.5964494696723172,0.18394673124959382,0.9878107549019217,0.0075263870855335965,468,1246986,7.155,3.066451532308965,0.64,0.22250730325092702,460.0,4,5.99,"[0.41500000000000004, 0.184]",1246986,"[4.15, 1.8399999999999999]",0.007639948699785315,3.514376401901245,9.41,"[0.8629999999999999, 0.07799999999999999]",1247986,"[8.629999999999999, 0.7799999999999998]",0.007713639736175537,3.548274278640747,10.52,"[0.8620000000000001, 0.19]",1248986,"[8.620000000000001, 1.9]",0.007814230607903523,3.59454607963562,2.7000000000000006,"[0.41999999999999993, -0.14999999999999997]",1249986,"[4.199999999999999, -1.4999999999999996]",0.008148339002028755,3.7482359409332275,NashSolutionConcept,6.3999999999999995,2.2250730325092705,0.007829039511473283,0.00019445045094927595,3.60135817527771,0.08944720743666704,COMPLETE
125,7.62,2025-06-12 21:36:30.440143,2025-06-12 21:36:33.839968,0 days 00:00:03.399825,14,0.8050380929221973,0.07656223451812724,0.9745523443419492,0.018532354979012736,441,1256990,7.62,2.116636482724419,0.7272500000000001,0.16248288371394698,440.0,4,10.61,"[0.9680000000000002, 0.09300000000000005]",1256990,"[9.680000000000001, 0.9300000000000006]",0.007060675729404796,3.1066973209381104,5.17,"[0.647, -0.12999999999999995]",1257990,"[6.470000000000001, -1.2999999999999994]",0.0072836350310932505,3.2047994136810303,6.160000000000001,"[0.5280000000000001, 0.088]",1258990,"[5.280000000000001, 0.8799999999999999]",0.007183019681410356,3.1605286598205566,8.54,"[0.766, 0.08800000000000002]",1259990,"[7.66, 0.8800000000000002]",0.007123712517998435,3.1344335079193115,NashSolutionConcept,7.272500000000001,1.6248288371394695,0.007162760739976709,8.210836130393563e-05,3.151614725589752,0.03612767897373163,COMPLETE
126,6.3199999999999985,2025-06-12 21:36:34.444558,2025-06-12 21:36:40.796509,0 days 00:00:06.351951,39,0.9019454950534536,0.11664699531544365,0.9830596251596084,0.015546459726751822,421,1266994,6.3199999999999985,1.7916891471457879,0.74475,0.0633141966702571,420.0,4,3.2199999999999984,"[0.7019999999999998, -0.3800000000000002]",1266994,"[7.019999999999999, -3.8000000000000025]",0.014685356616973877,6.167849779129028,7.249999999999998,"[0.706, 0.018999999999999878]",1267994,"[7.06, 0.18999999999999878]",0.013976050558544341,5.869941234588623,7.479999999999999,"[0.7170000000000001, 0.03099999999999987]",1268994,"[7.170000000000001, 0.3099999999999987]",0.012327107929048084,5.177385330200195,7.329999999999999,"[0.8539999999999999, -0.12100000000000014]",1269994,"[8.54, -1.2100000000000013]",0.01450605278923398,6.0925421714782715,NashSolutionConcept,7.4475,0.6331419667025712,0.013873641973450071,0.0009301987920905438,5.8269296288490295,0.3906834926780283,COMPLETE
127,4.992500000000001,2025-06-12 21:36:40.812138,2025-06-12 21:36:44.001783,0 days 00:00:03.189645,11,0.5144751920983769,0.0855797357297329,0.9806775795793445,0.012201062763546206,451,1277000,4.992500000000001,2.2501930472739446,0.5469999999999999,0.21751666602814604,450.0,4,3.34,"[0.33099999999999996, 0.003000000000000012]",1277000,"[3.3099999999999996, 0.030000000000000124]",0.006636138492160373,2.986262321472168,2.2800000000000002,"[0.32799999999999996, -0.09999999999999999]",1278000,"[3.2799999999999994, -0.9999999999999999]",0.00658074590894911,2.9613356590270996,6.61,"[0.7610000000000001, -0.09999999999999999]",1279000,"[7.610000000000001, -0.9999999999999999]",0.00658869743347168,2.964913845062256,7.740000000000001,"[0.768, 0.006000000000000004]",1280000,"[7.68, 0.06000000000000004]",0.006612216631571452,2.9754974842071533,NashSolutionConcept,5.47,2.1751666602814606,0.006604449616538154,2.1647796571213384e-05,2.972002327442169,0.009741508457046064,COMPLETE
128,5.002499999999998,2025-06-12 21:36:44.016234,2025-06-12 21:36:51.900503,0 days 00:00:07.884269,44,0.8288509620752476,0.0667517093618144,0.9769668437553917,0.006074176030061939,428,1287004,5.002499999999998,2.6505789461927,0.6275,0.16189888819877674,420.0,4,6.989999999999998,"[0.844, -0.14500000000000018]",1287004,"[8.44, -1.450000000000002]",0.014444867202213833,6.06684422492981,1.0599999999999974,"[0.41099999999999987, -0.3050000000000002]",1288004,"[4.1099999999999985, -3.050000000000002]",0.01797063975107102,7.547668695449829,4.149999999999998,"[0.7019999999999998, -0.2870000000000002]",1289004,"[7.019999999999999, -2.870000000000002]",0.016881744066874187,7.090332508087158,7.81,"[0.5529999999999998, 0.2279999999999999]",1290004,"[5.5299999999999985, 2.279999999999999]",0.014229697840554374,5.976473093032837,NashSolutionConcept,6.274999999999999,1.6189888819877674,0.015881737215178354,0.0015935304387869474,6.6703296303749084,0.6692827842905179,COMPLETE
129,5.642500000000001,2025-06-12 21:36:51.914546,2025-06-12 21:36:55.324598,0 days 00:00:03.410052,12,0.5317066245466731,0.08041890308190407,0.9847439350530561,0.008681427392296716,489,1297011,5.642500000000001,3.0281048115942086,0.5722499999999999,0.21075385524350437,480.0,4,7.659999999999999,"[0.876, -0.10999999999999999]",1297011,"[8.76, -1.0999999999999999]",0.006528443594773611,3.133652925491333,2.160000000000001,"[0.32600000000000007, -0.10999999999999999]",1298011,"[3.2600000000000007, -1.0999999999999999]",0.006696959336598714,3.214540481567383,9.49,"[0.651, 0.29800000000000004]",1299011,"[6.51, 2.9800000000000004]",0.0065446058909098305,3.1414108276367188,3.2600000000000007,"[0.43599999999999994, -0.10999999999999999]",1300011,"[4.359999999999999, -1.0999999999999999]",0.006678954263528188,3.2058980464935303,NashSolutionConcept,5.7225,2.1075385524350434,0.006612240771452586,7.619771845459079e-05,3.173875570297241,0.03657490485820363,COMPLETE
130,6.037499999999999,2025-06-12 21:36:55.339247,2025-06-12 21:36:59.729029,0 days 00:00:04.389782,20,0.5599281974458117,0.12272833267256615,0.9664100830178003,0.004252787764794326,415,1307015,6.037499999999999,2.034973894181446,0.624,0.08654767472324144,410.0,4,8.77,"[0.623, 0.254]",1307015,"[6.23, 2.54]",0.009861893770171375,4.043376445770264,6.779999999999999,"[0.752, -0.07400000000000004]",1308015,"[7.52, -0.7400000000000004]",0.009606529445182987,3.9386770725250244,3.1799999999999997,"[0.5079999999999999, -0.19]",1309015,"[5.079999999999999, -1.9]",0.0099869966506958,4.094668626785278,5.419999999999999,"[0.6129999999999999, -0.07100000000000001]",1310015,"[6.129999999999999, -0.7100000000000001]",0.00964014181276647,3.952458143234253,NashSolutionConcept,6.239999999999999,0.8654767472324143,0.009773890419704157,0.00015736680163821676,4.007295072078705,0.06452038867166889,COMPLETE
131,7.4575000000000005,2025-06-12 21:37:00.287708,2025-06-12 21:37:02.955807,0 days 00:00:02.668099,11,0.511459583700038,0.10470363072093411,0.9917461334579935,0.038972355909570225,383,1317020,7.4575000000000005,1.7762653940219635,0.65775,0.2013856685566279,380.0,4,8.8,"[0.66, 0.22000000000000003]",1317020,"[6.6000000000000005, 2.2]",0.006075835855383622,2.3088176250457764,7.72,"[0.8719999999999999, -0.09999999999999999]",1318020,"[8.719999999999999, -0.9999999999999999]",0.0065272368882831775,2.4803500175476074,8.83,"[0.7649999999999999, 0.118]",1319020,"[7.649999999999999, 1.18]",0.0062819129542300576,2.387126922607422,4.4799999999999995,"[0.33399999999999996, 0.11399999999999999]",1320020,"[3.34, 1.14]",0.0062802452790109735,2.38649320602417,NashSolutionConcept,6.5775,2.013856685566279,0.006291307744226958,0.00015992290026177922,2.390696942806244,0.060770702099476125,COMPLETE
132,6.5175,2025-06-12 21:37:02.971090,2025-06-12 21:37:05.261981,0 days 00:00:02.290891,10,0.5434563918611042,0.09861741316703478,0.9881930536930674,0.022758196696269037,359,1327023,6.5175,1.534476702332102,0.555,0.1288390468763255,350.0,4,8.860000000000001,"[0.657, 0.22900000000000004]",1327023,"[6.57, 2.2900000000000005]",0.006006178174700056,2.1021623611450195,5.760000000000001,"[0.5600000000000002, 0.01600000000000002]",1328023,"[5.600000000000001, 0.1600000000000002]",0.005799042156764439,2.0296647548675537,6.75,"[0.66, 0.01500000000000001]",1329023,"[6.6000000000000005, 0.1500000000000001]",0.005923290933881487,2.0731518268585205,4.699999999999999,"[0.3430000000000001, 0.127]",1330023,"[3.4300000000000006, 1.27]",0.0059095300946916856,2.06833553314209,NashSolutionConcept,5.550000000000001,1.288390468763255,0.005909510340009417,7.37187135857258e-05,2.068328619003296,0.02580154975500402,COMPLETE
133,6.959999999999999,2025-06-12 21:37:05.276849,2025-06-12 21:37:08.021656,0 days 00:00:02.744807,13,0.858780307028863,0.10190359765673357,0.990294690575779,0.010658777798711222,375,1337025,6.959999999999999,1.2538540584932523,0.6252500000000001,0.12420220408672307,370.0,4,7.619999999999999,"[0.77, -0.007999999999999983]",1337025,"[7.7, -0.07999999999999982]",0.006554208575068293,2.4250571727752686,5.24,"[0.42699999999999994, 0.09699999999999999]",1338025,"[4.27, 0.9699999999999999]",0.006886589849317396,2.5480382442474365,6.409999999999998,"[0.655, -0.013999999999999985]",1339025,"[6.550000000000001, -0.13999999999999985]",0.006842209197379447,2.5316174030303955,8.57,"[0.649, 0.20800000000000002]",1340025,"[6.49, 2.08]",0.006792053016456398,2.513059616088867,NashSolutionConcept,6.2524999999999995,1.2420220408672307,0.006768765159555384,0.0001283097194635164,2.504443109035492,0.04747459620150101,COMPLETE
134,5.4225,2025-06-12 21:37:08.036169,2025-06-12 21:37:11.037805,0 days 00:00:03.001636,12,0.5210908489744416,0.09341318446644352,0.980166780125218,0.03230556467629685,401,1347028,5.4225,1.478620556464707,0.546,0.13069047402163633,400.0,4,3.3200000000000003,"[0.44200000000000006, -0.10999999999999999]",1347028,"[4.420000000000001, -1.0999999999999999]",0.006686432957649231,2.6745731830596924,5.500000000000001,"[0.55, 1.1102230246251566e-17]",1348028,"[5.5, 1.1102230246251565e-16]",0.006767523884773255,2.7070095539093018,5.37,"[0.434, 0.10300000000000002]",1349028,"[4.34, 1.0300000000000002]",0.006413631439208985,2.5654525756835938,7.5,"[0.758, -0.007999999999999985]",1350028,"[7.58, -0.07999999999999985]",0.006648415327072143,2.6593661308288574,NashSolutionConcept,5.460000000000001,1.3069047402163632,0.006629000902175903,0.00013157505764417146,2.6516003608703613,0.05263002305766861,COMPLETE
135,6.385,2025-06-12 21:37:11.052640,2025-06-12 21:37:14.156687,0 days 00:00:03.104047,15,0.7800791478317778,0.09598817402474931,0.9960326997697441,0.07767176763549459,369,1357031,6.385,0.9199048863877177,0.69875,0.09688749919365242,360.0,4,4.96,"[0.531, -0.03499999999999999]",1357031,"[5.3100000000000005, -0.34999999999999987]",0.0078103979428609215,2.8117432594299316,6.19,"[0.759, -0.13999999999999996]",1358031,"[7.59, -1.3999999999999995]",0.007306191656324599,2.6302289962768555,7.24,"[0.753, -0.028999999999999998]",1359031,"[7.53, -0.29]",0.00770086513625251,2.7723114490509033,7.1499999999999995,"[0.752, -0.03699999999999999]",1360031,"[7.52, -0.3699999999999999]",0.007711815171771579,2.7762534618377686,NashSolutionConcept,6.9875,0.968874991936524,0.007632317476802403,0.0001930604622232631,2.7476342916488647,0.06950176640037475,COMPLETE
136,5.675000000000001,2025-06-12 21:37:14.797758,2025-06-12 21:37:17.686011,0 days 00:00:02.888253,10,0.5346396160230192,0.10768366414922054,0.9742042705029083,0.00704167651274669,464,1367034,5.675000000000001,2.7173930521733514,0.44625000000000004,0.2518078384403472,460.0,4,9.96,"[0.876, 0.12000000000000002]",1367034,"[8.76, 1.2000000000000002]",0.005437302071115245,2.5011589527130127,2.52,"[0.3420000000000001, -0.08999999999999998]",1368034,"[3.420000000000001, -0.8999999999999998]",0.005862454746080482,2.6967291831970215,5.650000000000001,"[0.233, 0.332]",1369034,"[2.33, 3.3200000000000003]",0.005519468887992527,2.5389556884765625,4.57,"[0.33399999999999996, 0.123]",1370034,"[3.34, 1.23]",0.005714230433754299,2.6285459995269775,NashSolutionConcept,4.4625,2.5180783844034718,0.005633364034735638,0.00016615830294108887,2.5913474559783936,0.07643281935290092,COMPLETE
137,6.029999999999999,2025-06-12 21:37:17.700810,2025-06-12 21:37:20.764416,0 days 00:00:03.063606,14,0.5877862409649336,0.08922318360086365,0.9861284598155489,0.04536218198814256,367,1377037,6.029999999999999,2.8030875833623163,0.59325,0.2333917040085187,360.0,4,10.819999999999997,"[0.99, 0.09200000000000003]",1377037,"[9.9, 0.9200000000000003]",0.00696628557311164,2.5078628063201904,4.04,"[0.534, -0.12999999999999995]",1378037,"[5.34, -1.2999999999999994]",0.007508583863576253,2.703090190887451,5.18,"[0.42200000000000004, 0.096]",1379037,"[4.220000000000001, 0.96]",0.007104266352123684,2.5575358867645264,4.080000000000001,"[0.42700000000000005, -0.018999999999999982]",1380037,"[4.2700000000000005, -0.18999999999999984]",0.007658503452936808,2.757061243057251,NashSolutionConcept,5.9325,2.3339170400851867,0.007309409810437097,0.000283440803081772,2.6313875317573547,0.10203868910943786,COMPLETE
138,6.1949999999999985,2025-06-12 21:37:20.778358,2025-06-12 21:37:26.208171,0 days 00:00:05.429813,36,0.7584883424076097,0.10194905333691504,0.9710605904701212,0.0273918248785929,345,1387040,6.1949999999999985,0.9459519015256536,0.8402499999999999,0.0926643809670146,340.0,4,6.089999999999999,"[0.836, -0.22700000000000015]",1387040,"[8.36, -2.2700000000000014]",0.015400207743925207,5.23607063293457,4.899999999999999,"[0.7109999999999999, -0.22100000000000014]",1388040,"[7.1099999999999985, -2.2100000000000013]",0.014410173892974854,4.89945912361145,7.5699999999999985,"[0.9730000000000001, -0.2160000000000001]",1389040,"[9.73, -2.160000000000001]",0.014294705671422622,4.860199928283691,6.219999999999999,"[0.841, -0.21900000000000014]",1390040,"[8.41, -2.1900000000000013]",0.014701490542467903,4.998506784439087,NashSolutionConcept,8.4025,0.9266438096701457,0.014701644462697646,0.0004296931912509669,4.9985591173172,0.14609568502532877,COMPLETE
139,5.4225,2025-06-12 21:37:26.223081,2025-06-12 21:37:28.869073,0 days 00:00:02.645992,16,0.7932991168692934,0.10953955588831332,0.9819649660230413,0.005272040140938024,319,1397046,5.4225,1.0185375545359134,0.6372499999999999,0.08394455015067986,310.0,4,4.710000000000001,"[0.5159999999999998, -0.045000000000000005]",1397046,"[5.159999999999998, -0.45000000000000007]",0.007920456701709377,2.4553415775299072,4.84,"[0.6340000000000001, -0.14999999999999997]",1398046,"[6.340000000000002, -1.4999999999999996]",0.007840861812714607,2.4306671619415283,4.96,"[0.646, -0.14999999999999997]",1399046,"[6.46, -1.4999999999999996]",0.00755546631351594,2.3421945571899414,7.179999999999999,"[0.7529999999999999, -0.03499999999999999]",1400046,"[7.529999999999999, -0.34999999999999987]",0.0076725375267767135,2.3784866333007812,NashSolutionConcept,6.3725000000000005,0.8394455015067986,0.007747330588679159,0.00014241369586101218,2.4016724824905396,0.04414824571691388,COMPLETE
140,5.012500000000001,2025-06-12 21:37:28.884477,2025-06-12 21:37:32.382570,0 days 00:00:03.498093,13,0.5681387723044489,0.0841182395126823,0.9934541758931679,0.003374793482890592,475,1407048,5.012500000000001,1.633468319252014,0.458,0.12081597576479694,470.0,4,4.19,"[0.43000000000000005, -0.010999999999999987]",1407048,"[4.300000000000001, -0.10999999999999988]",0.006949071173972272,3.2660634517669678,5.109999999999999,"[0.421, 0.09]",1408048,"[4.21, 0.8999999999999999]",0.007031663427961634,3.3048818111419678,7.58,"[0.655, 0.10300000000000002]",1409048,"[6.550000000000001, 1.0300000000000002]",0.006637065968614944,3.1194210052490234,3.17,"[0.326, -0.008999999999999994]",1410048,"[3.2600000000000002, -0.08999999999999994]",0.0069540110040218275,3.268385171890259,NashSolutionConcept,4.580000000000001,1.2081597576479695,0.006892952893642669,0.00015132422555676835,3.2396878600120544,0.07112238601168112,COMPLETE
141,6.492500000000001,2025-06-12 21:37:33.048930,2025-06-12 21:37:35.255322,0 days 00:00:02.206392,10,0.6404075595833101,0.11502955210627129,0.9987654311522387,0.07291674356557068,336,1417053,6.492500000000001,1.3536132202368591,0.552,0.1286157066613561,330.0,4,7.78,"[0.762, 0.01600000000000001]",1417053,"[7.62, 0.16000000000000011]",0.005912558237711588,1.9511442184448242,4.69,"[0.45, 0.019000000000000013]",1418053,"[4.5, 0.19000000000000014]",0.005782102816032641,1.9080939292907715,5.680000000000001,"[0.44399999999999995, 0.12400000000000003]",1419053,"[4.4399999999999995, 1.2400000000000002]",0.005884780305804628,1.9419775009155273,7.82,"[0.5520000000000002, 0.22999999999999998]",1420053,"[5.520000000000001, 2.3]",0.005715295040246212,1.88604736328125,NashSolutionConcept,5.520000000000001,1.286157066613561,0.005823684099948767,7.922838848604742e-05,1.9218157529830933,0.026145368200395678,COMPLETE
142,7.3950000000000005,2025-06-12 21:37:35.270879,2025-06-12 21:37:37.952771,0 days 00:00:02.681892,11,0.6092147530021954,0.10212566397590954,0.9775987496986561,0.009584147007841659,390,1427055,7.3950000000000005,1.5818738887787482,0.5482499999999999,0.004023369234857826,390.0,4,5.47,"[0.5439999999999999, 0.003000000000000012]",1427055,"[5.4399999999999995, 0.030000000000000124]",0.006382937920399201,2.4893457889556885,7.7,"[0.554, 0.21599999999999991]",1428055,"[5.540000000000001, 2.1599999999999993]",0.0061866081677950345,2.4127771854400635,6.640000000000001,"[0.5449999999999999, 0.119]",1429055,"[5.449999999999999, 1.19]",0.006021815691238794,2.34850811958313,9.77,"[0.55, 0.42700000000000005]",1430055,"[5.5, 4.2700000000000005]",0.006004474713252141,2.341745138168335,NashSolutionConcept,5.4825,0.04023369234857831,0.0061489591231712925,0.000152647244575982,2.398094058036804,0.05953242538463293,COMPLETE
143,6.2575,2025-06-12 21:37:37.968269,2025-06-12 21:37:40.697136,0 days 00:00:02.728867,12,0.5544519017233751,0.10671430095443951,0.9891620356457128,0.019848953762473094,366,1437058,6.2575,0.9703446552643034,0.6560000000000001,0.1126609959125163,360.0,4,5.36,"[0.537, -0.0009999999999999898]",1437058,"[5.37, -0.009999999999999898]",0.00684574842453003,2.4644694328308105,7.7299999999999995,"[0.7740000000000001, -0.0009999999999999898]",1438058,"[7.740000000000001, -0.009999999999999898]",0.006683566835191515,2.4060840606689453,6.53,"[0.7630000000000001, -0.10999999999999999]",1439058,"[7.630000000000001, -1.0999999999999999]",0.006709591547648112,2.4154529571533203,5.41,"[0.55, -0.008999999999999985]",1440058,"[5.5, -0.08999999999999986]",0.007020643684599134,2.5274317264556885,NashSolutionConcept,6.5600000000000005,1.1266099591251628,0.006814887622992198,0.00013380990130686734,2.453359544277191,0.048171564470472286,COMPLETE
144,6.532500000000001,2025-06-12 21:37:40.711390,2025-06-12 21:37:43.520761,0 days 00:00:02.809371,10,0.5811274226847812,0.09555648683874231,0.9844786714497473,0.060940208683806237,450,1447060,6.532500000000001,2.67213748710653,0.50375,0.09312189592142119,450.0,4,11.110000000000001,"[0.665, 0.446]",1447060,"[6.65, 4.46]",0.005405522452460395,2.4324851036071777,5.650000000000002,"[0.45000000000000007, 0.11499999999999995]",1448060,"[4.500000000000001, 1.1499999999999995]",0.0057159895367092555,2.572195291519165,4.65,"[0.44700000000000006, 0.018000000000000013]",1449060,"[4.470000000000001, 0.18000000000000013]",0.0057690795262654625,2.596085786819458,4.720000000000001,"[0.453, 0.019000000000000013]",1450060,"[4.53, 0.19000000000000014]",0.005570525063408746,2.5067362785339355,NashSolutionConcept,5.0375000000000005,0.9312189592142118,0.0056152791447109645,0.00014124264419772834,2.526875615119934,0.06355918988897774,COMPLETE
145,8.847500000000002,2025-06-12 21:37:43.535413,2025-06-12 21:37:46.897381,0 days 00:00:03.361968,13,0.5079789914272879,0.09050509355976404,0.9868694182339436,0.013770691203115814,435,1457063,8.847500000000002,3.46312990660183,0.70325,0.23653897670362917,430.0,4,10.940000000000001,"[0.8780000000000001, 0.21600000000000003]",1457063,"[8.780000000000001, 2.16]",0.006033669516097667,2.594477891921997,10.8,"[0.874, 0.20600000000000004]",1458063,"[8.74, 2.0600000000000005]",0.00684841510861419,2.9448184967041016,10.8,"[0.759, 0.32099999999999995]",1459063,"[7.59, 3.2099999999999995]",0.006918226286422375,2.974837303161621,2.8500000000000014,"[0.30199999999999994, -0.016999999999999987]",1460063,"[3.0199999999999996, -0.16999999999999987]",0.007362696736357933,3.165959596633911,NashSolutionConcept,7.032500000000001,2.365389767036292,0.006790751911873042,0.0004795491102778697,2.9200233221054077,0.2062061174194839,COMPLETE
146,4.345000000000001,2025-06-12 21:37:47.591773,2025-06-12 21:37:50.937459,0 days 00:00:03.345686,14,0.5002898719904645,0.09061625464246788,0.9791616636398393,0.013323679604587566,432,1467067,4.345000000000001,1.594968651729557,0.4545,0.16184792244573298,430.0,4,4.110000000000001,"[0.42800000000000005, -0.016999999999999994]",1467067,"[4.28, -0.16999999999999993]",0.007123139292694801,3.0629498958587646,5.160000000000001,"[0.646, -0.12999999999999995]",1468067,"[6.46, -1.2999999999999994]",0.007081521943558094,3.0450544357299805,6.210000000000001,"[0.536, 0.08500000000000003]",1469067,"[5.36, 0.8500000000000003]",0.007053705703380496,3.0330934524536133,1.9000000000000001,"[0.20800000000000002, -0.017999999999999985]",1470067,"[2.08, -0.17999999999999985]",0.007336518930834393,3.154703140258789,NashSolutionConcept,4.545,1.6184792244573298,0.007148721467616946,0.00011120488562989107,3.073950231075287,0.047818100820853096,COMPLETE
147,6.6625,2025-06-12 21:37:50.952210,2025-06-12 21:37:54.656576,0 days 00:00:03.704366,15,0.512664368363368,0.08157278238252215,0.9756102168221084,0.016417162833573286,440,1477071,6.6625,1.2790303944785668,0.58675,0.10035779740508459,440.0,4,8.279999999999998,"[0.64, 0.188]",1477071,"[6.4, 1.88]",0.007649608633734963,3.365827798843384,6.180000000000001,"[0.6460000000000001, -0.02799999999999998]",1478071,"[6.460000000000001, -0.2799999999999998]",0.007417844100431962,3.2638514041900635,7.33,"[0.6479999999999999, 0.08500000000000005]",1479071,"[6.479999999999999, 0.8500000000000005]",0.007290376858277755,3.207765817642212,4.859999999999999,"[0.413, 0.07300000000000001]",1480071,"[4.13, 0.7300000000000001]",0.007675878026268699,3.3773863315582275,NashSolutionConcept,5.8675,1.0035779740508457,0.007508426904678345,0.00016103045201274968,3.3037078380584717,0.0708533988856099,COMPLETE
148,6.94,2025-06-12 21:37:54.670764,2025-06-12 21:37:58.012479,0 days 00:00:03.341715,13,0.5225608128794165,0.07673355227646494,0.982763802490482,0.007948504806118011,456,1487074,6.94,2.7109223522631547,0.7334999999999999,0.17864140057668604,450.0,4,7.57,"[0.877, -0.11999999999999997]",1487074,"[8.77, -1.1999999999999997]",0.0064320717917548285,2.894432306289673,6.290000000000001,"[0.749, -0.11999999999999997]",1488074,"[7.49, -1.1999999999999997]",0.006604123115539551,2.971855401992798,10.729999999999999,"[0.8709999999999999, 0.202]",1489074,"[8.709999999999999, 2.02]",0.0065308438407050235,2.9388797283172607,3.1700000000000013,"[0.43699999999999994, -0.11999999999999997]",1490074,"[4.369999999999999, -1.1999999999999997]",0.006743370691935221,3.0345168113708496,NashSolutionConcept,7.334999999999999,1.7864140057668603,0.006577602359983656,0.00011352091852098835,2.9599210619926453,0.05108441333444475,COMPLETE
149,7.595000000000001,2025-06-12 21:37:58.026269,2025-06-12 21:38:01.740276,0 days 00:00:03.714007,17,0.5411409253201981,0.0727705574258509,0.9867229197427494,0.0014691643864817427,412,1497078,7.595000000000001,2.481355476347555,0.75175,0.1848044574678869,410.0,4,3.5999999999999996,"[0.5199999999999999, -0.15999999999999998]",1497078,"[5.199999999999999, -1.5999999999999996]",0.008593404002305937,3.5232956409454346,8.34,"[0.8789999999999999, -0.045000000000000005]",1498078,"[8.79, -0.45000000000000007]",0.008169732442716272,3.349590301513672,10.41,"[0.9790000000000001, 0.062]",1499078,"[9.790000000000001, 0.62]",0.008259624388159775,3.386445999145508,8.03,"[0.629, 0.174]",1500078,"[6.29, 1.7399999999999998]",0.00835286524237656,3.4246747493743896,NashSolutionConcept,7.5175,1.848044574678869,0.008343906518889638,0.00015793142446073925,3.421001672744751,0.06475188402890314,COMPLETE
150,7.157499999999999,2025-06-12 21:38:01.754834,2025-06-12 21:38:05.894423,0 days 00:00:04.139589,18,0.5075980719918582,0.08719211967073563,0.9721690545931854,0.011570812036827121,426,1507081,7.157499999999999,2.182296668649797,0.68725,0.12252015140375887,420.0,4,3.4399999999999995,"[0.514, -0.16999999999999998]",1507081,"[5.140000000000001, -1.6999999999999997]",0.009079578944614955,3.8134231567382812,8.11,"[0.643, 0.16799999999999998]",1508081,"[6.43, 1.6799999999999997]",0.00877769220442999,3.6866307258605957,8.04,"[0.749, 0.05499999999999998]",1509081,"[7.49, 0.5499999999999998]",0.009136978785196941,3.837531089782715,9.040000000000001,"[0.843, 0.06099999999999998]",1510081,"[8.43, 0.6099999999999998]",0.008980928716205415,3.7719900608062744,NashSolutionConcept,6.8725000000000005,1.2252015140375885,0.008993794662611824,0.00013668068719503338,3.7773937582969666,0.05740588862191404,COMPLETE
151,3.9875,2025-06-12 21:38:06.522386,2025-06-12 21:38:08.617477,0 days 00:00:02.095091,11,0.5295557556017487,0.0996690046045118,0.9936235364820166,0.006152277110497608,274,1517086,3.9875,2.5003737220663633,0.41725,0.14248399032873837,270.0,4,1.2800000000000005,"[0.22799999999999998, -0.09999999999999999]",1517086,"[2.28, -0.9999999999999999]",0.006512079415497957,1.7582614421844482,7.8,"[0.554, 0.22599999999999998]",1518086,"[5.540000000000001, 2.26]",0.005881687446876808,1.5880556106567383,2.31,"[0.33099999999999996, -0.09999999999999999]",1519086,"[3.3099999999999996, -0.9999999999999999]",0.006562855508592393,1.7719709873199463,4.56,"[0.556, -0.09999999999999999]",1520086,"[5.5600000000000005, -0.9999999999999999]",0.006402029814543547,1.7285480499267578,NashSolutionConcept,4.172499999999999,1.4248399032873837,0.006339663046377677,0.00027072751201148905,1.7117090225219727,0.07309642824310202,COMPLETE
152,6.8100000000000005,2025-06-12 21:38:08.635208,2025-06-12 21:38:11.391640,0 days 00:00:02.756432,12,0.5545094773819902,0.09249725754524106,0.9901489248857507,0.05208426653567603,354,1527088,6.8100000000000005,1.1907560623402251,0.6555,0.13289939804227863,350.0,4,5.440000000000001,"[0.6539999999999999, -0.10999999999999999]",1527088,"[6.539999999999999, -1.0999999999999999]",0.007057131358555385,2.4699959754943848,6.5600000000000005,"[0.4389999999999999, 0.21700000000000003]",1528088,"[4.389999999999999, 2.1700000000000004]",0.0072328553880964,2.5314993858337402,6.52,"[0.762, -0.10999999999999999]",1529088,"[7.62, -1.0999999999999999]",0.0072050557817731585,2.5217695236206055,8.719999999999999,"[0.767, 0.10500000000000007]",1530088,"[7.67, 1.0500000000000007]",0.006971180098397391,2.439913034439087,NashSolutionConcept,6.555,1.3289939804227864,0.007116555656705584,0.00010726509197149693,2.4907944798469543,0.03754278219002399,COMPLETE
153,3.0424999999999978,2025-06-12 21:38:11.407679,2025-06-12 21:38:20.655931,0 days 00:00:09.248252,47,0.6189124207465035,0.11261289630261911,0.9877691224679837,0.09674771302804455,444,1537091,3.0424999999999978,1.6184927401752536,0.5854999999999999,0.1588796714498114,440.0,4,2.2699999999999974,"[0.40199999999999986, -0.1750000000000002]",1537091,"[4.019999999999999, -1.7500000000000022]",0.018949515711177478,8.33778691291809,3.719999999999997,"[0.5479999999999999, -0.1760000000000002]",1538091,"[5.4799999999999995, -1.760000000000002]",0.01894550323486328,8.336021423339844,5.259999999999998,"[0.8400000000000001, -0.3140000000000002]",1539091,"[8.4, -3.1400000000000023]",0.016667901385914195,7.333876609802246,0.9199999999999973,"[0.5519999999999999, -0.46000000000000024]",1540091,"[5.52, -4.600000000000002]",0.02040011069991372,8.976048707962036,NashSolutionConcept,5.8549999999999995,1.588796714498114,0.01874075775796717,0.0013356352719254294,8.245933413505554,0.5876795196471887,COMPLETE
154,7.057500000000001,2025-06-12 21:38:20.670435,2025-06-12 21:38:23.960747,0 days 00:00:03.290312,14,0.5755849674167479,0.09700840486905388,0.9851640327975807,0.010134457349596896,395,1547100,7.057500000000001,2.928398666507004,0.69925,0.16534112464840683,390.0,4,7.420000000000001,"[0.8720000000000001, -0.12999999999999995]",1547100,"[8.72, -1.2999999999999994]",0.00788581004509559,3.0754659175872803,5.08,"[0.532, -0.024]",1548100,"[5.32, -0.24]",0.0078168606146788,3.0485756397247314,11.67,"[0.857, 0.31000000000000005]",1549100,"[8.57, 3.1000000000000005]",0.00785532058813633,3.063575029373169,4.0600000000000005,"[0.536, -0.12999999999999995]",1550100,"[5.36, -1.2999999999999994]",0.007512326118273613,2.929807186126709,NashSolutionConcept,6.9925,1.6534112464840682,0.007767579341546083,0.0001493819579865562,3.0293559432029724,0.05825896361475693,COMPLETE
155,8.04,2025-06-12 21:38:23.979096,2025-06-12 21:38:27.571010,0 days 00:00:03.591914,13,0.8114364295286587,0.10409165040392393,0.9809370049875893,0.0026273968826814056,471,1557104,8.04,0.5822370651203859,0.73225,0.09389988019161688,470.0,4,8.579999999999998,"[0.652, 0.20599999999999996]",1557104,"[6.5200000000000005, 2.0599999999999996]",0.006757950782775879,3.176236867904663,7.519999999999999,"[0.76, -0.007999999999999993]",1558104,"[7.6, -0.07999999999999993]",0.007180281395607806,3.374732255935669,8.66,"[0.874, -0.007999999999999985]",1559104,"[8.74, -0.07999999999999985]",0.006705391660649726,3.151534080505371,7.399999999999999,"[0.6429999999999999, 0.09700000000000007]",1560104,"[6.429999999999999, 0.9700000000000008]",0.0068671667829472965,3.2275683879852295,NashSolutionConcept,7.3225,0.9389988019161688,0.0068776976554951776,0.00018418502140707537,3.232517898082733,0.08656696006132544,COMPLETE
156,3.2825,2025-06-12 21:38:28.321071,2025-06-12 21:38:31.941408,0 days 00:00:03.620337,14,0.8112872798647756,0.10486393025030068,0.9809430414760669,0.002379163456531621,478,1567108,3.2825,1.19281966365415,0.43000000000000005,0.13392535234226569,470.0,4,2.9600000000000004,"[0.426, -0.12999999999999995]",1567108,"[4.26, -1.2999999999999994]",0.007077430664224828,3.326392412185669,5.2,"[0.6500000000000001, -0.12999999999999995]",1568108,"[6.500000000000002, -1.2999999999999994]",0.00703732967376709,3.3075449466705322,1.9200000000000004,"[0.322, -0.12999999999999995]",1569108,"[3.22, -1.2999999999999994]",0.006830702436731216,3.210430145263672,3.050000000000001,"[0.32200000000000006, -0.016999999999999994]",1570108,"[3.2200000000000006, -0.16999999999999993]",0.007240494768670265,3.4030325412750244,NashSolutionConcept,4.300000000000001,1.339253523422657,0.007046489385848349,0.00014598232684655732,3.3118500113487244,0.06861169361788187,COMPLETE
157,6.215,2025-06-12 21:38:31.955981,2025-06-12 21:38:38.021659,0 days 00:00:06.065678,27,0.8167539774378985,0.1468972682244966,0.9781304005947478,0.0048668154168622245,462,1577112,6.215,1.9866869406124361,0.7915000000000001,0.1348656739129717,460.0,4,9.55,"[0.9720000000000001, -0.017000000000000053]",1577112,"[9.72, -0.17000000000000054]",0.012505335393159286,5.7524542808532715,4.760000000000001,"[0.736, -0.2600000000000001]",1578112,"[7.359999999999999, -2.6000000000000014]",0.010885812406954559,5.007473707199097,4.6499999999999995,"[0.608, -0.14300000000000004]",1579112,"[6.08, -1.4300000000000004]",0.012743690221206002,5.862097501754761,5.9,"[0.85, -0.2600000000000001]",1580112,"[8.5, -2.6000000000000014]",0.011735795891803244,5.398466110229492,NashSolutionConcept,7.914999999999999,1.3486567391297166,0.011967658478280772,0.0007272332692941203,5.505122900009155,0.33452730387529545,COMPLETE
158,7.414999999999999,2025-06-12 21:38:38.037402,2025-06-12 21:38:41.458376,0 days 00:00:03.420974,13,0.8004843710020033,0.08937397337911279,0.9763283403640549,0.0027838304904095807,468,1587118,7.414999999999999,0.7535416378674767,0.7264999999999999,0.09006802984411288,460.0,4,7.46,"[0.756, -0.009999999999999985]",1587118,"[7.5600000000000005, -0.09999999999999984]",0.006888239798338517,3.1685903072357178,6.33,"[0.649, -0.01599999999999998]",1588118,"[6.49, -0.1599999999999998]",0.006932955721150274,3.189159631729126,7.41,"[0.8610000000000001, -0.11999999999999997]",1589118,"[8.610000000000001, -1.1999999999999997]",0.006803723003553307,3.1297125816345215,8.459999999999999,"[0.6399999999999999, 0.20599999999999996]",1590118,"[6.399999999999999, 2.0599999999999996]",0.007019753041474715,3.229086399078369,NashSolutionConcept,7.265000000000001,0.9006802984411291,0.006911167891129204,7.799927198025601e-05,3.1791372299194336,0.03587966511091773,COMPLETE
159,6.665,2025-06-12 21:38:41.473283,2025-06-12 21:38:45.316350,0 days 00:00:03.843067,15,0.7792233139359379,0.15535867750130936,0.9836085711173402,0.008892757086597659,487,1597121,6.665,1.2277927349516284,0.6397499999999999,0.23618253004826584,480.0,4,8.32,"[0.9719999999999999, -0.13999999999999996]",1597121,"[9.719999999999999, -1.3999999999999995]",0.007254492739836375,3.48215651512146,5.040000000000001,"[0.418, 0.086]",1598121,"[4.18, 0.8599999999999999]",0.007604971031347911,3.650386095046997,6.08,"[0.4149999999999999, 0.193]",1599121,"[4.1499999999999995, 1.9300000000000002]",0.007459498445192973,3.580559253692627,7.22,"[0.7540000000000001, -0.031999999999999994]",1600121,"[7.540000000000001, -0.31999999999999995]",0.007126352687676748,3.420649290084839,NashSolutionConcept,6.397499999999999,2.3618253004826584,0.007361328726013502,0.00018413753911636027,3.5334377884864807,0.08838601877585295,COMPLETE
160,6.154999999999999,2025-06-12 21:38:45.331128,2025-06-12 21:38:50.603196,0 days 00:00:05.272068,25,0.7659119109660861,0.19417970277238644,0.9740163560838566,0.003895189066778114,453,1607125,6.154999999999999,1.206202719280635,0.6,0.011683321445547908,450.0,4,6.009999999999999,"[0.609, -0.008000000000000071]",1607125,"[6.09, -0.08000000000000071]",0.010542293124728732,4.74403190612793,4.869999999999999,"[0.6039999999999999, -0.11700000000000008]",1608125,"[6.039999999999999, -1.1700000000000008]",0.010699135992262099,4.814611196517944,8.119999999999997,"[0.6069999999999999, 0.20499999999999993]",1609125,"[6.0699999999999985, 2.0499999999999994]",0.010702649222479927,4.816192150115967,5.619999999999999,"[0.58, -0.018000000000000082]",1610125,"[5.8, -0.18000000000000083]",0.011272487110561795,5.072619199752808,NashSolutionConcept,5.999999999999999,0.11683321445547898,0.010804141362508138,0.00027804631881043394,4.861863613128662,0.12512084346469515,COMPLETE
161,5.2125,2025-06-12 21:38:51.338197,2025-06-12 21:38:54.735383,0 days 00:00:03.397186,12,0.52187643266945,0.10793206279094567,0.9804666115582776,0.0018896606847990322,472,1617131,5.2125,2.0953684043623446,0.494,0.3139673549909289,470.0,4,6.6,"[0.549, 0.11100000000000003]",1617131,"[5.49, 1.1100000000000003]",0.006320338553570687,2.9705591201782227,2.1800000000000006,"[1.1102230246251566e-17, 0.21800000000000003]",1618131,"[1.1102230246251565e-16, 2.18]",0.006492167838076328,3.051318883895874,7.629999999999999,"[0.8729999999999999, -0.10999999999999999]",1619131,"[8.729999999999999, -1.0999999999999999]",0.006537143220292761,3.0724573135375977,4.44,"[0.554, -0.10999999999999999]",1620131,"[5.540000000000001, -1.0999999999999999]",0.00642394816621821,3.0192556381225586,NashSolutionConcept,4.9399999999999995,3.139673549909289,0.006443399444539496,8.168320943592245e-05,3.0283977389335632,0.038391108434883546,COMPLETE
162,6.765,2025-06-12 21:38:54.750746,2025-06-12 21:38:58.702142,0 days 00:00:03.951396,16,0.5382840471213227,0.10116771722253552,0.9824555023352336,0.012824572345004923,438,1627134,6.765,2.7690296134205568,0.5547500000000001,0.16827265820685192,430.0,4,2.5900000000000003,"[0.296, -0.03700000000000001]",1627134,"[2.96, -0.3700000000000001]",0.008533647448517555,3.669468402862549,6.96,"[0.6380000000000001, 0.05799999999999998]",1628134,"[6.380000000000001, 0.5799999999999998]",0.008354239131129065,3.592322826385498,10.379999999999999,"[0.752, 0.28600000000000003]",1629134,"[7.52, 2.8600000000000003]",0.00797543581141982,3.4294373989105225,7.13,"[0.5329999999999999, 0.18000000000000008]",1630134,"[5.329999999999999, 1.8000000000000007]",0.008305692672729492,3.5714478492736816,NashSolutionConcept,5.547499999999999,1.6827265820685189,0.008292253765948982,0.0002016601819943781,3.5656691193580627,0.08671387825758266,COMPLETE
163,6.635,2025-06-12 21:38:58.718799,2025-06-12 21:39:01.758827,0 days 00:00:03.040028,13,0.8480328005392133,0.09383738838576813,0.9793084254697642,0.01471152328850658,447,1637138,6.635,1.9686353141199102,0.6512500000000001,0.15668339892917824,440.0,4,4.190000000000001,"[0.429, -0.009999999999999995]",1637138,"[4.29, -0.09999999999999995]",0.006381605430082841,2.80790638923645,6.28,"[0.6460000000000001, -0.017999999999999978]",1638138,"[6.460000000000001, -0.17999999999999977]",0.006443315202539618,2.8350586891174316,6.38,"[0.658, -0.019999999999999983]",1639138,"[6.58, -0.19999999999999984]",0.0063990441235629,2.815579414367676,9.69,"[0.8720000000000001, 0.097]",1640138,"[8.72, 0.97]",0.006171624227003618,2.715514659881592,NashSolutionConcept,6.512499999999999,1.5668339892917822,0.006348897245797244,0.00010479146961527247,2.7935147881507874,0.04610824663071987,COMPLETE
164,7.295,2025-06-12 21:39:01.772980,2025-06-12 21:39:04.474361,0 days 00:00:02.701381,10,0.8342753955361191,0.12008110974581379,0.9866089540798948,0.0024687353317099227,459,1647141,7.295,3.8502370056919877,0.6332500000000001,0.29324850809509667,450.0,4,2.5399999999999996,"[0.34400000000000003, -0.08999999999999998]",1647141,"[3.4400000000000004, -0.8999999999999998]",0.0055719327926635745,2.5073697566986084,12.07,"[0.9780000000000001, 0.229]",1648141,"[9.780000000000001, 2.29]",0.005305201742384169,2.387340784072876,4.6499999999999995,"[0.3410000000000001, 0.12400000000000003]",1649141,"[3.410000000000001, 1.2400000000000002]",0.005414086977640788,2.4363391399383545,9.92,"[0.8699999999999999, 0.12199999999999997]",1650141,"[8.7, 1.2199999999999998]",0.005447862413194444,2.4515380859375,NashSolutionConcept,6.3325000000000005,2.932485080950967,0.005434770981470744,9.513249151339635e-05,2.4456469416618347,0.04280962118102831,COMPLETE
165,4.662499999999999,2025-06-12 21:39:04.490239,2025-06-12 21:39:08.558672,0 days 00:00:04.068433,22,0.7234337975249918,0.11139251919119685,0.9772556570096802,0.007237364715469657,374,1657144,4.662499999999999,2.1099925947737357,0.5875,0.12822343779512388,370.0,4,5.219999999999999,"[0.618, -0.09600000000000006]",1657144,"[6.18, -0.9600000000000006]",0.009306247814281566,3.4433116912841797,7.550000000000001,"[0.724, 0.030999999999999972]",1658144,"[7.24, 0.3099999999999997]",0.010154309788265745,3.757094621658325,4.209999999999999,"[0.631, -0.21000000000000002]",1659144,"[6.3100000000000005, -2.1]",0.009897812637122902,3.6621906757354736,1.6699999999999993,"[0.37699999999999995, -0.21000000000000002]",1660144,"[3.7699999999999996, -2.1]",0.010192329174763447,3.7711617946624756,NashSolutionConcept,5.875,1.282234377951239,0.009887674853608416,0.0003542840034820665,3.6584396958351135,0.1310850812883645,COMPLETE
166,7.435,2025-06-12 21:39:09.316068,2025-06-12 21:39:12.318697,0 days 00:00:03.002629,11,0.7495033619087711,0.09875974876958982,0.9837734543342682,0.031277388018160254,495,1667149,7.435,1.6153405213762209,0.63,0.048052055106935845,490.0,4,6.64,"[0.6570000000000001, 0.007000000000000016]",1667149,"[6.570000000000001, 0.07000000000000016]",0.005743250068353147,2.814192533493042,7.659999999999998,"[0.547, 0.21899999999999994]",1668149,"[5.470000000000001, 2.1899999999999995]",0.005474810211025939,2.68265700340271,5.529999999999999,"[0.653, -0.09999999999999999]",1669149,"[6.53, -0.9999999999999999]",0.005696374542859136,2.7912235260009766,9.91,"[0.6629999999999999, 0.32799999999999996]",1670149,"[6.629999999999999, 3.2799999999999994]",0.005386305341915208,2.639289617538452,NashSolutionConcept,6.300000000000001,0.4805205510693583,0.0055751850410383575,0.00014889878777105838,2.731840670108795,0.07296040600781856,COMPLETE
167,4.5649999999999995,2025-06-12 21:39:12.333725,2025-06-12 21:39:18.790872,0 days 00:00:06.457147,33,0.5657803027212922,0.0834357627118226,0.990929318175427,0.01762779050968401,421,1677152,4.5649999999999995,2.6816459497853185,0.5502499999999999,0.17615529370416316,420.0,4,4.0699999999999985,"[0.595, -0.18800000000000008]",1677152,"[5.949999999999999, -1.8800000000000008]",0.014345727648053851,6.025205612182617,8.84,"[0.8089999999999998, 0.07499999999999993]",1678152,"[8.089999999999998, 0.7499999999999993]",0.01412975447518485,5.934496879577637,3.9199999999999986,"[0.4659999999999999, -0.0740000000000001]",1679152,"[4.659999999999999, -0.7400000000000009]",0.014935373124622163,6.272856712341309,1.4299999999999984,"[0.33099999999999996, -0.18800000000000008]",1680152,"[3.3099999999999996, -1.8800000000000008]",0.013831453663962228,5.809210538864136,NashSolutionConcept,5.502499999999999,1.7615529370416316,0.014310577227955772,0.0004043085832683253,6.010442435741425,0.16980960497269662,COMPLETE
168,4.7775,2025-06-12 21:39:18.808010,2025-06-12 21:39:21.499109,0 days 00:00:02.691099,11,0.5946405487310259,0.10436879058272135,0.9694409588642833,0.08408563452166647,403,1687158,4.7775,1.1430961245669586,0.46925000000000006,0.04845810045802458,400.0,4,4.53,"[0.553, -0.09999999999999999]",1687158,"[5.53, -0.9999999999999999]",0.006240618228912353,2.4962472915649414,3.46,"[0.446, -0.09999999999999999]",1688158,"[4.46, -0.9999999999999999]",0.0062597298622131346,2.503891944885254,6.609999999999999,"[0.437, 0.22399999999999992]",1689158,"[4.37, 2.2399999999999993]",0.006119068861007691,2.447627544403076,4.51,"[0.44099999999999995, 0.01000000000000002]",1690158,"[4.409999999999999, 0.1000000000000002]",0.006076070070266723,2.4304280281066895,NashSolutionConcept,4.6925,0.4845810045802458,0.006173871755599975,7.809486711774683e-05,2.4695487022399902,0.031237946847098727,COMPLETE
169,7.899999999999999,2025-06-12 21:39:21.514416,2025-06-12 21:39:24.988744,0 days 00:00:03.474328,12,0.5147723650709426,0.14117414628066305,0.9010336621276313,0.006318237175399375,481,1697161,7.899999999999999,2.095149159367895,0.71025,0.1636236153493743,480.0,4,9.829999999999998,"[0.7690000000000001, 0.21400000000000002]",1697161,"[7.690000000000001, 2.14]",0.005959464112917582,2.8605427742004395,8.65,"[0.7589999999999999, 0.10600000000000005]",1698161,"[7.589999999999999, 1.0600000000000005]",0.006274852653344472,3.0119292736053467,8.76,"[0.875, 0.001000000000000012]",1699161,"[8.75, 0.01000000000000012]",0.006661838293075562,3.1976823806762695,4.36,"[0.438, -0.0019999999999999905]",1700161,"[4.38, -0.019999999999999907]",0.006294716894626617,3.0214641094207764,NashSolutionConcept,7.1025,1.6362361534937433,0.0062977179884910585,0.00024876249248376327,3.022904634475708,0.11940599639220623,COMPLETE
170,7.4175,2025-06-12 21:39:25.003339,2025-06-12 21:39:28.648389,0 days 00:00:03.645050,13,0.5081697714902579,0.14209726963207628,0.9728490831120887,0.005843494206897691,472,1707165,7.4175,2.724255632278293,0.7255,0.15745872475032935,470.0,4,6.31,"[0.7510000000000001, -0.11999999999999997]",1707165,"[7.510000000000002, -1.1999999999999997]",0.007349537788553441,3.454282760620117,11.680000000000001,"[0.9659999999999999, 0.20199999999999996]",1708165,"[9.659999999999998, 2.0199999999999996]",0.0070728225910917245,3.3242266178131104,7.47,"[0.644, 0.10300000000000005]",1709165,"[6.44, 1.0300000000000005]",0.007124834365033089,3.3486721515655518,4.210000000000001,"[0.541, -0.11999999999999997]",1710165,"[5.41, -1.1999999999999997]",0.007235329201880922,3.400604724884033,NashSolutionConcept,7.255000000000001,1.5745872475032934,0.007195630986639794,0.00010648628505191596,3.381946563720703,0.0500485539744005,COMPLETE
171,5.965000000000001,2025-06-12 21:39:29.425302,2025-06-12 21:39:32.887058,0 days 00:00:03.461756,12,0.5000092135806685,0.08734027725921616,0.904749179908145,0.006862080460922381,486,1717169,5.965000000000001,0.5534663494739313,0.571,0.05153154373779227,480.0,4,5.37,"[0.544, -0.006999999999999984]",1717169,"[5.44, -0.06999999999999984]",0.006742887695630391,3.236586093902588,6.44,"[0.5349999999999999, 0.10900000000000001]",1718169,"[5.35, 1.09]",0.006697345773379008,3.214725971221924,5.460000000000001,"[0.5449999999999999, 0.001000000000000012]",1719169,"[5.449999999999999, 0.01000000000000012]",0.006798535088698069,3.2632968425750732,6.59,"[0.6599999999999999, -0.0009999999999999898]",1720169,"[6.6, -0.009999999999999898]",0.006677331030368805,3.2051188945770264,NashSolutionConcept,5.709999999999999,0.5153154373779228,0.0067290248970190685,4.6636001802381844e-05,3.229931950569153,0.022385280865143214,COMPLETE
172,8.0375,2025-06-12 21:39:32.901920,2025-06-12 21:39:36.926909,0 days 00:00:04.024989,15,0.5146396438204223,0.09594865781540328,0.9249456012068712,0.008283215433484547,481,1727172,8.0375,1.2141946919666544,0.6665000000000001,0.04656984002549287,480.0,4,8.24,"[0.747, 0.07700000000000003]",1727172,"[7.47, 0.7700000000000002]",0.007677043477694194,3.684980869293213,8.389999999999999,"[0.643, 0.196]",1728172,"[6.43, 1.96]",0.007224622865517934,3.4678189754486084,6.090000000000001,"[0.635, -0.025999999999999995]",1729172,"[6.35, -0.25999999999999995]",0.007980070014794668,3.8304336071014404,9.43,"[0.6410000000000001, 0.302]",1730172,"[6.410000000000001, 3.02]",0.007981427510579427,3.831085205078125,NashSolutionConcept,6.665,0.46569840025492876,0.007715790967146556,0.0003094970356195199,3.7035796642303467,0.14855857709736955,COMPLETE
173,7.809999999999999,2025-06-12 21:39:36.943046,2025-06-12 21:39:40.997101,0 days 00:00:04.054055,15,0.5228546035467702,0.09621466452384299,0.9099037824708759,0.00822351802041867,482,1737176,7.809999999999999,1.8303688152937914,0.7545000000000002,0.07389350445066203,480.0,4,10.589999999999998,"[0.8590000000000002, 0.2]",1737176,"[8.590000000000002, 2.0]",0.007182010511557261,3.4473650455474854,6.18,"[0.65, -0.031999999999999994]",1738176,"[6.5, -0.31999999999999995]",0.007594984769821167,3.64559268951416,8.32,"[0.7539999999999999, 0.07800000000000003]",1739176,"[7.539999999999999, 0.7800000000000002]",0.00795824925104777,3.8199596405029297,6.15,"[0.7550000000000001, -0.13999999999999996]",1740176,"[7.550000000000001, -1.3999999999999995]",0.008039922018845876,3.8591625690460205,NashSolutionConcept,7.545000000000001,0.7389350445066203,0.007693791637818019,0.0003396420130908952,3.693019986152649,0.1630281662836297,COMPLETE
174,6.1850000000000005,2025-06-12 21:39:41.012046,2025-06-12 21:39:44.886437,0 days 00:00:03.874391,14,0.5103916364357541,0.16593824717981395,0.9131096173902729,0.005399849386519536,493,1747181,6.1850000000000005,2.8152841774854624,0.559,0.24030189345904035,490.0,4,7.3100000000000005,"[0.642, 0.089]",1747181,"[6.42, 0.8899999999999999]",0.007365497764275999,3.6090939044952393,9.479999999999999,"[0.8659999999999999, 0.082]",1748181,"[8.659999999999998, 0.8200000000000001]",0.0072860090100035375,3.5701444149017334,6.19,"[0.528, 0.09100000000000007]",1749181,"[5.28, 0.9100000000000007]",0.0074886638291028085,3.669445276260376,1.7600000000000002,"[0.2, -0.023999999999999987]",1750181,"[2.0, -0.23999999999999988]",0.007495688418952786,3.6728873252868652,NashSolutionConcept,5.59,2.4030189345904036,0.007408964755583783,8.786414344383642e-05,3.6303927302360535,0.04305343028747983,COMPLETE
175,9.0375,2025-06-12 21:39:44.900758,2025-06-12 21:39:49.161776,0 days 00:00:04.261018,16,0.5340698128476055,0.09226633093148454,0.9300115013441652,0.010402731707108046,480,1757184,9.0375,1.0134193357144916,0.77725,0.0863028823388883,480.0,4,10.510000000000002,"[0.865, 0.186]",1757184,"[8.65, 1.8599999999999999]",0.008280844986438751,3.9748055934906006,8.2,"[0.645, 0.175]",1758184,"[6.45, 1.75]",0.00824974775314331,3.959878921508789,7.999999999999999,"[0.842, -0.042]",1759184,"[8.42, -0.42000000000000004]",0.008475673198699952,4.068323135375977,9.439999999999998,"[0.7569999999999999, 0.18700000000000006]",1760184,"[7.5699999999999985, 1.8700000000000006]",0.007933076719443004,3.8078768253326416,NashSolutionConcept,7.772500000000001,0.8630288233888832,0.008234835664431254,0.00019455102601528062,3.952721118927002,0.09338449248733476,COMPLETE
176,6.7425,2025-06-12 21:39:49.978205,2025-06-12 21:39:54.445984,0 days 00:00:04.467779,17,0.5321088908881239,0.09376982422391561,0.9264159319250272,0.010948183091021715,480,1767190,6.7425,2.5001637446375384,0.6365,0.18228343314739273,480.0,4,9.1,"[0.508, 0.40199999999999997]",1767190,"[5.08, 4.02]",0.008493594825267792,4.07692551612854,2.5800000000000005,"[0.418, -0.15999999999999998]",1768190,"[4.18, -1.5999999999999996]",0.008802708983421326,4.225300312042236,7.1499999999999995,"[0.875, -0.15999999999999998]",1769190,"[8.75, -1.5999999999999996]",0.00831850121418635,3.9928805828094482,8.139999999999999,"[0.7449999999999999, 0.06899999999999999]",1770190,"[7.449999999999999, 0.69]",0.008702593545118967,4.1772449016571045,NashSolutionConcept,6.364999999999999,1.8228343314739275,0.008579349641998609,0.00018739947034463147,4.118087828159332,0.08995174576542296,COMPLETE
177,4.992500000000001,2025-06-12 21:39:54.461471,2025-06-12 21:39:58.463244,0 days 00:00:04.001773,16,0.546346908784893,0.09119756159412336,0.9499139531679395,0.009558751860933374,466,1777194,4.992500000000001,2.1101703130316283,0.59175,0.12399873991295235,460.0,4,3.880000000000001,"[0.5379999999999999, -0.14999999999999997]",1777194,"[5.379999999999999, -1.4999999999999996]",0.00809878629186879,3.7254416942596436,8.39,"[0.759, 0.08]",1778194,"[7.59, 0.8]",0.007418652202772057,3.4125800132751465,2.75,"[0.425, -0.14999999999999997]",1779194,"[4.25, -1.4999999999999996]",0.008267227463100267,3.802924633026123,4.95,"[0.6449999999999999, -0.14999999999999997]",1780194,"[6.449999999999999, -1.4999999999999996]",0.00821982881297236,3.781121253967285,NashSolutionConcept,5.9174999999999995,1.2399873991295234,0.008001123692678368,0.0003418530993386876,3.6805168986320496,0.15725242569579626,COMPLETE
178,6.595,2025-06-12 21:39:58.478274,2025-06-12 21:40:02.629234,0 days 00:00:04.150960,16,0.5186693576869984,0.08018630704451762,0.9392065821531472,0.00793814213531716,476,1787198,6.595,2.8712061925260604,0.61425,0.16691221495145292,470.0,4,10.389999999999999,"[0.6369999999999999, 0.40199999999999997]",1787198,"[6.369999999999999, 4.02]",0.007861315443160686,3.6948182582855225,3.79,"[0.5289999999999999, -0.14999999999999997]",1788198,"[5.289999999999999, -1.4999999999999996]",0.008245463066912711,3.8753676414489746,3.84,"[0.41999999999999993, -0.03600000000000001]",1789198,"[4.199999999999999, -0.3600000000000001]",0.008240837746478142,3.8731937408447266,8.36,"[0.8710000000000001, -0.034999999999999996]",1790198,"[8.71, -0.35]",0.008054127591721555,3.785439968109131,NashSolutionConcept,6.1425,1.6691221495145292,0.008100435962068274,0.00015816811462162467,3.8072049021720886,0.07433901387216357,COMPLETE
179,5.6025,2025-06-12 21:40:02.643926,2025-06-12 21:40:06.788559,0 days 00:00:04.144633,15,0.5478215573183289,0.08620199105366463,0.935088792529662,0.01189611547270656,499,1797202,5.6025,2.2981990231483436,0.5940000000000001,0.18665074336846343,490.0,4,8.46,"[0.874, -0.02799999999999999]",1797202,"[8.74, -0.2799999999999999]",0.007949412112333337,3.895211935043335,3.9499999999999997,"[0.42700000000000005, -0.031999999999999994]",1798202,"[4.2700000000000005, -0.31999999999999995]",0.007627899306161063,3.737670660018921,2.8200000000000003,"[0.422, -0.13999999999999996]",1799202,"[4.22, -1.3999999999999995]",0.008059347405725595,3.949080228805542,7.18,"[0.653, 0.06500000000000003]",1800202,"[6.53, 0.6500000000000004]",0.008036732187076491,3.9379987716674805,NashSolutionConcept,5.94,1.8665074336846346,0.007918347752824122,0.00017264202196473695,3.8799903988838196,0.08459459076272118,COMPLETE
180,6.0275,2025-06-12 21:40:06.803009,2025-06-12 21:40:10.349148,0 days 00:00:03.546139,14,0.7883015072391986,0.09131616592381174,0.9277942868801128,0.006237017427851415,464,1807206,6.0275,1.662142818773405,0.5680000000000001,0.20237341722667038,460.0,4,5.280000000000001,"[0.545, -0.01699999999999998]",1807206,"[5.45, -0.16999999999999982]",0.0068086790001910666,3.1319923400878906,8.55,"[0.877, -0.022]",1808206,"[8.77, -0.21999999999999997]",0.006929223433784816,3.1874427795410156,6.27,"[0.541, 0.08600000000000001]",1809206,"[5.41, 0.8600000000000001]",0.007168176381484322,3.297361135482788,4.01,"[0.309, 0.09200000000000003]",1810206,"[3.09, 0.9200000000000003]",0.007171818484430728,3.2990365028381348,NashSolutionConcept,5.68,2.0237341722667033,0.007019474324972733,0.00015644562700964205,3.2289581894874573,0.07196498842443531,COMPLETE
181,3.8325000000000005,2025-06-12 21:40:11.170010,2025-06-12 21:40:14.416807,0 days 00:00:03.246797,12,0.530424212471431,0.10062269748700517,0.9547092725683849,0.008724232659804189,458,1817211,3.8325000000000005,2.296599388225992,0.38300000000000006,0.12615664865555049,450.0,4,1.0100000000000002,"[0.21100000000000002, -0.10999999999999999]",1817211,"[2.1100000000000003, -1.0999999999999999]",0.006561117172241211,2.952502727508545,5.460000000000001,"[0.43699999999999994, 0.10900000000000003]",1818211,"[4.369999999999999, 1.0900000000000003]",0.006338902049594456,2.852505922317505,6.640000000000001,"[0.5520000000000002, 0.11200000000000002]",1819211,"[5.520000000000001, 1.12]",0.006298816468980577,2.8344674110412598,2.2200000000000006,"[0.3320000000000001, -0.10999999999999999]",1820211,"[3.3200000000000007, -1.0999999999999999]",0.0065321503745185,2.939467668533325,NashSolutionConcept,3.83,1.2615664865555047,0.0064327465163336855,0.00011522173605892604,2.8947359323501587,0.05184978122651678,COMPLETE
182,4.9350000000000005,2025-06-12 21:40:14.431643,2025-06-12 21:40:18.173639,0 days 00:00:03.741996,13,0.514460687918639,0.13509652334925681,0.920488826143005,0.004531567647186392,481,1827214,4.9350000000000005,2.4481676821655824,0.40075,0.1776800143516428,480.0,4,2.000000000000001,"[0.10400000000000006, 0.09600000000000007]",1827214,"[1.0400000000000007, 0.9600000000000007]",0.00711669276158015,3.4160125255584717,3.0300000000000002,"[0.42299999999999993, -0.11999999999999997]",1828214,"[4.2299999999999995, -1.1999999999999997]",0.007394068936506907,3.5491530895233154,7.26,"[0.533, 0.19300000000000003]",1829214,"[5.33, 1.9300000000000004]",0.007107167442639669,3.411440372467041,7.450000000000001,"[0.5429999999999999, 0.20200000000000004]",1830214,"[5.43, 2.0200000000000005]",0.006871478259563446,3.298309564590454,NashSolutionConcept,4.0075,1.7768001435164278,0.007122351850072543,0.000185088036476536,3.4187288880348206,0.08884225750873727,COMPLETE
183,6.8025,2025-06-12 21:40:18.187846,2025-06-12 21:40:21.503348,0 days 00:00:03.315502,14,0.5274538158815104,0.09747026474237955,0.9315315542925386,0.007145046056077469,432,1837218,6.8025,2.293919952831833,0.5362500000000001,0.17741670580866958,430.0,4,5.130000000000001,"[0.312, 0.201]",1837218,"[3.12, 2.0100000000000002]",0.007240844881811807,3.113563299179077,8.35,"[0.645, 0.19000000000000003]",1838218,"[6.45, 1.9000000000000004]",0.0073272793792014896,3.1507301330566406,9.68,"[0.7630000000000001, 0.20500000000000002]",1839218,"[7.630000000000001, 2.0500000000000003]",0.00688643732736277,2.961168050765991,4.050000000000001,"[0.4250000000000001, -0.019999999999999987]",1840218,"[4.250000000000001, -0.19999999999999987]",0.007104193887045217,3.0548033714294434,NashSolutionConcept,5.362500000000001,1.7741670580866955,0.007139688868855321,0.00016644742077548215,3.070066213607788,0.07157239093345734,COMPLETE
184,8.3875,2025-06-12 21:40:21.516825,2025-06-12 21:40:25.097461,0 days 00:00:03.580636,15,0.5157798716012785,0.10469443884850174,0.9024772240947337,0.009938254013329921,452,1847221,8.3875,0.7562530991672027,0.728,0.09509206065702863,450.0,4,9.479999999999999,"[0.7550000000000001, 0.19300000000000003]",1847221,"[7.550000000000001, 1.9300000000000004]",0.006780012978447808,3.0510058403015137,7.3500000000000005,"[0.649, 0.08600000000000005]",1848221,"[6.49, 0.8600000000000005]",0.0073429987165662975,3.304349422454834,8.27,"[0.6359999999999999, 0.191]",1849221,"[6.359999999999999, 1.9100000000000001]",0.007540647718641493,3.393291473388672,8.45,"[0.8720000000000001, -0.02699999999999999]",1850221,"[8.72, -0.2699999999999999]",0.007400484085083008,3.3302178382873535,NashSolutionConcept,7.279999999999999,0.9509206065702861,0.007266035874684652,0.0002896677065266535,3.2697161436080933,0.13035046793699412,COMPLETE
185,6.8825,2025-06-12 21:40:25.113891,2025-06-12 21:40:29.376157,0 days 00:00:04.262266,18,0.5420187926033968,0.10411520524949147,0.9032823012854295,0.014120819842509185,450,1857225,6.8825,1.3755430745709127,0.8034999999999999,0.17141834790943467,450.0,4,6.819999999999999,"[0.8520000000000001, -0.16999999999999998]",1857225,"[8.520000000000001, -1.6999999999999997]",0.009014968872070312,4.056735992431641,4.66,"[0.52, -0.05399999999999998]",1858225,"[5.2, -0.5399999999999998]",0.009000439114040798,4.050197601318359,8.11,"[0.9809999999999999, -0.16999999999999998]",1859225,"[9.809999999999999, -1.6999999999999997]",0.008742836316426595,3.9342763423919678,7.94,"[0.861, -0.06700000000000002]",1860225,"[8.61, -0.6700000000000002]",0.008561667336357964,3.852750301361084,NashSolutionConcept,8.035,1.7141834790943467,0.008829977909723917,0.00018898604405442806,3.973490059375763,0.08504371982449274,COMPLETE
186,8.015,2025-06-12 21:40:30.116918,2025-06-12 21:40:33.752307,0 days 00:00:03.635389,15,0.5181969697120643,0.16152340049013933,0.9063882101169368,0.010338376736100587,468,1867230,8.015,1.7919333134913253,0.778,0.16681876393259837,460.0,4,9.24,"[0.851, 0.07299999999999998]",1867230,"[8.51, 0.7299999999999998]",0.007481975140778915,3.441708564758301,8.23,"[0.7410000000000001, 0.082]",1868230,"[7.410000000000001, 0.8200000000000001]",0.007472094245578932,3.4371633529663086,9.56,"[0.9879999999999999, -0.03200000000000001]",1869230,"[9.879999999999999, -0.32000000000000006]",0.0069401927616285245,3.192488670349121,5.03,"[0.532, -0.029000000000000005]",1870230,"[5.32, -0.29000000000000004]",0.007532673815022344,3.4650299549102783,NashSolutionConcept,7.78,1.6681876393259836,0.007356733990752179,0.0002415857774051351,3.384097635746002,0.11112945760636225,COMPLETE
187,6.509999999999999,2025-06-12 21:40:33.766453,2025-06-12 21:40:37.704449,0 days 00:00:03.937996,16,0.5566620606950363,0.1787173945458473,0.9086080988033602,0.010331459202248977,470,1877233,6.509999999999999,1.6821563542073001,0.57875,0.20551809531036433,470.0,4,7.159999999999999,"[0.866, -0.14999999999999997]",1877233,"[8.66, -1.4999999999999996]",0.007445063996822276,3.4991800785064697,8.349999999999996,"[0.6419999999999999, 0.193]",1878233,"[6.419999999999999, 1.9300000000000002]",0.007301225560776731,3.4315760135650635,3.7800000000000002,"[0.301, 0.077]",1879233,"[3.01, 0.77]",0.00799112319946289,3.7558279037475586,6.75,"[0.506, 0.16899999999999998]",1880233,"[5.0600000000000005, 1.69]",0.007592630386352539,3.5685362815856934,NashSolutionConcept,5.7875,2.0551809531036436,0.007582510785853609,0.0002574293633851011,3.5637800693511963,0.12099180079099767,COMPLETE
188,8.0075,2025-06-12 21:40:37.718009,2025-06-12 21:40:41.078687,0 days 00:00:03.360678,15,0.8044961094545763,0.17172439020373384,0.9011179531492405,0.009459866659191641,441,1887237,8.0075,2.769362516898067,0.6705,0.19718329036710996,440.0,4,7.28,"[0.643, 0.08500000000000005]",1887237,"[6.43, 0.8500000000000005]",0.006388687545602972,2.8110225200653076,12.719999999999999,"[0.978, 0.29399999999999993]",1888237,"[9.78, 2.9399999999999995]",0.006496045806191184,2.858260154724121,6.03,"[0.42799999999999994, 0.17500000000000004]",1889237,"[4.279999999999999, 1.7500000000000004]",0.006892680579965765,3.0327794551849365,5.999999999999999,"[0.6330000000000001, -0.032999999999999995]",1890237,"[6.330000000000001, -0.32999999999999996]",0.007018134810707786,3.087979316711426,NashSolutionConcept,6.705000000000001,1.9718329036710995,0.006698887185616927,0.0002630795353555286,2.9475103616714478,0.11575499555643257,COMPLETE
189,5.345,2025-06-12 21:40:41.093745,2025-06-12 21:40:44.418685,0 days 00:00:03.324940,15,0.795418774848263,0.1739641539863665,0.9011854989732596,0.009478494359511612,456,1897241,5.345,0.9253783010207229,0.53625,0.08103201527791348,450.0,4,3.94,"[0.41999999999999993, -0.025999999999999995]",1897241,"[4.199999999999999, -0.25999999999999995]",0.006736280123392741,3.0313260555267334,6.24,"[0.542, 0.082]",1898241,"[5.42, 0.8200000000000001]",0.0065950515535142685,2.967773199081421,5.090000000000001,"[0.649, -0.13999999999999996]",1899241,"[6.49, -1.3999999999999995]",0.006833099259270562,3.074894666671753,6.109999999999999,"[0.534, 0.077]",1900241,"[5.34, 0.77]",0.007012759844462077,3.1557419300079346,NashSolutionConcept,5.3625,0.8103201527791348,0.006794297695159912,0.00015190155994063143,3.0574339628219604,0.0683557019732841,COMPLETE
190,7.3149999999999995,2025-06-12 21:40:44.433975,2025-06-12 21:40:48.043320,0 days 00:00:03.609345,17,0.8061914683304204,0.17084022450451117,0.9075558986598915,0.011789277448425848,444,1907244,7.3149999999999995,2.1474927240854624,0.7515,0.1384151364555192,440.0,4,8.16,"[0.8619999999999999, -0.04600000000000002]",1907244,"[8.62, -0.4600000000000002]",0.007816858725114301,3.439417839050293,4.809999999999999,"[0.5259999999999999, -0.04500000000000002]",1908244,"[5.259999999999999, -0.4500000000000002]",0.007286208326166326,3.2059316635131836,10.389999999999999,"[0.868, 0.17099999999999996]",1909244,"[8.68, 1.7099999999999995]",0.007367784868587147,3.2418253421783447,5.8999999999999995,"[0.7499999999999999, -0.15999999999999998]",1910244,"[7.499999999999999, -1.5999999999999996]",0.00772001255642284,3.39680552482605,NashSolutionConcept,7.515,1.3841513645551922,0.007547716119072653,0.00022521400120911278,3.3209950923919678,0.09909416053200976,COMPLETE
191,6.345,2025-06-12 21:40:48.796114,2025-06-12 21:40:52.065198,0 days 00:00:03.269084,15,0.7722174683636969,0.17828793405700824,0.903096613860113,0.008667340131800443,436,1917248,6.345,3.116684937557853,0.606,0.13755907821732455,430.0,4,3.97,"[0.537, -0.13999999999999996]",1917248,"[5.37, -1.3999999999999995]",0.006975150108337403,2.999314546585083,6.1,"[0.5229999999999999, 0.087]",1918248,"[5.229999999999999, 0.8699999999999999]",0.0069316098856371505,2.9805922508239746,11.51,"[0.8440000000000001, 0.30700000000000005]",1919248,"[8.440000000000001, 3.0700000000000003]",0.006872712179671886,2.955266237258911,3.8000000000000003,"[0.5199999999999999, -0.13999999999999996]",1920248,"[5.199999999999999, -1.3999999999999995]",0.007204593614090321,3.097975254058838,NashSolutionConcept,6.06,1.3755907821732458,0.00699601644693419,0.0001257894930116534,3.0082870721817017,0.05408948199501097,COMPLETE
192,6.547500000000001,2025-06-12 21:40:52.079675,2025-06-12 21:40:55.434326,0 days 00:00:03.354651,16,0.8219508882158514,0.16594472385425652,0.9042783659346261,0.010646715499494523,450,1927252,6.547500000000001,1.1953948092575943,0.60925,0.14479187649864889,450.0,4,7.1000000000000005,"[0.75, -0.040000000000000015]",1927252,"[7.5, -0.40000000000000013]",0.007092456287807888,3.19160532951355,8.13,"[0.7459999999999999, 0.06699999999999999]",1928252,"[7.459999999999999, 0.6699999999999999]",0.006990314059787326,3.145641326904297,6.040000000000001,"[0.41200000000000003, 0.19200000000000003]",1929252,"[4.12, 1.9200000000000004]",0.006735297838846842,3.030884027481079,4.92,"[0.5289999999999999, -0.037]",1930252,"[5.289999999999999, -0.37]",0.006981229252285427,3.1415531635284424,NashSolutionConcept,6.092499999999999,1.447918764986489,0.006949824359681871,0.00013133085905128885,3.127420961856842,0.059098886573079976,COMPLETE
193,4.365,2025-06-12 21:40:55.447065,2025-06-12 21:40:58.977929,0 days 00:00:03.530864,14,0.5393579695616642,0.08895607583479029,0.9201100686373749,0.013915305496043409,464,1937255,4.365,1.6590433990706812,0.53925,0.15874881889324408,460.0,4,5.2,"[0.5409999999999999, -0.02099999999999999]",1937255,"[5.409999999999999, -0.2099999999999999]",0.007110704546389373,3.2709240913391113,4.09,"[0.539, -0.12999999999999995]",1938255,"[5.390000000000001, -1.2999999999999994]",0.007307177522908086,3.3613016605377197,1.8400000000000005,"[0.31400000000000006, -0.12999999999999995]",1939255,"[3.1400000000000006, -1.2999999999999994]",0.007278357899707297,3.3480446338653564,6.33,"[0.7630000000000001, -0.12999999999999995]",1940255,"[7.630000000000001, -1.2999999999999994]",0.007258820015451183,3.339057207107544,NashSolutionConcept,5.3925,1.5874881889324406,0.007238764996113985,7.591039853272445e-05,3.329831898212433,0.0349187833250533,COMPLETE
194,8.14,2025-06-12 21:40:58.992659,2025-06-12 21:41:02.290397,0 days 00:00:03.297738,15,0.5266780680419197,0.16183397341590466,0.9057293296478268,0.007867473927142767,425,1947259,8.14,1.6617310251662278,0.67275,0.1228054864409567,420.0,4,6.16,"[0.53, 0.08600000000000002]",1947259,"[5.300000000000001, 0.8600000000000002]",0.007036045051756359,2.955138921737671,10.650000000000002,"[0.645, 0.41999999999999993]",1948259,"[6.45, 4.199999999999999]",0.00738346122560047,3.1010537147521973,8.46,"[0.647, 0.199]",1949259,"[6.470000000000001, 1.9900000000000002]",0.006919721194675991,2.906282901763916,7.289999999999998,"[0.869, -0.13999999999999996]",1950259,"[8.69, -1.3999999999999995]",0.00746206385748727,3.1340668201446533,NashSolutionConcept,6.727499999999999,1.2280548644095666,0.007200322832380022,0.00022791034618045597,3.0241355895996094,0.09572234539579148,COMPLETE
195,7.739999999999999,2025-06-12 21:41:02.302989,2025-06-12 21:41:05.781897,0 days 00:00:03.478908,15,0.525525083889691,0.15669172737256343,0.9010430132673657,0.007718555947843417,425,1957262,7.739999999999999,2.996689840473984,0.615,0.18151170761138247,420.0,4,10.479999999999999,"[0.752, 0.296]",1957262,"[7.52, 2.96]",0.007183117525918143,3.01690936088562,2.7100000000000013,"[0.309, -0.038]",1958262,"[3.09, -0.38]",0.007813496249062675,3.2816684246063232,8.389999999999999,"[0.649, 0.19000000000000006]",1959262,"[6.49, 1.9000000000000006]",0.007535316830589658,3.1648330688476562,9.379999999999999,"[0.75, 0.18800000000000006]",1960262,"[7.5, 1.8800000000000006]",0.00711502574739002,2.9883108139038086,NashSolutionConcept,6.15,1.8151170761138247,0.007411739088240124,0.000281507948410599,3.112930417060852,0.1182333383324515,COMPLETE
196,8.08,2025-06-12 21:41:06.578478,2025-06-12 21:41:09.655624,0 days 00:00:03.077146,13,0.5178619339035562,0.1739652928384968,0.9138219148506602,0.009241897252341116,443,1967266,8.08,1.779114948506701,0.6832499999999999,0.11698798015180878,440.0,4,8.6,"[0.5449999999999999, 0.315]",1967266,"[5.449999999999999, 3.15]",0.006532668525522405,2.8743741512298584,10.770000000000001,"[0.869, 0.20800000000000002]",1968266,"[8.69, 2.08]",0.006268701228228482,2.7582285404205322,6.51,"[0.659, -0.007999999999999985]",1969266,"[6.59, -0.07999999999999985]",0.00657912167635831,2.8948135375976562,6.44,"[0.6599999999999999, -0.015999999999999986]",1970266,"[6.6, -0.15999999999999986]",0.006153245947577737,2.707428216934204,NashSolutionConcept,6.8325,1.1698798015180876,0.006383434344421734,0.000177985082719218,2.8087111115455627,0.07831343639645588,COMPLETE
197,6.140000000000001,2025-06-12 21:41:09.669462,2025-06-12 21:41:12.965276,0 days 00:00:03.295814,13,0.5145792895652321,0.16284469520587372,0.914215092555246,0.007664167003598812,473,1977269,6.140000000000001,2.379443212182212,0.48750000000000004,0.16652552356921146,470.0,4,2.02,"[0.322, -0.11999999999999997]",1977269,"[3.22, -1.1999999999999997]",0.006550251169407622,3.078618049621582,7.430000000000001,"[0.32, 0.42299999999999993]",1978269,"[3.2, 4.2299999999999995]",0.006642143269802662,3.121807336807251,7.51,"[0.65, 0.10100000000000002]",1979269,"[6.5, 1.0100000000000002]",0.006263928210481684,2.9440462589263916,7.6,"[0.658, 0.10200000000000005]",1980269,"[6.58, 1.0200000000000005]",0.006162717494558781,2.896477222442627,NashSolutionConcept,4.875,1.6652552356921146,0.0064047600360626865,0.00019744408356354274,3.010237216949463,0.0927987192748651,COMPLETE
198,7.67,2025-06-12 21:41:12.980728,2025-06-12 21:41:16.227700,0 days 00:00:03.246972,14,0.5348205249179817,0.18589331885731816,0.9104289986268154,0.012928760343030185,455,1987273,7.67,1.289418473576363,0.7305,0.09701675113092584,450.0,4,9.749999999999998,"[0.8800000000000001, 0.095]",1987273,"[8.8, 0.95]",0.006451118257310655,2.903003215789795,7.35,"[0.7529999999999999, -0.017999999999999995]",1988273,"[7.529999999999999, -0.17999999999999994]",0.006710661252339681,3.0197975635528564,7.37,"[0.6450000000000001, 0.09200000000000003]",1989273,"[6.450000000000001, 0.9200000000000003]",0.006806426048278809,3.062891721725464,6.210000000000001,"[0.644, -0.022999999999999986]",1990273,"[6.44, -0.22999999999999987]",0.006683382987976074,3.0075223445892334,NashSolutionConcept,7.305000000000001,0.9701675113092583,0.006662897136476304,0.00013052961642837086,2.998303711414337,0.05873832739276679,COMPLETE
199,7.48,2025-06-12 21:41:16.242914,2025-06-12 21:41:19.439142,0 days 00:00:03.196228,13,0.500506939786417,0.1604141216866437,0.9154812577708391,0.003335694376676782,462,1997276,7.48,1.2817371025292195,0.62375,0.11958757251487294,460.0,4,6.34,"[0.6539999999999999, -0.01999999999999999]",1997276,"[6.539999999999999, -0.1999999999999999]",0.006547453610793404,3.011828660964966,9.54,"[0.642, 0.31199999999999994]",1998276,"[6.42, 3.119999999999999]",0.006222404086071512,2.8623058795928955,7.569999999999999,"[0.7649999999999999, -0.007999999999999985]",1999276,"[7.649999999999999, -0.07999999999999985]",0.006472334654434867,2.977273941040039,6.470000000000001,"[0.434, 0.213]",2000276,"[4.34, 2.13]",0.006456526984339175,2.9700024127960205,NashSolutionConcept,6.2375,1.1958757251487293,0.006424679833909739,0.00012173136547697066,2.9553527235984802,0.055996428119406534,COMPLETE
200,6.795,2025-06-12 21:41:19.453060,2025-06-12 21:41:22.623127,0 days 00:00:03.170067,14,0.5226138446072511,0.15355228600000354,0.9169023677634934,0.01582990933559435,414,2007279,6.795,3.1608899063396683,0.6195,0.18202953057127846,410.0,4,7.2700000000000005,"[0.7540000000000001, -0.02699999999999999]",2007279,"[7.540000000000001, -0.2699999999999999]",0.0073047620494191235,2.994952440261841,7.430000000000001,"[0.7620000000000001, -0.018999999999999982]",2008279,"[7.620000000000001, -0.18999999999999984]",0.006600789907501965,2.7063238620758057,10.639999999999999,"[0.648, 0.41600000000000004]",2009279,"[6.48, 4.16]",0.006595868017615342,2.70430588722229,1.840000000000001,"[0.31400000000000006, -0.12999999999999995]",2010279,"[3.1400000000000006, -1.2999999999999994]",0.0073046294654287944,2.9948980808258057,NashSolutionConcept,6.195,1.8202953057127846,0.006951512359991306,0.00035318768741901584,2.8501200675964355,0.14480695184179657,COMPLETE
201,7.785,2025-06-12 21:41:23.412345,2025-06-12 21:41:26.533741,0 days 00:00:03.121396,15,0.7844878374135642,0.1777238640782588,0.908373431356641,0.009547808318155618,442,2017283,7.785,2.4448568465249663,0.7225,0.09343580684084658,440.0,4,4.9799999999999995,"[0.6380000000000001, -0.13999999999999996]",2017283,"[6.380000000000001, -1.3999999999999995]",0.006685216860337691,2.941495418548584,7.16,"[0.743, -0.027000000000000003]",2018283,"[7.43, -0.27]",0.006627839261835271,2.9162492752075195,11.71,"[0.867, 0.30399999999999994]",2019283,"[8.67, 3.039999999999999]",0.0062914772467179735,2.768249988555908,7.29,"[0.642, 0.087]",2020283,"[6.42, 0.8699999999999999]",0.006170249527150934,2.714909791946411,NashSolutionConcept,7.225,0.934358068408466,0.006443695724010467,0.000218050790655306,2.8352261185646057,0.09594234788833467,COMPLETE
202,3.684999999999998,2025-06-12 21:41:26.547578,2025-06-12 21:41:34.334786,0 days 00:00:07.787208,41,0.5109210500488478,0.17143815306490007,0.9025752806801685,0.0087913662654927,437,2027286,3.684999999999998,2.855560365322366,0.5642499999999999,0.24235343509015922,430.0,4,1.5599999999999976,"[0.4229999999999999, -0.26700000000000024]",2027286,"[4.229999999999999, -2.6700000000000026]",0.014091888139414232,6.05951189994812,5.669999999999997,"[0.4219999999999999, 0.1449999999999999]",2028286,"[4.219999999999999, 1.449999999999999]",0.015465510168740915,6.650169372558594,7.229999999999999,"[0.984, -0.26100000000000023]",2029286,"[9.84, -2.610000000000002]",0.013568972432336141,5.834658145904541,0.2799999999999976,"[0.42799999999999994, -0.40000000000000024]",2030286,"[4.279999999999999, -4.000000000000003]",0.017697975247405295,7.610129356384277,NashSolutionConcept,5.6425,2.4235343509015923,0.015206086496974146,0.0015967459587097007,6.538617193698883,0.6866007622451714,COMPLETE
203,6.084999999999999,2025-06-12 21:41:34.349171,2025-06-12 21:41:37.659303,0 days 00:00:03.310132,15,0.5317294347849228,0.16775239974164016,0.9048244794548631,0.011145724636620252,432,2037294,6.084999999999999,0.823604880995736,0.6705,0.168491097687682,430.0,4,6.089999999999999,"[0.749, -0.13999999999999996]",2037294,"[7.49, -1.3999999999999995]",0.007299271849698799,3.1386868953704834,5.869999999999999,"[0.41500000000000004, 0.17200000000000001]",2038294,"[4.15, 1.7200000000000002]",0.0071889555731485056,3.0912508964538574,5.04,"[0.6439999999999999, -0.13999999999999996]",2039294,"[6.4399999999999995, -1.3999999999999995]",0.007092140441717103,3.0496203899383545,7.340000000000001,"[0.874, -0.13999999999999996]",2040294,"[8.74, -1.3999999999999995]",0.00710896558539812,3.0568552017211914,NashSolutionConcept,6.705,1.68491097687682,0.0071723333624906325,8.190857271630425e-05,3.0841033458709717,0.03522068626801081,COMPLETE
204,6.2025,2025-06-12 21:41:37.673824,2025-06-12 21:41:41.396904,0 days 00:00:03.723080,16,0.5189251443407669,0.15118017534071607,0.9422573249970047,0.006768467733310361,446,2047297,6.2025,1.1228841213589225,0.66325,0.1790521921116857,440.0,4,7.239999999999998,"[0.874, -0.14999999999999997]",2047297,"[8.74, -1.4999999999999996]",0.007641108469529585,3.3620877265930176,5.75,"[0.618, -0.043]",2048297,"[6.18, -0.42999999999999994]",0.007992989908565175,3.5169155597686768,7.249999999999999,"[0.765, -0.04]",2049297,"[7.65, -0.4]",0.008075372197411277,3.553163766860962,4.569999999999999,"[0.396, 0.060999999999999985]",2050297,"[3.96, 0.6099999999999999]",0.007972484827041626,3.5078933238983154,NashSolutionConcept,6.6325,1.790521921116857,0.007920488850636915,0.0001658329230119132,3.485015094280243,0.07296648612524168,COMPLETE
205,7.6725,2025-06-12 21:41:41.412049,2025-06-12 21:41:45.102310,0 days 00:00:03.690261,17,0.8008566682744409,0.09581978963870467,0.9065379259641548,0.009937064480071586,453,2057301,7.6725,3.4861323483195523,0.72575,0.21911455337334393,450.0,4,3.7,"[0.414, -0.044]",2057301,"[4.14, -0.43999999999999995]",0.007698817253112793,3.464467763900757,4.750000000000001,"[0.635, -0.15999999999999998]",2058301,"[6.35, -1.5999999999999996]",0.007812543974982367,3.5156447887420654,10.61,"[0.874, 0.18699999999999997]",2059301,"[8.74, 1.8699999999999997]",0.0072356462478637695,3.2560408115386963,11.629999999999999,"[0.9799999999999999, 0.18300000000000002]",2060301,"[9.799999999999999, 1.8300000000000003]",0.00764252503712972,3.439136266708374,NashSolutionConcept,7.2574999999999985,2.1911455337334393,0.007597383128272163,0.0002176433057907691,3.418822407722473,0.09793948760584613,COMPLETE
206,6.665000000000001,2025-06-12 21:41:46.018671,2025-06-12 21:41:49.338880,0 days 00:00:03.320209,13,0.548283411669242,0.1603937382605198,0.9224262599908415,0.008028058869299514,473,2067306,6.665000000000001,3.0643555603095414,0.5955,0.2942571154619715,470.0,4,7.570000000000001,"[0.765, -0.007999999999999983]",2067306,"[7.65, -0.07999999999999982]",0.006526204880247724,3.0673162937164307,6.41,"[0.65, -0.008999999999999985]",2068306,"[6.5, -0.08999999999999986]",0.006471784571383862,3.041738748550415,2.0700000000000003,"[0.10300000000000001, 0.10400000000000002]",2069306,"[1.03, 1.0400000000000003]",0.006608219349637945,3.105863094329834,10.610000000000001,"[0.8640000000000001, 0.197]",2070306,"[8.64, 1.9700000000000002]",0.0066470009215334625,3.1240904331207275,NashSolutionConcept,5.955,2.9425711546197144,0.006563302430700748,6.851042584534987e-05,3.084752142429352,0.03219990014731443,COMPLETE
207,5.325,2025-06-12 21:41:49.352517,2025-06-12 21:41:52.141489,0 days 00:00:02.788972,13,0.8125638092375226,0.18248539087202972,0.9002262376659889,0.005487874590108133,422,2077309,5.325,0.7604110730387869,0.572,0.04907647094076756,420.0,4,5.339999999999999,"[0.5439999999999999, -0.009999999999999995]",2077309,"[5.4399999999999995, -0.09999999999999995]",0.006191150915055048,2.60028338432312,4.230000000000001,"[0.5429999999999999, -0.11999999999999997]",2078309,"[5.43, -1.1999999999999997]",0.00614132597332909,2.5793569087982178,6.38,"[0.657, -0.01899999999999998]",2079309,"[6.57, -0.18999999999999978]",0.006085017181578137,2.5557072162628174,5.3500000000000005,"[0.544, -0.008999999999999984]",2080309,"[5.44, -0.08999999999999983]",0.005980249245961507,2.511704683303833,NashSolutionConcept,5.72,0.49076470940767547,0.006099435828980946,7.838969985250659e-05,2.561763048171997,0.03292367393805283,COMPLETE
208,7.1775,2025-06-12 21:41:52.154587,2025-06-12 21:41:56.033079,0 days 00:00:03.878492,16,0.5353293321850144,0.17237589595879113,0.9471950192160211,0.01122838231402287,467,2087312,7.1775,1.7563367416301465,0.72725,0.05003686141236277,460.0,4,4.91,"[0.641, -0.14999999999999997]",2087312,"[6.41, -1.4999999999999996]",0.008052489031916079,3.7041449546813965,6.1,"[0.76, -0.14999999999999997]",2088312,"[7.6, -1.4999999999999996]",0.0080662551133529,3.710477352142334,8.379999999999999,"[0.76, 0.078]",2089312,"[7.6, 0.78]",0.0073231142500172495,3.3686325550079346,9.32,"[0.7479999999999999, 0.184]",2090312,"[7.479999999999999, 1.8399999999999999]",0.007426560961681864,3.4162180423736572,NashSolutionConcept,7.272499999999999,0.5003686141236275,0.007717104839242023,0.00034425019963418515,3.5498682260513306,0.15835509183172536,COMPLETE
209,8.752500000000001,2025-06-12 21:41:56.047375,2025-06-12 21:41:59.350785,0 days 00:00:03.303410,14,0.5252973335501054,0.16877950002553502,0.90608570514007,0.021041497713458753,440,2097316,8.752500000000001,1.4459145030049319,0.813,0.0564446631666803,440.0,4,7.460000000000001,"[0.763, -0.016999999999999984]",2097316,"[7.63, -0.16999999999999985]",0.006680514053864913,2.9394261837005615,10.78,"[0.877, 0.20100000000000007]",2098316,"[8.77, 2.0100000000000007]",0.006448528441515835,2.8373525142669678,9.459999999999999,"[0.7510000000000001, 0.195]",2099316,"[7.510000000000002, 1.9500000000000002]",0.0068033646453510635,2.9934804439544678,7.31,"[0.861, -0.12999999999999995]",2100316,"[8.61, -1.2999999999999994]",0.0068859918551011515,3.029836416244507,NashSolutionConcept,8.129999999999999,0.5644466316668028,0.00670459974895824,0.0001649319830519824,2.950023889541626,0.07257007254287222,COMPLETE
210,5.865,2025-06-12 21:41:59.364505,2025-06-12 21:42:00.845622,0 days 00:00:01.481117,12,0.521612033586259,0.16681479016670092,0.9053519251588309,0.02419417796545533,199,2107319,5.865,3.0557609526924714,0.538,0.23170994799533318,190.0,4,8.59,"[0.868, -0.008999999999999985]",2107319,"[8.68, -0.08999999999999986]",0.006611008393137078,1.256091594696045,8.39,"[0.525, 0.314]",2108319,"[5.25, 3.14]",0.006775331497192383,1.2873129844665527,5.45,"[0.546, -0.0009999999999999898]",2109319,"[5.460000000000001, -0.009999999999999898]",0.006674300996880782,1.2681171894073486,1.0300000000000002,"[0.213, -0.10999999999999999]",2110319,"[2.13, -1.0999999999999999]",0.006817672127171567,1.2953577041625977,NashSolutionConcept,5.38,2.3170994799533315,0.006719578253595452,8.149889075978639e-05,1.276719868183136,0.015484789244359377,COMPLETE
211,5.1850000000000005,2025-06-12 21:42:01.698711,2025-06-12 21:42:04.849824,0 days 00:00:03.151113,14,0.5126313761612635,0.16971474963321623,0.9117220475464829,0.015339469694181589,441,2117321,5.1850000000000005,2.06506053180046,0.56625,0.19592265693380131,440.0,4,6.390000000000001,"[0.5439999999999999, 0.095]",2117321,"[5.4399999999999995, 0.95]",0.006005012447183783,2.6422054767608643,5.050000000000001,"[0.531, -0.02599999999999999]",2118321,"[5.3100000000000005, -0.2599999999999999]",0.006494865634224632,2.857740879058838,1.9100000000000001,"[0.32100000000000006, -0.12999999999999995]",2119321,"[3.210000000000001, -1.2999999999999994]",0.006762132861397483,2.9753384590148926,7.389999999999999,"[0.8690000000000001, -0.12999999999999995]",2120321,"[8.690000000000001, -1.2999999999999994]",0.00639114108952609,2.8121020793914795,NashSolutionConcept,5.6625000000000005,1.9592265693380133,0.0064132880080829974,0.0002718120032301941,2.8218467235565186,0.11959728142128541,COMPLETE
212,3.3024999999999993,2025-06-12 21:42:04.864656,2025-06-12 21:42:06.527760,0 days 00:00:01.663104,28,0.5283018970522168,0.17472103976572176,0.9047701786347436,0.02011374685697441,105,2127324,3.3024999999999993,1.434265927225492,0.38825,0.19824022674522945,100.0,4,4.319999999999999,"[0.5799999999999998, -0.14800000000000005]",2127324,"[5.799999999999999, -1.4800000000000004]",0.01458125352859497,1.458125352859497,1.8999999999999992,"[0.07999999999999996, 0.10999999999999996]",2128324,"[0.7999999999999996, 1.0999999999999996]",0.013602402210235596,1.3602402210235596,5.1,"[0.5429999999999999, -0.03300000000000005]",2129324,"[5.43, -0.3300000000000005]",0.014108357429504394,1.4108357429504395,1.8899999999999992,"[0.35, -0.16100000000000006]",2130324,"[3.5, -1.6100000000000005]",0.014822955131530762,1.4822955131530762,NashSolutionConcept,3.8824999999999994,1.9824022674522948,0.014278742074966431,0.0004674792964787031,1.427874207496643,0.04674792964787029,COMPLETE
213,3.2075000000000005,2025-06-12 21:42:06.542172,2025-06-12 21:42:07.673480,0 days 00:00:01.131308,14,0.5071961202612663,0.16376856959824004,0.906340230772952,0.017871157929214388,121,2137326,3.2075000000000005,0.4611602216150043,0.3157500000000001,0.08208037219701189,120.0,4,3.000000000000001,"[0.43000000000000005, -0.12999999999999995]",2137326,"[4.300000000000001, -1.2999999999999994]",0.007762964566548665,0.9315557479858398,2.85,"[0.198, 0.087]",2138326,"[1.98, 0.8699999999999999]",0.007815130551656087,0.9378156661987305,4.0,"[0.31400000000000006, 0.08600000000000001]",2139326,"[3.1400000000000006, 0.8600000000000001]",0.007964591185251871,0.9557509422302246,2.98,"[0.32100000000000006, -0.022999999999999986]",2140326,"[3.210000000000001, -0.22999999999999987]",0.007695553700129191,0.9234664440155029,NashSolutionConcept,3.1575000000000006,0.8208037219701191,0.007809560000896453,9.90382126695345e-05,0.9371472001075745,0.011884585520344155,COMPLETE
214,7.2875,2025-06-12 21:42:07.688143,2025-06-12 21:42:10.865426,0 days 00:00:03.177283,15,0.539841921470947,0.18063626436220237,0.92309282188248,0.00872093027653771,430,2147327,7.2875,2.1304386285457744,0.671,0.12614673994994877,430.0,4,5.0600000000000005,"[0.532, -0.025999999999999978]",2147327,"[5.32, -0.2599999999999998]",0.007009800644808038,3.014214277267456,7.139999999999999,"[0.6300000000000001, 0.084]",2148327,"[6.300000000000001, 0.8400000000000001]",0.0067410657572191815,2.898658275604248,10.75,"[0.876, 0.199]",2149327,"[8.76, 1.9900000000000002]",0.006193573530330215,2.663236618041992,6.199999999999999,"[0.6460000000000001, -0.026000000000000002]",2150327,"[6.460000000000001, -0.26]",0.006698060590167378,2.8801660537719727,NashSolutionConcept,6.710000000000001,1.2614673994994874,0.006660625130631204,0.0002949291631396098,2.8640688061714172,0.12681954015003222,COMPLETE
215,6.390000000000001,2025-06-12 21:42:10.881749,2025-06-12 21:42:14.345904,0 days 00:00:03.464155,15,0.526237191550529,0.17418414366611354,0.9063014184094401,0.0073288903275318985,459,2157330,6.390000000000001,2.110876595161356,0.47125,0.12210523125566737,450.0,4,8.43,"[0.641, 0.20200000000000004]",2157330,"[6.41, 2.0200000000000005]",0.007185150252448188,3.2333176136016846,2.850000000000001,"[0.31199999999999994, -0.027000000000000003]",2158330,"[3.119999999999999, -0.27]",0.0069254461924235025,3.116450786590576,7.089999999999999,"[0.518, 0.19099999999999995]",2159330,"[5.18, 1.9099999999999995]",0.007285768191019694,3.2785956859588623,7.19,"[0.414, 0.305]",2160330,"[4.14, 3.05]",0.006976260079277886,3.139317035675049,NashSolutionConcept,4.7124999999999995,1.2210523125566737,0.0070931561787923175,0.0001477782413378206,3.191920280456543,0.06650020860201929,COMPLETE
216,5.395,2025-06-12 21:42:15.192739,2025-06-12 21:42:17.368497,0 days 00:00:02.175758,13,0.7780018681417106,0.16975403714929668,0.9026738685866232,0.012789809492534129,310,2167335,5.395,1.7536319454207032,0.605,0.18332075714441062,310.0,4,3.2,"[0.44000000000000006, -0.11999999999999997]",2167335,"[4.4, -1.1999999999999997]",0.006347095581793016,1.967599630355835,6.52,"[0.661, -0.008999999999999984]",2168335,"[6.61, -0.08999999999999983]",0.006259766701729067,1.9405276775360107,7.61,"[0.8809999999999999, -0.11999999999999997]",2169335,"[8.809999999999999, -1.1999999999999997]",0.006317330175830472,1.9583723545074463,4.25,"[0.438, -0.012999999999999994]",2170335,"[4.38, -0.12999999999999995]",0.006465351197027391,2.004258871078491,NashSolutionConcept,6.05,1.8332075714441063,0.006347385914094987,7.499394316946024e-05,1.9676896333694458,0.02324812238253268,COMPLETE
217,7.209999999999999,2025-06-12 21:42:17.383125,2025-06-12 21:42:23.327645,0 days 00:00:05.944520,31,0.7908298201249148,0.09880939081569123,0.9812344136032941,0.002843514100604424,448,2177337,7.209999999999999,3.2160457086303977,0.68875,0.224058446616056,440.0,4,1.6399999999999988,"[0.46399999999999986, -0.30000000000000016]",2177337,"[4.639999999999999, -3.0000000000000018]",0.013105972788550637,5.76662802696228,9.009999999999998,"[0.47299999999999986, 0.42799999999999994]",2178337,"[4.729999999999999, 4.279999999999999]",0.012227989326823842,5.38031530380249,9.079999999999998,"[0.967, -0.05900000000000007]",2179337,"[9.67, -0.5900000000000007]",0.012244602766903964,5.387625217437744,9.11,"[0.851, 0.05999999999999994]",2180337,"[8.51, 0.5999999999999994]",0.011309007622978904,4.975963354110718,NashSolutionConcept,6.887499999999999,2.24058446616056,0.012221893126314335,0.0006355135094583353,5.377632975578308,0.2796259441616676,COMPLETE
218,5.187500000000001,2025-06-12 21:42:23.343798,2025-06-12 21:42:27.111443,0 days 00:00:03.767645,14,0.5511553185411484,0.16187746947104217,0.9754380078600539,0.00629915392563734,489,2187343,5.187500000000001,2.404322929641524,0.48525000000000007,0.2566801268115629,480.0,4,7.45,"[0.652, 0.093]",2187343,"[6.5200000000000005, 0.9299999999999999]",0.007022765775521596,3.370927572250366,7.440000000000001,"[0.766, -0.021999999999999985]",2188343,"[7.66, -0.21999999999999986]",0.007022948066393534,3.3710150718688965,4.100000000000001,"[0.43000000000000005, -0.019999999999999997]",2189343,"[4.300000000000001, -0.19999999999999996]",0.006537185609340667,3.1378490924835205,1.76,"[0.093, 0.083]",2190343,"[0.9299999999999999, 0.8300000000000001]",0.007236951092878977,3.473736524581909,NashSolutionConcept,4.8525,2.5668012681156287,0.006954962636033694,0.00025655136829301776,3.338382065296173,0.12314465678064851,COMPLETE
219,5.435,2025-06-12 21:42:27.124959,2025-06-12 21:42:30.669323,0 days 00:00:03.544364,16,0.5181408189819839,0.10827359219769832,0.9117046130709354,0.002253721464601884,440,2197347,5.435,2.362906049761606,0.4690000000000001,0.13131831555422877,440.0,4,8.469999999999999,"[0.654, 0.193]",2197347,"[6.54, 1.9300000000000002]",0.007016368345780806,3.0872020721435547,6.9399999999999995,"[0.5170000000000001, 0.177]",2198347,"[5.170000000000002, 1.77]",0.007684574343941429,3.3812127113342285,3.6900000000000004,"[0.4039999999999999, -0.034999999999999996]",2199347,"[4.039999999999999, -0.35]",0.007530231367457996,3.3133018016815186,2.64,"[0.30100000000000005, -0.037000000000000005]",2200347,"[3.0100000000000007, -0.37000000000000005]",0.007688487659801136,3.3829345703125,NashSolutionConcept,4.69,1.3131831555422877,0.007479915429245343,0.00027513416679426445,3.2911627888679504,0.12105903338947636,COMPLETE
220,6.1175,2025-06-12 21:42:30.683010,2025-06-12 21:42:33.489805,0 days 00:00:02.806795,13,0.7602252482274446,0.08328390277485381,0.9085724124752934,0.021947431471163646,419,2207350,6.1175,3.217160044200474,0.51125,0.21007424282857715,410.0,4,7.54,"[0.763, -0.008999999999999984]",2207350,"[7.63, -0.08999999999999983]",0.006207365524478075,2.5450198650360107,0.9299999999999999,"[0.213, -0.11999999999999997]",2208350,"[2.13, -1.1999999999999997]",0.006409493888296732,2.62789249420166,9.639999999999999,"[0.642, 0.32199999999999995]",2209350,"[6.42, 3.2199999999999998]",0.006392858086562738,2.6210718154907227,6.359999999999999,"[0.42699999999999994, 0.209]",2210350,"[4.27, 2.09]",0.006108053719125143,2.5043020248413086,NashSolutionConcept,5.1125,2.1007424282857716,0.006279442804615672,0.00012683223514062204,2.5745715498924255,0.052001216407655024,COMPLETE
221,7.3675,2025-06-12 21:42:34.342441,2025-06-12 21:42:38.023985,0 days 00:00:03.681544,17,0.5634330421945528,0.09301354023447149,0.9766111588027833,0.009859465791463226,430,2217354,7.3675,2.2052026550863753,0.6982499999999999,0.0993488173054918,430.0,4,6.009999999999999,"[0.646, -0.045]",2217354,"[6.46, -0.44999999999999996]",0.008153774017511412,3.5061228275299072,10.489999999999998,"[0.6460000000000001, 0.4029999999999999]",2218354,"[6.460000000000001, 4.029999999999999]",0.007618429494458576,3.2759246826171875,8.26,"[0.8699999999999999, -0.044000000000000004]",2219354,"[8.7, -0.44000000000000006]",0.007647351331489031,3.288361072540283,4.71,"[0.6309999999999999, -0.15999999999999998]",2220354,"[6.309999999999999, -1.5999999999999996]",0.008062123143395713,3.4667129516601562,NashSolutionConcept,6.9825,0.9934881730549184,0.007870419496713682,0.00023994709843052928,3.3842803835868835,0.10317725232512769,COMPLETE
222,6.2525,2025-06-12 21:42:38.039958,2025-06-12 21:42:41.963460,0 days 00:00:03.923502,19,0.5369796328480251,0.034910930896591114,0.9791031347089628,0.008511544599475248,410,2227358,6.2525,1.9700047588775014,0.6597500000000001,0.1923673244082789,410.0,4,9.190000000000001,"[0.9810000000000001, -0.06200000000000001]",2227358,"[9.81, -0.6200000000000001]",0.008582573402218702,3.518855094909668,4.47,"[0.5119999999999999, -0.06500000000000002]",2228358,"[5.119999999999999, -0.6500000000000001]",0.009149238539905083,3.751187801361084,4.4399999999999995,"[0.51, -0.06600000000000003]",2229358,"[5.1, -0.6600000000000004]",0.008661635910592429,3.5512707233428955,6.909999999999999,"[0.6360000000000001, 0.05499999999999997]",2230358,"[6.360000000000001, 0.5499999999999997]",0.009105389874155928,3.7332098484039307,NashSolutionConcept,6.5975,1.923673244082789,0.008874709431718036,0.0002546190698385616,3.6386308670043945,0.10439381863381031,COMPLETE
223,6.8500000000000005,2025-06-12 21:42:41.978153,2025-06-12 21:42:46.266998,0 days 00:00:04.288845,18,0.5040736754737275,0.0897609421008047,0.9591294753599288,0.011771324775639826,453,2237362,6.8500000000000005,2.3787286520324256,0.6032500000000001,0.20306325984776277,450.0,4,10.07,"[0.8550000000000001, 0.15199999999999997]",2237362,"[8.55, 1.5199999999999996]",0.008153753280639648,3.669188976287842,8.200000000000001,"[0.644, 0.176]",2238362,"[6.44, 1.7599999999999998]",0.008221250110202366,3.6995625495910645,4.57,"[0.288, 0.16899999999999998]",2239362,"[2.88, 1.69]",0.009005562994215224,4.052503347396851,4.56,"[0.6260000000000001, -0.16999999999999998]",2240362,"[6.260000000000002, -1.6999999999999997]",0.008729251755608453,3.9281632900238037,NashSolutionConcept,6.032500000000001,2.0306325984776277,0.008527454535166422,0.0003545150188266367,3.83735454082489,0.15953175847198647,COMPLETE
224,6.402499999999999,2025-06-12 21:42:46.281807,2025-06-12 21:42:49.407998,0 days 00:00:03.126191,15,0.8259622971626056,0.10250050551843193,0.9784181950252153,0.0101814231804184,435,2247366,6.402499999999999,2.1727100013577507,0.643,0.1431590025111938,430.0,4,3.9100000000000006,"[0.5309999999999999, -0.13999999999999996]",2247366,"[5.309999999999999, -1.3999999999999995]",0.006442696549171625,2.770359516143799,9.589999999999998,"[0.8789999999999999, 0.08]",2248366,"[8.79, 0.8]",0.006787623361099598,2.918678045272827,7.119999999999999,"[0.636, 0.07600000000000004]",2249366,"[6.36, 0.7600000000000005]",0.0068255036376243415,2.934966564178467,4.989999999999999,"[0.526, -0.027000000000000003]",2250366,"[5.26, -0.27]",0.0067190619402153545,2.8891966342926025,NashSolutionConcept,6.43,1.4315900251119382,0.00669372137202773,0.00014986640314246507,2.878300189971924,0.06444255335125999,COMPLETE
225,6.234999999999999,2025-06-12 21:42:49.424602,2025-06-12 21:42:52.915728,0 days 00:00:03.491126,14,0.5752416525236123,0.08667739069465005,0.9821103917293977,0.00702468024667261,467,2257369,6.234999999999999,3.483572160871653,0.6445000000000001,0.24278539906674787,460.0,4,2.83,"[0.413, -0.12999999999999995]",2257369,"[4.13, -1.2999999999999994]",0.007213065416916557,3.318010091781616,8.39,"[0.7570000000000001, 0.082]",2258369,"[7.570000000000001, 0.8200000000000001]",0.006835096297056778,3.144144296646118,2.8900000000000006,"[0.41900000000000004, -0.12999999999999995]",2259369,"[4.19, -1.2999999999999994]",0.0071432922197424845,3.285914421081543,10.829999999999998,"[0.9890000000000001, 0.09400000000000003]",2260369,"[9.89, 0.9400000000000003]",0.006302225071450939,2.8990235328674316,NashSolutionConcept,6.445,2.4278539906674785,0.006873419751291689,0.00035913868380764755,3.1617730855941772,0.16520379455151796,COMPLETE
226,7.335000000000001,2025-06-12 21:42:53.820879,2025-06-12 21:42:57.350056,0 days 00:00:03.529177,16,0.5261374988543946,0.0985674454620137,0.9746235149144562,0.00903810651577746,422,2267373,7.335000000000001,1.7493212969606233,0.663,0.04406245567373656,420.0,4,6.03,"[0.642, -0.039]",2267373,"[6.42, -0.39]",0.0077815464564732146,3.26824951171875,5.8500000000000005,"[0.625, -0.04]",2268373,"[6.25, -0.4]",0.007701097215924944,3.2344608306884766,10.219999999999999,"[0.738, 0.28400000000000003]",2269373,"[7.38, 2.8400000000000003]",0.0072495171001979285,3.04479718208313,7.24,"[0.647, 0.077]",2270373,"[6.470000000000001, 0.77]",0.007273568425859724,3.054898738861084,NashSolutionConcept,6.630000000000001,0.4406245567373656,0.007501432299613952,0.0002417194822193429,3.15060156583786,0.10152218253212399,COMPLETE
227,5.445,2025-06-12 21:42:57.365321,2025-06-12 21:43:00.347683,0 days 00:00:02.982362,12,0.5535449192386467,0.09449874072327527,0.9801903505325984,0.012724107096845098,445,2277377,5.445,2.0100435318669096,0.5475,0.1545258877987763,440.0,4,3.2600000000000007,"[0.328, -0.0019999999999999905]",2277377,"[3.2800000000000002, -0.019999999999999907]",0.006258174506100741,2.753596782684326,5.44,"[0.5449999999999999, -0.0009999999999999898]",2278377,"[5.449999999999999, -0.009999999999999898]",0.006385961445895108,2.8098230361938477,8.66,"[0.765, 0.10100000000000002]",2279377,"[7.65, 1.0100000000000002]",0.006110560352152044,2.6886465549468994,4.420000000000001,"[0.5520000000000002, -0.10999999999999999]",2280377,"[5.520000000000001, -1.0999999999999999]",0.006357098709453236,2.797123432159424,NashSolutionConcept,5.475000000000001,1.545258877987763,0.006277948753400282,0.00010763521149218666,2.7622974514961243,0.04735949305656209,COMPLETE
228,5.939999999999999,2025-06-12 21:43:00.363283,2025-06-12 21:43:03.909935,0 days 00:00:03.546652,15,0.802943074010157,0.07943699478982376,0.9022148512379545,0.01069610250028642,477,2287380,5.939999999999999,1.1220071301021208,0.519,0.15415090009467994,470.0,4,7.089999999999998,"[0.737, -0.02799999999999999]",2287380,"[7.37, -0.2799999999999999]",0.006980472929934238,3.280822277069092,4.73,"[0.301, 0.17200000000000001]",2288380,"[3.01, 1.7200000000000002]",0.006997202812357152,3.2886853218078613,4.91,"[0.518, -0.027000000000000003]",2289380,"[5.18, -0.27]",0.007088783446778642,3.331728219985962,7.0299999999999985,"[0.5200000000000001, 0.183]",2290380,"[5.200000000000001, 1.83]",0.007049518443168478,3.3132736682891846,NashSolutionConcept,5.1899999999999995,1.5415090009467995,0.007028994408059628,4.2898148459098694e-05,3.303627371788025,0.02016212977577643,COMPLETE
229,4.797500000000001,2025-06-12 21:43:03.922932,2025-06-12 21:43:07.743283,0 days 00:00:03.820351,17,0.8566572869521246,0.105643567183113,0.9000622843619751,0.016691652232840297,459,2297383,4.797500000000001,0.7975078369520888,0.4955,0.04548900966167542,450.0,4,4.72,"[0.516, -0.04400000000000002]",2297383,"[5.16, -0.44000000000000017]",0.007860159873962403,3.537071943283081,5.92,"[0.522, 0.06999999999999999]",2298383,"[5.220000000000001, 0.7]",0.007501695421006945,3.375762939453125,3.670000000000001,"[0.5269999999999999, -0.15999999999999998]",2299383,"[5.27, -1.5999999999999996]",0.007661649386088053,3.447742223739624,4.880000000000001,"[0.417, 0.07100000000000002]",2300383,"[4.17, 0.7100000000000002]",0.0077188836203681095,3.4734976291656494,NashSolutionConcept,4.955,0.45489009661675434,0.007685597075356378,0.00012842651111602332,3.45851868391037,0.05779193000221049,COMPLETE
230,4.835,2025-06-12 21:43:07.757620,2025-06-12 21:43:11.011982,0 days 00:00:03.254362,14,0.5113056778197148,0.08970947427170535,0.9295909139542509,0.008210011767654228,429,2307387,4.835,2.145069928930057,0.31625000000000003,0.16018173272879777,420.0,4,4.080000000000001,"[0.312, 0.09600000000000006]",2307387,"[3.12, 0.9600000000000006]",0.006956634635017032,2.9217865467071533,7.410000000000001,"[0.545, 0.19600000000000004]",2308387,"[5.45, 1.9600000000000004]",0.006851241134461903,2.877521276473999,6.109999999999999,"[0.316, 0.29500000000000004]",2309387,"[3.16, 2.95]",0.006896063259669713,2.8963465690612793,1.7399999999999998,"[0.092, 0.082]",2310387,"[0.9199999999999999, 0.8200000000000001]",0.007223484062013172,3.0338633060455322,NashSolutionConcept,3.1625,1.6018173272879777,0.006981855772790454,0.00014443067108179812,2.932379424571991,0.06066088185435524,COMPLETE
231,5.987500000000001,2025-06-12 21:43:11.930138,2025-06-12 21:43:14.900932,0 days 00:00:02.970794,12,0.5149629274251638,0.14885000276219107,0.9029946182840288,0.006233635736625138,487,2317391,5.987500000000001,1.2301905340230836,0.545,0.07888282449304157,480.0,4,5.44,"[0.5429999999999999, 0.001000000000000012]",2317391,"[5.43, 0.01000000000000012]",0.005765504638353984,2.767442226409912,6.440000000000001,"[0.5419999999999999, 0.10200000000000005]",2318391,"[5.419999999999999, 1.0200000000000005]",0.005609669784704844,2.692641496658325,7.7,"[0.659, 0.11100000000000007]",2319391,"[6.59, 1.1100000000000008]",0.005619666973749797,2.6974401473999023,4.370000000000001,"[0.43600000000000005, 0.001000000000000012]",2320391,"[4.36, 0.01000000000000012]",0.0058397243420283,2.803067684173584,NashSolutionConcept,5.449999999999999,0.7888282449304156,0.005708641434709231,9.763195522929085e-05,2.740147888660431,0.046863338510059596,COMPLETE
232,7.755,2025-06-12 21:43:14.915871,2025-06-12 21:43:17.949267,0 days 00:00:03.033396,12,0.5155218752802218,0.13941654792014302,0.900334736705635,0.005239910997060878,484,2327394,7.755,2.6670442441024487,0.67075,0.15437353238168783,480.0,4,11.8,"[0.8530000000000001, 0.32700000000000007]",2327394,"[8.530000000000001, 3.2700000000000005]",0.005611639718214671,2.693587064743042,5.34,"[0.43499999999999994, 0.099]",2328394,"[4.35, 0.99]",0.005779984593391419,2.774392604827881,8.51,"[0.748, 0.10300000000000002]",2329394,"[7.48, 1.0300000000000002]",0.0059499919414520265,2.8559961318969727,5.370000000000001,"[0.647, -0.10999999999999999]",2330394,"[6.470000000000001, -1.0999999999999999]",0.005869908630847931,2.817556142807007,NashSolutionConcept,6.7075,1.5437353238168783,0.0058028812209765124,0.0001257296759781417,2.7853829860687256,0.06035024446950796,COMPLETE
233,5.870000000000001,2025-06-12 21:43:17.963481,2025-06-12 21:43:21.000497,0 days 00:00:03.037016,13,0.5431255848704825,0.16833291285204832,0.903817039754614,0.006927618086731915,478,2337398,5.870000000000001,1.8091434437324205,0.6515,0.2324150382397834,470.0,4,4.25,"[0.43500000000000005, -0.009999999999999985]",2337398,"[4.3500000000000005, -0.09999999999999984]",0.005764466143668966,2.709299087524414,4.210000000000001,"[0.42899999999999994, -0.007999999999999983]",2338398,"[4.289999999999999, -0.07999999999999982]",0.006094093525663335,2.8642239570617676,8.590000000000002,"[0.9789999999999999, -0.11999999999999997]",2339398,"[9.79, -1.1999999999999997]",0.005961195966030689,2.801762104034424,6.43,"[0.7630000000000001, -0.11999999999999997]",2340398,"[7.630000000000001, -1.1999999999999997]",0.0058047142434627455,2.7282156944274902,NashSolutionConcept,6.515000000000001,2.3241503823978342,0.005906117469706434,0.00013106901887102723,2.775875210762024,0.061602438869382825,COMPLETE
234,7.475,2025-06-12 21:43:21.015367,2025-06-12 21:43:23.791157,0 days 00:00:02.775790,11,0.5332902182584985,0.15593357934970617,0.9072133947458024,0.006120755706013792,470,2347401,7.475,2.7166201427509153,0.6575,0.1326960813287265,470.0,4,5.619999999999999,"[0.5519999999999999, 0.01000000000000002]",2347401,"[5.52, 0.1000000000000002]",0.005511773393509236,2.590533494949341,6.57,"[0.655, 0.0020000000000000213]",2348401,"[6.550000000000001, 0.020000000000000212]",0.005539302115744733,2.6034719944000244,12.13,"[0.875, 0.33799999999999997]",2349401,"[8.75, 3.38]",0.005517548703132791,2.593247890472412,5.58,"[0.548, 0.010000000000000007]",2350401,"[5.48, 0.10000000000000007]",0.005513798936884454,2.5914855003356934,NashSolutionConcept,6.575,1.326960813287265,0.005520605787317804,1.0991392695803684e-05,2.5946847200393677,0.00516595456702775,COMPLETE
235,6.5125,2025-06-12 21:43:23.806311,2025-06-12 21:43:27.569875,0 days 00:00:03.763564,16,0.5215646144718787,0.09557950434325414,0.9017731781807012,0.00762619705167076,464,2357403,6.5125,1.9338740264039946,0.4985,0.08942734481130478,460.0,4,9.18,"[0.522, 0.396]",2357403,"[5.220000000000001, 3.96]",0.007463264465332031,3.4331016540527344,5.9799999999999995,"[0.42000000000000004, 0.178]",2358403,"[4.2, 1.7799999999999998]",0.007801189111626666,3.5885469913482666,7.069999999999999,"[0.635, 0.072]",2359403,"[6.35, 0.72]",0.007399045902749766,3.4035611152648926,3.820000000000001,"[0.417, -0.03500000000000001]",2360403,"[4.17, -0.3500000000000001]",0.007437545838563339,3.4212710857391357,NashSolutionConcept,4.985,0.8942734481130477,0.007525261329567951,0.00016093794876908743,3.4616202116012573,0.07403145643378028,COMPLETE
236,7.217499999999999,2025-06-12 21:43:28.481146,2025-06-12 21:43:32.158158,0 days 00:00:03.677012,15,0.5039568872539341,0.08396549043027943,0.9777486915350735,0.003857535799862413,451,2367408,7.217499999999999,3.573271435253694,0.556,0.23616307924821783,450.0,4,12.689999999999998,"[0.9650000000000001, 0.30399999999999994]",2367408,"[9.65, 3.039999999999999]",0.006744037734137641,3.0348169803619385,7.289999999999999,"[0.4250000000000001, 0.304]",2368408,"[4.250000000000001, 3.04]",0.007387479146321614,3.3243656158447266,2.7499999999999996,"[0.41500000000000004, -0.13999999999999996]",2369408,"[4.15, -1.3999999999999995]",0.0077806838353474935,3.501307725906372,6.140000000000001,"[0.41899999999999993, 0.195]",2370408,"[4.1899999999999995, 1.9500000000000002]",0.006661084493001302,2.997488021850586,NashSolutionConcept,5.5600000000000005,2.361630792482178,0.007143321302202013,0.0004630938780034384,3.2144945859909058,0.2083922451015473,COMPLETE
237,5.99,2025-06-12 21:43:32.175138,2025-06-12 21:43:35.100215,0 days 00:00:02.925077,12,0.5304906256575693,0.1013317556099771,0.982962982657172,0.013784895910805237,437,2377412,5.99,2.5318669001351544,0.6305000000000001,0.19851763145876997,430.0,4,3.2200000000000006,"[0.43200000000000005, -0.10999999999999999]",2377412,"[4.32, -1.0999999999999999]",0.006327876933785372,2.72098708152771,4.290000000000001,"[0.43899999999999995, -0.009999999999999986]",2378412,"[4.39, -0.09999999999999987]",0.006385026421657829,2.745561361312866,6.63,"[0.773, -0.10999999999999999]",2379412,"[7.73, -1.0999999999999999]",0.006161380368609761,2.6493935585021973,9.819999999999999,"[0.8780000000000001, 0.10400000000000001]",2380412,"[8.780000000000001, 1.04]",0.005892315021781034,2.5336954593658447,NashSolutionConcept,6.305000000000001,1.9851763145876997,0.006191649686458499,0.00019135692939583278,2.6624093651771545,0.08228347964020806,COMPLETE
238,6.897499999999999,2025-06-12 21:43:35.113453,2025-06-12 21:43:38.132885,0 days 00:00:03.019432,13,0.8883613451638339,0.09257306140582958,0.9856812652656497,0.009203580175326123,479,2387415,6.897499999999999,1.6048267040400337,0.7012499999999999,0.093798654041516,470.0,4,5.29,"[0.5389999999999999, -0.009999999999999985]",2387415,"[5.389999999999999, -0.09999999999999984]",0.006070159343962974,2.8529748916625977,6.3,"[0.75, -0.11999999999999997]",2388415,"[7.5, -1.1999999999999997]",0.005900461623009215,2.773216962814331,6.43,"[0.763, -0.11999999999999997]",2389415,"[7.63, -1.1999999999999997]",0.006037000899619244,2.837390422821045,9.569999999999999,"[0.7529999999999999, 0.20400000000000001]",2390415,"[7.529999999999999, 2.04]",0.005870575093208475,2.7591702938079834,NashSolutionConcept,7.012499999999999,0.93798654041516,0.005969549239949977,8.550014613935843e-05,2.8056881427764893,0.040185068685498385,COMPLETE
239,6.84,2025-06-12 21:43:38.147701,2025-06-12 21:43:41.297670,0 days 00:00:03.149969,14,0.8142222739869931,0.12726874259934262,0.9803606825980657,0.00469598373902049,458,2397418,6.84,2.2793968500460813,0.7030000000000001,0.23035298999578882,450.0,4,4.0600000000000005,"[0.536, -0.12999999999999995]",2397418,"[5.36, -1.2999999999999994]",0.0066027074389987525,2.9712183475494385,9.53,"[0.8619999999999999, 0.091]",2398418,"[8.62, 0.9099999999999999]",0.006533410284254286,2.9400346279144287,8.59,"[0.9890000000000001, -0.12999999999999995]",2399418,"[9.89, -1.2999999999999994]",0.0061229928334554035,2.7553467750549316,5.180000000000001,"[0.4250000000000001, 0.09300000000000001]",2400418,"[4.250000000000001, 0.9300000000000002]",0.0066303888956705725,2.983675003051758,NashSolutionConcept,7.03,2.3035298999578884,0.006472374863094754,0.00020478533889397256,2.912568688392639,0.09215340250228765,COMPLETE
240,5.7175,2025-06-12 21:43:41.311664,2025-06-12 21:43:44.762095,0 days 00:00:03.450431,14,0.5200134004183113,0.1439512180809663,0.9048909985657335,0.005803549159116669,473,2407421,5.7175,1.961929853486103,0.56375,0.14383215043932285,470.0,4,5.21,"[0.651, -0.12999999999999995]",2407421,"[6.51, -1.2999999999999994]",0.006767553978777947,3.1807503700256348,6.380000000000001,"[0.655, -0.016999999999999984]",2408421,"[6.550000000000001, -0.16999999999999985]",0.006729869132346296,3.163038492202759,2.9300000000000006,"[0.31500000000000006, -0.021999999999999992]",2409421,"[3.1500000000000004, -0.21999999999999992]",0.00674813301005262,3.1716225147247314,8.350000000000001,"[0.634, 0.20099999999999998]",2410421,"[6.34, 2.01]",0.006708454071207249,3.1529734134674072,NashSolutionConcept,5.6375,1.4383215043932285,0.006738502548096029,2.1875661435753702e-05,3.167096197605133,0.010281560874804183,COMPLETE
241,6.195,2025-06-12 21:43:45.754001,2025-06-12 21:43:48.106148,0 days 00:00:02.352147,10,0.5152752385693288,0.17563309657656784,0.9754628504886694,0.04269801549668059,358,2417425,6.195,2.2138710441215856,0.548,0.1514182947995387,350.0,4,7.8500000000000005,"[0.7670000000000001, 0.018000000000000013]",2417425,"[7.670000000000002, 0.18000000000000013]",0.005522452081952776,1.9328582286834717,3.57,"[0.3390000000000001, 0.018000000000000013]",2418425,"[3.3900000000000006, 0.18000000000000013]",0.005794237000601632,2.0279829502105713,4.500000000000001,"[0.54, -0.08999999999999998]",2419425,"[5.4, -0.8999999999999998]",0.005972018241882324,2.0902063846588135,8.86,"[0.546, 0.34]",2420425,"[5.460000000000001, 3.4000000000000004]",0.005851412500653948,2.047994375228882,NashSolutionConcept,5.48,1.514182947995387,0.005785029956272671,0.00016462318404571657,2.0247604846954346,0.057618114416000774,COMPLETE
242,6.0975,2025-06-12 21:43:48.123555,2025-06-12 21:43:51.204441,0 days 00:00:03.080886,11,0.5024852420509653,0.10510677543746264,0.978477541472996,0.026356137675990647,445,2427428,6.0975,3.45741503872474,0.57475,0.23420650610091945,440.0,4,4.5,"[0.55, -0.09999999999999999]",2427428,"[5.5, -0.9999999999999999]",0.006214457750320435,2.734361410140991,8.829999999999998,"[0.656, 0.22699999999999995]",2428428,"[6.5600000000000005, 2.2699999999999996]",0.006344191052696921,2.7914440631866455,1.2200000000000002,"[0.22199999999999998, -0.09999999999999999]",2429428,"[2.2199999999999998, -0.9999999999999999]",0.006496861306103793,2.858618974685669,9.84,"[0.8710000000000001, 0.11299999999999999]",2430428,"[8.71, 1.13]",0.006133346124128862,2.698672294616699,NashSolutionConcept,5.7475000000000005,2.3420650610091944,0.006297214058312502,0.0001376291828775083,2.770774185657501,0.06055684046610373,COMPLETE
243,6.375000000000001,2025-06-12 21:43:51.221619,2025-06-12 21:43:54.216994,0 days 00:00:02.995375,11,0.5010098668203523,0.10054447273014025,0.9726637182748231,0.007995135420971352,411,2437431,6.375000000000001,2.9940482628040592,0.4952500000000001,0.12311046868564839,410.0,4,3.38,"[0.32799999999999996, 0.010000000000000007]",2437431,"[3.2799999999999994, 0.10000000000000007]",0.00677057708181986,2.7759366035461426,3.43,"[0.44300000000000006, -0.09999999999999999]",2438431,"[4.430000000000001, -0.9999999999999999]",0.006660295114284609,2.7307209968566895,9.88,"[0.5509999999999999, 0.4370000000000001]",2439431,"[5.51, 4.370000000000001]",0.006561190907548114,2.6900882720947266,8.810000000000002,"[0.6590000000000001, 0.22199999999999998]",2440431,"[6.590000000000002, 2.2199999999999998]",0.006661869258415408,2.7313663959503174,NashSolutionConcept,4.952500000000001,1.231104686856484,0.006663483090516998,7.407020540714659e-05,2.732028067111969,0.030368784216930136,COMPLETE
244,6.772499999999999,2025-06-12 21:43:54.233255,2025-06-12 21:43:59.988445,0 days 00:00:05.755190,22,0.5146665579630162,0.1097049509231415,0.9095370004184243,0.0351552103526055,491,2447434,6.772499999999999,3.398583344571676,0.67925,0.2140693520801145,490.0,4,6.56,"[0.629, 0.026999999999999958]",2447434,"[6.29, 0.2699999999999996]",0.011223288944789342,5.499411582946777,1.619999999999999,"[0.372, -0.21000000000000002]",2448434,"[3.7199999999999998, -2.1]",0.011265044796223544,5.519871950149536,7.839999999999998,"[0.752, 0.03199999999999996]",2449434,"[7.52, 0.3199999999999996]",0.010606395468419912,5.197133779525757,11.07,"[0.9640000000000001, 0.14299999999999996]",2450434,"[9.64, 1.4299999999999997]",0.010854740532077089,5.318822860717773,NashSolutionConcept,6.7925,2.1406935208011446,0.010987367435377472,0.0002717964359664123,5.383810043334961,0.13318025362354186,COMPLETE
245,6.91,2025-06-12 21:44:00.003684,2025-06-12 21:44:03.282198,0 days 00:00:03.278514,15,0.5261550266925025,0.09633743338637163,0.9174824006630176,0.04836164536376094,346,2457440,6.91,2.1113384380529805,0.6115,0.11917738879502275,340.0,4,9.27,"[0.7390000000000001, 0.188]",2457440,"[7.390000000000001, 1.88]",0.00830974859349868,2.825314521789551,6.050000000000001,"[0.642, -0.03699999999999999]",2458440,"[6.42, -0.3699999999999999]",0.008765757785123937,2.9803576469421387,3.8800000000000003,"[0.4159999999999999, -0.028000000000000004]",2459440,"[4.159999999999999, -0.28]",0.009005423854379094,3.0618441104888916,8.44,"[0.649, 0.195]",2460440,"[6.49, 1.9500000000000002]",0.00854420171064489,2.9050285816192627,NashSolutionConcept,6.115,1.1917738879502273,0.00865628298591165,0.00025813386792864927,2.943136215209961,0.08776551509574072,COMPLETE
246,5.867499999999998,2025-06-12 21:44:04.259652,2025-06-12 21:44:12.464680,0 days 00:00:08.205028,38,0.5096689520491353,0.16523530713270812,0.9843438301017042,0.010817706546573465,466,2467444,5.867499999999998,0.8448779497655272,0.76725,0.10965029639722826,460.0,4,4.769999999999999,"[0.71, -0.23300000000000015]",2467444,"[7.1, -2.3300000000000014]",0.015966420588286026,7.344553470611572,7.14,"[0.697, 0.016999999999999883]",2468444,"[6.97, 0.16999999999999882]",0.015522659861523172,7.140423536300659,5.689999999999998,"[0.7050000000000001, -0.13600000000000012]",2469444,"[7.050000000000001, -1.3600000000000012]",0.015295895286228345,7.036111831665039,5.869999999999999,"[0.9570000000000001, -0.37000000000000016]",2470444,"[9.57, -3.7000000000000015]",0.017383142139600672,7.996245384216309,NashSolutionConcept,7.6725,1.0965029639722823,0.016042029468909553,0.0008109810272070867,7.379333555698395,0.3730512725152596,COMPLETE
247,5.887499999999999,2025-06-12 21:44:12.479676,2025-06-12 21:44:15.658742,0 days 00:00:03.179066,13,0.7906438845295135,0.10312211359201265,0.9808823537500204,0.009111358413102993,422,2477452,5.887499999999999,2.994105667808001,0.62525,0.2531653362923131,420.0,4,0.9,"[0.21000000000000005, -0.11999999999999997]",2477452,"[2.1000000000000005, -1.1999999999999997]",0.007064907891409737,2.96726131439209,8.719999999999999,"[0.8799999999999999, -0.007999999999999983]",2478452,"[8.799999999999999, -0.07999999999999982]",0.006589602856408982,2.7676331996917725,7.529999999999999,"[0.761, -0.007999999999999983]",2479452,"[7.61, -0.07999999999999982]",0.007033832867940267,2.954209804534912,6.3999999999999995,"[0.65, -0.009999999999999985]",2480452,"[6.5, -0.09999999999999984]",0.006688032263801212,2.808973550796509,NashSolutionConcept,6.2524999999999995,2.5316533629231306,0.006844093969890049,0.00020849497614955018,2.874519467353821,0.08756788998281115,COMPLETE
248,7.112499999999999,2025-06-12 21:44:15.673799,2025-06-12 21:44:19.168893,0 days 00:00:03.495094,16,0.9937932545949073,0.08779246324693676,0.9000337795183168,0.006764374802713211,436,2487455,7.112499999999999,2.538004875881841,0.6907499999999999,0.1686377404378984,430.0,4,8.12,"[0.8469999999999999, -0.034999999999999996]",2487455,"[8.469999999999999, -0.35]",0.007437530783719794,3.1981382369995117,3.71,"[0.40599999999999997, -0.035]",2488455,"[4.06, -0.35000000000000003]",0.007614722362784453,3.2743306159973145,6.04,"[0.754, -0.14999999999999997]",2489455,"[7.54, -1.4999999999999996]",0.007365603779637536,3.1672096252441406,10.58,"[0.7559999999999999, 0.302]",2490455,"[7.559999999999999, 3.02]",0.007604591236558072,3.2699742317199707,NashSolutionConcept,6.907499999999999,1.686377404378984,0.007505612040674964,0.00010716729248682102,3.2274131774902344,0.046081935769332893,COMPLETE
249,5.380000000000001,2025-06-12 21:44:19.184511,2025-06-12 21:44:22.588228,0 days 00:00:03.403717,12,0.6637529656057255,0.15954461204179274,0.9890546161734791,0.0408151036150323,455,2497459,5.380000000000001,1.7241229654522898,0.56725,0.19371031851710943,450.0,4,7.6,"[0.7649999999999999, -0.004999999999999993]",2497459,"[7.649999999999999, -0.04999999999999993]",0.006815914048088921,3.0671613216400146,3.180000000000001,"[0.42800000000000005, -0.10999999999999999]",2498459,"[4.28, -1.0999999999999999]",0.006877182854546441,3.0947322845458984,4.34,"[0.326, 0.10800000000000001]",2499459,"[3.2600000000000002, 1.08]",0.006604015032450358,2.971806764602661,6.4,"[0.75, -0.10999999999999999]",2500459,"[7.5, -1.0999999999999999]",0.0066965908474392365,3.0134658813476562,NashSolutionConcept,5.672499999999999,1.9371031851710943,0.006748425695631239,0.00010568156747607032,3.0367915630340576,0.04755670536423162,COMPLETE
250,5.3100000000000005,2025-06-12 21:44:22.604203,2025-06-12 21:44:25.911919,0 days 00:00:03.307716,11,0.539279932495659,0.09866247082133452,0.9023849350953944,0.009806159667017542,481,2507462,5.3100000000000005,2.5547406913422743,0.5225000000000001,0.1579754727797958,480.0,4,8.780000000000001,"[0.763, 0.11500000000000002]",2507462,"[7.63, 1.1500000000000001]",0.0061238124966621395,2.939429998397827,6.659999999999999,"[0.547, 0.11899999999999995]",2508462,"[5.470000000000001, 1.1899999999999995]",0.0060563107331593835,2.907029151916504,2.3400000000000003,"[0.33399999999999996, -0.09999999999999999]",2509462,"[3.34, -0.9999999999999999]",0.00642963449160258,3.0862245559692383,3.46,"[0.44600000000000006, -0.09999999999999999]",2510462,"[4.460000000000001, -0.9999999999999999]",0.006326693296432495,3.0368127822875977,NashSolutionConcept,5.2250000000000005,1.5797547277979578,0.00623411275446415,0.00015048223491166023,2.9923741221427917,0.07223147275759692,COMPLETE
251,5.989999999999998,2025-06-12 21:44:27.172452,2025-06-12 21:44:33.006928,0 days 00:00:05.834476,24,0.5260948667959445,0.09182225316472324,0.9376082435355603,0.019918737151526717,447,2517467,5.989999999999998,1.5882852388661175,0.7075,0.13389641518726333,440.0,4,8.739999999999998,"[0.858, 0.015999999999999927]",2517467,"[8.58, 0.15999999999999928]",0.010977218367836692,4.8299760818481445,5.009999999999999,"[0.49099999999999994, 0.009999999999999934]",2518467,"[4.909999999999999, 0.09999999999999934]",0.012200273708863691,5.368120431900024,5.129999999999999,"[0.743, -0.23000000000000004]",2519467,"[7.43, -2.3000000000000003]",0.012019336765462702,5.288508176803589,5.079999999999999,"[0.7379999999999999, -0.23000000000000004]",2520467,"[7.379999999999999, -2.3000000000000003]",0.012770063226873225,5.618827819824219,NashSolutionConcept,7.074999999999999,1.3389641518726334,0.011991723017259079,0.0006479369328222554,5.276358127593994,0.28509225044179237,COMPLETE
252,6.955000000000001,2025-06-12 21:44:33.022030,2025-06-12 21:44:36.265728,0 days 00:00:03.243698,14,0.5824083582485663,0.17243285929083904,0.9823686184162082,0.0030672705400742197,382,2527473,6.955000000000001,1.2229574808635006,0.5592500000000001,0.1474082341662093,380.0,4,7.040000000000001,"[0.4130000000000001, 0.29100000000000004]",2527473,"[4.130000000000001, 2.91]",0.0075066773514998585,2.8525373935699463,7.12,"[0.6330000000000001, 0.079]",2528473,"[6.330000000000001, 0.79]",0.007897466107418663,3.001037120819092,5.110000000000001,"[0.42600000000000005, 0.08500000000000003]",2529473,"[4.260000000000001, 0.8500000000000003]",0.007593853222696405,2.885664224624634,8.55,"[0.765, 0.09]",2530473,"[7.65, 0.8999999999999999]",0.007872410824424343,2.99151611328125,NashSolutionConcept,5.592500000000001,1.474082341662093,0.007717601876509817,0.0001703818039625574,2.9326887130737305,0.06474508550577171,COMPLETE
253,7.765,2025-06-12 21:44:36.281577,2025-06-12 21:44:40.081118,0 days 00:00:03.799541,15,0.5104725013846194,0.10732959309323034,0.9765899617263047,0.011851759035947994,428,2537476,7.765,2.5213339723249666,0.6695000000000001,0.16931110418398435,420.0,4,11.669999999999998,"[0.8690000000000001, 0.29799999999999993]",2537476,"[8.690000000000001, 2.9799999999999995]",0.007911187126522973,3.3226985931396484,5.0600000000000005,"[0.6460000000000001, -0.13999999999999996]",2538476,"[6.460000000000001, -1.3999999999999995]",0.008520432880946569,3.5785818099975586,6.130000000000001,"[0.753, -0.13999999999999996]",2539476,"[7.53, -1.3999999999999995]",0.008277053492409842,3.476362466812134,8.2,"[0.41000000000000003, 0.41000000000000003]",2540476,"[4.1000000000000005, 4.1000000000000005]",0.008296702589307512,3.4846150875091553,NashSolutionConcept,6.695000000000001,1.6931110418398436,0.008251344022296724,0.000218422700312193,3.465564489364624,0.09173753413112103,COMPLETE
254,5.842499999999999,2025-06-12 21:44:40.096650,2025-06-12 21:44:43.699848,0 days 00:00:03.603198,13,0.6997662645335108,0.0858765040457149,0.9329763462620875,0.007984095237270198,470,2547480,5.842499999999999,2.437051240741564,0.53975,0.2076913274549518,470.0,4,6.3999999999999995,"[0.655, -0.014999999999999986]",2547480,"[6.550000000000001, -0.14999999999999986]",0.007075120540375405,3.3253066539764404,1.9400000000000002,"[0.20499999999999993, -0.010999999999999985]",2548480,"[2.0499999999999994, -0.10999999999999985]",0.007199835777282715,3.383922815322876,8.659999999999998,"[0.5419999999999999, 0.324]",2549480,"[5.419999999999999, 3.24]",0.006952363886731736,3.267611026763916,6.369999999999999,"[0.757, -0.11999999999999997]",2550480,"[7.57, -1.1999999999999997]",0.007200859455352134,3.384403944015503,NashSolutionConcept,5.3975,2.076913274549518,0.007107044914935498,0.0001029037150762192,3.340311110019684,0.04836474608582302,COMPLETE
255,5.9275,2025-06-12 21:44:43.715189,2025-06-12 21:44:46.810214,0 days 00:00:03.095025,12,0.7390574967226216,0.1128433081894856,0.906832244644329,0.002591857482059459,460,2557483,5.9275,0.48261656623037724,0.514,0.11562871615649806,460.0,4,5.46,"[0.32800000000000007, 0.21800000000000003]",2557483,"[3.2800000000000007, 2.18]",0.006006776768228282,2.7631173133850098,5.43,"[0.542, 0.001000000000000012]",2558483,"[5.42, 0.01000000000000012]",0.006229645791261093,2.8656370639801025,6.41,"[0.646, -0.004999999999999993]",2559483,"[6.46, -0.04999999999999993]",0.006269756089086118,2.8840878009796143,6.41,"[0.5399999999999999, 0.10100000000000002]",2560483,"[5.3999999999999995, 1.0100000000000002]",0.006015361910280974,2.767066478729248,NashSolutionConcept,5.14,1.1562871615649803,0.006130385139714117,0.00012019391757176467,2.8199771642684937,0.055289202083011704,COMPLETE
256,5.404999999999999,2025-06-12 21:44:47.984440,2025-06-12 21:44:52.031989,0 days 00:00:04.047549,16,0.545303063516758,0.09583697033023247,0.9704514465890193,0.056630018423368234,442,2567488,5.404999999999999,3.8718761602096725,0.5519999999999999,0.2760425691809145,440.0,4,9.29,"[0.7459999999999999, 0.18300000000000005]",2567488,"[7.459999999999999, 1.8300000000000005]",0.00800787318836559,3.5234642028808594,-0.71,"[0.079, -0.14999999999999997]",2568488,"[0.79, -1.4999999999999996]",0.00852267633784901,3.7499775886535645,8.099999999999998,"[0.7389999999999999, 0.071]",2569488,"[7.389999999999999, 0.71]",0.007795795527371493,3.430150032043457,4.9399999999999995,"[0.644, -0.14999999999999997]",2570488,"[6.44, -1.4999999999999996]",0.008171822808005593,3.595602035522461,NashSolutionConcept,5.52,2.760425691809145,0.008124541965397922,0.00026572179090827237,3.5747984647750854,0.1169175879996397,COMPLETE
257,4.834999999999998,2025-06-12 21:44:52.048559,2025-06-12 21:45:00.212358,0 days 00:00:08.163799,45,0.5631917629846264,0.1030505550299801,0.9869168628230346,0.007093404001115267,402,2577492,4.834999999999998,1.9732523913579836,0.79125,0.14779102645289396,400.0,4,7.829999999999998,"[0.837, -0.05400000000000018]",2577492,"[8.37, -0.5400000000000018]",0.018195722103118896,7.278288841247559,5.279999999999998,"[0.968, -0.4400000000000003]",2578492,"[9.68, -4.400000000000003]",0.019032189249992372,7.612875699996948,3.609999999999998,"[0.8009999999999999, -0.4400000000000003]",2579492,"[8.01, -4.400000000000003]",0.019884086847305298,7.953634738922119,2.6199999999999974,"[0.5589999999999999, -0.29700000000000026]",2580492,"[5.59, -2.9700000000000024]",0.019176942706108095,7.670777082443237,NashSolutionConcept,7.912499999999999,1.4779102645289395,0.019072235226631165,0.0005999886761814375,7.628894090652466,0.23999547047257502,COMPLETE
258,6.774999999999999,2025-06-12 21:45:00.227946,2025-06-12 21:45:07.523685,0 days 00:00:07.295739,34,0.5002328450420799,0.09137240585037248,0.9963900083547692,0.010173282181727177,473,2587500,6.774999999999999,3.802541912983998,0.7775,0.21049643702447793,470.0,4,1.3299999999999987,"[0.4629999999999999, -0.3300000000000001]",2587500,"[4.629999999999999, -3.300000000000001]",0.014274414042209057,6.708974599838257,10.469999999999999,"[0.9809999999999999, 0.0659999999999999]",2588500,"[9.809999999999999, 0.659999999999999]",0.01376483034580312,6.469470262527466,10.2,"[0.9570000000000001, 0.0629999999999999]",2589500,"[9.57, 0.629999999999999]",0.014341218928073315,6.740372896194458,5.099999999999999,"[0.709, -0.19900000000000012]",2590500,"[7.09, -1.990000000000001]",0.015090150021492168,7.092370510101318,NashSolutionConcept,7.7749999999999995,2.104964370244779,0.014367653334394414,0.0004729665320839691,6.752797067165375,0.22229427007946542,COMPLETE
259,3.7674999999999974,2025-06-12 21:45:07.539078,2025-06-12 21:45:16.526815,0 days 00:00:08.987737,50,0.7743673295166009,0.13126954565317528,0.9629678224946063,0.015756957253243862,451,2597507,3.7674999999999974,1.6300057515235953,0.7239999999999999,0.06353345575364212,450.0,4,6.4099999999999975,"[0.834, -0.19300000000000023]",2597507,"[8.34, -1.9300000000000024]",0.01687278323703342,7.592752456665039,3.329999999999997,"[0.687, -0.3540000000000002]",2598507,"[6.870000000000001, -3.540000000000002]",0.018437684377034504,8.296957969665527,1.949999999999997,"[0.6849999999999998, -0.4900000000000003]",2599507,"[6.849999999999998, -4.900000000000003]",0.018370913399590388,8.266911029815674,3.3799999999999972,"[0.69, -0.3520000000000002]",2600507,"[6.8999999999999995, -3.5200000000000022]",0.019335806634691026,8.701112985610962,NashSolutionConcept,7.239999999999999,0.6353345575364213,0.018254296912087332,0.0008839504626822403,8.2144336104393,0.3977777082070081,COMPLETE
260,6.960000000000001,2025-06-12 21:45:16.542701,2025-06-12 21:45:19.027222,0 days 00:00:02.484521,14,0.5339969903212551,0.1681118558969493,0.9241737820457054,0.002032468710347111,291,2607516,6.960000000000001,2.8235173100230857,0.63525,0.20182216800936414,290.0,4,6.150000000000001,"[0.635, -0.019999999999999983]",2607516,"[6.35, -0.19999999999999984]",0.0076272569853683995,2.211904525756836,10.64,"[0.8560000000000001, 0.20800000000000005]",2608516,"[8.56, 2.0800000000000005]",0.007198608332666857,2.0875964164733887,2.9200000000000004,"[0.313, -0.020999999999999998]",2609516,"[3.13, -0.20999999999999996]",0.007686272982893319,2.2290191650390625,8.13,"[0.737, 0.07600000000000003]",2610516,"[7.37, 0.7600000000000002]",0.007831907272338868,2.2712531089782715,NashSolutionConcept,6.3525,2.0182216800936414,0.00758601139331686,0.00023574323952611868,2.1999433040618896,0.06836553946257436,COMPLETE
261,6.7525,2025-06-12 21:45:20.166153,2025-06-12 21:45:24.666006,0 days 00:00:04.499853,17,0.520454510470397,0.08178841435539222,0.9738345105540611,0.005269982036479895,484,2617520,6.7525,3.185171698668692,0.66625,0.1462897381910297,480.0,4,2.5300000000000002,"[0.4129999999999999, -0.15999999999999998]",2617520,"[4.129999999999999, -1.5999999999999996]",0.008955245713392894,4.298517942428589,7.049999999999999,"[0.7489999999999999, -0.04400000000000002]",2618520,"[7.489999999999998, -0.44000000000000017]",0.008894091347853343,4.2691638469696045,11.450000000000001,"[0.745, 0.4]",2619520,"[7.45, 4.0]",0.008944720526536306,4.293465852737427,5.9799999999999995,"[0.758, -0.15999999999999998]",2620520,"[7.58, -1.5999999999999996]",0.008892350892225901,4.268328428268433,NashSolutionConcept,6.6625,1.4628973819102968,0.00892160212000211,2.8630530066529344e-05,4.282369017601013,0.013742654431934056,COMPLETE
262,4.4675,2025-06-12 21:45:24.681933,2025-06-12 21:45:27.144927,0 days 00:00:02.462994,13,0.7992418881329502,0.09946029771219345,0.978968094906274,0.030487392051926902,329,2627524,4.4675,1.9656471580627077,0.429,0.15245163167378692,320.0,4,3.1200000000000006,"[0.43199999999999994, -0.11999999999999997]",2627524,"[4.319999999999999, -1.1999999999999997]",0.006857932358980179,2.1945383548736572,1.9700000000000004,"[0.209, -0.011999999999999985]",2628524,"[2.09, -0.11999999999999984]",0.0070283390581607815,2.24906849861145,6.46,"[0.43500000000000005, 0.21100000000000002]",2629524,"[4.3500000000000005, 2.1100000000000003]",0.006887126713991165,2.203880548477173,6.32,"[0.6399999999999999, -0.007999999999999983]",2630524,"[6.399999999999999, -0.07999999999999982]",0.0067453205585479735,2.1585025787353516,NashSolutionConcept,4.289999999999999,1.524516316737869,0.006879679672420025,0.0001008468994557036,2.201497495174408,0.03227100782582517,COMPLETE
263,6.9624999999999995,2025-06-12 21:45:27.160295,2025-06-12 21:45:30.746893,0 days 00:00:03.586598,15,0.5300941940092957,0.1753540371620622,0.9921629844254567,0.008500580145241953,417,2637527,6.9624999999999995,1.6511870729871896,0.6180000000000001,0.1217374223482656,410.0,4,5.099999999999999,"[0.42400000000000004, 0.08600000000000005]",2637527,"[4.24, 0.8600000000000005]",0.008010674104457948,3.284376382827759,7.300000000000001,"[0.6519999999999999, 0.07800000000000003]",2638527,"[6.52, 0.7800000000000002]",0.007849051894211187,3.218111276626587,5.969999999999999,"[0.636, -0.039]",2639527,"[6.36, -0.39]",0.00825043945777707,3.3826801776885986,9.48,"[0.76, 0.18800000000000003]",2640527,"[7.6, 1.8800000000000003]",0.007772340425630895,3.186659574508667,NashSolutionConcept,6.18,1.217374223482656,0.007970626470519274,0.00018302790362686812,3.267956852912903,0.0750414404870159,COMPLETE
264,9.0675,2025-06-12 21:45:30.763246,2025-06-12 21:45:35.078746,0 days 00:00:04.315500,16,0.5106279782280281,0.09514582276969692,0.904362049517829,0.01355989867731928,461,2647530,9.0675,2.1748836175758925,0.692,0.13424418050701487,460.0,4,12.71,"[0.8629999999999999, 0.40800000000000003]",2647530,"[8.629999999999999, 4.08]",0.00852704255477242,3.9224395751953125,8.25,"[0.642, 0.183]",2648530,"[6.42, 1.83]",0.008710734740547512,4.0069379806518555,8.36,"[0.76, 0.076]",2649530,"[7.6, 0.76]",0.008729445934295654,4.015545129776001,6.95,"[0.503, 0.19200000000000003]",2650530,"[5.03, 1.9200000000000004]",0.008706204269243322,4.004853963851929,NashSolutionConcept,6.92,1.3424418050701485,0.008668356874714726,8.205168951091679e-05,3.9874441623687744,0.037743777175021996,COMPLETE
265,5.48,2025-06-12 21:45:35.095875,2025-06-12 21:45:39.265077,0 days 00:00:04.169202,16,0.5517615712619867,0.08825699618848155,0.905142415339343,0.014200948176423561,465,2657535,5.48,3.8627257215598414,0.5277499999999999,0.2920713739824566,460.0,4,3.7300000000000004,"[0.409, -0.036]",2657535,"[4.09, -0.36]",0.00861388237580009,3.962385892868042,1.5099999999999998,"[0.191, -0.039999999999999994]",2658535,"[1.9100000000000001, -0.3999999999999999]",0.008605895871701448,3.958712100982666,4.84,"[0.5209999999999999, -0.037]",2659535,"[5.209999999999999, -0.37]",0.008330843759619672,3.832188129425049,11.84,"[0.99, 0.19400000000000003]",2660535,"[9.9, 1.9400000000000004]",0.007542529831761899,3.4695637226104736,NashSolutionConcept,5.2775,2.9207137398245657,0.008273287959720778,0.0004370219362504918,3.8057124614715576,0.20103009067522626,COMPLETE
266,5.835000000000001,2025-06-12 21:45:40.499991,2025-06-12 21:45:44.579438,0 days 00:00:04.079447,18,0.9233109512898171,0.09338009988705724,0.9033462652406755,0.012265965112014603,459,2667540,5.835000000000001,1.8628808335478682,0.55125,0.17091719486347767,450.0,4,8.18,"[0.756, 0.06199999999999998]",2667540,"[7.5600000000000005, 0.6199999999999998]",0.007926640510559082,3.566988229751587,4.71,"[0.29500000000000004, 0.17600000000000002]",2668540,"[2.95, 1.7600000000000002]",0.008415494494967991,3.7869725227355957,3.44,"[0.514, -0.16999999999999998]",2669540,"[5.140000000000001, -1.6999999999999997]",0.008532311121622721,3.8395400047302246,7.01,"[0.64, 0.061]",2670540,"[6.4, 0.61]",0.008632329834832085,3.8845484256744385,NashSolutionConcept,5.512500000000001,1.709171948634777,0.00837669399049547,0.0002709335667466037,3.7695122957229614,0.12192010503597163,COMPLETE
267,7.472499999999999,2025-06-12 21:45:44.596173,2025-06-12 21:45:49.065576,0 days 00:00:04.469403,17,0.517860847102903,0.0756528380617702,0.9060458068333676,0.00047259972893794584,437,2677544,7.472499999999999,2.5730951692465633,0.68775,0.18500996594778352,430.0,4,6.93,"[0.6399999999999999, 0.05299999999999998]",2677544,"[6.399999999999999, 0.5299999999999998]",0.009667860629946687,4.157180070877075,8.959999999999999,"[0.8470000000000001, 0.04899999999999999]",2678544,"[8.47, 0.4899999999999999]",0.009504535031873127,4.086950063705444,3.5699999999999994,"[0.4049999999999999, -0.04800000000000001]",2679544,"[4.049999999999999, -0.4800000000000001]",0.009568669075189634,4.114527702331543,10.43,"[0.859, 0.18399999999999994]",2680544,"[8.59, 1.8399999999999994]",0.009011039622994356,3.8747470378875732,NashSolutionConcept,6.8774999999999995,1.8500996594778354,0.009438026090000952,0.0002532944865600164,4.058351218700409,0.10891662922080692,COMPLETE
268,6.3375,2025-06-12 21:45:49.081062,2025-06-12 21:45:52.989610,0 days 00:00:03.908548,15,0.5393268968627575,0.08490589932087682,0.9026728025892966,0.013953393545703383,451,2687549,6.3375,3.1726674502695675,0.5285,0.2099601152600179,450.0,4,10.48,"[0.639, 0.4090000000000001]",2687549,"[6.390000000000001, 4.090000000000001]",0.00810517258114285,3.6473276615142822,3.84,"[0.5239999999999999, -0.13999999999999996]",2688549,"[5.239999999999999, -1.3999999999999995]",0.007753534846835666,3.48909068107605,8.3,"[0.757, 0.073]",2689549,"[7.57, 0.73]",0.007544256846110026,3.3949155807495117,2.730000000000001,"[0.19399999999999998, 0.07900000000000004]",2690549,"[1.9399999999999997, 0.7900000000000005]",0.00819886048634847,3.6894872188568115,NashSolutionConcept,5.285,2.0996011526001794,0.007900456190109253,0.00026429991418208893,3.555205285549164,0.11893496138193985,COMPLETE
269,8.745000000000001,2025-06-12 21:45:53.005222,2025-06-12 21:45:56.816395,0 days 00:00:03.811173,14,0.8179604832378317,0.16399582648295571,0.9079791743140185,0.011009010004806787,470,2697553,8.745000000000001,1.7445414870389295,0.8405,0.04430857704779063,470.0,4,8.56,"[0.764, 0.092]",2697553,"[7.640000000000001, 0.9199999999999999]",0.007430114137365463,3.4921536445617676,7.36,"[0.866, -0.12999999999999995]",2698553,"[8.66, -1.2999999999999994]",0.0076762904512121324,3.607856512069702,11.65,"[0.8610000000000001, 0.304]",2699553,"[8.610000000000001, 3.04]",0.007512740885957758,3.5309882164001465,7.410000000000001,"[0.8709999999999999, -0.12999999999999995]",2700553,"[8.709999999999999, -1.2999999999999994]",0.007439984666540268,3.496792793273926,NashSolutionConcept,8.405000000000001,0.44308577047790615,0.007514782535268905,9.855510389385784e-05,3.5319477915763855,0.04632089883011311,COMPLETE
270,7.130000000000001,2025-06-12 21:45:56.831523,2025-06-12 21:46:00.379877,0 days 00:00:03.548354,14,0.8168289522418184,0.1609816622997915,0.9103601954385742,0.017761090633911115,464,2707556,7.130000000000001,0.8913753418173508,0.7595000000000001,0.1092348387649288,460.0,4,8.45,"[0.8629999999999999, -0.017999999999999995]",2707556,"[8.629999999999999, -0.17999999999999994]",0.007271073175513226,3.344693660736084,7.44,"[0.874, -0.12999999999999995]",2708556,"[8.74, -1.2999999999999994]",0.007236740900122601,3.3289008140563965,6.240000000000001,"[0.642, -0.017999999999999995]",2709556,"[6.42, -0.17999999999999994]",0.007220966401307479,3.3216445446014404,6.390000000000001,"[0.659, -0.019999999999999983]",2710556,"[6.59, -0.19999999999999984]",0.006867443478625754,3.1590240001678467,NashSolutionConcept,7.595,1.0923483876492883,0.0071490559888922655,0.00016359519464267464,3.288565754890442,0.07525378953563037,COMPLETE
271,4.487500000000001,2025-06-12 21:46:01.623077,2025-06-12 21:46:05.011716,0 days 00:00:03.388639,15,0.8335251871218603,0.16691006780359008,0.907092993949495,0.011577928205818704,429,2717561,4.487500000000001,4.055307479094526,0.41925,0.35165634858480804,420.0,4,9.47,"[0.8610000000000001, 0.08600000000000005]",2717561,"[8.610000000000001, 0.8600000000000005]",0.006977748303186326,2.930654287338257,7.31,"[0.645, 0.08600000000000005]",2718561,"[6.45, 0.8600000000000005]",0.007557887690407889,3.1743128299713135,1.7100000000000004,"[0.19899999999999995, -0.02799999999999999]",2719561,"[1.9899999999999995, -0.2799999999999999]",0.0074913473356337775,3.1463658809661865,-0.5399999999999998,"[-0.02799999999999999, -0.02599999999999999]",2720561,"[-0.2799999999999999, -0.2599999999999999]",0.007565358706883022,3.177450656890869,NashSolutionConcept,4.1925,3.5165634858480805,0.0073980855090277535,0.000244386064870242,3.1071959137916565,0.10264214724550161,COMPLETE
272,6.07,2025-06-12 21:46:05.026959,2025-06-12 21:46:08.965171,0 days 00:00:03.938212,16,0.8099024430557861,0.16376871178528074,0.9842026784778328,0.010348988082831741,472,2727565,6.07,3.099249909252237,0.587,0.20359641450673926,470.0,4,8.36,"[0.648, 0.188]",2727565,"[6.48, 1.88]",0.007484791633930612,3.5178520679473877,1.5499999999999998,"[0.30500000000000005, -0.14999999999999997]",2728565,"[3.0500000000000007, -1.4999999999999996]",0.007954220568880122,3.7384836673736572,4.92,"[0.5269999999999999, -0.03500000000000001]",2729565,"[5.27, -0.3500000000000001]",0.007505870372691053,3.527759075164795,9.45,"[0.868, 0.077]",2730565,"[8.68, 0.77]",0.007470437820921553,3.51110577583313,NashSolutionConcept,5.87,2.0359641450673926,0.0076038300991058344,0.00020269018561487492,3.5738001465797424,0.09526438723899125,COMPLETE
273,5.667499999999999,2025-06-12 21:46:08.981120,2025-06-12 21:46:14.502885,0 days 00:00:05.521765,26,0.8234392907620698,0.09588669904385212,0.9769527256103988,0.013272516357557218,456,2737569,5.667499999999999,0.9389455522020433,0.6629999999999999,0.1954622725745304,450.0,4,4.9,"[0.49399999999999994, -0.00400000000000002]",2737569,"[4.9399999999999995, -0.0400000000000002]",0.010803145302666559,4.861415386199951,7.069999999999999,"[0.9570000000000001, -0.25000000000000006]",2738569,"[9.57, -2.5000000000000004]",0.010863324801127117,4.888496160507202,5.97,"[0.723, -0.12600000000000003]",2739569,"[7.2299999999999995, -1.2600000000000002]",0.011669894854227703,5.251452684402466,4.729999999999999,"[0.4779999999999999, -0.005000000000000032]",2740569,"[4.779999999999999, -0.05000000000000032]",0.011198273764716254,5.0392231941223145,NashSolutionConcept,6.629999999999999,1.954622725745304,0.011133659680684409,0.00034425420926332287,5.010146856307983,0.15491439416849528,COMPLETE
274,5.477500000000001,2025-06-12 21:46:14.518289,2025-06-12 21:46:17.897480,0 days 00:00:03.379191,14,0.7911650404323809,0.1706143930503122,0.90752599833504,0.009160170152294521,441,2747574,5.477500000000001,1.6688225639653844,0.5095000000000001,0.12102169227043551,440.0,4,7.470000000000001,"[0.539, 0.20800000000000002]",2747574,"[5.390000000000001, 2.08]",0.006777518445795233,2.9821081161499023,6.310000000000001,"[0.536, 0.095]",2748574,"[5.36, 0.95]",0.006713767485185103,2.9540576934814453,2.950000000000001,"[0.31500000000000006, -0.019999999999999997]",2749574,"[3.1500000000000004, -0.19999999999999996]",0.007241007414731112,3.1860432624816895,5.180000000000001,"[0.6479999999999999, -0.12999999999999995]",2750574,"[6.479999999999999, -1.2999999999999994]",0.006905628334392201,3.0384764671325684,NashSolutionConcept,5.095,1.210216922704355,0.0069094804200259125,0.00020349600873779592,3.0401713848114014,0.08953824384463026,COMPLETE
275,7.577500000000001,2025-06-12 21:46:17.913050,2025-06-12 21:46:22.014108,0 days 00:00:04.101058,17,0.8046064084791883,0.09096595234253896,0.9528602064453102,0.015504234733696245,464,2757577,7.577500000000001,2.0793553688583395,0.747,0.14432601983010548,460.0,4,8.18,"[0.755, 0.06299999999999997]",2757577,"[7.55, 0.6299999999999997]",0.007902501977008322,3.635150909423828,4.62,"[0.509, -0.047]",2758577,"[5.09, -0.47]",0.008479580671890922,3.900607109069824,10.4,"[0.853, 0.187]",2759577,"[8.53, 1.87]",0.007274114567300548,3.346092700958252,7.11,"[0.8710000000000001, -0.15999999999999998]",2760577,"[8.71, -1.5999999999999996]",0.008033064655635669,3.6952097415924072,NashSolutionConcept,7.470000000000001,1.4432601983010551,0.007922315467958865,0.0004310936302366372,3.644265115261078,0.19830306990885313,COMPLETE
276,6.94,2025-06-12 21:46:23.252304,2025-06-12 21:46:27.023633,0 days 00:00:03.771329,15,0.5994876676823698,0.09836397399527412,0.9127815075885494,0.010865857425121547,447,2767583,6.94,2.525994853518114,0.5887500000000001,0.2551836348592911,440.0,4,9.389999999999999,"[0.8640000000000001, 0.07500000000000004]",2767583,"[8.64, 0.7500000000000004]",0.007684121890501543,3.3810136318206787,8.33,"[0.7619999999999999, 0.07100000000000002]",2768583,"[7.619999999999999, 0.7100000000000002]",0.007469768957658248,3.286698341369629,7.279999999999999,"[0.5290000000000001, 0.199]",2769583,"[5.290000000000001, 1.9900000000000002]",0.007806950807571411,3.435058355331421,2.7600000000000002,"[0.19999999999999998, 0.076]",2770583,"[1.9999999999999998, 0.76]",0.007852317528291183,3.45501971244812,NashSolutionConcept,5.887499999999999,2.5518363485929108,0.007703289796005596,0.00014820109720654326,3.389447510242462,0.06520848277087904,COMPLETE
277,5.25,2025-06-12 21:46:27.039226,2025-06-12 21:46:30.377491,0 days 00:00:03.338265,13,0.8414468318213244,0.18964965735255035,0.9657933182084448,0.022411550729636236,474,2777587,5.25,1.681442832807586,0.512,0.04677071733467427,470.0,4,3.1100000000000003,"[0.43099999999999994, -0.11999999999999997]",2777587,"[4.31, -1.1999999999999997]",0.006558389359332145,3.0824429988861084,4.18,"[0.5379999999999999, -0.11999999999999997]",2778587,"[5.379999999999999, -1.1999999999999997]",0.0066590851925789046,3.129770040512085,7.32,"[0.54, 0.19200000000000003]",2779587,"[5.4, 1.9200000000000004]",0.006350048552168176,2.984522819519043,6.39,"[0.5389999999999999, 0.10000000000000005]",2780587,"[5.389999999999999, 1.0000000000000004]",0.006593911698523988,3.0991384983062744,NashSolutionConcept,5.119999999999999,0.46770717334674256,0.006540358700650804,0.00011565785828762501,3.0739685893058777,0.05435919339518368,COMPLETE
278,4.9,2025-06-12 21:46:30.392601,2025-06-12 21:46:33.822137,0 days 00:00:03.429536,14,0.778961061200858,0.07867404911354559,0.9748912603142905,0.00958791681615466,434,2787590,4.9,3.417857516047151,0.4815000000000001,0.25171859287704595,430.0,4,8.43,"[0.6450000000000001, 0.198]",2787590,"[6.450000000000001, 1.98]",0.0070127758868905,3.015493631362915,7.390000000000001,"[0.756, -0.016999999999999984]",2788590,"[7.5600000000000005, -0.16999999999999985]",0.007259565730427586,3.1216132640838623,4.120000000000001,"[0.4290000000000001, -0.01699999999999998]",2789590,"[4.290000000000001, -0.16999999999999982]",0.007113312011541322,3.0587241649627686,-0.33999999999999975,"[0.096, -0.12999999999999995]",2790590,"[0.96, -1.2999999999999994]",0.0074757836585821105,3.2145869731903076,NashSolutionConcept,4.815000000000001,2.5171859287704597,0.00721535932186038,0.00017408959143420504,3.1026045083999634,0.0748585243167082,COMPLETE
279,6.342499999999999,2025-06-12 21:46:33.837085,2025-06-12 21:46:37.672540,0 days 00:00:03.835455,16,0.7616475273629032,0.1579156003394025,0.9801952151086455,0.011756922865105796,457,2797593,6.342499999999999,2.63630778741785,0.585,0.23769728648009428,450.0,4,6.05,"[0.7550000000000001, -0.14999999999999997]",2797593,"[7.550000000000001, -1.4999999999999996]",0.008062999513414172,3.628349781036377,4.92,"[0.4149999999999999, 0.077]",2798593,"[4.1499999999999995, 0.77]",0.007858394516838922,3.5362775325775146,10.68,"[0.875, 0.19299999999999998]",2799593,"[8.75, 1.9299999999999997]",0.006967770258585612,3.1354966163635254,3.7199999999999998,"[0.29500000000000004, 0.077]",2800593,"[2.95, 0.77]",0.008048307100931804,3.6217381954193115,NashSolutionConcept,5.85,2.3769728648009427,0.007734367847442627,0.0004498919605648398,3.480465531349182,0.2024513822541778,COMPLETE
280,3.942500000000001,2025-06-12 21:46:37.687588,2025-06-12 21:46:40.894346,0 days 00:00:03.206758,13,0.5716967956810135,0.07028432533615006,0.9091744058964172,0.007690965226508638,420,2807597,3.942500000000001,3.9676654029794403,0.40425,0.27179162514691285,420.0,4,2.0000000000000004,"[0.32, -0.11999999999999997]",2807597,"[3.2, -1.1999999999999997]",0.0071805181957426524,3.015817642211914,0.9299999999999999,"[0.213, -0.11999999999999997]",2808597,"[2.13, -1.1999999999999997]",0.007051416805812291,2.961595058441162,2.0700000000000003,"[0.21500000000000002, -0.007999999999999983]",2809597,"[2.1500000000000004, -0.07999999999999982]",0.007010742028554281,2.944511651992798,10.770000000000001,"[0.869, 0.20800000000000002]",2810597,"[8.69, 2.08]",0.007054800078982399,2.9630160331726074,NashSolutionConcept,4.0425,2.7179162514691284,0.007074369277272905,6.369024481755865e-05,2.9712350964546204,0.02674990282337467,COMPLETE
281,6.732500000000001,2025-06-12 21:46:42.173647,2025-06-12 21:46:46.517588,0 days 00:00:04.343941,18,0.7999764926402286,0.1791994748250162,0.903931450475524,0.01864632414490825,493,2817602,6.732500000000001,2.21876514079341,0.669,0.1497414438290215,490.0,4,3.55,"[0.525, -0.16999999999999998]",2817602,"[5.25, -1.6999999999999997]",0.008442171739072215,4.136664152145386,8.190000000000001,"[0.873, -0.05399999999999999]",2818602,"[8.73, -0.5399999999999999]",0.00822595333566471,4.030717134475708,9.32,"[0.752, 0.18]",2819602,"[7.52, 1.7999999999999998]",0.007553582288780991,3.7012553215026855,5.87,"[0.526, 0.06099999999999998]",2820602,"[5.26, 0.6099999999999998]",0.007796757561819894,3.820411205291748,NashSolutionConcept,6.6899999999999995,1.497414438290215,0.008004616231334452,0.00034895622215853824,3.922261953353882,0.17098854885768383,COMPLETE
282,6.1,2025-06-12 21:46:46.532230,2025-06-12 21:46:51.116475,0 days 00:00:04.584245,20,0.7855106169439525,0.08713331363004476,0.967779048751218,0.012794750374323023,441,2827606,6.1,1.3023824323139501,0.6315,0.08096449839281407,440.0,4,5.48,"[0.6309999999999999, -0.08299999999999999]",2827606,"[6.309999999999999, -0.8299999999999998]",0.00995644439350475,4.38083553314209,6.62,"[0.6319999999999999, 0.02999999999999996]",2828606,"[6.3199999999999985, 0.2999999999999996]",0.009855965592644431,4.33662486076355,7.9,"[0.7459999999999999, 0.043999999999999984]",2829606,"[7.459999999999999, 0.43999999999999984]",0.009456670826131648,4.160935163497925,4.3999999999999995,"[0.517, -0.07700000000000004]",2830606,"[5.17, -0.7700000000000005]",0.00924262675372037,4.066755771636963,NashSolutionConcept,6.3149999999999995,0.8096449839281409,0.009627926891500299,0.0002905642073800263,4.236287832260132,0.12784825124721147,COMPLETE
283,7.9725,2025-06-12 21:46:51.132297,2025-06-12 21:46:53.554014,0 days 00:00:02.421717,16,0.5599421093034611,0.10424392691769191,0.9813741616623383,0.00858152955746198,252,2837611,7.9725,3.671786860644283,0.66925,0.28238393633491266,250.0,4,9.409999999999998,"[0.874, 0.067]",2837611,"[8.74, 0.67]",0.008039421081542968,2.009855270385742,2.6600000000000006,"[0.189, 0.077]",2838611,"[1.8900000000000001, 0.77]",0.008554561614990235,2.1386404037475586,12.75,"[0.8720000000000001, 0.4029999999999999]",2839611,"[8.72, 4.029999999999999]",0.008882783889770507,2.220695972442627,7.069999999999999,"[0.7419999999999999, -0.03500000000000001]",2840611,"[7.419999999999999, -0.3500000000000001]",0.008492094039916992,2.123023509979248,NashSolutionConcept,6.6925,2.8238393633491268,0.008492215156555176,0.000300605017123893,2.123053789138794,0.07515125428097325,COMPLETE
284,7.1475,2025-06-12 21:46:53.568947,2025-06-12 21:46:57.465000,0 days 00:00:03.896053,15,0.5448885602419227,0.10798740667254872,0.9851510268791387,0.008265487952921985,469,2847613,7.1475,3.3510996329563234,0.57975,0.12778766568022126,460.0,4,6.069999999999999,"[0.413, 0.19399999999999998]",2847613,"[4.13, 1.9399999999999997]",0.007624041515847911,3.507059097290039,3.82,"[0.522, -0.13999999999999996]",2848613,"[5.220000000000001, -1.3999999999999995]",0.008023679256439209,3.690892457962036,5.96,"[0.6250000000000001, -0.02899999999999999]",2849613,"[6.250000000000001, -0.2899999999999999]",0.007899678271749744,3.633852005004883,12.740000000000002,"[0.759, 0.515]",2850613,"[7.59, 5.15]",0.007289302349090576,3.353079080581665,NashSolutionConcept,5.7975,1.2778766568022126,0.00770917534828186,0.0002822876090846145,3.5462206602096558,0.1298523001789227,COMPLETE
285,4.580000000000001,2025-06-12 21:46:57.479869,2025-06-12 21:46:59.807586,0 days 00:00:02.327717,16,0.5525724543194056,0.10453957956654387,0.9823611948907394,0.00648360703712976,232,2857617,4.580000000000001,1.7927492853157134,0.44225000000000003,0.1439919702622337,230.0,4,5.9,"[0.30000000000000004, 0.29000000000000004]",2857617,"[3.0000000000000004, 2.9000000000000004]",0.00853763663250467,1.9636564254760742,4.95,"[0.533, -0.03800000000000001]",2858617,"[5.33, -0.3800000000000001]",0.008661591488382091,1.9921660423278809,1.5499999999999998,"[0.30500000000000005, -0.14999999999999997]",2859617,"[3.0500000000000007, -1.4999999999999996]",0.009105362062868865,2.094233274459839,5.920000000000001,"[0.631, -0.039000000000000014]",2860617,"[6.3100000000000005, -0.3900000000000001]",0.009263659560162087,2.1306416988372803,NashSolutionConcept,4.4225,1.439919702622337,0.008892062435979429,0.0003009633122936823,2.0451743602752686,0.06922156182754693,COMPLETE
286,6.379999999999999,2025-06-12 21:47:01.150583,2025-06-12 21:47:03.810785,0 days 00:00:02.660202,15,0.5309694672375308,0.10162731171437779,0.981459553900632,0.008963470800598559,250,2867621,6.379999999999999,1.641295220245279,0.587,0.12438448456298719,250.0,4,6.11,"[0.751, -0.13999999999999996]",2867621,"[7.51, -1.3999999999999995]",0.007720671653747559,1.9301679134368896,8.32,"[0.644, 0.18800000000000006]",2868621,"[6.44, 1.8800000000000006]",0.008036242485046387,2.0090606212615967,3.8800000000000003,"[0.41600000000000004, -0.027999999999999997]",2869621,"[4.16, -0.27999999999999997]",0.008001952171325684,2.000488042831421,7.209999999999999,"[0.537, 0.184]",2870621,"[5.37, 1.8399999999999999]",0.007772676467895508,1.943169116973877,NashSolutionConcept,5.87,1.2438448456298719,0.007882885694503784,0.00013798061435973957,1.970721423625946,0.03449515358993483,COMPLETE
287,4.5600000000000005,2025-06-12 21:47:03.827033,2025-06-12 21:47:06.146671,0 days 00:00:02.319638,14,0.5642360164993937,0.11029000092625174,0.9055043645737406,0.007380097666864494,281,2877623,4.5600000000000005,2.6901486947750675,0.45525,0.1427872105617306,280.0,4,1.8700000000000008,"[0.31700000000000006, -0.12999999999999995]",2877623,"[3.170000000000001, -1.2999999999999994]",0.007503726652690342,2.101043462753296,7.290000000000001,"[0.644, 0.08500000000000003]",2878623,"[6.44, 0.8500000000000003]",0.007428715058735439,2.080040216445923,1.87,"[0.317, -0.12999999999999995]",2879623,"[3.17, -1.2999999999999994]",0.007569242375237601,2.1193878650665283,7.21,"[0.5429999999999999, 0.17800000000000005]",2880623,"[5.43, 1.7800000000000005]",0.007495244911738804,2.0986685752868652,NashSolutionConcept,4.5525,1.4278721056173063,0.007499232249600547,4.9774969667442744e-05,2.099785029888153,0.013936991506884025,COMPLETE
288,4.725,2025-06-12 21:47:06.161178,2025-06-12 21:47:07.947887,0 days 00:00:01.786709,13,0.5235532505636226,0.17051462414349,0.9187237561486067,0.010651062886311059,215,2887626,4.725,2.2876024567218836,0.37175,0.12044786216450667,210.0,4,4.11,"[0.531, -0.11999999999999997]",2887626,"[5.3100000000000005, -1.1999999999999997]",0.007520881153288341,1.5793850421905518,8.62,"[0.42699999999999994, 0.43499999999999994]",2888626,"[4.27, 4.35]",0.007536290940784273,1.5826210975646973,3.04,"[0.20700000000000002, 0.097]",2889626,"[2.0700000000000003, 0.97]",0.007375600224449521,1.5488760471343994,3.1300000000000003,"[0.32199999999999995, -0.008999999999999984]",2890626,"[3.2199999999999998, -0.08999999999999983]",0.007626634552365258,1.601593255996704,NashSolutionConcept,3.7175000000000002,1.204478621645067,0.0075148517177218484,8.997551733424454e-05,1.5781188607215881,0.01889485864019133,COMPLETE
289,4.245000000000001,2025-06-12 21:47:07.963217,2025-06-12 21:47:11.203765,0 days 00:00:03.240548,14,0.82148434298045,0.16433196968242914,0.9715312829963709,0.00020641000808144374,454,2897628,4.245000000000001,1.3621031532156442,0.39175000000000004,0.042363752194535344,450.0,4,1.8900000000000003,"[0.31900000000000006, -0.12999999999999995]",2897628,"[3.1900000000000004, -1.2999999999999994]",0.006745563083224827,3.035503387451172,5.020000000000001,"[0.41200000000000003, 0.09000000000000002]",2898628,"[4.12, 0.9000000000000002]",0.0066112740834554035,2.9750733375549316,5.150000000000001,"[0.425, 0.09000000000000002]",2899628,"[4.25, 0.9000000000000002]",0.006380830870734321,2.8713738918304443,4.92,"[0.41100000000000003, 0.081]",2900628,"[4.11, 0.81]",0.006486518647935656,2.918933391571045,NashSolutionConcept,3.9175000000000004,0.42363752194535353,0.006556046671337552,0.00013647459492801945,2.950221002101898,0.06141356771760878,COMPLETE
290,4.457499999999999,2025-06-12 21:47:11.218511,2025-06-12 21:47:19.200818,0 days 00:00:07.982307,36,0.5442298873004444,0.1045894663071716,0.9783431757148339,0.015293491511521212,479,2907631,4.457499999999999,3.380106322292245,0.5745,0.1851627662355475,470.0,4,8.79,"[0.829, 0.049999999999999906]",2907631,"[8.29, 0.49999999999999906]",0.016421055286488635,7.717895984649658,5.919999999999999,"[0.591, 0.0009999999999998788]",2908631,"[5.91, 0.009999999999998788]",0.015513996367758893,7.29157829284668,-0.44000000000000206,"[0.30599999999999994, -0.35000000000000014]",2909631,"[3.0599999999999996, -3.5000000000000013]",0.016535324238716287,7.771602392196655,3.5599999999999983,"[0.5720000000000001, -0.21600000000000014]",2910631,"[5.720000000000001, -2.1600000000000015]",0.015450032721174524,7.261515378952026,NashSolutionConcept,5.744999999999999,1.8516276623554746,0.015980102153534584,0.0005002348038650455,7.510648012161255,0.23511035781657139,COMPLETE
291,5.592499999999998,2025-06-12 21:47:20.523893,2025-06-12 21:47:28.918433,0 days 00:00:08.394540,48,0.8991538554431552,0.11510753983238796,0.9867446655274827,0.000780834417146159,463,2917640,5.592499999999998,3.3324868716920704,0.69875,0.0884289969410487,460.0,4,8.039999999999997,"[0.836, -0.03200000000000017]",2917640,"[8.36, -0.32000000000000167]",0.016039030448250148,7.377954006195068,2.1199999999999974,"[0.6819999999999999, -0.4700000000000003]",2918640,"[6.819999999999999, -4.700000000000003]",0.017824615602907927,8.199323177337646,2.509999999999997,"[0.589, -0.3380000000000002]",2919640,"[5.89, -3.3800000000000017]",0.017284068335657533,7.950671434402466,9.699999999999998,"[0.688, 0.2819999999999999]",2920640,"[6.879999999999999, 2.8199999999999994]",0.01589135760846345,7.3100244998931885,NashSolutionConcept,6.9875,0.884289969410487,0.016759767998819765,0.0008189002512547531,7.709493279457092,0.37669411557718635,COMPLETE
292,4.9325,2025-06-12 21:47:28.933564,2025-06-12 21:47:31.763087,0 days 00:00:02.829523,17,0.750333127763793,0.09934588220241988,0.9143368067193768,0.0033424352509551186,308,2927648,4.9325,2.6582266175027294,0.4065,0.13555533925301505,300.0,4,1.2999999999999998,"[0.184, -0.05399999999999999]",2927648,"[1.8399999999999999, -0.5399999999999999]",0.008524503707885742,2.5573511123657227,7.98,"[0.517, 0.28099999999999997]",2928648,"[5.17, 2.8099999999999996]",0.0084727144241333,2.5418143272399902,6.8999999999999995,"[0.40999999999999986, 0.27999999999999997]",2929648,"[4.099999999999999, 2.8]",0.00875287930170695,2.625863790512085,3.55,"[0.515, -0.15999999999999998]",2930648,"[5.15, -1.5999999999999996]",0.008311330477396647,2.493399143218994,NashSolutionConcept,4.0649999999999995,1.3555533925301506,0.00851535697778066,0.00015807096292130623,2.554607093334198,0.04742128887639192,COMPLETE
293,5.7425,2025-06-12 21:47:31.778174,2025-06-12 21:47:35.476003,0 days 00:00:03.697829,30,0.50788360978084,0.0940202413600655,0.9836419609699832,0.009492509645736065,247,2937651,5.7425,0.8647651415268767,0.65425,0.10532420187212431,240.0,4,4.390000000000001,"[0.4720000000000001, -0.03300000000000007]",2937651,"[4.720000000000001, -0.33000000000000074]",0.013654917478561401,3.2771801948547363,6.38,"[0.709, -0.07100000000000008]",2938651,"[7.09, -0.7100000000000007]",0.014594639341036478,3.502713441848755,6.599999999999999,"[0.714, -0.05400000000000007]",2939651,"[7.14, -0.5400000000000007]",0.014562028646469116,3.494886875152588,5.6,"[0.7220000000000001, -0.16200000000000006]",2940651,"[7.220000000000001, -1.6200000000000006]",0.013689581553141277,3.2854995727539062,NashSolutionConcept,6.5425,1.0532420187212432,0.014125291754802066,0.0004533546097778426,3.3900700211524963,0.10880510634668235,COMPLETE
294,5.595,2025-06-12 21:47:35.492896,2025-06-12 21:47:37.597660,0 days 00:00:02.104764,15,0.862674190547031,0.17344766010423748,0.9089283769338955,0.008015187708247032,256,2947655,5.595,2.540319861749697,0.48050000000000004,0.1245501906863253,250.0,4,1.74,"[0.314, -0.13999999999999996]",2947655,"[3.14, -1.3999999999999995]",0.007625617027282715,1.9064042568206787,7.289999999999999,"[0.6479999999999999, 0.081]",2948655,"[6.479999999999999, 0.81]",0.00704217529296875,1.7605438232421875,8.370000000000001,"[0.536, 0.30099999999999993]",2949655,"[5.36, 3.0099999999999993]",0.007293777465820312,1.8234443664550781,4.9799999999999995,"[0.42400000000000004, 0.07400000000000002]",2950655,"[4.24, 0.7400000000000002]",0.007528216361999512,1.882054090499878,NashSolutionConcept,4.805,1.245501906863253,0.007372446537017822,0.00022562549330948435,1.8431116342544556,0.056406373327371126,COMPLETE
295,6.642500000000001,2025-06-12 21:47:37.613126,2025-06-12 21:47:40.707968,0 days 00:00:03.094842,13,0.5578140830857116,0.09730606522689941,0.9766148079547035,0.00564058632917217,394,2957657,6.642500000000001,3.144871817737569,0.5635,0.2847055496473506,390.0,4,4.260000000000001,"[0.32299999999999995, 0.10300000000000001]",2957657,"[3.2299999999999995, 1.03]",0.006842122322473771,2.6684277057647705,9.850000000000001,"[0.9960000000000001, -0.010999999999999985]",2958657,"[9.96, -0.10999999999999985]",0.00684204223828438,2.668396472930908,9.64,"[0.642, 0.32199999999999995]",2959657,"[6.42, 3.2199999999999998]",0.007036357659559983,2.7441794872283936,2.8200000000000007,"[0.293, -0.010999999999999996]",2960657,"[2.9299999999999997, -0.10999999999999996]",0.007407978253486829,2.8891115188598633,NashSolutionConcept,5.635,2.8470554964735064,0.00703212511845124,0.0002310389887725135,2.742528796195984,0.09010520562128028,COMPLETE
296,4.672499999999998,2025-06-12 21:47:42.040571,2025-06-12 21:47:50.408570,0 days 00:00:08.367999,41,0.5350129568239984,0.1517872450667524,0.9446167252559867,0.004136387497728382,449,2967662,4.672499999999998,1.7508480088231533,0.6295,0.11897373659762063,440.0,4,5.699999999999998,"[0.694, -0.12400000000000014]",2967662,"[6.9399999999999995, -1.2400000000000013]",0.015906142104755747,6.998702526092529,5.679999999999998,"[0.712, -0.14400000000000016]",2968662,"[7.119999999999999, -1.4400000000000015]",0.01601877375082536,7.048260450363159,5.669999999999999,"[0.688, -0.12100000000000015]",2969662,"[6.879999999999999, -1.2100000000000015]",0.015304244648326528,6.733867645263672,1.639999999999998,"[0.4239999999999998, -0.2600000000000002]",2970662,"[4.239999999999998, -2.600000000000002]",0.01743801940571178,7.672728538513184,NashSolutionConcept,6.294999999999999,1.189737365976206,0.016166794977404853,0.0007826006038931556,7.113389790058136,0.34434426571298876,COMPLETE
297,6.755,2025-06-12 21:47:50.423180,2025-06-12 21:47:53.488512,0 days 00:00:03.065332,16,0.5224441695867368,0.10695956483488514,0.9795063770868776,0.011835755062658526,320,2977670,6.755,1.4466253834355316,0.46674999999999994,0.12849392008962912,320.0,4,8.1,"[0.41400000000000003, 0.396]",2977670,"[4.140000000000001, 3.96]",0.008072803914546966,2.5832972526550293,8.19,"[0.639, 0.18000000000000002]",2978670,"[6.390000000000001, 1.8000000000000003]",0.008101047575473785,2.5923352241516113,5.93,"[0.5219999999999999, 0.07100000000000002]",2979670,"[5.219999999999999, 0.7100000000000002]",0.008688713610172271,2.780388355255127,4.800000000000001,"[0.29200000000000004, 0.18800000000000003]",2980670,"[2.9200000000000004, 1.8800000000000003]",0.008939666301012039,2.8606932163238525,NashSolutionConcept,4.6675,1.2849392008962912,0.008450557850301264,0.00037443314179712826,2.704178512096405,0.11981860537508104,COMPLETE
298,4.612500000000001,2025-06-12 21:47:53.502826,2025-06-12 21:47:56.655313,0 days 00:00:03.152487,12,0.8073805604043831,0.18254821173809987,0.9294517826123844,0.007010577674488878,476,2987673,4.612500000000001,1.5864484706412625,0.49250000000000005,0.12434729590948088,470.0,4,5.470000000000001,"[0.657, -0.10999999999999999]",2987673,"[6.57, -1.0999999999999999]",0.006160089310179365,2.8952419757843018,4.42,"[0.5519999999999999, -0.10999999999999999]",2988673,"[5.52, -1.0999999999999999]",0.006077778593022772,2.856555938720703,2.1500000000000004,"[0.32500000000000007, -0.10999999999999999]",2989673,"[3.250000000000001, -1.0999999999999999]",0.0062541418887199236,2.9394466876983643,6.410000000000001,"[0.43599999999999994, 0.20500000000000002]",2990673,"[4.359999999999999, 2.0500000000000003]",0.006214101771090893,2.9206278324127197,NashSolutionConcept,4.925,1.2434729590948086,0.006176527890753238,6.606318925382154e-05,2.902968108654022,0.031049698949296108,COMPLETE
299,5.725000000000001,2025-06-12 21:47:56.670154,2025-06-12 21:47:58.580745,0 days 00:00:01.910591,14,0.5129700097304378,0.08252956105109263,0.9044277102255934,0.008672353223598082,216,2997676,5.725000000000001,0.5433461143691013,0.39525000000000005,0.18623556991079876,210.0,4,5.18,"[0.5370000000000001, -0.018999999999999996]",2997676,"[5.370000000000001, -0.18999999999999995]",0.007955725987752278,1.6707024574279785,5.190000000000001,"[0.08600000000000001, 0.433]",2998676,"[0.8600000000000001, 4.33]",0.008174195743742443,1.716581106185913,6.1800000000000015,"[0.41200000000000003, 0.20600000000000004]",2999676,"[4.12, 2.0600000000000005]",0.0078598419825236,1.650566816329956,6.350000000000001,"[0.546, 0.089]",3000676,"[5.460000000000001, 0.8899999999999999]",0.007898552077157157,1.658695936203003,NashSolutionConcept,3.9525000000000006,1.8623556991079875,0.00797207894779387,0.00012157503401741939,1.6741365790367126,0.025530757143658083,COMPLETE
